order_number,material,material_description,scheduled_start,scheduled_finish,target_quantity,confirmed_quantity,customer,priority,is_released,is_australia,system_status,user_status,picked,ready_for_production,production_state,scheduling_pool,bench_work_centres,bench_operations,bench_remaining_minutes,bench_operation_count
200233267595,D41410-005,CSJA-24C/1XU-1XU-M1,02.09.2026,03.09.2026,300,0,Steinbacher Energie GmbH,5,no,no,CRTD MSPT PRC  BASC BCRQ SETC,,no,no,AWAITING_PICKING,CSKI_MVKI,CSKI-1,0010,1034,1
200233267597,D41410-005,CSJA-24C/1XU-1XU-M1,02.09.2026,03.09.2026,200,0,Steinbacher Energie GmbH,5,no,no,CRTD MSPT PRC  BASC BCRQ SETC,,no,no,AWAITING_PICKING,CSKI_MVKI,CSKI-1,0010,718,1
200233267600,D41410-005,CSJA-24C/1XU-1XU-M1,03.09.2026,07.09.2026,300,0,Steinbacher Energie GmbH,5,no,no,CRTD MSPT PRC  BASC BCRQ SETC,,no,no,AWAITING_PICKING,CSKI_MVKI,CSKI-1,0010,1034,1
200233267603,D41410-005,CSJA-24C/1XU-1XU-M1,02.09.2026,03.09.2026,200,0,Steinbacher Energie GmbH,5,no,no,CRTD MSPT PRC  BASC BCRQ SETC,,no,no,AWAITING_PICKING,CSKI_MVKI,CSKI-1,0010,718,1
200233271509,CJ9877-005,CSJA-24D/1XU-1XU-M,05.08.2026,05.08.2026,90,0,Steinbacher Energie GmbH,5,no,no,CRTD PRC  BASC BCRQ MACM SETC,,no,no,AWAITING_PICKING,CSKI_MVKI,CSKI-1,0010,344,1
200233271510,CJ9877-005,CSJA-24D/1XU-1XU-M,03.09.2026,03.09.2026,90,0,Steinbacher Energie GmbH,5,no,no,CRTD MSPT PRC  BASC BCRQ SETC,,no,no,AWAITING_PICKING,CSKI_MVKI,CSKI-1,0010,344,1
200233314375,BM0920-000,BAH-038081523,20.10.2026,20.10.2026,40,0,Dallas Trading Co. (L.L.C.),5,no,no,CRTD MSPT PRC  BASC BCRQ SETC,,no,no,AWAITING_PICKING,LVPA,LVPA-5,0010,79,1
200233314459,BM0921-000,BAH-038081524,20.10.2026,20.10.2026,20,0,Dallas Trading Co. (L.L.C.),5,no,no,CRTD MSPT PRC  BASC BCRQ SETC,,no,no,AWAITING_PICKING,LVPA,LVPA-5,0010,120,1
200233359392,EN2828-000,CSJA-24C/1XU-1XU-DE02,04.09.2026,08.09.2026,300,0,LEW Verteilnetz GmbH,5,no,no,CRTD MSPT PRC  BASC BCRQ SETC,,no,no,AWAITING_PICKING,CSKI_MVKI,CSKI-1,0010,1088,1
200233359394,EN2828-000,CSJA-24C/1XU-1XU-DE02,04.09.2026,07.09.2026,150,0,LEW Verteilnetz GmbH,5,no,no,CRTD MSPT PRC  BASC BCRQ MSCP SETC,,no,no,AWAITING_PICKING,CSKI_MVKI,CSKI-1,0010,588,1
200233376337,CS9849-000,SMOE-64222,18.09.2026,18.09.2026,3,0,SP Power Systems Ltd,5,no,no,CRTD PRC  BASC BCRQ MACM SETC,,no,no,AWAITING_PICKING,CSKI_MVKI,MVKI-1,0010,114,1
200233376344,CS9849-000,SMOE-64222,19.11.2026,19.11.2026,3,0,SP Power Systems Ltd,5,no,no,CRTD PRC  CSER BASC BCRQ MACM SETC,,no,no,AWAITING_PICKING,CSKI_MVKI,MVKI-1,0010,114,1
200233387277,EN2828-000,CSJA-24C/1XU-1XU-DE02,08.09.2026,09.09.2026,120,0,TE Connectivity Solutions GmbH,5,no,no,CRTD MSPT PRC  BASC BCRQ SETC,,no,no,AWAITING_PICKING,CSKI_MVKI,CSKI-1,0010,488,1
200233387290,EN2828-000,CSJA-24C/1XU-1XU-DE02,02.09.2026,03.09.2026,160,0,TE Connectivity Solutions GmbH,5,no,no,CRTD MSPT PRC  BASC BCRQ SETC,,no,no,AWAITING_PICKING,CSKI_MVKI,CSKI-1,0010,622,1
200233548301,EN2828-000,CSJA-24C/1XU-1XU-DE02,03.09.2026,03.09.2026,80,0,TE Connectivity Solutions GmbH,5,no,no,CRTD PRC  BASC BCRQ MACM SETC,,no,no,AWAITING_PICKING,CSKI_MVKI,CSKI-1,0010,355,1
200233570589,BM0918-000,BAH-038081521,17.08.2026,17.08.2026,100,0,Dallas Trading Co. (L.L.C.),5,no,no,CRTD PRC  BASC BCRQ MACM SETC,,no,no,AWAITING_PICKING,LVPA,LVPA-5,0010,600,1
200233570591,BM0918-000,BAH-038081521,20.10.2026,20.10.2026,100,0,Dallas Trading Co. (L.L.C.),5,no,no,CRTD MSPT PRC  BASC BCRQ SETC,,no,no,AWAITING_PICKING,LVPA,LVPA-5,0010,600,1
200233571993,CR0671-000,CSJT-12B/3XU-3XU-GB01,30.07.2026,31.07.2026,35,0,SP Power Systems Ltd,5,yes,no,REL  PRT  PRC  BASC BCRQ GMPS MACM SETC,COMP PREP,yes,yes,READY,CSKI_MVKI,CSKI-1,0010,198,1
200233600285,CR0676-000,CATJ-12B/3XU-3SB-GB02,30.07.2026,31.07.2026,12,0,SP Power Systems Ltd,5,yes,no,REL  PRT  PRC  BASC BCRQ GMPS MACM SETC,COMP PREP,yes,yes,READY,CSKI_MVKI,CSKI-1,0010,164,1
200233600292,CR0675-000,CATJ-12C/3XU-3SB-GB01,27.08.2026,28.08.2026,20,0,SP Power Systems Ltd,5,no,no,CRTD PRC  BASC BCRQ MACM SETC,,no,no,AWAITING_PICKING,CSKI_MVKI,CSKI-1,0010,291,1
200233600294,CR0678-000,CSJT-12B/1XU-3XU-GB01,30.07.2026,31.07.2026,10,0,SP Power Systems Ltd,5,yes,no,REL  PRT  PRC  BASC BCRQ GMPS MACM SETC,COMP,yes,yes,READY,CSKI_MVKI,CSKI-1,0010,109,1
200233600363,CS4331-000,CATJ-12B/1XU-3SB-GB03,30.07.2026,31.07.2026,40,0,SP Power Systems Ltd,5,yes,no,REL  PRT  PRC  BASC BCRQ GMPS MACM RESA*,COMP PREP,yes,yes,READY,CSKI_MVKI,CSKI-1,0010,352,1
200233621851,EP7520-000,BAH-038000858,24.09.2026,24.09.2026,25,0,NIE Networks Ltd,5,no,no,CRTD PRC  BASC BCRQ MACM SETC,,no,no,AWAITING_PICKING,LVPA,LVPA-2 / LVPA-5,0010 → 0020,28,2
200233622307,CS4189-000,SMOE-64149,30.07.2026,31.07.2026,6,0,SP Power Systems Ltd,5,yes,no,REL  PRT  PRC  BASC BCRQ GMPS MACM MSCP*,COMP PREP,yes,yes,READY,CSKI_MVKI,CSKI-1,0010,155,1
200233637765,EP7521-000,BAH-038000859,25.08.2026,25.08.2026,160,0,NIE Networks Ltd,5,no,no,CRTD PRC  BASC BCRQ MACM SETC,,no,no,AWAITING_PICKING,LVPA,LVPA-2 / LVPA-5,0010 → 0020,182,2
200233637766,EP7521-000,BAH-038000859,24.09.2026,24.09.2026,160,0,NIE Networks Ltd,5,no,no,CRTD PRC  BASC BCRQ MACM SETC,,no,no,AWAITING_PICKING,LVPA,LVPA-2 / LVPA-5,0010 → 0020,182,2
200233637769,EP7521-000,BAH-038000859,23.10.2026,23.10.2026,160,0,NIE Networks Ltd,5,no,no,CRTD PRC  BASC BCRQ MACM SETC,,no,no,AWAITING_PICKING,LVPA,LVPA-2 / LVPA-5,0010 → 0020,182,2
200233637770,EP7521-000,BAH-038000859,24.11.2026,24.11.2026,160,0,NIE Networks Ltd,5,no,no,CRTD MSPT PRC  BASC BCRQ SETC,,no,no,AWAITING_PICKING,LVPA,LVPA-2 / LVPA-5,0010 → 0020,182,2
200233637775,EP7521-000,BAH-038000859,25.08.2026,25.08.2026,160,0,NIE Networks Ltd,5,no,no,CRTD PRC  BASC BCRQ MACM SETC,,no,no,AWAITING_PICKING,LVPA,LVPA-2 / LVPA-5,0010 → 0020,182,2
200233637825,EP7518-000,BAH-038000856,24.09.2026,24.09.2026,60,0,NIE Networks Ltd,5,no,no,CRTD PRC  BASC BCRQ MACM SETC,,no,no,AWAITING_PICKING,LVPA,LVPA-2,0010 → 0020,53,2
200233637830,EP7519-000,BAH-038000857,24.09.2026,24.09.2026,40,0,NIE Networks Ltd,5,no,no,CRTD PRC  BASC BCRQ MACM SETC,,no,no,AWAITING_PICKING,LVPA,LVPA-2,0010 → 0020,35,2
200233637831,EP7519-000,BAH-038000857,24.11.2026,24.11.2026,40,0,NIE Networks Ltd,5,no,no,CRTD PRC  CSER BASC BCRQ MACM SETC,,no,no,AWAITING_PICKING,LVPA,LVPA-2,0010 → 0020,35,2
200233637833,EP7519-000,BAH-038000857,25.08.2026,25.08.2026,40,0,NIE Networks Ltd,5,no,no,CRTD PRC  BASC BCRQ MACM SETC,,no,no,AWAITING_PICKING,LVPA,LVPA-2,0010 → 0020,35,2
200233637834,EP7519-000,BAH-038000857,23.10.2026,23.10.2026,40,0,NIE Networks Ltd,5,no,no,CRTD PRC  CSER BASC BCRQ MACM SETC,,no,no,AWAITING_PICKING,LVPA,LVPA-2,0010 → 0020,35,2
200233637837,EP7521-000,BAH-038000859,24.09.2026,24.09.2026,160,0,NIE Networks Ltd,5,no,no,CRTD PRC  BASC BCRQ MACM SETC,,no,no,AWAITING_PICKING,LVPA,LVPA-2 / LVPA-5,0010 → 0020,182,2
200233637838,EP7521-000,BAH-038000859,23.10.2026,23.10.2026,160,0,NIE Networks Ltd,5,no,no,CRTD MSPT PRC  BASC BCRQ SETC,,no,no,AWAITING_PICKING,LVPA,LVPA-2 / LVPA-5,0010 → 0020,182,2
200233637839,EP7521-000,BAH-038000859,24.11.2026,24.11.2026,160,0,NIE Networks Ltd,5,no,no,CRTD MSPT PRC  BASC BCRQ SETC,,no,no,AWAITING_PICKING,LVPA,LVPA-2 / LVPA-5,0010 → 0020,182,2
200233637923,EP7515-000,BAH-038000853,25.08.2026,25.08.2026,120,0,NIE Networks Ltd,5,no,no,CRTD PRC  BASC BCRQ MACM SETC,,no,no,AWAITING_PICKING,LVPA,LVPA-2,0010 → 0020,106,2
200233637925,EP7515-000,BAH-038000853,24.09.2026,24.09.2026,120,0,NIE Networks Ltd,5,no,no,CRTD PRC  BASC BCRQ MACM SETC,,no,no,AWAITING_PICKING,LVPA,LVPA-2,0010 → 0020,106,2
200233637927,EP7515-000,BAH-038000853,23.10.2026,23.10.2026,120,0,NIE Networks Ltd,5,no,no,CRTD PRC  CSER BASC BCRQ MACM SETC,,no,no,AWAITING_PICKING,LVPA,LVPA-2,0010 → 0020,106,2
200233637928,EP7515-000,BAH-038000853,24.11.2026,24.11.2026,120,0,NIE Networks Ltd,5,no,no,CRTD PRC  CSER BASC BCRQ MACM SETC,,no,no,AWAITING_PICKING,LVPA,LVPA-2,0010 → 0020,106,2
200233637933,EP7515-000,BAH-038000853,25.08.2026,25.08.2026,120,0,NIE Networks Ltd,5,no,no,CRTD PRC  BASC BCRQ MACM SETC,,no,no,AWAITING_PICKING,LVPA,LVPA-2,0010 → 0020,106,2
200233637935,EP7515-000,BAH-038000853,24.09.2026,24.09.2026,120,0,NIE Networks Ltd,5,no,no,CRTD PRC  BASC BCRQ MACM SETC,,no,no,AWAITING_PICKING,LVPA,LVPA-2,0010 → 0020,106,2
200233637958,EP7515-000,BAH-038000853,23.10.2026,23.10.2026,120,0,NIE Networks Ltd,5,no,no,CRTD PRC  CSER BASC BCRQ MACM SETC,,no,no,AWAITING_PICKING,LVPA,LVPA-2,0010 → 0020,106,2
200233637959,EP7515-000,BAH-038000853,24.11.2026,24.11.2026,120,0,NIE Networks Ltd,5,no,no,CRTD PRC  CSER BASC BCRQ MACM SETC,,no,no,AWAITING_PICKING,LVPA,LVPA-2,0010 → 0020,106,2
200233637962,EP7516-000,BAH-038000854,25.08.2026,25.08.2026,120,0,NIE Networks Ltd,5,no,no,CRTD PRC  BASC BCRQ MACM SETC,,no,no,AWAITING_PICKING,LVPA,LVPA-2,0010 → 0020,106,2
200233637963,EP7516-000,BAH-038000854,24.09.2026,24.09.2026,120,0,NIE Networks Ltd,5,no,no,CRTD PRC  BASC BCRQ MACM SETC,,no,no,AWAITING_PICKING,LVPA,LVPA-2,0010 → 0020,106,2
200233637964,EP7516-000,BAH-038000854,23.10.2026,23.10.2026,120,0,NIE Networks Ltd,5,no,no,CRTD PRC  CSER BASC BCRQ MACM SETC,,no,no,AWAITING_PICKING,LVPA,LVPA-2,0010 → 0020,106,2
200233637965,EP7516-000,BAH-038000854,24.11.2026,24.11.2026,120,0,NIE Networks Ltd,5,no,no,CRTD PRC  CSER BASC BCRQ MACM SETC,,no,no,AWAITING_PICKING,LVPA,LVPA-2,0010 → 0020,106,2
200233637968,EP7516-000,BAH-038000854,25.08.2026,25.08.2026,120,0,NIE Networks Ltd,5,no,no,CRTD PRC  BASC BCRQ MACM SETC,,no,no,AWAITING_PICKING,LVPA,LVPA-2,0010 → 0020,106,2
200233637969,EP7516-000,BAH-038000854,24.09.2026,24.09.2026,120,0,NIE Networks Ltd,5,no,no,CRTD PRC  BASC BCRQ MACM SETC,,no,no,AWAITING_PICKING,LVPA,LVPA-2,0010 → 0020,106,2
200233637970,EP7516-000,BAH-038000854,23.10.2026,23.10.2026,120,0,NIE Networks Ltd,5,no,no,CRTD PRC  CSER BASC BCRQ MACM SETC,,no,no,AWAITING_PICKING,LVPA,LVPA-2,0010 → 0020,106,2
200233637972,EP7516-000,BAH-038000854,24.11.2026,24.11.2026,120,0,NIE Networks Ltd,5,no,no,CRTD PRC  CSER BASC BCRQ MACM SETC,,no,no,AWAITING_PICKING,LVPA,LVPA-2,0010 → 0020,106,2
200233638019,EP7517-000,BAH-038000855,25.08.2026,25.08.2026,50,0,NIE Networks Ltd,5,no,no,CRTD PRC  BASC BCRQ MACM SETC,,no,no,AWAITING_PICKING,LVPA,LVPA-2,0010 → 0020,44,2
200233638022,EP7517-000,BAH-038000855,24.09.2026,24.09.2026,50,0,NIE Networks Ltd,5,no,no,CRTD PRC  BASC BCRQ MACM SETC,,no,no,AWAITING_PICKING,LVPA,LVPA-2,0010 → 0020,44,2
200233638023,EP7517-000,BAH-038000855,25.08.2026,25.08.2026,50,0,NIE Networks Ltd,5,no,no,CRTD PRC  BASC BCRQ MACM SETC,,no,no,AWAITING_PICKING,LVPA,LVPA-2,0010 → 0020,44,2
200233638025,EP7517-000,BAH-038000855,24.09.2026,24.09.2026,50,0,NIE Networks Ltd,5,no,no,CRTD PRC  BASC BCRQ MACM SETC,,no,no,AWAITING_PICKING,LVPA,LVPA-2,0010 → 0020,44,2
200233638026,EP7517-000,BAH-038000855,23.10.2026,23.10.2026,50,0,NIE Networks Ltd,5,no,no,CRTD PRC  CSER BASC BCRQ MACM SETC,,no,no,AWAITING_PICKING,LVPA,LVPA-2,0010 → 0020,44,2
200233638028,EP7517-000,BAH-038000855,23.10.2026,23.10.2026,50,0,NIE Networks Ltd,5,no,no,CRTD PRC  CSER BASC BCRQ MACM SETC,,no,no,AWAITING_PICKING,LVPA,LVPA-2,0010 → 0020,44,2
200233638029,EP7517-000,BAH-038000855,24.11.2026,24.11.2026,50,0,NIE Networks Ltd,5,no,no,CRTD PRC  CSER BASC BCRQ MACM SETC,,no,no,AWAITING_PICKING,LVPA,LVPA-2,0010 → 0020,44,2
200233638030,EP7517-000,BAH-038000855,24.11.2026,24.11.2026,50,0,NIE Networks Ltd,5,no,no,CRTD PRC  CSER BASC BCRQ MACM SETC,,no,no,AWAITING_PICKING,LVPA,LVPA-2,0010 → 0020,44,2
200233650068,D41410-005,CSJA-24C/1XU-1XU-M1,04.09.2026,07.09.2026,300,0,IFK Gesellschaft Mbh,5,no,no,CRTD MSPT PRC  BASC BCRQ SETC,,no,no,AWAITING_PICKING,CSKI_MVKI,CSKI-1,0010,1034,1
200233702492,EK6893-000,CSJA-12C/1XU-1XU-M-DE02,05.08.2026,06.08.2026,42,0,Krger-Werke GmbH,5,no,no,CRTD MSPT PRC  BASC BCRQ SETC,,no,no,AWAITING_PICKING,CSKI_MVKI,CSKI-1,0010,208,1
200233702496,ES2307-000,CSJA-12C/1XU-1XU-M-DE03,05.08.2026,06.08.2026,42,0,Krger-Werke GmbH,5,no,no,CRTD MSPT PRC  BASC BCRQ SETC,,no,no,AWAITING_PICKING,CSKI_MVKI,CSKI-1,0010,236,1
200233785073,598989-000,SMOE-62360,11.08.2026,11.08.2026,8,0,Cable Services Ltd,5,no,no,CRTD PRC  BASC BCRQ MACM MSCP SETC,,no,no,AWAITING_PICKING,CSKI_MVKI,MVKI-1,0005,143,1
200233795808,598989-000,SMOE-62360,11.08.2026,11.08.2026,1,0,Cable Services Ltd,5,no,no,CRTD PRC  BASC BCRQ MACM MSCP SETC,,no,no,AWAITING_PICKING,CSKI_MVKI,MVKI-1,0005,59,1
200233812330,EN6842-000,CSJA-24C/1XU-1XU-DE03,30.07.2026,31.07.2026,200,0,Netze BW GmbH,5,yes,no,REL  PRT  PRC  BASC BCRQ GMPS MACM RESA*,COMP PREP,yes,yes,READY,CSKI_MVKI,CSKI-1,0010,1012,1
200233878150,EE7523-000,BAH-038081396,04.08.2026,05.08.2026,200,0,SP Power Systems Ltd,5,yes,no,REL  PRT  PRC  BASC BCRQ MACM MSCP SETC,,no,no,AWAITING_PICKING,LVPA,LVPA-5,0010,724,1
200233878292,EE7506-000,BAH-038081413,11.08.2026,12.08.2026,200,0,SP Power Systems Ltd,5,no,no,CRTD PRC  BASC BCRQ MACM SETC,,no,no,AWAITING_PICKING,LVPA,LVPA-5,0010,724,1
200233880699,EE7511-000,BAH-038081408,11.08.2026,12.08.2026,300,0,SP Power Systems Ltd,5,no,no,CRTD MSPT PRC  BASC BCRQ SETC,,no,no,AWAITING_PICKING,LVPA,LVPA-5,0010,1085,1
200233880703,EE7520-000,BAH-038081399,18.08.2026,19.08.2026,300,0,SP Power Systems Ltd,5,no,no,CRTD PRC  BASC BCRQ MACM SETC,,no,no,AWAITING_PICKING,LVPA,LVPA-5,0010,1085,1
200233898602,CS4188-000,SMOE-64150,15.10.2026,15.10.2026,4,0,SP Power Systems Ltd,2,no,no,CRTD MSPT PRC  BASC BCRQ MSCP SETC,,no,no,AWAITING_PICKING,CSKI_MVKI,CSKI-1,0010,141,1
200233920353,EE7521-000,BAH-038081398,29.07.2026,30.07.2026,100,0,SP Power Systems Ltd,5,yes,no,REL  PRT  PRC  BASC BCRQ MACM MSCP SETC,PREP,yes,yes,READY,LVPA,LVPA-5,0010 → 0030,383,2
200233920459,EE7519-000,BAH-038081400,12.08.2026,12.08.2026,20,0,SP Power Systems Ltd,5,no,no,CRTD PRC  BASC BCRQ MACM SETC,,no,no,AWAITING_PICKING,LVPA,LVPA-5,0010 → 0030,38,2
200233920463,EE7510-000,BAH-038081409,12.08.2026,12.08.2026,50,0,SP Power Systems Ltd,5,no,no,CRTD PRC  BASC BCRQ MACM SETC,,no,no,AWAITING_PICKING,LVPA,LVPA-5,0010 → 0030,160,2
200233920475,EE7503-000,BAH-038081416,12.08.2026,12.08.2026,30,0,SP Power Systems Ltd,5,no,no,CRTD PRC  BASC BCRQ MACM SETC,,no,no,AWAITING_PICKING,LVPA,LVPA-5,0010 → 0030,96,2
200233920702,EE7500-000,BAH-038081419,12.08.2026,12.08.2026,40,0,SP Power Systems Ltd,5,no,no,CRTD PRC  BASC BCRQ MACM SETC,,no,no,AWAITING_PICKING,LVPA,LVPA-5,0010 → 0030,128,2
200233920707,EE7493-000,BAH-038081426,10.08.2026,10.08.2026,100,0,SP Power Systems Ltd,5,no,no,CRTD PRC  BASC BCRQ MACM SETC,,no,no,AWAITING_PICKING,LVPA,LVPA-5,0010 → 0030,367,2
200233920715,EE7491-000,BAH-038081428,05.08.2026,05.08.2026,20,0,SP Power Systems Ltd,5,no,no,CRTD PRC  BASC BCRQ MACM MSCP SETC,,no,no,AWAITING_PICKING,LVPA,LVPA-5,0010 → 0020 → 0030,87,3
200233920744,EE7490-000,BAH-038081429,05.08.2026,05.08.2026,30,0,SP Power Systems Ltd,5,no,no,CRTD PRC  BASC BCRQ MACM MSCP SETC,,no,no,AWAITING_PICKING,LVPA,LVPA-5,0010 → 0030,120,2
200233931000,EK8958-000,SMOE-64559,05.08.2026,05.08.2026,2,0,UK Power Networks(Operations) Ltd,5,no,no,CRTD PRC  BASC BCRQ MACM SETC,,no,no,AWAITING_PICKING,CSKI_MVKI,MVKI-1,0010,219,1
200233937064,CP8419-000,CATJ-12F/3XU-6SB-GB03,24.09.2026,24.09.2026,2,0,SP Power Systems Ltd,5,no,no,CRTD PRC  BASC BCRQ MACM MSCP SETC,,no,no,AWAITING_PICKING,CSKI_MVKI,CSKI-1,0010,112,1
200233937065,CP8419-000,CATJ-12F/3XU-6SB-GB03,24.09.2026,24.09.2026,3,0,SP Power Systems Ltd,5,no,no,CRTD PRC  BASC BCRQ MACM MSCP SETC,,no,no,AWAITING_PICKING,CSKI_MVKI,CSKI-1,0010,119,1
200233938901,CH8130-000,CSJT-36D/1XU-1XU-GB03,19.08.2026,20.08.2026,150,0,SP Power Systems Ltd,5,no,no,CRTD PRC  BASC BCRQ MACM MSCP SETC,,no,no,AWAITING_PICKING,CSKI_MVKI,CSKI-1,0010,408,1
200233938904,CH8130-000,CSJT-36D/1XU-1XU-GB03,16.09.2026,17.09.2026,150,0,SP Power Systems Ltd,5,no,no,CRTD PRC  BASC BCRQ MACM MSCP SETC,,no,no,AWAITING_PICKING,CSKI_MVKI,CSKI-1,0010,408,1
200233938906,CH8130-000,CSJT-36D/1XU-1XU-GB03,29.07.2026,29.07.2026,189,40,SP Power Systems Ltd,5,yes,no,REL  PRT  PCNF PRC  BASC BCRQ GMPS MACM*,COMP PREP,yes,yes,READY,CSKI_MVKI,CSKI-1,0010,406,1
200233939011,BM4749-000,CATJ-36D/1XU-3SB-GB03,04.08.2026,06.08.2026,111,0,SP Power Systems Ltd,5,no,no,CRTD PRC  BASC BCRQ MACM MSCP SETC,,no,no,AWAITING_PICKING,CSKI_MVKI,CSKI-1,0010,975,1
200233946180,D41410-011,CSJA-24C/1XU-1XU-M1,08.09.2026,09.09.2026,150,0,ELNORD Adam Block,5,no,no,CRTD MSPT PRC  BASC BCRQ MSCP SETC,,no,no,AWAITING_PICKING,CSKI_MVKI,CSKI-1,0010,560,1
200233946991,891265-000,SMOE-62754,14.09.2026,15.09.2026,6,0,Cable Services Ltd,5,no,no,CRTD MSPT PRC  BASC BCRQ SETC,,no,no,AWAITING_PICKING,CSKI_MVKI,MVKI-1,0005,222,1
200233956458,CS8298-000,CSJA-24C/1XU-1XU-M1-NO01,08.09.2026,09.09.2026,300,0,Ensto Nor AS,5,no,no,CRTD MSPT PRC  BASC BCRQ SETC,,no,no,AWAITING_PICKING,CSKI_MVKI,CSKI-1,0010,668,1
200233956460,CS8298-000,CSJA-24C/1XU-1XU-M1-NO01,08.09.2026,09.09.2026,300,0,Ensto Nor AS,5,no,no,CRTD MSPT PRC  BASC BCRQ SETC,,no,no,AWAITING_PICKING,CSKI_MVKI,CSKI-1,0010,668,1
200233956462,CS8298-000,CSJA-24C/1XU-1XU-M1-NO01,03.09.2026,07.09.2026,150,0,Ensto Nor AS,5,no,no,CRTD MSPT PRC  BASC BCRQ SETC,,no,no,AWAITING_PICKING,CSKI_MVKI,CSKI-1,0010,377,1
200233958163,CM8111-000,SMOE-63741,22.09.2026,22.09.2026,1,0,Cable Services Ltd,5,no,no,CRTD PRC  BASC BCRQ MACM SETC,,no,no,AWAITING_PICKING,CSKI_MVKI,MVKI-1,0010,131,1
200233967198,CM8111-000,SMOE-63741,21.09.2026,22.09.2026,8,0,Cable Services Ltd,5,no,no,CRTD PRC  BASC BCRQ MACM SETC,,no,no,AWAITING_PICKING,CSKI_MVKI,MVKI-1,0010,200,1
200233967523,CM8111-000,SMOE-63741,21.09.2026,22.09.2026,3,0,Cable Services Ltd,5,no,no,CRTD PRC  BASC BCRQ MACM SETC,,no,no,AWAITING_PICKING,CSKI_MVKI,MVKI-1,0010,150,1
200233967525,CM8111-000,SMOE-63741,21.09.2026,22.09.2026,5,0,Cable Services Ltd,5,no,no,CRTD MSPT PRC  BASC BCRQ SETC,,no,no,AWAITING_PICKING,CSKI_MVKI,MVKI-1,0010,170,1
200233967780,CM8111-000,SMOE-63741,01.10.2026,02.10.2026,8,0,Cable Services Ltd,5,no,no,CRTD MSPT PRC  CSER BASC BCRQ SETC,,no,no,AWAITING_PICKING,CSKI_MVKI,MVKI-1,0010,200,1
200233967902,CM8107-000,SMOE-63742,18.08.2026,18.08.2026,3,0,Cable Services Ltd,5,no,no,CRTD PRC  BASC BCRQ MACM SETC,,no,no,AWAITING_PICKING,CSKI_MVKI,MVKI-1,0010,137,1
200233967911,CM8107-000,SMOE-63742,18.09.2026,18.09.2026,3,0,Cable Services Ltd,5,no,no,CRTD MSPT PRC  BASC BCRQ SETC,,no,no,AWAITING_PICKING,CSKI_MVKI,MVKI-1,0010,137,1
200233977330,CS8236-000,CSJA-24D/1XU-1XU-M-NO01,26.08.2026,27.08.2026,300,0,Ensto Nor AS,5,no,no,CRTD MSPT PRC  BASC BCRQ SETC,,no,no,AWAITING_PICKING,CSKI_MVKI,CSKI-1,0010,869,1
200233977333,CS8236-000,CSJA-24D/1XU-1XU-M-NO01,27.08.2026,27.08.2026,100,0,Ensto Nor AS,5,no,no,CRTD PRC  BASC BCRQ MACM SETC,,no,no,AWAITING_PICKING,CSKI_MVKI,CSKI-1,0010,347,1
200233986204,CR0679-000,CATJ-12B/1XU-3SB-GB01,12.10.2026,12.10.2026,20,0,SP Power Systems Ltd,5,no,no,CRTD MSPT PRC  CSER BASC BCRQ SETC,,no,no,AWAITING_PICKING,CSKI_MVKI,CSKI-1,0010,212,1
200233987180,EN1425-000,BAH-038081566,27.08.2026,27.08.2026,12,0,TE Connectivity Australia Pty Ltd,5,no,yes,CRTD PRC  BASC BCRQ MACM SETC,,no,no,AWAITING_PICKING,LVPA,LVPA-2 / LVPA-5,0005 → 0010,49,2
200233987191,EK3584-000,SMOE-64544,18.08.2026,18.08.2026,6,0,Cable Services Ltd,5,no,no,CRTD PRC  BASC BCRQ MACM SETC,,no,no,AWAITING_PICKING,CSKI_MVKI,MVKI-1,0010,88,1
200233987193,EK3584-000,SMOE-64544,04.08.2026,04.08.2026,3,0,Wolseley UK Limited,5,yes,no,REL  PRC  BASC BCRQ MACM SETC,,no,no,AWAITING_PICKING,CSKI_MVKI,MVKI-1,0010,80,1
200233987223,ES2308-000,CSJH-36D/1XU-1XU-GB02,04.08.2026,04.08.2026,15,0,SSE Stock Ltd,5,yes,no,REL  PRC  BASC BCRQ MACM SETC,,no,no,AWAITING_PICKING,CSKI_MVKI,CSKI-1,0010,131,1
200233987379,EK3584-000,SMOE-64544,06.08.2026,06.08.2026,6,0,Cable Services Ltd,5,no,no,CRTD PRC  BASC BCRQ MACM SETC,,no,no,AWAITING_PICKING,CSKI_MVKI,MVKI-1,0010,88,1
200233987383,EK3584-000,SMOE-64544,06.08.2026,06.08.2026,8,0,Wolseley UK Limited,5,no,no,CRTD PRC  BASC BCRQ MACM SETC,,no,no,AWAITING_PICKING,CSKI_MVKI,MVKI-1,0010,92,1
200233996101,EK8958-000,SMOE-64559,02.09.2026,02.09.2026,3,0,UK Power Networks(Operations) Ltd,5,no,no,CRTD PRC  BASC BCRQ MACM SETC,,no,no,AWAITING_PICKING,CSKI_MVKI,MVKI-1,0010,234,1
200234027495,BM4751-000,CATJ-36D/1XU-3HL-GB02,03.08.2026,04.08.2026,58,0,SP Power Systems Ltd,2,yes,no,REL  PRC  BASC BCRQ MACM MSCP SETC,,no,no,AWAITING_PICKING,CSKI_MVKI,CSKI-1,0010,622,1
200234029712,CP8368-000,CSBJ-12F/3XU-6XU-GB01,30.07.2026,30.07.2026,1,0,Cable Services Ltd,5,yes,no,REL  PRT  PRC  BASC BCRQ MACM SETC,,no,no,AWAITING_PICKING,CSKI_MVKI,CSKI-1,0010,97,1
200234029759,CF9870-012,CSJA-12C/1XU-1XU-M,07.09.2026,08.09.2026,50,0,Salzburg AG fur Energie,5,no,no,CRTD MSPT PRC  BASC BCRQ MSCP SETC,,no,no,AWAITING_PICKING,CSKI_MVKI,CSKI-1,0010,190,1
200234036402,EN6738-000,CSJH-24C/3XU-3XU-M1-SE01,29.07.2026,29.07.2026,7,0,Ahlsell Sverige AB,5,yes,no,REL  PRT  PRC  BASC BCRQ GMPS MACM RESA*,COMP,yes,yes,READY,CSKI_MVKI,CSKI-1,0010,120,1
200234037772,EN2828-000,CSJA-24C/1XU-1XU-DE02,02.09.2026,04.09.2026,300,0,Westnetz GmbH,5,no,no,CRTD MSPT PRC  BASC BCRQ MSCP SETC,,no,no,AWAITING_PICKING,CSKI_MVKI,CSKI-1,0010,1088,1
200234037773,EN2828-000,CSJA-24C/1XU-1XU-DE02,02.09.2026,04.09.2026,300,0,Westnetz GmbH,5,no,no,CRTD MSPT PRC  BASC BCRQ SETC,,no,no,AWAITING_PICKING,CSKI_MVKI,CSKI-1,0010,1088,1
200234037997,EN2828-000,CSJA-24C/1XU-1XU-DE02,02.09.2026,04.09.2026,300,0,Westnetz GmbH,5,no,no,CRTD PRC  BASC BCRQ MACM SETC,,no,no,AWAITING_PICKING,CSKI_MVKI,CSKI-1,0010,1088,1
200234037998,EN2828-000,CSJA-24C/1XU-1XU-DE02,04.09.2026,08.09.2026,300,0,Westnetz GmbH,5,no,no,CRTD MSPT PRC  BASC BCRQ SETC,,no,no,AWAITING_PICKING,CSKI_MVKI,CSKI-1,0010,1088,1
200234038000,EN2828-000,CSJA-24C/1XU-1XU-DE02,03.09.2026,07.09.2026,300,0,Westnetz GmbH,5,no,no,CRTD PRC  BASC BCRQ MACM SETC,,no,no,AWAITING_PICKING,CSKI_MVKI,CSKI-1,0010,1088,1
200234040202,EP6011-000,SMOE-64733,14.08.2026,14.08.2026,24,0,Cable Services Ltd,5,no,no,CRTD PRC  BASC BCRQ MACM SETC,,no,no,AWAITING_PICKING,CSKI_MVKI,MVKI-1,0010,205,1
200234040204,EP6011-000,SMOE-64733,09.10.2026,09.10.2026,24,0,Cable Services Ltd,5,no,no,CRTD PRC  CSER BASC BCRQ MACM SETC,,no,no,AWAITING_PICKING,CSKI_MVKI,MVKI-1,0010,205,1
200234057161,EP6008-000,SMOE-64730,14.09.2026,15.09.2026,130,0,Cable Services Ltd,5,no,no,CRTD PRC  BASC BCRQ MACM SETC,,no,no,AWAITING_PICKING,CSKI_MVKI,MVKI-1,0010,578,1
200234057175,EP6008-000,SMOE-64730,17.09.2026,18.09.2026,130,0,Cable Services Ltd,5,no,no,CRTD PRC  BASC BCRQ MACM SETC,,no,no,AWAITING_PICKING,CSKI_MVKI,MVKI-1,0010,578,1
200234057272,F57005-000,SMOE-63191,22.09.2026,22.09.2026,7,0,Cable Services Ltd,5,no,no,CRTD MSPT PRC  BASC BCRQ SETC,,no,no,AWAITING_PICKING,CSKI_MVKI,MVKI-1,0010,125,1
200234057276,F57005-000,SMOE-63191,09.09.2026,09.09.2026,3,0,Cable Services Ltd,5,no,no,CRTD MSPT PRC  BASC BCRQ SETC,,no,no,AWAITING_PICKING,CSKI_MVKI,MVKI-1,0010,90,1
200234057398,EK3584-000,SMOE-64544,06.08.2026,06.08.2026,1,0,Wolseley UK Limited,5,no,no,CRTD PRC  BASC BCRQ MACM MSCP SETC,,no,no,AWAITING_PICKING,CSKI_MVKI,MVKI-1,0010,76,1
200234057763,E07331-000,SMOE-63180,21.09.2026,21.09.2026,5,0,Cable Services Ltd,5,no,no,CRTD MSPT PRC  BASC BCRQ SETC,,no,no,AWAITING_PICKING,CSKI_MVKI,MVKI-1,0005,132,1
200234057961,ER9706-000,BAH-038081729,20.08.2026,20.08.2026,100,0,Northern Powergrid,5,no,no,CRTD PRC  BASC BCRQ MACM RELR SETC,,no,no,AWAITING_PICKING,LVPA,LVPA-5,0010,466,1
200234058344,ER9706-000,BAH-038081729,27.08.2026,27.08.2026,49,0,Northern Powergrid,5,no,no,CRTD PRC  BASC BCRQ MACM SETC,,no,no,AWAITING_PICKING,LVPA,LVPA-5,0010,262,1
200234070154,CM8112-000,SMOE-63750,10.08.2026,10.08.2026,2,0,Cable Services Ltd,5,no,no,CRTD PRC  BASC BCRQ MACM SETC,,no,no,AWAITING_PICKING,CSKI_MVKI,MVKI-1,0010,132,1
200234070266,E07331-000,SMOE-63180,22.09.2026,22.09.2026,2,0,Cable Services Ltd,5,no,no,CRTD PRC  BASC BCRQ MACM SETC,,no,no,AWAITING_PICKING,CSKI_MVKI,MVKI-1,0005,110,1
200234070268,E07331-000,SMOE-63180,22.09.2026,22.09.2026,2,0,Wolseley UK Limited,5,no,no,CRTD PRC  BASC BCRQ MACM SETC,,no,no,AWAITING_PICKING,CSKI_MVKI,MVKI-1,0005,110,1
200234084414,CM9330-000,CSJA-24B/1XU-1XU-IE02,07.09.2026,09.09.2026,300,0,ESB,5,no,no,CRTD MSPT PRC  BASC BCRQ SETC,,no,no,AWAITING_PICKING,CSKI_MVKI,MVKI-1,0010,2073,1
200234084560,EN3046-000,CSJA-24E/1XU-1XU-DE01,30.07.2026,30.07.2026,63,0,Westnetz GmbH,5,yes,no,REL  PRT  PRC  BASC BCRQ GMPS MACM RESA*,COMP PREP,yes,yes,READY,CSKI_MVKI,CSKI-1,0010,287,1
200234108391,953163-000,SMOE-62753,29.09.2026,29.09.2026,2,0,Wolseley UK Limited,5,no,no,CRTD PRC  BASC BCRQ MACM SETC,,no,no,AWAITING_PICKING,CSKI_MVKI,MVKI-1,0005,93,1
200234147182,CM9341-000,CSJA-24D/1XU-1XU-IE01,07.09.2026,09.09.2026,240,0,ESB,5,no,no,CRTD MSPT PRC  BASC BCRQ SETC,,no,no,AWAITING_PICKING,CSKI_MVKI,CSKI-1,0010,1688,1
200234148084,CR0675-000,CATJ-12C/3XU-3SB-GB01,03.09.2026,03.09.2026,20,0,SP Power Systems Ltd,5,no,no,CRTD MSPT PRC  BASC BCRQ SETC,,no,no,AWAITING_PICKING,CSKI_MVKI,CSKI-1,0010,291,1
200234148088,CR0677-000,CSJT-12C/1XU-3XU-GB01,03.09.2026,03.09.2026,10,0,SP Power Systems Ltd,5,no,no,CRTD MSPT PRC  BASC BCRQ SETC,,no,no,AWAITING_PICKING,CSKI_MVKI,CSKI-1,0010,117,1
200234148201,CR0672-000,CATJ-12C/1XU-3SB-GB03,03.09.2026,03.09.2026,10,0,SP Power Systems Ltd,5,no,no,CRTD MSPT PRC  BASC BCRQ SETC,,no,no,AWAITING_PICKING,CSKI_MVKI,CSKI-1,0010,146,1
200234148472,CZ6105-000,SMOE-64344,03.09.2026,03.09.2026,5,0,SP Power Systems Ltd,5,no,no,CRTD MSPT PRC  BASC BCRQ SETC,,no,no,AWAITING_PICKING,CSKI_MVKI,CSKI-1,0010,146,1
200234148474,CS4124-000,CSJ-BUILDUP-CATJ-GB01,03.09.2026,03.09.2026,80,0,SP Power Systems Ltd,5,no,no,CRTD PRC  BASC BCRQ MACM SETC,,no,no,AWAITING_PICKING,CSKI_MVKI,CSKI-1,0010,168,1
200234149230,CF9870-012,CSJA-12C/1XU-1XU-M,03.09.2026,04.09.2026,50,0,Salzburg AG fur Energie,5,no,no,CRTD MSPT PRC  BASC BCRQ MSCP RELR SETC,,no,no,AWAITING_PICKING,CSKI_MVKI,CSKI-1,0010,190,1
200234156061,519672-000,SMOE-62815,24.09.2026,24.09.2026,2,0,Northern Powergrid,5,no,no,CRTD PRC  BASC BCRQ MACM SETC,,no,no,AWAITING_PICKING,CSKI_MVKI,MVKI-1,0010,99,1
200234158412,EP9969-000,CSJA-24B2/1XU-1XU-ES01,10.08.2026,10.08.2026,63,0,TE Connectivity Solutions GmbH,5,no,no,CRTD MSPT PRC  BASC BCRQ SETC VCAL,,no,no,AWAITING_PICKING,CSKI_MVKI,MVKI-1,0010,402,1
200234158529,EP9969-000,CSJA-24B2/1XU-1XU-ES01,10.08.2026,10.08.2026,70,0,TE Connectivity Solutions GmbH,5,no,no,CRTD MSPT PRC  BASC BCRQ SETC VCAL,,no,no,AWAITING_PICKING,CSKI_MVKI,MVKI-1,0010,435,1
200234172130,E07331-000,SMOE-63180,22.09.2026,22.09.2026,1,0,Wolseley UK Limited,5,no,no,CRTD PRC  BASC BCRQ MACM SETC,,no,no,AWAITING_PICKING,CSKI_MVKI,MVKI-1,0005,102,1
200234173784,EE7493-000,BAH-038081426,10.08.2026,10.08.2026,100,0,SP Power Systems Ltd,5,no,no,CRTD PRC  BASC BCRQ MACM RELR SETC,,no,no,AWAITING_PICKING,LVPA,LVPA-5,0010 → 0030,367,2
200234181973,427805-000,SMOE-62332,07.08.2026,07.08.2026,6,0,Cable Services Ltd,5,no,no,CRTD PRC  BASC BCRQ MACM SETC,,no,no,AWAITING_PICKING,CSKI_MVKI,MVKI-1,0005,119,1
200234193865,ER6983-000,CSJA-24F/1XU-1XU-NL01,19.08.2026,19.08.2026,15,0,Tyco Electronics Polska Sp z o.o.,5,no,no,CRTD MSPT PRC  BASC BCRQ MSCP RELR SETC,,no,no,AWAITING_PICKING,CSKI_MVKI,CSKI-1,0010,161,1
200234197069,E07331-000,SMOE-63180,22.09.2026,22.09.2026,5,0,Wolseley UK Limited,5,no,no,CRTD PRC  BASC BCRQ MACM MSCP SETC,,no,no,AWAITING_PICKING,CSKI_MVKI,MVKI-1,0005,132,1
200234200618,EN2828-000,CSJA-24C/1XU-1XU-DE02,07.09.2026,08.09.2026,300,0,LEW Verteilnetz GmbH,5,no,no,CRTD MSPT PRC  BASC BCRQ MSCP SETC,,no,no,AWAITING_PICKING,CSKI_MVKI,CSKI-1,0010,1088,1
200234200621,EN2828-000,CSJA-24C/1XU-1XU-DE02,03.09.2026,04.09.2026,150,0,LEW Verteilnetz GmbH,5,no,no,CRTD MSPT PRC  BASC BCRQ MSCP SETC,,no,no,AWAITING_PICKING,CSKI_MVKI,CSKI-1,0010,588,1
200234200622,EN2828-000,CSJA-24C/1XU-1XU-DE02,10.09.2026,11.09.2026,300,0,LEW Verteilnetz GmbH,5,no,no,CRTD MSPT PRC  BASC BCRQ MSCP SETC,,no,no,AWAITING_PICKING,CSKI_MVKI,CSKI-1,0010,1088,1
200234200623,EN2828-000,CSJA-24C/1XU-1XU-DE02,10.09.2026,11.09.2026,150,0,LEW Verteilnetz GmbH,5,no,no,CRTD MSPT PRC  BASC BCRQ MSCP SETC,,no,no,AWAITING_PICKING,CSKI_MVKI,CSKI-1,0010,588,1
200234200838,EL5855-000,CSJH-12B/1XU-3SB-DE01,30.07.2026,31.07.2026,25,0,Wilhelm Sieverding,5,yes,no,REL  PRT  PRC  BASC BCRQ MACM SETC,,no,no,AWAITING_PICKING,CSKI_MVKI,CSKI-1,0010,382,1
200234210577,CH8130-000,CSJT-36D/1XU-1XU-GB03,03.09.2026,03.09.2026,100,0,SP Power Systems Ltd,5,no,no,CRTD PRC  BASC BCRQ MACM SETC,,no,no,AWAITING_PICKING,CSKI_MVKI,CSKI-1,0010,301,1
200234210578,BM4748-000,CATJ-36D/1XU-1HL-GB02,02.09.2026,02.09.2026,10,0,SP Power Systems Ltd,5,no,no,CRTD MSPT PRC  BASC BCRQ SETC,,no,no,AWAITING_PICKING,CSKI_MVKI,CSKI-1,0010,131,1
200234210579,BM4749-000,CATJ-36D/1XU-3SB-GB03,02.09.2026,02.09.2026,40,0,SP Power Systems Ltd,5,no,no,CRTD PRC  BASC BCRQ MACM SETC,,no,no,AWAITING_PICKING,CSKI_MVKI,CSKI-1,0010,442,1
200234210590,CV4535-000,CSJH-24F/1XU-2XU-GB01,25.09.2026,29.09.2026,45,0,Northern Powergrid,5,no,no,CRTD MSPT PRC  BASC BCRQ MSCP SETC,,no,no,AWAITING_PICKING,CSKI_MVKI,CSKI-1,0010,988,1
200234210761,BM4747-000,CATJ-12F/3XU-6SB-GB04,03.09.2026,03.09.2026,4,0,SP Power Systems Ltd,5,no,no,CRTD MSPT PRC  BASC BCRQ SETC,,no,no,AWAITING_PICKING,CSKI_MVKI,CSKI-1,0010,194,1
200234210775,CP8368-000,CSBJ-12F/3XU-6XU-GB01,01.09.2026,01.09.2026,10,0,SP Power Systems Ltd,5,no,no,CRTD PRC  BASC BCRQ MACM RELR SETC,,no,no,AWAITING_PICKING,CSKI_MVKI,CSKI-1,0010,175,1
200234210818,CS4189-000,SMOE-64149,03.09.2026,03.09.2026,6,0,SP Power Systems Ltd,5,no,no,CRTD MSPT PRC  BASC BCRQ SETC,,no,no,AWAITING_PICKING,CSKI_MVKI,CSKI-1,0010,155,1
200234210832,EL5855-000,CSJH-12B/1XU-3SB-DE01,26.08.2026,27.08.2026,75,0,Wilhelm Sieverding,5,no,no,CRTD MSPT PRC  BASC BCRQ MSCP SETC,,no,no,AWAITING_PICKING,CSKI_MVKI,CSKI-1,0010,811,1
200234211261,CR0671-000,CSJT-12B/3XU-3XU-GB01,03.09.2026,03.09.2026,35,0,SP Power Systems Ltd,5,no,no,CRTD MSPT PRC  BASC BCRQ SETC,,no,no,AWAITING_PICKING,CSKI_MVKI,CSKI-1,0010,198,1
200234211271,CR0678-000,CSJT-12B/1XU-3XU-GB01,03.09.2026,03.09.2026,10,0,SP Power Systems Ltd,5,no,no,CRTD MSPT PRC  BASC BCRQ SETC,,no,no,AWAITING_PICKING,CSKI_MVKI,CSKI-1,0010,109,1
200234211276,CS1219-000,CSJT-12B/1XU-1XU-GB01,03.09.2026,03.09.2026,20,0,SP Power Systems Ltd,5,no,no,CRTD MSPT PRC  BASC BCRQ SETC,,no,no,AWAITING_PICKING,CSKI_MVKI,CSKI-1,0010,120,1
200234211360,CR0676-000,CATJ-12B/3XU-3SB-GB02,03.09.2026,03.09.2026,12,0,SP Power Systems Ltd,5,no,no,CRTD MSPT PRC  BASC BCRQ SETC,,no,no,AWAITING_PICKING,CSKI_MVKI,CSKI-1,0010,164,1
200234211364,CR0674-000,CATJ-12B/3XU-3SB-GB01,03.09.2026,03.09.2026,24,0,SP Power Systems Ltd,5,no,no,CRTD MSPT PRC  BASC BCRQ SETC,,no,no,AWAITING_PICKING,CSKI_MVKI,CSKI-1,0010,222,1
200234211368,CR0679-000,CATJ-12B/1XU-3SB-GB01,03.09.2026,03.09.2026,6,0,SP Power Systems Ltd,5,no,no,CRTD MSPT PRC  BASC BCRQ SETC,,no,no,AWAITING_PICKING,CSKI_MVKI,CSKI-1,0010,128,1
200234211371,CS4331-000,CATJ-12B/1XU-3SB-GB03,03.09.2026,03.09.2026,40,0,SP Power Systems Ltd,5,no,no,CRTD MSPT PRC  BASC BCRQ SETC,,no,no,AWAITING_PICKING,CSKI_MVKI,CSKI-1,0010,352,1
200234211372,CH8134-000,CSJT-36F/1XU-1XU-GB01,03.09.2026,03.09.2026,20,0,SP Power Systems Ltd,5,no,no,CRTD PRC  BASC BCRQ MACM SETC,,no,no,AWAITING_PICKING,CSKI_MVKI,CSKI-1,0010,119,1
200234211551,D41410-005,CSJA-24C/1XU-1XU-M1,07.08.2026,07.08.2026,20,0,STADTWERKE BAD HERSFELD GMBH,5,no,no,CRTD PRC  BASC BCRQ MACM MSCP SETC,,no,no,AWAITING_PICKING,CSKI_MVKI,CSKI-1,0010,150,1
200234211658,CV4536-000,CSJH-24C/1XU-1XU-GB01,05.08.2026,05.08.2026,100,0,Northern Powergrid,5,no,no,CRTD MSPT PRC  BASC BCRQ MSCP SETC,,no,no,AWAITING_PICKING,CSKI_MVKI,CSKI-1,0010,401,1
200234211661,D41410-011,CSJA-24C/1XU-1XU-M1,07.09.2026,08.09.2026,210,0,Blumenbecker Handel i Serwis,5,no,no,CRTD MSPT PRC  BASC BCRQ MSCP SETC,,no,no,AWAITING_PICKING,CSKI_MVKI,CSKI-1,0010,750,1
200234214612,EB9984-000,BAH-038080993,06.08.2026,06.08.2026,90,0,SSE Stock Ltd,5,no,no,CRTD PRC  BASC BCRQ MACM SETC,,no,no,AWAITING_PICKING,LVPA,LVPA-5,0010,326,1
200234215244,CM2273-000,CSJA-42F/1XU-1XU-IE01,09.09.2026,09.09.2026,60,0,ESB,5,no,no,CRTD MSPT PRC  BASC BCRQ SETC,,no,no,AWAITING_PICKING,CSKI_MVKI,CSKI-1,0010,225,1
200234216038,CJ1908-000,CSJA-24C/1XU-1XU-CH01,09.09.2026,11.09.2026,150,0,Sigmaform (Schweiz) AG,5,no,no,CRTD MSPT PRC  BASC BCRQ SETC,,no,no,AWAITING_PICKING,CSKI_MVKI,CSKI-1,0010 → 0020,1635,2
200234216447,EP9969-000,CSJA-24B2/1XU-1XU-ES01,07.08.2026,10.08.2026,58,0,TE Connectivity Solutions GmbH,5,no,no,CRTD MSPT PRC  BASC BCRQ MSCP SETC VCAL,,no,no,AWAITING_PICKING,CSKI_MVKI,MVKI-1,0010,379,1
200234218287,ER8811-000,CSJA-24B2/1XU-1XU-PT01,11.08.2026,11.08.2026,130,0,Tyco Electronics Polska Sp z o.o.,5,no,no,CRTD PRC  BASC BCRQ MACM MSCP SETC,,no,no,AWAITING_PICKING,CSKI_MVKI,CSKI-1,0010,476,1
200234218289,ER8811-000,CSJA-24B2/1XU-1XU-PT01,12.08.2026,13.08.2026,300,0,Tyco Electronics Polska Sp z o.o.,5,no,no,CRTD MSPT PRC  BASC BCRQ MSCP SETC,,no,no,AWAITING_PICKING,CSKI_MVKI,CSKI-1,0010,986,1
200234218377,ER4231-000,CSJH-24B/1XU-3XU-M1-NL01,19.08.2026,19.08.2026,8,0,Tyco Electronics Polska Sp z o.o.,5,no,no,CRTD MSPT PRC  BASC BCRQ SETC,,no,no,AWAITING_PICKING,CSKI_MVKI,CSKI-1,0010,136,1
200234218530,CS8236-000,CSJA-24D/1XU-1XU-M-NO01,21.08.2026,21.08.2026,20,0,Ensto Nor AS,5,no,no,CRTD PRC  BASC BCRQ MACM SETC,,no,no,AWAITING_PICKING,CSKI_MVKI,CSKI-1,0010,139,1
200234218947,ER6979-000,CSJ-BUILDUP-KIT-C-NL01,19.08.2026,19.08.2026,8,0,Tyco Electronics Polska Sp z o.o.,5,no,no,CRTD PRC  BASC BCRQ MACM SETC,,no,no,AWAITING_PICKING,CSKI_MVKI,CSKI-1,0010,107,1
200234219015,891265-000,SMOE-62754,14.09.2026,15.09.2026,109,0,Northern Powergrid,5,no,no,CRTD PRC  BASC BCRQ MACM SETC,,no,no,AWAITING_PICKING,CSKI_MVKI,MVKI-1,0005,609,1
200234219447,EP6008-000,SMOE-64730,15.09.2026,15.09.2026,30,0,Cable Services Ltd,5,no,no,CRTD PRC  BASC BCRQ MACM SETC,,no,no,AWAITING_PICKING,CSKI_MVKI,MVKI-1,0010,203,1
200234219454,839121-000,SHSS-12B-IND,07.09.2026,07.09.2026,12,0,Wolseley UK Limited,5,no,no,CRTD MSPT PRC  BASC BCRQ SETC,,no,no,AWAITING_PICKING,CSKI_MVKI,MVKI-1,0010,107,1
200234219528,EK3386-000,SMOE-64566,07.09.2026,08.09.2026,9,0,UK Power Networks(Operations) Ltd,5,no,no,CRTD MSPT PRC  BASC BCRQ MSCP SETC,,no,no,AWAITING_PICKING,CSKI_MVKI,MVKI-1,0010,116,1
200234219529,EK3386-000,SMOE-64566,08.09.2026,08.09.2026,12,0,UK Power Networks(Operations) Ltd,5,no,no,CRTD MSPT PRC  BASC BCRQ SETC,,no,no,AWAITING_PICKING,CSKI_MVKI,MVKI-1,0010,128,1
200234219708,EP6008-000,SMOE-64730,15.09.2026,15.09.2026,30,0,Cable Services Ltd,5,no,no,CRTD PRC  BASC BCRQ MACM SETC,,no,no,AWAITING_PICKING,CSKI_MVKI,MVKI-1,0010,203,1
200234220234,CP8417-000,CATJ-12E/1XU-1HL-GB01,03.09.2026,03.09.2026,12,0,SP Power Systems Ltd,5,no,no,CRTD MSPT PRC  BASC BCRQ SETC,,no,no,AWAITING_PICKING,CSKI_MVKI,CSKI-1,0010,155,1
200234220236,CH8133-000,CSJT-36E/1XU-1XU-GB02,03.09.2026,03.09.2026,40,0,SP Power Systems Ltd,5,no,no,CRTD PRC  BASC BCRQ MACM SETC,,no,no,AWAITING_PICKING,CSKI_MVKI,CSKI-1,0010,163,1
200234220425,BM4078-000,CATJ-36E/1XU-3SB-GB02,03.08.2026,03.08.2026,5,0,SP Power Systems Ltd,5,yes,no,REL  PRC  BASC BCRQ MACM SETC,,no,no,AWAITING_PICKING,CSKI_MVKI,CSKI-1,0010,171,1
200234220426,BM4078-000,CATJ-36E/1XU-3SB-GB02,03.09.2026,03.09.2026,5,0,SP Power Systems Ltd,5,no,no,CRTD PRC  BASC BCRQ MACM SETC,,no,no,AWAITING_PICKING,CSKI_MVKI,CSKI-1,0010,171,1
200234225550,EB9984-000,BAH-038080993,30.07.2026,31.07.2026,200,0,Cable Services Ltd,5,yes,no,REL  PRT  PRC  BASC BCRQ MACM SETC,,no,no,AWAITING_PICKING,LVPA,LVPA-5,0010,724,1
200234252868,E07331-000,SMOE-63180,22.09.2026,22.09.2026,10,0,Cable Services Ltd,5,no,no,CRTD PRC  BASC BCRQ MACM SETC,,no,no,AWAITING_PICKING,CSKI_MVKI,MVKI-1,0005,169,1
200234252870,515507-000,SMOE-62668,07.09.2026,07.09.2026,1,0,Cable Services Ltd,5,no,no,CRTD PRC  BASC BCRQ MACM SETC,,no,no,AWAITING_PICKING,CSKI_MVKI,MVKI-1,0005,109,1
200234252873,427805-000,SMOE-62332,14.08.2026,14.08.2026,6,0,Cable Services Ltd,5,no,no,CRTD PRC  BASC BCRQ MACM SETC,,no,no,AWAITING_PICKING,CSKI_MVKI,MVKI-1,0005,119,1
200234253117,EH2733-000,SMOE-64466,14.08.2026,14.08.2026,10,0,Cable Services Ltd,5,no,no,CRTD PRC  BASC BCRQ MACM SETC,,no,no,AWAITING_PICKING,CSKI_MVKI,MVKI-1,0010,61,1
200234266148,EN3035-000,BAH-038081580,04.11.2026,09.11.2026,600,0,National Grid Electricity,5,no,no,CRTD MSPT PRC  CSER BASC BCRQ SETC,,no,no,AWAITING_PICKING,LVPA,LVPA-5,0010,2171,1
200234266152,EN3035-000,BAH-038081580,02.11.2026,04.11.2026,600,0,National Grid Electricity,5,no,no,CRTD MSPT PRC  CSER BASC BCRQ SETC,,no,no,AWAITING_PICKING,LVPA,LVPA-5,0010,2171,1
200234266155,EN3035-000,BAH-038081580,06.11.2026,10.11.2026,500,0,National Grid Electricity,5,no,no,CRTD MSPT PRC  CSER BASC BCRQ SETC,,no,no,AWAITING_PICKING,LVPA,LVPA-5,0010,1809,1
200234266198,EN3035-000,BAH-038081580,18.11.2026,23.11.2026,600,0,National Grid Electricity,5,no,no,CRTD MSPT PRC  CSER BASC BCRQ SETC,,no,no,AWAITING_PICKING,LVPA,LVPA-5,0010,2171,1
200234266202,EN3035-000,BAH-038081580,16.11.2026,18.11.2026,600,0,National Grid Electricity,5,no,no,CRTD MSPT PRC  CSER BASC BCRQ SETC,,no,no,AWAITING_PICKING,LVPA,LVPA-5,0010,2171,1
200234266203,EN3035-000,BAH-038081580,20.11.2026,24.11.2026,500,0,National Grid Electricity,5,no,no,CRTD MSPT PRC  CSER BASC BCRQ SETC,,no,no,AWAITING_PICKING,LVPA,LVPA-5,0010,1809,1
200234266205,EN3035-000,BAH-038081580,01.12.2026,04.12.2026,600,0,National Grid Electricity,5,no,no,CRTD MSPT PRC  CSER BASC BCRQ SETC,,no,no,AWAITING_PICKING,LVPA,LVPA-5,0010,2171,1
200234266206,EN3035-000,BAH-038081580,30.11.2026,02.12.2026,600,0,National Grid Electricity,5,no,no,CRTD MSPT PRC  CSER BASC BCRQ SETC,,no,no,AWAITING_PICKING,LVPA,LVPA-5,0010,2171,1
200234266208,EN3035-000,BAH-038081580,04.12.2026,08.12.2026,500,0,National Grid Electricity,5,no,no,CRTD MSPT PRC  CSER BASC BCRQ SETC,,no,no,AWAITING_PICKING,LVPA,LVPA-5,0010,1809,1
200234266728,172599-000,SMOE-62546,29.07.2026,29.07.2026,5,0,SSE Stock Ltd,5,yes,no,REL  PRT  PRC  BASC BCRQ GMPS MACM RESA*,COMP PREP,yes,yes,READY,CSKI_MVKI,MVKI-1,0005,165,1
200234266730,468515-000,SMOE-62534,31.07.2026,31.07.2026,12,0,SSE Stock Ltd,5,yes,no,REL  PRT  PRC  BASC BCRQ MACM MSCP SETC,,no,no,AWAITING_PICKING,CSKI_MVKI,MVKI-1,0010,173,1
200234266734,F88630-000,SMOE-63410,07.08.2026,07.08.2026,3,0,Cable Services Ltd,5,no,no,CRTD PRC  BASC BCRQ MACM SETC,,no,no,AWAITING_PICKING,CSKI_MVKI,MVKI-1,0005,81,1
200234274945,EN9716-000,CSJR-24D/1XU-1XU-TH03,16.09.2026,21.09.2026,325,0,Tyco Electronics Singapore Pte Ltd,5,no,no,CRTD MSPT PRC  BASC BCRQ SETC,,no,no,AWAITING_PICKING,CSKI_MVKI,CSKI-1,0010,1388,1
200234274947,EN9716-000,CSJR-24D/1XU-1XU-TH03,24.09.2026,28.09.2026,300,0,Tyco Electronics Singapore Pte Ltd,5,no,no,CRTD MSPT PRC  BASC BCRQ SETC,,no,no,AWAITING_PICKING,CSKI_MVKI,CSKI-1,0010,1288,1
200234275017,CS7185-000,SMOE-64147,19.08.2026,19.08.2026,4,0,Tyco Electronics Polska Sp z o.o.,5,no,no,CRTD PRC  BASC BCRQ MACM SETC,,no,no,AWAITING_PICKING,CSKI_MVKI,MVKI-1,0010,74,1
200234275018,CS7185-000,SMOE-64147,09.09.2026,09.09.2026,4,0,Tyco Electronics Polska Sp z o.o.,5,no,no,CRTD PRC  BASC BCRQ MACM SETC,,no,no,AWAITING_PICKING,CSKI_MVKI,MVKI-1,0010,74,1
200234275022,CV4536-000,CSJH-24C/1XU-1XU-GB01,18.09.2026,18.09.2026,6,0,Cable Services Ltd,5,no,no,CRTD MSPT PRC  BASC BCRQ SETC,,no,no,AWAITING_PICKING,CSKI_MVKI,CSKI-1,0010,104,1
200234275028,ES9599-000,CSJA-24B2/1XU-1XU-DE01,10.08.2026,10.08.2026,10,0,Stromnetz Berlin GmbH,5,no,no,CRTD PRC  BASC BCRQ MACM SETC,,no,no,AWAITING_PICKING,CSKI_MVKI,CSKI-1,0010,117,1
200234275061,CR0674-000,CATJ-12B/3XU-3SB-GB01,27.08.2026,27.08.2026,12,0,SP Power Systems Ltd,5,no,no,CRTD MSPT PRC  BASC BCRQ MSCP SETC,,no,no,AWAITING_PICKING,CSKI_MVKI,CSKI-1,0010,157,1
200234275070,CR0678-000,CSJT-12B/1XU-3XU-GB01,27.08.2026,27.08.2026,30,0,SP Power Systems Ltd,5,no,no,CRTD MSPT PRC  BASC BCRQ MSCP SETC,,no,no,AWAITING_PICKING,CSKI_MVKI,CSKI-1,0010,172,1
200234275102,CM9330-000,CSJA-24B/1XU-1XU-IE02,06.08.2026,11.08.2026,300,0,ESB,5,no,no,CRTD MSPT PRC  BASC BCRQ SETC,,no,no,AWAITING_PICKING,CSKI_MVKI,MVKI-1,0010,2073,1
200234282538,EP6008-000,SMOE-64730,14.09.2026,14.09.2026,35,0,UK Power Networks(Operations) Ltd,5,no,no,CRTD PRC  BASC BCRQ MACM MSCP SETC,,no,no,AWAITING_PICKING,CSKI_MVKI,MVKI-1,0010,222,1
200234283903,2107225-1,S/ENS COQUIILLE JNC 240,19.08.2026,19.08.2026,49,0,Tyco Electronics Polska Sp z o.o.,5,no,no,CRTD MSPT PRC  BASC BCRQ RELR SETC,,no,no,AWAITING_PICKING,LVPA,LVPA-5,0050,98,1
200234292814,EN3089-000,CATJ-24C/1XU-3HL-CZ01,06.08.2026,06.08.2026,10,0,Tyco Electronics Polska Sp z o.o.,5,no,no,CRTD MSPT PRC  BASC BCRQ MSCP SETC,,no,no,AWAITING_PICKING,CSKI_MVKI,CSKI-1,0010,197,1
200234292937,EP6010-000,SMOE-64732,30.07.2026,30.07.2026,6,0,Cable Services Ltd,5,yes,no,REL  PRT  PRC  BASC BCRQ GMPS MACM MSCP*,COMP PREP,yes,yes,READY,CSKI_MVKI,MVKI-1,0010,138,1
200234292946,EP6008-000,SMOE-64730,15.09.2026,15.09.2026,12,0,Cable Services Ltd,5,no,no,CRTD PRC  BASC BCRQ MACM SETC,,no,no,AWAITING_PICKING,CSKI_MVKI,MVKI-1,0010,136,1
200234303620,528687-000,SMOE-62542,30.07.2026,30.07.2026,40,0,SSE Stock Ltd,5,yes,no,REL  PRT  PRC  BASC BCRQ MACM MSCP SETC,,no,no,AWAITING_PICKING,CSKI_MVKI,MVKI-1,0010,307,1
200234303625,EK3592-000,SMOE-64549,03.08.2026,03.08.2026,12,0,UK Power Networks(Operations) Ltd,5,yes,no,REL  PRT  PRC  BASC BCRQ MACM MSCP SETC,,no,no,AWAITING_PICKING,CSKI_MVKI,MVKI-1,0010,257,1
200234304741,CP8419-000,CATJ-12F/3XU-6SB-GB03,24.09.2026,24.09.2026,1,0,SP Power Systems Ltd,5,no,no,CRTD MSPT PRC  BASC BCRQ MSCP SETC,,no,no,AWAITING_PICKING,CSKI_MVKI,CSKI-1,0010,106,1
200234311542,CR2269-000,CSJR-24D/1XU-1XU-NL01,04.09.2026,07.09.2026,118,0,Tyco Electronics Polska Sp z o.o.,5,no,no,CRTD PRC  BASC BCRQ MACM SETC,,no,no,AWAITING_PICKING,CSKI_MVKI,CSKI-1,0010,441,1
200234313079,CS1219-000,CSJT-12B/1XU-1XU-GB01,29.10.2026,29.10.2026,20,0,SP Power Systems Ltd,5,no,no,CRTD MSPT PRC  CSER BASC BCRQ SETC,,no,no,AWAITING_PICKING,CSKI_MVKI,CSKI-1,0010,120,1
200234313142,CR0671-000,CSJT-12B/3XU-3XU-GB01,29.10.2026,29.10.2026,35,0,SP Power Systems Ltd,5,no,no,CRTD MSPT PRC  CSER BASC BCRQ SETC,,no,no,AWAITING_PICKING,CSKI_MVKI,CSKI-1,0010,198,1
200234313258,CR0675-000,CATJ-12C/3XU-3SB-GB01,29.10.2026,29.10.2026,20,0,SP Power Systems Ltd,5,no,no,CRTD MSPT PRC  CSER BASC BCRQ SETC,,no,no,AWAITING_PICKING,CSKI_MVKI,CSKI-1,0010,291,1
200234319705,839121-000,SHSS-12B-IND,07.09.2026,07.09.2026,5,0,Wolseley UK Limited,5,no,no,CRTD MSPT PRC  BASC BCRQ SETC,,no,no,AWAITING_PICKING,CSKI_MVKI,MVKI-1,0010,87,1
200234319760,E07331-000,SMOE-63180,22.09.2026,22.09.2026,5,0,Wolseley UK Limited,5,no,no,CRTD PRC  BASC BCRQ MACM SETC,,no,no,AWAITING_PICKING,CSKI_MVKI,MVKI-1,0005,132,1
200234320166,EK3584-000,SMOE-64544,18.08.2026,18.08.2026,5,0,Wolseley UK Limited,5,no,no,CRTD PRC  BASC BCRQ MACM SETC,,no,no,AWAITING_PICKING,CSKI_MVKI,MVKI-1,0010,85,1
200234322883,D41410-005,CSJA-24C/1XU-1XU-M1,09.09.2026,10.09.2026,300,0,IFK Gesellschaft Mbh,5,no,no,CRTD MSPT PRC  BASC BCRQ SETC,,no,no,AWAITING_PICKING,CSKI_MVKI,CSKI-1,0010,1034,1
200234322886,CJ9877-005,CSJA-24D/1XU-1XU-M,30.09.2026,30.09.2026,100,0,IFK Gesellschaft Mbh,5,no,no,CRTD MSPT PRC  CSER BASC BCRQ SETC,,no,no,AWAITING_PICKING,CSKI_MVKI,CSKI-1,0010,372,1
200234329763,E07331-000,SMOE-63180,22.09.2026,22.09.2026,4,0,Cable Services Ltd,5,no,no,CRTD PRC  BASC BCRQ MACM SETC,,no,no,AWAITING_PICKING,CSKI_MVKI,MVKI-1,0005,125,1
200234330069,172599-000,SMOE-62546,14.09.2026,14.09.2026,3,0,Cable Services Ltd,5,no,no,CRTD PRC  BASC BCRQ MACM SETC,,no,no,AWAITING_PICKING,CSKI_MVKI,MVKI-1,0005,154,1
200234330071,515507-000,SMOE-62668,07.09.2026,07.09.2026,1,0,Cable Services Ltd,5,no,no,CRTD PRC  BASC BCRQ MACM SETC,,no,no,AWAITING_PICKING,CSKI_MVKI,MVKI-1,0005,109,1
200234330073,891265-000,SMOE-62754,14.09.2026,15.09.2026,10,0,Cable Services Ltd,5,no,no,CRTD PRC  BASC BCRQ MACM SETC,,no,no,AWAITING_PICKING,CSKI_MVKI,MVKI-1,0005,237,1
200234330076,E25698-000,SMOE-63413,07.08.2026,07.08.2026,4,0,Cable Services Ltd,5,no,no,CRTD PRC  BASC BCRQ MACM SETC,,no,no,AWAITING_PICKING,CSKI_MVKI,MVKI-1,0010,216,1
200234330239,CJ4598-000,SMOE-63634,07.08.2026,07.08.2026,2,0,Cable Services Ltd,5,no,no,CRTD PRC  BASC BCRQ MACM SETC,,no,no,AWAITING_PICKING,CSKI_MVKI,MVKI-1,0010,145,1
200234330241,EP6010-000,SMOE-64732,07.08.2026,07.08.2026,4,0,Cable Services Ltd,5,no,no,CRTD PRC  BASC BCRQ MACM SETC,,no,no,AWAITING_PICKING,CSKI_MVKI,MVKI-1,0010,130,1
200234340908,EB3902-000,BAH-028000577,06.08.2026,06.08.2026,50,0,ESB,5,no,no,CRTD PRC  BASC BCRQ MACM MSCP SETC,,no,no,AWAITING_PICKING,LVPA,LVPA-5,0050,35,1
200234340912,EB3903-000,BAH-028000578,06.08.2026,06.08.2026,30,0,ESB,5,no,no,CRTD PRC  BASC BCRQ MACM MSCP SETC,,no,no,AWAITING_PICKING,LVPA,LVPA-5,0050,52,1
200234341426,EB9986-000,BAH-038080995,30.07.2026,30.07.2026,60,0,SSE Stock Ltd,5,yes,no,REL  PRT  PRC  BASC BCRQ MACM MSCP SETC,,no,no,AWAITING_PICKING,LVPA,LVPA-5,0010 → 0020 → 0030,188,3
200234342554,ED0007-000,BAH-038081015,07.08.2026,07.08.2026,4,0,Cable Services Ltd,5,no,no,CRTD PRC  BASC BCRQ MACM MSCP SETC,,no,no,AWAITING_PICKING,LVPA,LVPA-5,0010 → 0030,21,2
200234342661,ED0008-000,BAH-038081016,07.08.2026,07.08.2026,3,0,Cable Services Ltd,5,no,no,CRTD PRC  BASC BCRQ MACM MSCP SETC,,no,no,AWAITING_PICKING,LVPA,LVPA-5,0010 → 0030,16,2
200234349634,EK3578-000,SMOE-64543,11.08.2026,11.08.2026,28,0,UK Power Networks(Operations) Ltd,5,no,no,CRTD PRC  BASC BCRQ MACM MSCP SETC,,no,no,AWAITING_PICKING,CSKI_MVKI,MVKI-1,0010,133,1
200234349724,EP6008-000,SMOE-64730,14.09.2026,14.09.2026,35,0,UK Power Networks(Operations) Ltd,5,no,no,CRTD PRC  BASC BCRQ MACM MSCP SETC,,no,no,AWAITING_PICKING,CSKI_MVKI,MVKI-1,0010,222,1
200234350696,936473-000,SMOE-61987,06.08.2026,06.08.2026,1,0,Cable Services Ltd,5,no,no,CRTD PRC  BASC BCRQ MACM SETC,,no,no,AWAITING_PICKING,CSKI_MVKI,MVKI-1,0005,164,1
200234350816,E07331-000,SMOE-63180,14.09.2026,14.09.2026,3,0,Cable Services Ltd,5,no,no,CRTD PRC  BASC BCRQ MACM SETC,,no,no,AWAITING_PICKING,CSKI_MVKI,MVKI-1,0005,117,1
200234351232,EP0917-000,EPKT-17C1XI-GB01,15.10.2026,16.10.2026,32,0,NIE Networks Ltd,5,no,no,CRTD MSPT PRC  CSER BASC BCRQ SETC,,no,no,AWAITING_PICKING,CSKI_MVKI,MVKI-1,0010,687,1
200234352481,ER8811-000,CSJA-24B2/1XU-1XU-PT01,19.08.2026,20.08.2026,170,0,Tyco Electronics Polska Sp z o.o.,5,no,no,CRTD MSPT PRC  BASC BCRQ MSCP SETC,,no,no,AWAITING_PICKING,CSKI_MVKI,CSKI-1,0010,596,1
200234352681,ER6384-000,CSJH-24B/3XU-3XU-M-NL01,15.09.2026,16.09.2026,150,0,Tyco Electronics Polska Sp z o.o.,5,no,no,CRTD MSPT PRC  BASC BCRQ SETC,,no,no,AWAITING_PICKING,CSKI_MVKI,CSKI-1,0010,906,1
200234352685,ER4231-000,CSJH-24B/1XU-3XU-M1-NL01,15.09.2026,16.09.2026,200,0,Tyco Electronics Polska Sp z o.o.,5,no,no,CRTD MSPT PRC  BASC BCRQ SETC,,no,no,AWAITING_PICKING,CSKI_MVKI,CSKI-1,0010,1288,1
200234352759,EF9111-000,CSJA-17B/1XU-1XU-M-BE01,05.08.2026,07.08.2026,300,0,Resa Services S.A.,5,no,no,CRTD PRC  BASC BCRQ MACM MSCP SETC,,no,no,AWAITING_PICKING,CSKI_MVKI,CSKI-1,0010,1146,1
200234352768,ER6985-000,CSJA-ENDSEAL-KIT-C-NL01,29.07.2026,29.07.2026,10,0,Tyco Electronics Polska Sp z o.o.,5,yes,no,REL  PRT  PRC  BASC BCRQ GMPS MACM MSCP*,COMP,yes,yes,READY,CSKI_MVKI,CSKI-1,0010,118,1
200234353337,CJ9889-011,CSJA-24E/1XU-1XU-M2,05.08.2026,05.08.2026,30,0,Steinbacher Energie GmbH,5,no,no,CRTD MSPT PRC  BASC BCRQ SETC,,no,no,AWAITING_PICKING,CSKI_MVKI,CSKI-1,0010,168,1
200234353345,ER5489-000,CSJH-24C/1XU-1XU-M1-NL01,16.09.2026,16.09.2026,30,0,Tyco Electronics Polska Sp z o.o.,5,no,no,CRTD PRC  BASC BCRQ MACM SETC,,no,no,AWAITING_PICKING,CSKI_MVKI,CSKI-1,0010,187,1
200234359533,ER4231-000,CSJH-24B/1XU-3XU-M1-NL01,16.09.2026,16.09.2026,4,0,Tyco Electronics Polska Sp z o.o.,5,no,no,CRTD MSPT PRC  BASC BCRQ SETC,,no,no,AWAITING_PICKING,CSKI_MVKI,CSKI-1,0010,112,1
200234361192,EF1234-000,BAH-038081489,03.08.2026,03.08.2026,100,0,UK Power Networks(Operations) Ltd,5,yes,no,REL  PRT  PRC  BASC BCRQ MACM SETC,,no,no,AWAITING_PICKING,CSKI_MVKI,MVKI-1,0010,294,1
200234361577,EK3590-000,SMOE-64546,06.08.2026,06.08.2026,30,0,Cable Services Ltd,5,no,no,CRTD PRC  BASC BCRQ MACM SETC,,no,no,AWAITING_PICKING,CSKI_MVKI,MVKI-1,0010,167,1
200234361658,468515-000,SMOE-62534,13.08.2026,13.08.2026,12,0,SSE Stock Ltd,5,no,no,CRTD PRC  BASC BCRQ MACM SETC,,no,no,AWAITING_PICKING,CSKI_MVKI,MVKI-1,0010,173,1
200234361688,ET6009-000,CSJH-12B/1XU-1XU-GB01,31.07.2026,31.07.2026,30,0,Cable Services Ltd,5,yes,no,REL  PRC  BASC BCRQ MACM MSCP SETC,,no,no,AWAITING_PICKING,CSKI_MVKI,CSKI-1,0010,180,1
200234361690,ER8811-000,CSJA-24B2/1XU-1XU-PT01,03.08.2026,03.08.2026,40,0,Tyco Electronics Polska Sp z o.o.,5,no,no,CRTD PRC  BASC BCRQ MACM MSCP SETC,,no,no,AWAITING_PICKING,CSKI_MVKI,CSKI-1,0010,206,1
200234361692,ES7516-000,CSJH-12B/1XU-1XU-GB02,18.09.2026,18.09.2026,12,0,Wolseley UK Limited,5,no,no,CRTD PRC  BASC BCRQ MACM MSCP SETC,,no,no,AWAITING_PICKING,CSKI_MVKI,CSKI-1,0010,114,1
200234362161,ES7516-000,CSJH-12B/1XU-1XU-GB02,17.09.2026,17.09.2026,10,0,Wolseley UK Limited,5,no,no,CRTD PRC  BASC BCRQ MACM SETC,,no,no,AWAITING_PICKING,CSKI_MVKI,CSKI-1,0010,109,1
200234369342,E65890-000,SMOE-63361,15.09.2026,15.09.2026,4,0,Northern Powergrid,5,no,no,CRTD PRC  BASC BCRQ MACM SETC,,no,no,AWAITING_PICKING,CSKI_MVKI,MVKI-1,0010,129,1
200234369441,EB9970-000,BAH-038080979,06.08.2026,06.08.2026,160,0,SSE Stock Ltd,5,no,no,CRTD PRC  BASC BCRQ MACM SETC,,no,no,AWAITING_PICKING,LVPA,LVPA-5,0010,579,1
200234369646,CZ6105-000,SMOE-64344,24.08.2026,24.08.2026,40,0,SP Power Systems Ltd,5,no,no,CRTD MSPT PRC  BASC BCRQ MSCP SETC,,no,no,AWAITING_PICKING,CSKI_MVKI,CSKI-1,0010,565,1
200234369655,BM4747-000,CATJ-12F/3XU-6SB-GB04,27.08.2026,27.08.2026,10,0,SP Power Systems Ltd,5,no,no,CRTD MSPT PRC  BASC BCRQ MSCP SETC,,no,no,AWAITING_PICKING,CSKI_MVKI,CSKI-1,0010,266,1
200234369656,CM9341-000,CSJA-24D/1XU-1XU-IE01,17.09.2026,21.09.2026,240,0,ESB,5,no,no,CRTD MSPT PRC  BASC BCRQ SETC,,no,no,AWAITING_PICKING,CSKI_MVKI,CSKI-1,0010,1688,1
200234370680,CM9330-000,CSJA-24B/1XU-1XU-IE02,17.09.2026,21.09.2026,200,0,ESB,5,no,no,CRTD MSPT PRC  BASC BCRQ SETC,,no,no,AWAITING_PICKING,CSKI_MVKI,MVKI-1,0010,1407,1
200234370681,CM9341-000,CSJA-24D/1XU-1XU-IE01,21.09.2026,23.09.2026,200,0,ESB,5,no,no,CRTD MSPT PRC  BASC BCRQ SETC,,no,no,AWAITING_PICKING,CSKI_MVKI,CSKI-1,0010,1422,1
200234370684,CR3646-000,CSJA-24E/1XU-1XU-IE01,18.09.2026,21.09.2026,3,0,ESB,5,no,no,CRTD PRC  BASC BCRQ MACM SETC,,no,no,AWAITING_PICKING,CSKI_MVKI,CSKI-1,0010,108,1
200234370685,EN3046-000,CSJA-24E/1XU-1XU-DE01,26.08.2026,26.08.2026,18,0,Prego Services GmbH,5,no,no,CRTD PRC  BASC BCRQ MACM SETC,,no,no,AWAITING_PICKING,CSKI_MVKI,CSKI-1,0010,145,1
200234370689,ES2307-000,CSJA-12C/1XU-1XU-M-DE03,12.08.2026,12.08.2026,33,0,GE Wind Energy GmbH,5,no,no,CRTD MSPT PRC  BASC BCRQ SETC,,no,no,AWAITING_PICKING,CSKI_MVKI,CSKI-1,0010,204,1
200234370690,EK6893-000,CSJA-12C/1XU-1XU-M-DE02,12.08.2026,12.08.2026,33,0,GE Wind Energy GmbH,5,no,no,CRTD PRC  BASC BCRQ MACM SETC,,no,no,AWAITING_PICKING,CSKI_MVKI,CSKI-1,0010,182,1
200234370692,EN3089-000,CATJ-24C/1XU-3HL-CZ01,11.08.2026,11.08.2026,7,0,Kamat Spol. s r.o.,5,no,no,CRTD MSPT PRC  BASC BCRQ SETC,,no,no,AWAITING_PICKING,CSKI_MVKI,CSKI-1,0010,172,1
200234370693,EN3089-000,CATJ-24C/1XU-3HL-CZ01,27.08.2026,27.08.2026,1,0,Kamat Spol. s r.o.,5,no,no,CRTD MSPT PRC  BASC BCRQ SETC,,no,no,AWAITING_PICKING,CSKI_MVKI,CSKI-1,0010,120,1
200234370694,CU1818-000,CSJH-36E/1XU-1XU-GB03,07.08.2026,07.08.2026,6,0,Cable Services Ltd,5,no,no,CRTD PRC  BASC BCRQ MACM SETC,,no,no,AWAITING_PICKING,CSKI_MVKI,CSKI-1,0010,99,1
200234370695,ER4231-000,CSJH-24B/1XU-3XU-M1-NL01,16.09.2026,16.09.2026,4,0,Tyco Electronics Polska Sp z o.o.,5,no,no,CRTD MSPT PRC  BASC BCRQ SETC,,no,no,AWAITING_PICKING,CSKI_MVKI,CSKI-1,0010,112,1
200234370965,E07331-000,SMOE-63180,14.09.2026,14.09.2026,6,0,Cable Services Ltd,5,no,no,CRTD MSPT PRC  BASC BCRQ MSCP SETC,,no,no,AWAITING_PICKING,CSKI_MVKI,MVKI-1,0005,140,1
200234371756,EM9873-000,CSJ-BUILDUP-KIT-D-GB02,06.08.2026,06.08.2026,1,0,Cable Services Ltd,5,no,no,CRTD PRC  BASC BCRQ MACM MSCP SETC,,no,no,AWAITING_PICKING,CSKI_MVKI,CSKI-1,0010,82,1
200234377305,EP6008-000,SMOE-64730,14.09.2026,14.09.2026,54,0,UK Power Networks(Operations) Ltd,5,no,no,CRTD PRC  BASC BCRQ MACM MSCP SETC,,no,no,AWAITING_PICKING,CSKI_MVKI,MVKI-1,0010,293,1
200234377450,CP8368-000,CSBJ-12F/3XU-6XU-GB01,03.08.2026,03.08.2026,1,0,SP Power Systems Ltd,5,yes,no,REL  PRT  PRC  BASC BCRQ MACM MSCP SETC,,no,no,AWAITING_PICKING,CSKI_MVKI,CSKI-1,0010,97,1
200234378843,ER5491-000,CSJH-24E/1XU-1XU-M2-NL01,16.09.2026,16.09.2026,120,0,Tyco Electronics Polska Sp z o.o.,5,no,no,CRTD PRC  BASC BCRQ MACM SETC,,no,no,AWAITING_PICKING,CSKI_MVKI,CSKI-1,0010,487,1
200234378853,D41410-011,CSJA-24C/1XU-1XU-M1,17.09.2026,21.09.2026,180,0,Blumenbecker Handel i Serwis,5,no,no,CRTD MSPT PRC  BASC BCRQ MSCP SETC,,no,no,AWAITING_PICKING,CSKI_MVKI,CSKI-1,0010,655,1
200234378856,D41410-011,CSJA-24C/1XU-1XU-M1,16.09.2026,16.09.2026,6,0,GRAMPER DOO,5,no,no,CRTD MSPT PRC  BASC BCRQ MSCP SETC,,no,no,AWAITING_PICKING,CSKI_MVKI,CSKI-1,0010,105,1
200234379003,BM8610-000,CSJH-24C/1XU-1XU-M1-DE01,23.09.2026,23.09.2026,300,0,Tyco Electronics Polska Sp z o.o.,5,no,no,CRTD MSPT PRC  BASC BCRQ SETC,,no,no,AWAITING_PICKING,CSKI_MVKI,CSKI-1,0010,408,1
200234379004,BM8610-000,CSJH-24C/1XU-1XU-M1-DE01,23.09.2026,23.09.2026,200,0,Tyco Electronics Polska Sp z o.o.,5,no,no,CRTD MSPT PRC  BASC BCRQ SETC,,no,no,AWAITING_PICKING,CSKI_MVKI,CSKI-1,0010,301,1
200234379409,EM9870-000,SMOE-64707,03.09.2026,03.09.2026,2,0,Cable Services Ltd,5,no,no,CRTD PRC  BASC BCRQ MACM SETC,,no,no,AWAITING_PICKING,CSKI_MVKI,MVKI-1,0010,60,1
200234379412,288978-000,SMOE-63181,14.09.2026,14.09.2026,4,0,Cable Services Ltd,5,no,no,CRTD MSPT PRC  BASC BCRQ MSCP SETC,,no,no,AWAITING_PICKING,CSKI_MVKI,MVKI-1,0005,120,1
200234379581,799501-000,SHSS-12A-IND,06.08.2026,06.08.2026,10,0,Wolseley UK Limited,5,no,no,CRTD PRC  BASC BCRQ MACM MSCP SETC,,no,no,AWAITING_PICKING,CSKI_MVKI,MVKI-1,0005,95,1
200234379582,839121-000,SHSS-12B-IND,14.09.2026,14.09.2026,5,0,Wolseley UK Limited,5,no,no,CRTD MSPT PRC  BASC BCRQ MSCP SETC,,no,no,AWAITING_PICKING,CSKI_MVKI,MVKI-1,0010,87,1
200234379596,936473-000,SMOE-61987,06.08.2026,06.08.2026,1,0,Wolseley UK Limited,5,no,no,CRTD PRC  BASC BCRQ MACM MSCP SETC,,no,no,AWAITING_PICKING,CSKI_MVKI,MVKI-1,0005,164,1
200234379766,EP6005-000,SMOE-64742,04.08.2026,04.08.2026,20,0,UK Power Networks(Operations) Ltd,5,yes,no,REL  PRC  BASC BCRQ MACM SETC,,no,no,AWAITING_PICKING,CSKI_MVKI,MVKI-1,0010,257,1
200234379832,ES7516-000,CSJH-12B/1XU-1XU-GB02,07.08.2026,07.08.2026,10,0,Wolseley UK Limited,5,no,no,CRTD PRC  BASC BCRQ MACM MSCP SETC,,no,no,AWAITING_PICKING,CSKI_MVKI,CSKI-1,0010,109,1
200234396592,D41410-005,CSJA-24C/1XU-1XU-M1,04.08.2026,05.08.2026,200,0,IFK Gesellschaft Mbh,5,yes,no,REL  PRC  BASC BCRQ MACM SETC,,no,no,AWAITING_PICKING,CSKI_MVKI,CSKI-1,0010,718,1
200234396593,CS8298-000,CSJA-24C/1XU-1XU-M1-NO01,05.08.2026,06.08.2026,313,0,Ensto Nor AS,5,no,no,CRTD PRC  BASC BCRQ MACM MSCP RELR SETC,,no,no,AWAITING_PICKING,CSKI_MVKI,CSKI-1,0010,693,1
200234397498,839121-000,SHSS-12B-IND,14.09.2026,14.09.2026,10,0,Wolseley UK Limited,5,no,no,CRTD MSPT PRC  BASC BCRQ SETC,,no,no,AWAITING_PICKING,CSKI_MVKI,MVKI-1,0010,102,1
200234397670,953163-000,SMOE-62753,29.09.2026,29.09.2026,1,0,Tyco Electronics UK Limited,5,no,no,CRTD PRC  BASC BCRQ MACM MSCP SETC,,no,no,AWAITING_PICKING,CSKI_MVKI,MVKI-1,0005,90,1
200234397800,891265-000,SMOE-62754,15.09.2026,15.09.2026,1,0,Tyco Electronics UK Limited,5,no,no,CRTD PRC  BASC BCRQ MACM MSCP SETC,,no,no,AWAITING_PICKING,CSKI_MVKI,MVKI-1,0005,204,1
200234400123,EB9976-000,BAH-038080985,07.08.2026,07.08.2026,10,0,Wolseley UK Limited,5,no,no,CRTD PRC  BASC BCRQ MACM MSCP SETC,,no,no,AWAITING_PICKING,LVPA,LVPA-5,0010 → 0030,34,2
200234400125,ED0003-000,BAH-038081011,07.08.2026,07.08.2026,5,0,Wolseley UK Limited,5,no,no,CRTD PRC  BASC BCRQ MACM MSCP SETC,,no,no,AWAITING_PICKING,LVPA,LVPA-5,0010 → 0030,17,2
200234418416,EP3147-000,BAH-038081651,31.07.2026,31.07.2026,4,0,Wolseley UK Limited,5,yes,no,REL  PRT  PRC  BASC BCRQ MACM SETC,,no,no,AWAITING_PICKING,LVPA,LVPA-5,0010 → 0030,13,2
200234418538,ED0001-000,BAH-038081009,31.07.2026,31.07.2026,4,0,Wolseley UK Limited,5,yes,no,REL  PRT  PRC  BASC BCRQ GMPS MACM SETC,COMP PREP,yes,yes,READY,LVPA,LVPA-5,0010 → 0030,13,2
200234418662,EB9972-000,BAH-038080981,30.07.2026,30.07.2026,36,0,SSE Stock Ltd,5,yes,no,REL  PRT  PRC  BASC BCRQ MACM MSCP SETC,,no,no,AWAITING_PICKING,LVPA,LVPA-5,0010 → 0030,136,2
200234418667,ED0003-000,BAH-038081011,30.07.2026,30.07.2026,14,0,SSE Stock Ltd,5,yes,no,REL  PRT  PRC  BASC BCRQ MACM MSCP SETC,,no,no,AWAITING_PICKING,LVPA,LVPA-5,0010 → 0030,49,2
200234419562,EN2004-000,TSJ-WA180,30.07.2026,30.07.2026,160,0,TE Connectivity Australia Pty Ltd,5,yes,yes,REL  PRT  PRC  BASC BCRQ GMPS MACM RESA*,COMP PREP,yes,yes,READY,LVPA,LVPA-5,0010,532,1
200234423009,EB9985-000,BAH-038080994,30.07.2026,30.07.2026,100,0,SSE Stock Ltd,5,yes,no,REL  PRT  PRC  BASC BCRQ GMPS MACM MSCP*,COMP PREP,yes,yes,READY,LVPA,LVPA-5,0010,362,1
200234423013,EN1410-000,BAH-038081551,04.08.2026,06.08.2026,500,0,Northern Powergrid,5,yes,no,REL  PRT  PRC  BASC BCRQ MACM MSCP SETC,,no,no,AWAITING_PICKING,LVPA,LVPA-2 / LVPA-5,0005 → 0010,2059,2
200234423248,EB9973-000,BAH-038080982,31.07.2026,31.07.2026,10,0,Cable Services Ltd,5,yes,no,REL  PRT  PRC  BASC BCRQ MACM MSCP SETC,PREP,yes,yes,READY,LVPA,LVPA-2 / LVPA-5,0010 → 0020,41,2
200234423413,EB9973-000,BAH-038080982,05.08.2026,05.08.2026,28,0,SSE Stock Ltd,5,yes,no,REL  PRT  PRC  BASC BCRQ MACM MSCP SETC,,no,no,AWAITING_PICKING,LVPA,LVPA-2 / LVPA-5,0010 → 0020,115,2
200234424741,EP6008-000,SMOE-64730,15.09.2026,15.09.2026,20,0,Wolseley UK Limited,5,no,no,CRTD PRC  BASC BCRQ MACM MSCP SETC,,no,no,AWAITING_PICKING,CSKI_MVKI,MVKI-1,0010,166,1
200234424746,172599-000,SMOE-62546,31.07.2026,31.07.2026,10,0,SSE Stock Ltd,5,yes,no,REL  PRT  PRC  BASC BCRQ MACM MSCP SETC,,no,no,AWAITING_PICKING,CSKI_MVKI,MVKI-1,0005,192,1
200234424749,891265-000,SMOE-62754,14.09.2026,15.09.2026,6,0,Wolseley UK Limited,5,no,no,CRTD PRC  BASC BCRQ MACM SETC,,no,no,AWAITING_PICKING,CSKI_MVKI,MVKI-1,0005,222,1
200234425506,CP8368-000,CSBJ-12F/3XU-6XU-GB01,03.08.2026,03.08.2026,3,0,SP Power Systems Ltd,5,yes,no,REL  PRT  PRC  BASC BCRQ MACM SETC,,no,no,AWAITING_PICKING,CSKI_MVKI,CSKI-1,0010,115,1
200234437986,EP6008-000,SMOE-64730,14.09.2026,14.09.2026,35,0,UK Power Networks(Operations) Ltd,5,no,no,CRTD PRC  BASC BCRQ MACM MSCP SETC,,no,no,AWAITING_PICKING,CSKI_MVKI,MVKI-1,0010,222,1
200234440565,ER6980-000,CSJA-24E/1XU-1XU-NL01,21.08.2026,24.08.2026,108,0,Tyco Electronics Polska Sp z o.o.,5,no,no,CRTD MSPT PRC  BASC BCRQ SETC,,no,no,AWAITING_PICKING,CSKI_MVKI,CSKI-1,0010,584,1
200234440567,EN2814-000,CSJA-36E/1XU-1XU-M1-NO01,03.08.2026,03.08.2026,6,0,Ensto Nor AS,5,yes,no,REL  PRC  BASC BCRQ MACM SETC,,no,no,AWAITING_PICKING,CSKI_MVKI,CSKI-1,0010,103,1
200234440568,EN2814-000,CSJA-36E/1XU-1XU-M1-NO01,07.08.2026,07.08.2026,9,0,Ensto Nor AS,5,no,no,CRTD PRC  BASC BCRQ MACM SETC,,no,no,AWAITING_PICKING,CSKI_MVKI,CSKI-1,0010,110,1
200234440569,EN2814-000,CSJA-36E/1XU-1XU-M1-NO01,07.08.2026,07.08.2026,6,0,Ensto Nor AS,5,no,no,CRTD PRC  BASC BCRQ MACM SETC,,no,no,AWAITING_PICKING,CSKI_MVKI,CSKI-1,0010,103,1
200234440572,ES7521-000,CSEH-12D/1XU-GB02,21.08.2026,21.08.2026,1,0,Wolseley UK Limited,5,no,no,CRTD PRC  BASC BCRQ MACM MSCP SETC,,no,no,AWAITING_PICKING,CSKI_MVKI,CSKI-1,0010,88,1
200234440573,ER4231-000,CSJH-24B/1XU-3XU-M1-NL01,13.10.2026,14.10.2026,200,0,Tyco Electronics Polska Sp z o.o.,5,no,no,CRTD MSPT PRC  BASC BCRQ SETC,,no,no,AWAITING_PICKING,CSKI_MVKI,CSKI-1,0010,1288,1
200234440574,ER5489-000,CSJH-24C/1XU-1XU-M1-NL01,14.10.2026,14.10.2026,30,0,Tyco Electronics Polska Sp z o.o.,5,no,no,CRTD PRC  BASC BCRQ MACM SETC,,no,no,AWAITING_PICKING,CSKI_MVKI,CSKI-1,0010,187,1
200234440575,CM9330-000,CSJA-24B/1XU-1XU-IE02,24.09.2026,25.09.2026,100,0,ESB,5,no,no,CRTD PRC  BASC BCRQ MACM SETC,,no,no,AWAITING_PICKING,CSKI_MVKI,MVKI-1,0010,740,1
200234445076,598989-000,SMOE-62360,12.10.2026,13.10.2026,78,0,Northern Powergrid,5,no,no,CRTD PRC  BASC BCRQ MACM SETC,,no,no,AWAITING_PICKING,CSKI_MVKI,MVKI-1,0005,981,1
200234445202,598989-000,SMOE-62360,17.11.2026,24.11.2026,322,0,Northern Powergrid,5,no,no,CRTD MSPT PRC  BASC BCRQ SETC,,no,no,AWAITING_PICKING,CSKI_MVKI,MVKI-1,0005,3901,1
200234445207,598989-000,SMOE-62360,24.11.2026,24.11.2026,2,0,Cable Services Ltd,5,no,no,CRTD MSPT PRC  BASC BCRQ SETC,,no,no,AWAITING_PICKING,CSKI_MVKI,MVKI-1,0005,71,1
200234445211,483723-000,SMOE-62385,16.09.2026,16.09.2026,13,0,Northern Powergrid,5,no,no,CRTD PRC  BASC BCRQ MACM SETC,,no,no,AWAITING_PICKING,CSKI_MVKI,MVKI-1,0005,85,1
200234447322,EP6008-000,SMOE-64730,17.09.2026,17.09.2026,70,0,UK Power Networks(Operations) Ltd,5,no,no,CRTD MSPT PRC  BASC BCRQ SETC,,no,no,AWAITING_PICKING,CSKI_MVKI,MVKI-1,0010,353,1
200234447326,519672-000,SMOE-62815,24.09.2026,24.09.2026,6,0,Northern Powergrid,5,no,no,CRTD MSPT PRC  BASC BCRQ SETC,,no,no,AWAITING_PICKING,CSKI_MVKI,MVKI-1,0010,133,1
200234447522,E65890-000,SMOE-63361,11.09.2026,11.09.2026,10,0,Northern Powergrid,5,no,no,CRTD MSPT PRC  BASC BCRQ MSCP SETC,,no,no,AWAITING_PICKING,CSKI_MVKI,MVKI-1,0010,201,1
200234448420,ER3081-000,BAH-038081693,31.07.2026,04.08.2026,400,0,Cable Services Ltd,5,yes,no,REL  PRT  PRC  BASC BCRQ GMPS MACM SETC,COMP PREP,yes,yes,READY,LVPA,LVPA-2 / LVPA-5,0005 → 0010,1647,2
200234448433,ER3080-000,BAH-038081692,04.08.2026,06.08.2026,500,0,Cable Services Ltd,5,yes,no,REL  PRT  PRC  BASC BCRQ MACM MSCP SETC,,no,no,AWAITING_PICKING,LVPA,LVPA-2 / LVPA-5,0005 → 0010,2059,2
200234458399,EK3584-000,SMOE-64544,14.08.2026,14.08.2026,18,0,Cable Services Ltd,5,no,no,CRTD PRC  BASC BCRQ MACM SETC,,no,no,AWAITING_PICKING,CSKI_MVKI,MVKI-1,0010,116,1
200234458402,EP6009-000,SMOE-64731,14.08.2026,14.08.2026,4,0,Cable Services Ltd,5,no,no,CRTD PRC  BASC BCRQ MACM SETC,,no,no,AWAITING_PICKING,CSKI_MVKI,MVKI-1,0010,78,1
200234458404,F93254-000,SMOE-63188,11.09.2026,11.09.2026,10,0,Cable Services Ltd,5,no,no,CRTD MSPT PRC  BASC BCRQ SETC,,no,no,AWAITING_PICKING,CSKI_MVKI,MVKI-1,0010,119,1
200234458408,EF1234-000,BAH-038081489,06.08.2026,06.08.2026,10,0,Cable Services Ltd,5,no,no,CRTD PRC  BASC BCRQ MACM SETC,,no,no,AWAITING_PICKING,CSKI_MVKI,MVKI-1,0010,120,1
200234458842,953163-000,SMOE-62753,29.09.2026,29.09.2026,4,0,Cable Services Ltd,5,no,no,CRTD PRC  BASC BCRQ MACM SETC,,no,no,AWAITING_PICKING,CSKI_MVKI,MVKI-1,0005,101,1
200234458844,891265-000,SMOE-62754,14.09.2026,15.09.2026,2,0,Cable Services Ltd,5,no,no,CRTD PRC  BASC BCRQ MACM SETC,,no,no,AWAITING_PICKING,CSKI_MVKI,MVKI-1,0005,207,1
200234459100,EF1243-000,BAH-038081498,14.08.2026,14.08.2026,2,0,SSE Stock Ltd,5,no,no,CRTD PRC  BASC BCRQ MACM SETC,,no,no,AWAITING_PICKING,CSKI_MVKI,MVKI-1,0010,52,1
200234459804,ER3080-000,BAH-038081692,07.08.2026,12.08.2026,500,0,Cable Services Ltd,5,no,no,CRTD PRC  BASC BCRQ MACM MSCP SETC,,no,no,AWAITING_PICKING,LVPA,LVPA-2 / LVPA-5,0005 → 0010,2059,2
200234459805,EN3046-000,CSJA-24E/1XU-1XU-DE01,13.08.2026,13.08.2026,48,0,Prego Services GmbH,5,no,no,CRTD MSPT PRC  BASC BCRQ MSCP SETC,,no,no,AWAITING_PICKING,CSKI_MVKI,CSKI-1,0010,240,1
200234459806,ER3080-000,BAH-038081692,17.08.2026,19.08.2026,500,0,Cable Services Ltd,5,no,no,CRTD PRC  BASC BCRQ MACM MSCP SETC,,no,no,AWAITING_PICKING,LVPA,LVPA-2 / LVPA-5,0005 → 0010,2059,2
200234459813,ER6371-000,CSJH-24E/1XU-3XU-M5-NL01,13.10.2026,13.10.2026,20,0,Tyco Electronics Polska Sp z o.o.,5,no,no,CRTD MSPT PRC  BASC BCRQ SETC,,no,no,AWAITING_PICKING,CSKI_MVKI,CSKI-1,0010,261,1
200234459816,ER5492-000,CSJH-24E/1XU-1XU-M4-NL01,13.10.2026,13.10.2026,30,0,Tyco Electronics Polska Sp z o.o.,5,no,no,CRTD MSPT PRC  BASC BCRQ SETC,,no,no,AWAITING_PICKING,CSKI_MVKI,CSKI-1,0010,200,1
200234459982,CR0671-000,CSJT-12B/3XU-3XU-GB01,01.10.2026,01.10.2026,35,0,SP Power Systems Ltd,5,no,no,CRTD PRC  BASC BCRQ MACM SETC,,no,no,AWAITING_PICKING,CSKI_MVKI,CSKI-1,0010,198,1
200234459983,CR0671-000,CSJT-12B/3XU-3XU-GB01,26.11.2026,26.11.2026,35,0,SP Power Systems Ltd,5,no,no,CRTD MSPT PRC  BASC BCRQ SETC,,no,no,AWAITING_PICKING,CSKI_MVKI,CSKI-1,0010,198,1
200234460041,CR0678-000,CSJT-12B/1XU-3XU-GB01,01.10.2026,01.10.2026,10,0,SP Power Systems Ltd,5,no,no,CRTD MSPT PRC  BASC BCRQ SETC,,no,no,AWAITING_PICKING,CSKI_MVKI,CSKI-1,0010,109,1
200234460047,CR0674-000,CATJ-12B/3XU-3SB-GB01,01.10.2026,01.10.2026,24,0,SP Power Systems Ltd,5,no,no,CRTD MSPT PRC  BASC BCRQ SETC,,no,no,AWAITING_PICKING,CSKI_MVKI,CSKI-1,0010,222,1
200234460137,ES7516-000,CSJH-12B/1XU-1XU-GB02,08.10.2026,08.10.2026,12,0,Wolseley UK Limited,5,no,no,CRTD PRC  BASC BCRQ MACM MSCP SETC,,no,no,AWAITING_PICKING,CSKI_MVKI,CSKI-1,0010,114,1
200234460144,CS8221-000,CSJA-24B/1XU-1XU-M-NO01,13.08.2026,14.08.2026,200,0,Ensto Nor AS,5,no,no,CRTD PRC  BASC BCRQ MACM MSCP SETC,,no,no,AWAITING_PICKING,CSKI_MVKI,CSKI-1,0010,779,1
200234460149,ER8811-000,CSJA-24B2/1XU-1XU-PT01,21.08.2026,21.08.2026,30,0,Tyco Electronics Polska Sp z o.o.,5,no,no,CRTD PRC  BASC BCRQ MACM MSCP SETC,,no,no,AWAITING_PICKING,CSKI_MVKI,CSKI-1,0010,176,1
200234460150,ER8811-000,CSJA-24B2/1XU-1XU-PT01,02.10.2026,02.10.2026,30,0,Tyco Electronics Polska Sp z o.o.,5,no,no,CRTD PRC  BASC BCRQ MACM MSCP SETC,,no,no,AWAITING_PICKING,CSKI_MVKI,CSKI-1,0010,176,1
200234460151,ER8811-000,CSJA-24B2/1XU-1XU-PT01,02.10.2026,06.10.2026,300,0,Tyco Electronics Polska Sp z o.o.,5,no,no,CRTD MSPT PRC  BASC BCRQ MSCP SETC,,no,no,AWAITING_PICKING,CSKI_MVKI,CSKI-1,0010,986,1
200234460152,ER8811-000,CSJA-24B2/1XU-1XU-PT01,02.10.2026,05.10.2026,20,0,Tyco Electronics Polska Sp z o.o.,5,no,no,CRTD MSPT PRC  BASC BCRQ MSCP SETC,,no,no,AWAITING_PICKING,CSKI_MVKI,CSKI-1,0010,146,1
200234460286,EB9973-000,BAH-038080982,11.08.2026,11.08.2026,140,0,SSE Stock Ltd,5,no,no,CRTD PRC  BASC BCRQ MACM SETC,,no,no,AWAITING_PICKING,LVPA,LVPA-2 / LVPA-5,0010 → 0020,577,2
200234460294,EP3115-000,BAH-038081619,03.08.2026,03.08.2026,150,0,UK Power Networks(Operations) Ltd,5,yes,no,REL  PRT  PRC  BASC BCRQ MACM MSCP SETC,,no,no,AWAITING_PICKING,LVPA,LVPA-5,0010,200,1
200234460296,EB9973-000,BAH-038080982,31.07.2026,31.07.2026,70,0,SSE Stock Ltd,5,yes,no,REL  PRT  PRC  BASC BCRQ MACM MSCP SETC,PREP,yes,yes,READY,LVPA,LVPA-2 / LVPA-5,0010 → 0020,288,2
200234460338,EB9975-000,BAH-038080984,31.07.2026,31.07.2026,20,0,SSE Stock Ltd,5,yes,no,REL  PRT  PRC  BASC BCRQ MACM MSCP SETC,PREP,yes,yes,READY,LVPA,LVPA-2 / LVPA-5,0010 → 0020,84,2
200234460343,EB9984-000,BAH-038080993,07.08.2026,07.08.2026,100,0,Cable Services Ltd,5,no,no,CRTD PRC  BASC BCRQ MACM MSCP SETC,,no,no,AWAITING_PICKING,LVPA,LVPA-5,0010,362,1
200234460345,EB9984-000,BAH-038080993,13.08.2026,13.08.2026,60,0,SSE Stock Ltd,5,no,no,CRTD PRC  BASC BCRQ MACM SETC,,no,no,AWAITING_PICKING,LVPA,LVPA-5,0010,217,1
200234460347,EB9973-000,BAH-038080982,13.08.2026,13.08.2026,70,0,SSE Stock Ltd,5,no,no,CRTD PRC  BASC BCRQ MACM SETC,,no,no,AWAITING_PICKING,LVPA,LVPA-2 / LVPA-5,0010 → 0020,288,2
200234460351,EB9975-000,BAH-038080984,13.08.2026,13.08.2026,40,0,SSE Stock Ltd,5,no,no,CRTD PRC  BASC BCRQ MACM SETC,,no,no,AWAITING_PICKING,LVPA,LVPA-2 / LVPA-5,0010 → 0020,167,2
200234460353,EB9985-000,BAH-038080994,10.08.2026,11.08.2026,200,0,SSE Stock Ltd,5,no,no,CRTD PRC  BASC BCRQ MACM SETC,,no,no,AWAITING_PICKING,LVPA,LVPA-5,0010,724,1
200234460521,EN2828-000,CSJA-24C/1XU-1XU-DE02,18.09.2026,18.09.2026,12,0,Prego Services GmbH,5,no,no,CRTD PRC  BASC BCRQ MACM SETC,,no,no,AWAITING_PICKING,CSKI_MVKI,CSKI-1,0010,128,1
200234460527,CR0675-000,CATJ-12C/3XU-3SB-GB01,26.08.2026,26.08.2026,5,0,Cable Services Ltd,5,no,no,CRTD MSPT PRC  BASC BCRQ MSCP SETC,,no,no,AWAITING_PICKING,CSKI_MVKI,CSKI-1,0010,141,1
200234460528,CR0675-000,CATJ-12C/3XU-3SB-GB01,01.10.2026,01.10.2026,20,0,SP Power Systems Ltd,5,no,no,CRTD MSPT PRC  BASC BCRQ SETC,,no,no,AWAITING_PICKING,CSKI_MVKI,CSKI-1,0010,291,1
200234460719,CR0677-000,CSJT-12C/1XU-3XU-GB01,01.10.2026,01.10.2026,10,0,SP Power Systems Ltd,5,no,no,CRTD PRC  BASC BCRQ MACM SETC,,no,no,AWAITING_PICKING,CSKI_MVKI,CSKI-1,0010,117,1
200234460721,D41410-005,CSJA-24C/1XU-1XU-M1,18.09.2026,18.09.2026,1,0,Steinbacher Energie GmbH,5,no,no,CRTD MSPT PRC  BASC BCRQ MSCP SETC,,no,no,AWAITING_PICKING,CSKI_MVKI,CSKI-1,0010,90,1
200234460779,CM2222-000,CSJR-24C/1XU-1XU-NL01,18.08.2026,19.08.2026,100,0,Stedin Netbeheer B.V.,5,no,no,CRTD PRC  BASC BCRQ MACM SETC,,no,no,AWAITING_PICKING,CSKI_MVKI,CSKI-1,0010 → 0020,506,2
200234460785,CM9330-000,CSJA-24B/1XU-1XU-IE02,29.10.2026,30.10.2026,100,0,ESB,5,no,no,CRTD MSPT PRC  BASC BCRQ SETC,,no,no,AWAITING_PICKING,CSKI_MVKI,MVKI-1,0010,740,1
200234460793,CM9334-000,CSJA-24B/1XU-1XU-IE01,23.10.2026,23.10.2026,20,0,ESB,5,no,no,CRTD MSPT PRC  BASC BCRQ SETC,,no,no,AWAITING_PICKING,CSKI_MVKI,CSKI-1,0010,161,1
200234460794,CM9334-000,CSJA-24B/1XU-1XU-IE01,23.10.2026,23.10.2026,12,0,ESB,5,no,no,CRTD PRC  BASC BCRQ MACM SETC,,no,no,AWAITING_PICKING,CSKI_MVKI,CSKI-1,0010,117,1
200234460886,ER6976-000,CSJA-24C/1XU-1XU-NL01,21.08.2026,21.08.2026,30,0,Tyco Electronics Polska Sp z o.o.,5,no,no,CRTD MSPT PRC  BASC BCRQ SETC,,no,no,AWAITING_PICKING,CSKI_MVKI,CSKI-1,0010,225,1
200234460888,CN6519-000,CSJA-36D/1XU-1XU-AT01,30.07.2026,31.07.2026,16,0,EGE-Einkaufsgenossenschaft,5,yes,no,REL  PRT  PRC  BASC BCRQ MACM MSCP SETC,,no,no,AWAITING_PICKING,CSKI_MVKI,CSKI-1,0010 → 0020,241,2
200234460891,ES2308-000,CSJH-36D/1XU-1XU-GB02,31.07.2026,31.07.2026,34,0,SSE Stock Ltd,5,yes,no,REL  PRT  PRC  BASC BCRQ MACM MSCP SETC,,no,no,AWAITING_PICKING,CSKI_MVKI,CSKI-1,0010,188,1
200234460895,ES2308-000,CSJH-36D/1XU-1XU-GB02,31.07.2026,31.07.2026,12,0,SSE Stock Ltd,5,yes,no,REL  PRT  PRC  BASC BCRQ MACM MSCP SETC,,no,no,AWAITING_PICKING,CSKI_MVKI,CSKI-1,0010,122,1
200234460896,ES2308-000,CSJH-36D/1XU-1XU-GB02,31.07.2026,31.07.2026,6,0,SSE Stock Ltd,5,yes,no,REL  PRT  PRC  BASC BCRQ MACM MSCP SETC,,no,no,AWAITING_PICKING,CSKI_MVKI,CSKI-1,0010,104,1
200234460977,ES2308-000,CSJH-36D/1XU-1XU-GB02,25.08.2026,25.08.2026,6,0,SSE Stock Ltd,5,no,no,CRTD PRC  BASC BCRQ MACM SETC,,no,no,AWAITING_PICKING,CSKI_MVKI,CSKI-1,0010,104,1
200234460980,CL1172-011,CSJA-36D/1XU-1XU-M,03.08.2026,03.08.2026,24,0,Tyco Electronics Polska Sp z o.o.,5,yes,no,REL  PRT  PRC  BASC BCRQ MACM SETC,,no,no,AWAITING_PICKING,CSKI_MVKI,CSKI-1,0010,158,1
200234460982,CL1172-011,CSJA-36D/1XU-1XU-M,13.08.2026,13.08.2026,24,0,Tyco Electronics Polska Sp z o.o.,5,no,no,CRTD PRC  BASC BCRQ MACM SETC,,no,no,AWAITING_PICKING,CSKI_MVKI,CSKI-1,0010,158,1
200234460990,CS8236-000,CSJA-24D/1XU-1XU-M-NO01,08.10.2026,09.10.2026,300,0,Ensto Nor AS,5,no,no,CRTD MSPT PRC  BASC BCRQ MSCP SETC,,no,no,AWAITING_PICKING,CSKI_MVKI,CSKI-1,0010,869,1
200234461099,CR2269-000,CSJR-24D/1XU-1XU-NL01,29.07.2026,30.07.2026,165,0,Stedin Netbeheer B.V.,5,yes,no,REL  PRT  PRC  BASC BCRQ GMPS MACM RESA*,COMP PREP,yes,yes,READY,CSKI_MVKI,CSKI-1,0010,582,1
200234461103,EP9731-000,CSJH-36F/1XU-1XU-GB04,03.08.2026,03.08.2026,100,0,SSE Stock Ltd,5,yes,no,REL  PRC  BASC BCRQ MACM MSCP SETC,,no,no,AWAITING_PICKING,CSKI_MVKI,CSKI-1,0010,307,1
200234461105,EP9731-000,CSJH-36F/1XU-1XU-GB04,29.07.2026,29.07.2026,12,0,SSE Stock Ltd,5,yes,no,REL  PRT  PRC  BASC BCRQ GMPS MACM RESA*,COMP PREP,yes,yes,READY,CSKI_MVKI,CSKI-1,0010,111,1
200234461108,EP9731-000,CSJH-36F/1XU-1XU-GB04,03.08.2026,03.08.2026,3,0,Electricity North West Ltd,5,yes,no,REL  PRT  PRC  BASC BCRQ MACM MSCP SETC,,no,no,AWAITING_PICKING,CSKI_MVKI,CSKI-1,0010,91,1
200234461109,EP9731-000,CSJH-36F/1XU-1XU-GB04,16.10.2026,16.10.2026,3,0,SSE Stock Ltd,5,no,no,CRTD PRC  BASC BCRQ MACM MSCP SETC,,no,no,AWAITING_PICKING,CSKI_MVKI,CSKI-1,0010,91,1
200234461112,EP9731-000,CSJH-36F/1XU-1XU-GB04,26.10.2026,26.10.2026,36,0,SSE Stock Ltd,5,no,no,CRTD PRC  BASC BCRQ MACM SETC,,no,no,AWAITING_PICKING,CSKI_MVKI,CSKI-1,0010,165,1
200234461115,EP0261-000,CSJA-36F/1XU-1XU-GB02,01.10.2026,02.10.2026,96,0,Cable Services Ltd,5,no,no,CRTD MSPT PRC  BASC BCRQ SETC,,no,no,AWAITING_PICKING,CSKI_MVKI,CSKI-1,0010,470,1
200234466672,CR3660-000,MXSU-5301-IE01,08.09.2026,08.09.2026,72,0,ESB,5,no,no,CRTD PRC  BASC BCRQ MACM MSCP SETC,,no,no,AWAITING_PICKING,CSKI_MVKI,MVKI-1,0010,335,1
200234466674,204099-000,SMOE-62585,20.08.2026,20.08.2026,25,0,SSE Stock Ltd,5,no,no,CRTD PRC  BASC BCRQ MACM SETC,,no,no,AWAITING_PICKING,CSKI_MVKI,MVKI-1,0005,184,1
200234466676,204099-000,SMOE-62585,31.07.2026,31.07.2026,6,0,Cable Services Ltd,5,yes,no,REL  PRT  PRC  BASC BCRQ MACM MSCP SETC,,no,no,AWAITING_PICKING,CSKI_MVKI,MVKI-1,0005,70,1
200234467101,195443-000,SMOE-62705,20.08.2026,20.08.2026,20,0,SSE Stock Ltd,5,no,no,CRTD PRC  BASC BCRQ MACM SETC,,no,no,AWAITING_PICKING,CSKI_MVKI,MVKI-1,0005,94,1
200234467102,195443-000,SMOE-62705,31.07.2026,31.07.2026,20,0,Cable Services Ltd,5,yes,no,REL  PRT  PRC  BASC BCRQ MACM SETC,,no,no,AWAITING_PICKING,CSKI_MVKI,MVKI-1,0005,94,1
200234467109,EF1236-000,BAH-038081491,19.08.2026,19.08.2026,152,0,UK Power Networks(Operations) Ltd,5,no,no,CRTD PRC  BASC BCRQ MACM MSCP SETC,,no,no,AWAITING_PICKING,CSKI_MVKI,MVKI-1,0010,461,1
200234467113,484733-000,SMOE-62801,31.07.2026,31.07.2026,10,0,Cable Services Ltd,5,yes,no,REL  PRT  PRC  BASC BCRQ MACM MSCP SETC,,no,no,AWAITING_PICKING,CSKI_MVKI,MVKI-1,0005,104,1
200234467230,515507-000,SMOE-62668,29.09.2026,29.09.2026,12,0,Cable Services Ltd,5,no,no,CRTD MSPT PRC  BASC BCRQ MSCP SETC,,no,no,AWAITING_PICKING,CSKI_MVKI,MVKI-1,0005,168,1
200234468311,EF1234-000,BAH-038081489,25.08.2026,25.08.2026,100,0,UK Power Networks(Operations) Ltd,5,no,no,CRTD PRC  BASC BCRQ MACM MSCP SETC,,no,no,AWAITING_PICKING,CSKI_MVKI,MVKI-1,0010,294,1
200234468315,F88630-000,SMOE-63410,04.09.2026,04.09.2026,2,0,Cable Services Ltd,5,no,no,CRTD PRC  BASC BCRQ MACM SETC,,no,no,AWAITING_PICKING,CSKI_MVKI,MVKI-1,0005,79,1
200234468422,F88630-000,SMOE-63410,31.07.2026,31.07.2026,9,0,Cable Services Ltd,5,yes,no,REL  PRT  PRC  BASC BCRQ MACM MSCP SETC,,no,no,AWAITING_PICKING,CSKI_MVKI,MVKI-1,0005,98,1
200234473203,891265-000,SMOE-62754,27.08.2026,28.08.2026,3,0,Northern Powergrid,5,no,no,CRTD MSPT PRC  BASC BCRQ MSCP SETC,,no,no,AWAITING_PICKING,CSKI_MVKI,MVKI-1,0005,211,1
200234473290,891265-000,SMOE-62754,14.09.2026,15.09.2026,150,0,Northern Powergrid,5,no,no,CRTD PRC  BASC BCRQ MACM SETC,,no,no,AWAITING_PICKING,CSKI_MVKI,MVKI-1,0005,762,1
200234476085,154225-000,SMOE-62707,06.08.2026,06.08.2026,20,0,Cable Services Ltd,5,no,no,CRTD PRC  BASC BCRQ MACM MSCP SETC,,no,no,AWAITING_PICKING,CSKI_MVKI,MVKI-1,0005,103,1
200234476117,EF1238-000,BAH-038081493,07.08.2026,07.08.2026,50,0,UK Power Networks(Operations) Ltd,5,no,no,CRTD PRC  BASC BCRQ MACM MSCP SETC,,no,no,AWAITING_PICKING,CSKI_MVKI,MVKI-1,0010,133,1
200234476173,EB9988-000,BAH-038080997,05.08.2026,05.08.2026,104,0,SSE Stock Ltd,5,yes,no,REL  PRT  PRC  BASC BCRQ MACM MSCP SETC,,no,no,AWAITING_PICKING,LVPA,LVPA-2 / LVPA-5,0010 → 0025,430,2
200234476188,D48501-000,SMOE-63411,18.08.2026,18.08.2026,10,0,Cable Services Ltd,5,no,no,CRTD PRC  BASC BCRQ MACM MSCP SETC,,no,no,AWAITING_PICKING,CSKI_MVKI,MVKI-1,0005,106,1
200234476190,EK8957-000,SMOE-64558,04.08.2026,04.08.2026,6,0,UK Power Networks(Operations) Ltd,5,yes,no,REL  PRC  BASC BCRQ MACM MSCP SETC,,no,no,AWAITING_PICKING,CSKI_MVKI,MVKI-1,0010,279,1
200234476339,EP6005-000,SMOE-64742,12.08.2026,12.08.2026,10,0,UK Power Networks(Operations) Ltd,5,no,no,CRTD PRC  BASC BCRQ MACM MSCP SETC,,no,no,AWAITING_PICKING,CSKI_MVKI,MVKI-1,0010,172,1
200234476378,EB9988-000,BAH-038080997,04.08.2026,04.08.2026,30,0,SSE Stock Ltd,3,yes,no,REL  PRT  PRC  BASC BCRQ MACM MSCP SETC,,no,no,AWAITING_PICKING,LVPA,LVPA-2 / LVPA-5,0010 → 0025,126,2
200234476380,EB9988-000,BAH-038080997,03.08.2026,03.08.2026,130,0,SSE Stock Ltd,5,yes,no,REL  PRT  PRC  BASC BCRQ MACM MSCP SETC,PREP,yes,yes,READY,LVPA,LVPA-2 / LVPA-5,0010 → 0025,537,2
200234476381,EB9988-000,BAH-038080997,04.08.2026,04.08.2026,78,0,SSE Stock Ltd,5,yes,no,REL  PRT  PRC  BASC BCRQ MACM MSCP SETC,,no,no,AWAITING_PICKING,LVPA,LVPA-2 / LVPA-5,0010 → 0025,323,2
200234476382,EB9988-000,BAH-038080997,13.08.2026,13.08.2026,130,0,SSE Stock Ltd,5,no,no,CRTD PRC  BASC BCRQ MACM SETC,,no,no,AWAITING_PICKING,LVPA,LVPA-2 / LVPA-5,0010 → 0025,537,2
200234476383,EB9970-000,BAH-038080979,13.08.2026,13.08.2026,96,0,SSE Stock Ltd,5,no,no,CRTD PRC  BASC BCRQ MACM SETC,,no,no,AWAITING_PICKING,LVPA,LVPA-5,0010,347,1
200234476385,EP3118-000,BAH-038081622,11.08.2026,11.08.2026,80,0,UK Power Networks(Operations) Ltd,5,no,no,CRTD PRC  BASC BCRQ MACM SETC,,no,no,AWAITING_PICKING,LVPA,LVPA-5,0010,107,1
200234476388,EP3118-000,BAH-038081622,17.08.2026,17.08.2026,80,0,UK Power Networks(Operations) Ltd,5,no,no,CRTD PRC  BASC BCRQ MACM SETC,,no,no,AWAITING_PICKING,LVPA,LVPA-5,0010,107,1
200234476394,EP3117-000,BAH-038081621,11.08.2026,11.08.2026,200,0,UK Power Networks(Operations) Ltd,5,no,no,CRTD PRC  BASC BCRQ MACM SETC,,no,no,AWAITING_PICKING,LVPA,LVPA-5,0010,266,1
200234476477,EP3117-000,BAH-038081621,10.08.2026,10.08.2026,300,0,UK Power Networks(Operations) Ltd,3,no,no,CRTD PRC  BASC BCRQ MACM SETC,,no,no,AWAITING_PICKING,LVPA,LVPA-5,0010,400,1
200234489537,EK3584-000,SMOE-64544,19.08.2026,19.08.2026,13,0,UK Power Networks(Operations) Ltd,5,no,no,CRTD PRC  BASC BCRQ MACM MSCP SETC,,no,no,AWAITING_PICKING,CSKI_MVKI,MVKI-1,0010,104,1
200234489549,EP6008-000,SMOE-64730,14.09.2026,14.09.2026,35,0,UK Power Networks(Operations) Ltd,5,no,no,CRTD MSPT PRC  BASC BCRQ SETC,,no,no,AWAITING_PICKING,CSKI_MVKI,MVKI-1,0010,222,1
200234489617,EF1234-000,BAH-038081489,25.08.2026,25.08.2026,10,0,Wolseley UK Limited,5,no,no,CRTD PRC  BASC BCRQ MACM MSCP SETC,,no,no,AWAITING_PICKING,CSKI_MVKI,MVKI-1,0010,120,1
200234489733,EP7515-000,BAH-038000853,18.01.2027,18.01.2027,150,0,NIE Networks Ltd,5,no,no,CRTD PRC  BASC BCRQ MACM SETC,,no,no,AWAITING_PICKING,LVPA,LVPA-2 / LVPA-5,0010 → 0020,170,2
200234489734,EP7515-000,BAH-038000853,15.02.2027,15.02.2027,150,0,NIE Networks Ltd,5,no,no,CRTD PRC  BASC BCRQ MACM SETC,,no,no,AWAITING_PICKING,LVPA,LVPA-2 / LVPA-5,0010 → 0020,170,2
200234489735,EP7515-000,BAH-038000853,18.03.2027,18.03.2027,150,0,NIE Networks Ltd,5,no,no,CRTD PRC  BASC BCRQ MACM SETC,,no,no,AWAITING_PICKING,LVPA,LVPA-2 / LVPA-5,0010 → 0020,170,2
200234489736,EP7515-000,BAH-038000853,16.04.2027,16.04.2027,150,0,NIE Networks Ltd,5,no,no,CRTD MSPT PRC  BASC BCRQ SETC,,no,no,AWAITING_PICKING,LVPA,LVPA-2 / LVPA-5,0010 → 0020,170,2
200234489777,EP7515-000,BAH-038000853,18.05.2027,18.05.2027,150,0,NIE Networks Ltd,5,no,no,CRTD MSPT PRC  BASC BCRQ SETC,,no,no,AWAITING_PICKING,LVPA,LVPA-2 / LVPA-5,0010 → 0020,170,2
200234489779,EP7515-000,BAH-038000853,18.01.2027,18.01.2027,150,0,NIE Networks Ltd,5,no,no,CRTD PRC  BASC BCRQ MACM SETC,,no,no,AWAITING_PICKING,LVPA,LVPA-2 / LVPA-5,0010 → 0020,170,2
200234489780,EP7515-000,BAH-038000853,15.02.2027,15.02.2027,150,0,NIE Networks Ltd,5,no,no,CRTD PRC  BASC BCRQ MACM SETC,,no,no,AWAITING_PICKING,LVPA,LVPA-2 / LVPA-5,0010 → 0020,170,2
200234489782,EP7515-000,BAH-038000853,18.03.2027,18.03.2027,150,0,NIE Networks Ltd,5,no,no,CRTD PRC  BASC BCRQ MACM SETC,,no,no,AWAITING_PICKING,LVPA,LVPA-2 / LVPA-5,0010 → 0020,170,2
200234489783,EP7515-000,BAH-038000853,16.04.2027,16.04.2027,150,0,NIE Networks Ltd,5,no,no,CRTD MSPT PRC  BASC BCRQ SETC,,no,no,AWAITING_PICKING,LVPA,LVPA-2 / LVPA-5,0010 → 0020,170,2
200234489784,EP7515-000,BAH-038000853,18.05.2027,18.05.2027,150,0,NIE Networks Ltd,5,no,no,CRTD MSPT PRC  BASC BCRQ SETC,,no,no,AWAITING_PICKING,LVPA,LVPA-2 / LVPA-5,0010 → 0020,170,2
200234489788,EP7515-000,BAH-038000853,30.10.2026,30.10.2026,4,0,TE Connectivity Australia Pty Ltd,5,no,yes,CRTD PRC  BASC BCRQ MACM SETC,,no,no,AWAITING_PICKING,LVPA,LVPA-2 / LVPA-5,0010 → 0020,5,2
200234489790,EP7519-000,BAH-038000857,16.10.2026,16.10.2026,40,0,NIE Networks Ltd,5,no,no,CRTD PRC  BASC BCRQ MACM SETC,,no,no,AWAITING_PICKING,LVPA,LVPA-2 / LVPA-5,0010 → 0020,45,2
200234489791,EP7519-000,BAH-038000857,17.11.2026,17.11.2026,40,0,NIE Networks Ltd,5,no,no,CRTD PRC  BASC BCRQ MACM SETC,,no,no,AWAITING_PICKING,LVPA,LVPA-2 / LVPA-5,0010 → 0020,45,2
200234489792,EP7519-000,BAH-038000857,18.12.2026,18.12.2026,40,0,NIE Networks Ltd,5,no,no,CRTD PRC  BASC BCRQ MACM SETC,,no,no,AWAITING_PICKING,LVPA,LVPA-2 / LVPA-5,0010 → 0020,45,2
200234489793,EP7519-000,BAH-038000857,18.01.2027,18.01.2027,40,0,NIE Networks Ltd,5,no,no,CRTD PRC  BASC BCRQ MACM SETC,,no,no,AWAITING_PICKING,LVPA,LVPA-2 / LVPA-5,0010 → 0020,45,2
200234489794,EP7519-000,BAH-038000857,15.02.2027,15.02.2027,40,0,NIE Networks Ltd,5,no,no,CRTD PRC  BASC BCRQ MACM SETC,,no,no,AWAITING_PICKING,LVPA,LVPA-2 / LVPA-5,0010 → 0020,45,2
200234489795,EP7519-000,BAH-038000857,18.03.2027,18.03.2027,40,0,NIE Networks Ltd,5,no,no,CRTD PRC  BASC BCRQ MACM SETC,,no,no,AWAITING_PICKING,LVPA,LVPA-2 / LVPA-5,0010 → 0020,45,2
200234489796,EP7519-000,BAH-038000857,16.04.2027,16.04.2027,40,0,NIE Networks Ltd,5,no,no,CRTD PRC  BASC BCRQ MACM SETC,,no,no,AWAITING_PICKING,LVPA,LVPA-2 / LVPA-5,0010 → 0020,45,2
200234489837,EP7519-000,BAH-038000857,18.05.2027,18.05.2027,40,0,NIE Networks Ltd,5,no,no,CRTD PRC  BASC BCRQ MACM SETC,,no,no,AWAITING_PICKING,LVPA,LVPA-2 / LVPA-5,0010 → 0020,45,2
200234489838,EP7519-000,BAH-038000857,16.10.2026,16.10.2026,40,0,NIE Networks Ltd,5,no,no,CRTD PRC  BASC BCRQ MACM SETC,,no,no,AWAITING_PICKING,LVPA,LVPA-2 / LVPA-5,0010 → 0020,45,2
200234489839,EP7519-000,BAH-038000857,17.11.2026,17.11.2026,40,0,NIE Networks Ltd,5,no,no,CRTD PRC  BASC BCRQ MACM SETC,,no,no,AWAITING_PICKING,LVPA,LVPA-2 / LVPA-5,0010 → 0020,45,2
200234489840,EP7519-000,BAH-038000857,18.12.2026,18.12.2026,40,0,NIE Networks Ltd,5,no,no,CRTD PRC  BASC BCRQ MACM SETC,,no,no,AWAITING_PICKING,LVPA,LVPA-2 / LVPA-5,0010 → 0020,45,2
200234489841,EP7519-000,BAH-038000857,18.01.2027,18.01.2027,40,0,NIE Networks Ltd,5,no,no,CRTD PRC  BASC BCRQ MACM SETC,,no,no,AWAITING_PICKING,LVPA,LVPA-2 / LVPA-5,0010 → 0020,45,2
200234489842,EP7519-000,BAH-038000857,15.02.2027,15.02.2027,40,0,NIE Networks Ltd,5,no,no,CRTD PRC  BASC BCRQ MACM SETC,,no,no,AWAITING_PICKING,LVPA,LVPA-2 / LVPA-5,0010 → 0020,45,2
200234489843,EP7519-000,BAH-038000857,18.03.2027,18.03.2027,40,0,NIE Networks Ltd,5,no,no,CRTD PRC  BASC BCRQ MACM SETC,,no,no,AWAITING_PICKING,LVPA,LVPA-2 / LVPA-5,0010 → 0020,45,2
200234489844,EP7519-000,BAH-038000857,16.04.2027,16.04.2027,40,0,NIE Networks Ltd,5,no,no,CRTD PRC  BASC BCRQ MACM SETC,,no,no,AWAITING_PICKING,LVPA,LVPA-2 / LVPA-5,0010 → 0020,45,2
200234489846,EP7519-000,BAH-038000857,18.05.2027,18.05.2027,40,0,NIE Networks Ltd,5,no,no,CRTD MSPT PRC  BASC BCRQ SETC,,no,no,AWAITING_PICKING,LVPA,LVPA-2 / LVPA-5,0010 → 0020,45,2
200234489848,EP7521-000,BAH-038000859,15.10.2026,16.10.2026,200,0,NIE Networks Ltd,5,no,no,CRTD PRC  BASC BCRQ MACM SETC,,no,no,AWAITING_PICKING,LVPA,LVPA-2 / LVPA-5,0010 → 0020,227,2
200234489849,EP7521-000,BAH-038000859,17.11.2026,17.11.2026,200,0,NIE Networks Ltd,5,no,no,CRTD MSPT PRC  BASC BCRQ SETC,,no,no,AWAITING_PICKING,LVPA,LVPA-2 / LVPA-5,0010 → 0020,227,2
200234489851,EP7521-000,BAH-038000859,17.12.2026,18.12.2026,200,0,NIE Networks Ltd,5,no,no,CRTD MSPT PRC  BASC BCRQ SETC,,no,no,AWAITING_PICKING,LVPA,LVPA-2 / LVPA-5,0010 → 0020,227,2
200234489854,EP7521-000,BAH-038000859,18.01.2027,18.01.2027,200,0,NIE Networks Ltd,5,no,no,CRTD MSPT PRC  BASC BCRQ SETC,,no,no,AWAITING_PICKING,LVPA,LVPA-2 / LVPA-5,0010 → 0020,227,2
200234489897,EP7521-000,BAH-038000859,15.02.2027,15.02.2027,200,0,NIE Networks Ltd,5,no,no,CRTD MSPT PRC  BASC BCRQ SETC,,no,no,AWAITING_PICKING,LVPA,LVPA-2 / LVPA-5,0010 → 0020,227,2
200234489899,EP7521-000,BAH-038000859,18.03.2027,18.03.2027,200,0,NIE Networks Ltd,5,no,no,CRTD MSPT PRC  BASC BCRQ SETC,,no,no,AWAITING_PICKING,LVPA,LVPA-2 / LVPA-5,0010 → 0020,227,2
200234489900,EP7521-000,BAH-038000859,15.04.2027,16.04.2027,200,0,NIE Networks Ltd,5,no,no,CRTD MSPT PRC  BASC BCRQ SETC,,no,no,AWAITING_PICKING,LVPA,LVPA-2 / LVPA-5,0010 → 0020,227,2
200234489901,EP7521-000,BAH-038000859,18.05.2027,18.05.2027,200,0,NIE Networks Ltd,5,no,no,CRTD MSPT PRC  BASC BCRQ SETC,,no,no,AWAITING_PICKING,LVPA,LVPA-2 / LVPA-5,0010 → 0020,227,2
200234489902,EP7521-000,BAH-038000859,15.10.2026,16.10.2026,200,0,NIE Networks Ltd,5,no,no,CRTD PRC  BASC BCRQ MACM SETC,,no,no,AWAITING_PICKING,LVPA,LVPA-2 / LVPA-5,0010 → 0020,227,2
200234489903,EP7521-000,BAH-038000859,17.11.2026,17.11.2026,200,0,NIE Networks Ltd,5,no,no,CRTD MSPT PRC  BASC BCRQ SETC,,no,no,AWAITING_PICKING,LVPA,LVPA-2 / LVPA-5,0010 → 0020,227,2
200234489905,EP7521-000,BAH-038000859,17.12.2026,18.12.2026,200,0,NIE Networks Ltd,5,no,no,CRTD MSPT PRC  BASC BCRQ SETC,,no,no,AWAITING_PICKING,LVPA,LVPA-2 / LVPA-5,0010 → 0020,227,2
200234489906,EP7521-000,BAH-038000859,18.01.2027,18.01.2027,200,0,NIE Networks Ltd,5,no,no,CRTD MSPT PRC  BASC BCRQ SETC,,no,no,AWAITING_PICKING,LVPA,LVPA-2 / LVPA-5,0010 → 0020,227,2
200234489908,EP7521-000,BAH-038000859,15.02.2027,15.02.2027,200,0,NIE Networks Ltd,5,no,no,CRTD MSPT PRC  BASC BCRQ SETC,,no,no,AWAITING_PICKING,LVPA,LVPA-2 / LVPA-5,0010 → 0020,227,2
200234489909,EP7521-000,BAH-038000859,18.03.2027,18.03.2027,200,0,NIE Networks Ltd,5,no,no,CRTD MSPT PRC  BASC BCRQ SETC,,no,no,AWAITING_PICKING,LVPA,LVPA-2 / LVPA-5,0010 → 0020,227,2
200234489910,EP7521-000,BAH-038000859,15.04.2027,16.04.2027,200,0,NIE Networks Ltd,5,no,no,CRTD MSPT PRC  BASC BCRQ SETC,,no,no,AWAITING_PICKING,LVPA,LVPA-2 / LVPA-5,0010 → 0020,227,2
200234489911,EP7521-000,BAH-038000859,18.05.2027,18.05.2027,200,0,NIE Networks Ltd,5,no,no,CRTD MSPT PRC  BASC BCRQ SETC,,no,no,AWAITING_PICKING,LVPA,LVPA-2 / LVPA-5,0010 → 0020,227,2
200234490388,ED0013-000,BAH-038081020,06.08.2026,06.08.2026,24,0,SSE Stock Ltd,5,no,no,CRTD PRC  BASC BCRQ MACM SETC,,no,no,AWAITING_PICKING,LVPA,LVPA-2 / LVPA-5,0010 → 0025,99,2
200234490390,EP3118-000,BAH-038081622,05.08.2026,05.08.2026,80,0,UK Power Networks(Operations) Ltd,5,yes,no,REL  PRT  PRC  BASC BCRQ MACM MSCP SETC,,no,no,AWAITING_PICKING,LVPA,LVPA-5,0010,107,1
200234490392,ER3075-000,BAH-038081687,31.07.2026,31.07.2026,50,0,Cable Services Ltd,5,yes,no,REL  PRT  PRC  BASC BCRQ MACM SETC,PREP,yes,yes,READY,LVPA,LVPA-2 / LVPA-5,0005 → 0010,206,2
200234490393,EB9988-000,BAH-038080997,26.08.2026,26.08.2026,130,0,SSE Stock Ltd,5,no,no,CRTD PRC  BASC BCRQ MACM SETC,,no,no,AWAITING_PICKING,LVPA,LVPA-2 / LVPA-5,0010 → 0025,537,2
200234490395,EB9985-000,BAH-038080994,26.08.2026,26.08.2026,100,0,SSE Stock Ltd,5,no,no,CRTD PRC  BASC BCRQ MACM SETC,,no,no,AWAITING_PICKING,LVPA,LVPA-5,0010,362,1
200234490396,EB9980-000,BAH-038080989,20.08.2026,20.08.2026,32,0,SSE Stock Ltd,5,no,no,CRTD PRC  BASC BCRQ MACM SETC,,no,no,AWAITING_PICKING,LVPA,LVPA-2 / LVPA-5,0010 → 0025,132,2
200234490480,EB9975-000,BAH-038080984,10.09.2026,10.09.2026,70,0,SSE Stock Ltd,5,no,no,CRTD PRC  BASC BCRQ MACM SETC,,no,no,AWAITING_PICKING,LVPA,LVPA-2 / LVPA-5,0010 → 0020,290,2
200234490487,EB9973-000,BAH-038080982,05.08.2026,06.08.2026,200,0,SSE Stock Ltd,5,yes,no,REL  PRT  PRC  BASC BCRQ MACM MSCP SETC,,no,no,AWAITING_PICKING,LVPA,LVPA-2 / LVPA-5,0010 → 0020,824,2
200234490488,EB9973-000,BAH-038080982,12.08.2026,12.08.2026,66,0,SSE Stock Ltd,5,no,no,CRTD MSPT PRC  BASC BCRQ SETC,,no,no,AWAITING_PICKING,LVPA,LVPA-2 / LVPA-5,0010 → 0020,272,2
200234490495,EN1408-000,BAH-038081549,29.07.2026,30.07.2026,300,0,Northern Powergrid,5,yes,no,REL  PRT  PRC  BASC BCRQ GMPS MACM MSCP*,COMP PREP,yes,yes,READY,LVPA,LVPA-2 / LVPA-5,0005 → 0010,1235,2
200234490616,EN1418-000,BAH-038081559,17.08.2026,18.08.2026,300,0,Northern Powergrid,5,no,no,CRTD PRC  BASC BCRQ MACM MSCP SETC,,no,no,AWAITING_PICKING,LVPA,LVPA-2 / LVPA-5,0005 → 0010,1235,2
200234496027,EK3591-000,SMOE-64548,14.10.2026,14.10.2026,5,0,UK Power Networks(Operations) Ltd,5,no,no,CRTD PRC  BASC BCRQ MACM MSCP SETC,,no,no,AWAITING_PICKING,CSKI_MVKI,MVKI-1,0010,136,1
200234496033,EF1231-000,BAH-038081486,27.08.2026,27.08.2026,100,0,Cable Services Ltd,5,no,no,CRTD PRC  BASC BCRQ MACM SETC,,no,no,AWAITING_PICKING,CSKI_MVKI,MVKI-1,0010,197,1
200234496056,EB9970-000,BAH-038080979,30.07.2026,30.07.2026,80,0,SSE Stock Ltd,5,yes,no,REL  PRT  PRC  BASC BCRQ GMPS MACM MSCP*,COMP PREP,yes,yes,READY,LVPA,LVPA-5,0010,289,1
200234496220,EP6005-000,SMOE-64742,12.08.2026,12.08.2026,9,0,UK Power Networks(Operations) Ltd,5,no,no,CRTD PRC  BASC BCRQ MACM MSCP SETC,,no,no,AWAITING_PICKING,CSKI_MVKI,MVKI-1,0010,163,1
200234496221,EP6005-000,SMOE-64742,09.09.2026,09.09.2026,11,0,UK Power Networks(Operations) Ltd,5,no,no,CRTD PRC  BASC BCRQ MACM MSCP SETC,,no,no,AWAITING_PICKING,CSKI_MVKI,MVKI-1,0010,180,1
200234496224,EP6008-000,SMOE-64730,17.09.2026,17.09.2026,35,0,UK Power Networks(Operations) Ltd,5,no,no,CRTD MSPT PRC  BASC BCRQ MSCP SETC,,no,no,AWAITING_PICKING,CSKI_MVKI,MVKI-1,0010,222,1
200234505984,ER4231-000,CSJH-24B/1XU-3XU-M1-NL01,26.08.2026,27.08.2026,106,0,Tyco Electronics Polska Sp z o.o.,5,no,no,CRTD MSPT PRC  BASC BCRQ SETC,,no,no,AWAITING_PICKING,CSKI_MVKI,CSKI-1,0010,724,1
200234507193,204099-000,SMOE-62585,30.07.2026,30.07.2026,25,0,SSE Stock Ltd,5,yes,no,REL  PRT  PRC  BASC BCRQ GMPS MACM RESA*,COMP PREP,yes,yes,READY,CSKI_MVKI,MVKI-1,0005,184,1
200234507206,528687-000,SMOE-62542,30.07.2026,31.07.2026,20,0,SSE Stock Ltd,5,yes,no,REL  PRT  PRC  BASC BCRQ MACM MSCP SETC,,no,no,AWAITING_PICKING,CSKI_MVKI,MVKI-1,0010,207,1
200234507255,ET7642-000,CSJH-24C/1XU-1XU-M1-DE03,30.11.2026,01.12.2026,192,0,Wilhelm Sieverding,5,no,no,CRTD MSPT PRC  BASC BCRQ SETC,,no,no,AWAITING_PICKING,CSKI_MVKI,CSKI-1,0010,727,1
200234507333,172599-000,SMOE-62546,23.09.2026,23.09.2026,2,0,SSE Stock Ltd,5,no,no,CRTD MSPT PRC  BASC BCRQ SETC,,no,no,AWAITING_PICKING,CSKI_MVKI,MVKI-1,0005,148,1
200234507358,582525-000,SMOE-62533,30.07.2026,31.07.2026,20,0,SSE Stock Ltd,5,yes,no,REL  PRT  PRC  BASC BCRQ MACM MSCP SETC,,no,no,AWAITING_PICKING,CSKI_MVKI,MVKI-1,0010,303,1
200234509783,308845-000,EXRM-1009-16,26.08.2026,26.08.2026,30,0,Tyco Electronics (Kunshan) Ltd,5,no,no,CRTD PRC  BASC BCRQ MACM SETC,,no,no,AWAITING_PICKING,LVPA,LVPA-5,0050,21,1
200234509791,308845-000,EXRM-1009-16,16.09.2026,16.09.2026,58,0,Tyco Electronics (Kunshan) Ltd,5,no,no,CRTD PRC  BASC BCRQ MACM SETC,,no,no,AWAITING_PICKING,LVPA,LVPA-5,0050,40,1
200234509792,308845-000,EXRM-1009-16,22.10.2026,22.10.2026,53,0,Tyco Electronics (Kunshan) Ltd,5,no,no,CRTD PRC  BASC BCRQ MACM SETC,,no,no,AWAITING_PICKING,LVPA,LVPA-5,0050,37,1
200234510162,EB9999-000,BAH-038081008,30.07.2026,30.07.2026,70,0,SSE Stock Ltd,5,yes,no,REL  PRT  PRC  BASC BCRQ GMPS MACM MSCP*,COMP PREP,yes,yes,READY,LVPA,LVPA-5,0010 → 0030,282,2
200234510163,EB9971-000,BAH-038080980,30.07.2026,30.07.2026,72,0,SSE Stock Ltd,5,yes,no,REL  PRT  PRC  BASC BCRQ GMPS MACM MSCP*,COMP PREP,yes,yes,READY,LVPA,LVPA-5,0010 → 0030,250,2
200234510164,EB9971-000,BAH-038080980,06.08.2026,06.08.2026,36,0,SSE Stock Ltd,5,no,no,CRTD PRC  BASC BCRQ MACM MSCP SETC,,no,no,AWAITING_PICKING,LVPA,LVPA-5,0010 → 0030,125,2
200234510165,EB9971-000,BAH-038080980,26.08.2026,26.08.2026,36,0,SSE Stock Ltd,5,no,no,CRTD PRC  BASC BCRQ MACM SETC,,no,no,AWAITING_PICKING,LVPA,LVPA-5,0010 → 0030,125,2
200234514442,125278-000,BAH-028000048,07.08.2026,07.08.2026,150,0,Cable Services Ltd,5,no,no,CRTD PRC  BASC BCRQ MACM MSCP SETC,,no,no,AWAITING_PICKING,LVPA,LVPA-5,0050,108,1
200234516691,ES2310-000,CSJH-36E/1XU-1XU-GB09,03.08.2026,03.08.2026,3,0,SSE Stock Ltd,5,yes,no,REL  PRC  BASC BCRQ MACM MSCP SETC,,no,no,AWAITING_PICKING,CSKI_MVKI,CSKI-1,0010,94,1
200234516959,ET7643-000,CSJH-24D/1XU-1XU-M1-DE01,08.10.2026,08.10.2026,100,0,Wilhelm Sieverding,5,no,no,CRTD MSPT PRC  BASC BCRQ SETC,,no,no,AWAITING_PICKING,CSKI_MVKI,CSKI-1,0010,420,1
200234516970,BM8610-000,CSJH-24C/1XU-1XU-M1-DE01,05.10.2026,05.10.2026,1,0,Tyco Electronics Polska Sp z o.o.,5,no,no,CRTD MSPT PRC  BASC BCRQ SETC,,no,no,AWAITING_PICKING,CSKI_MVKI,CSKI-1,0010,87,1
200234516974,CU2770-000,CSJA-12C/1XU-1XU-AT01,12.08.2026,12.08.2026,2,0,TE Connectivity Energy GmbH,5,no,no,CRTD PRC  BASC BCRQ MACM MSCP SETC,,no,no,AWAITING_PICKING,CSKI_MVKI,CSKI-1,0010 → 0020,180,2
200234517068,825430-000,BAH-018010002,19.08.2026,25.08.2026,21,0,,0,no,no,CRTD PRC  BASC BCRQ MACM RELR SETC,,no,no,AWAITING_PICKING,LVPA,LVPA-5,0010,2423,1
200234517138,EM9877-000,CSJH-36E/1XU-3SB-GB01,13.08.2026,13.08.2026,12,0,SSE Stock Ltd,5,no,no,CRTD PRC  BASC BCRQ MACM SETC,,no,no,AWAITING_PICKING,CSKI_MVKI,CSKI-1,0010,205,1
200234517141,ES2310-000,CSJH-36E/1XU-1XU-GB09,13.08.2026,13.08.2026,12,0,SSE Stock Ltd,5,no,no,CRTD PRC  BASC BCRQ MACM SETC,,no,no,AWAITING_PICKING,CSKI_MVKI,CSKI-1,0010,121,1
200234517142,ET6009-000,CSJH-12B/1XU-1XU-GB01,16.11.2026,18.11.2026,600,0,Northern Powergrid,5,no,no,CRTD MSPT PRC  BASC BCRQ MSCP SETC,,no,no,AWAITING_PICKING,CSKI_MVKI,CSKI-1,0010,1980,1
200234517491,089770-000,BAH-028000477,07.08.2026,07.08.2026,40,0,Cable Services Ltd,5,no,no,CRTD PRC  BASC BCRQ MACM MSCP SETC,,no,no,AWAITING_PICKING,LVPA,LVPA-5,0050,33,1
200234517493,EP3143-000,BAH-038081647,07.08.2026,07.08.2026,10,0,Cable Services Ltd,5,no,no,CRTD PRC  BASC BCRQ MACM MSCP SETC,,no,no,AWAITING_PICKING,LVPA,LVPA-5,0010 → 0030,30,2
200234517767,2107225-1,S/ENS COQUIILLE JNC 240,16.09.2026,16.09.2026,43,0,Tyco Electronics Polska Sp z o.o.,5,no,no,CRTD MSPT PRC  BASC BCRQ SETC,,no,no,AWAITING_PICKING,LVPA,LVPA-5,0050,86,1
200234517775,ED0007-000,BAH-038081015,20.08.2026,20.08.2026,10,0,SSE Stock Ltd,5,no,no,CRTD PRC  BASC BCRQ MACM SETC,,no,no,AWAITING_PICKING,LVPA,LVPA-5,0010 → 0030,52,2
200234517878,ED0007-000,BAH-038081015,10.08.2026,10.08.2026,10,0,SSE Stock Ltd,5,no,no,CRTD MSPT PRC  BASC BCRQ RELR SETC,,no,no,AWAITING_PICKING,LVPA,LVPA-5,0010 → 0030,52,2
200234517882,EB9987-000,BAH-038080996,20.08.2026,20.08.2026,16,0,SSE Stock Ltd,5,no,no,CRTD PRC  BASC BCRQ MACM SETC,,no,no,AWAITING_PICKING,LVPA,LVPA-5,0010 → 0030,69,2
200234517886,EB9999-000,BAH-038081008,20.08.2026,20.08.2026,56,0,SSE Stock Ltd,5,no,no,CRTD PRC  BASC BCRQ MACM SETC,,no,no,AWAITING_PICKING,LVPA,LVPA-5,0010 → 0030,225,2
200234517929,760956-000,BAH-028000332,31.07.2026,31.07.2026,60,0,Cable Services Ltd,5,no,no,CRTD MSPT PRC  BASC BCRQ MSCP RELR SETC,,no,no,AWAITING_PICKING,LVPA,LVPA-5,0050,39,1
200234517931,208524-000,BAH-028000337,31.07.2026,31.07.2026,40,0,Cable Services Ltd,5,yes,no,REL  PRT  PRC  BASC BCRQ MACM SETC,,no,no,AWAITING_PICKING,LVPA,LVPA-5,0050,31,1
200234518037,EN2828-000,CSJA-24C/1XU-1XU-DE02,11.11.2026,12.11.2026,300,0,Westnetz GmbH,5,no,no,CRTD MSPT PRC  BASC BCRQ SETC,,no,no,AWAITING_PICKING,CSKI_MVKI,CSKI-1,0010,1088,1
200234518038,EN2828-000,CSJA-24C/1XU-1XU-DE02,18.11.2026,19.11.2026,300,0,Westnetz GmbH,5,no,no,CRTD MSPT PRC  BASC BCRQ SETC,,no,no,AWAITING_PICKING,CSKI_MVKI,CSKI-1,0010,1088,1
200234518039,EN2828-000,CSJA-24C/1XU-1XU-DE02,25.11.2026,26.11.2026,300,0,Westnetz GmbH,5,no,no,CRTD MSPT PRC  BASC BCRQ SETC,,no,no,AWAITING_PICKING,CSKI_MVKI,CSKI-1,0010,1088,1
200234518040,EN2828-000,CSJA-24C/1XU-1XU-DE02,17.09.2026,17.09.2026,100,0,Westnetz GmbH,5,no,no,CRTD MSPT PRC  BASC BCRQ SETC,,no,no,AWAITING_PICKING,CSKI_MVKI,CSKI-1,0010,422,1
200234518044,BM5480-000,CSJA-36E/1XU-1XU-M-AT01,01.09.2026,02.09.2026,200,0,IFK Gesellschaft Mbh,5,no,no,CRTD MSPT PRC  BASC BCRQ SETC,,no,no,AWAITING_PICKING,CSKI_MVKI,CSKI-1,0010,657,1
200234518048,CR0678-000,CSJT-12B/1XU-3XU-GB01,27.08.2026,27.08.2026,10,0,Cable Services Ltd,5,no,no,CRTD MSPT PRC  BASC BCRQ MSCP SETC,,no,no,AWAITING_PICKING,CSKI_MVKI,CSKI-1,0010,109,1
200234518317,EB9995-000,BAH-038081004,05.08.2026,05.08.2026,200,0,SSE Stock Ltd,5,no,no,CRTD PRC  BASC BCRQ MACM MSCP SETC,,no,no,AWAITING_PICKING,LVPA,LVPA-5,0010 → 0030,489,2
200234518331,EP3123-000,BAH-038081627,31.07.2026,31.07.2026,15,0,Wolseley UK Limited,5,yes,no,REL  PRT  PRC  BASC BCRQ MACM SETC,,no,no,AWAITING_PICKING,LVPA,LVPA-5,0010 → 0030,48,2
200234518380,CU2770-000,CSJA-12C/1XU-1XU-AT01,12.08.2026,12.08.2026,35,0,EGE-Einkaufsgenossenschaft,5,no,no,CRTD MSPT PRC  BASC BCRQ MSCP SETC,,no,no,AWAITING_PICKING,CSKI_MVKI,CSKI-1,0010 → 0020,322,2
200234518384,EP9731-000,CSJH-36F/1XU-1XU-GB04,10.09.2026,10.09.2026,138,0,SSE Stock Ltd,5,no,no,CRTD MSPT PRC  BASC BCRQ SETC,,no,no,AWAITING_PICKING,CSKI_MVKI,CSKI-1,0010,391,1
200234518388,EM9879-000,CSJH-36F/1XU-1XU-GB03,07.08.2026,07.08.2026,14,0,SSE Stock Ltd,5,no,no,CRTD PRC  BASC BCRQ MACM SETC,,no,no,AWAITING_PICKING,CSKI_MVKI,CSKI-1,0010,144,1
200234518754,ER6977-000,CSJ-BUILDUP-KIT-E-NL01,07.08.2026,10.08.2026,32,0,Tyco Electronics Polska Sp z o.o.,5,no,no,CRTD PRC  BASC BCRQ MACM MSCP SETC,,no,no,AWAITING_PICKING,CSKI_MVKI,CSKI-1,0010,169,1
200234519512,ED0004-000,BAH-038081012,30.07.2026,30.07.2026,28,0,SSE Stock Ltd,5,yes,no,REL  PRT  PRC  BASC BCRQ GMPS MACM MSCP*,COMP PREP,yes,yes,READY,LVPA,LVPA-5,0010 → 0030,117,2
200234519778,EB9974-000,BAH-038080983,30.07.2026,30.07.2026,60,0,SSE Stock Ltd,5,yes,no,REL  PRT  PRC  BASC BCRQ MACM MSCP SETC,,no,no,AWAITING_PICKING,LVPA,LVPA-5,0010 → 0030,138,2
200234519779,EB9969-000,BAH-038080978,06.08.2026,06.08.2026,36,0,SSE Stock Ltd,5,no,no,CRTD PRC  BASC BCRQ MACM MSCP SETC,,no,no,AWAITING_PICKING,LVPA,LVPA-5,0010 → 0030,128,2
200234519781,EB9976-000,BAH-038080985,07.08.2026,07.08.2026,60,0,Cable Services Ltd,5,no,no,CRTD PRC  BASC BCRQ MACM MSCP SETC,,no,no,AWAITING_PICKING,LVPA,LVPA-5,0010 → 0030,203,2
200234519785,EB9989-000,BAH-038080998,07.08.2026,07.08.2026,60,0,Cable Services Ltd,5,no,no,CRTD PRC  BASC BCRQ MACM MSCP SETC,,no,no,AWAITING_PICKING,LVPA,LVPA-5,0010 → 0030,234,2
200234519786,CM0111-000,BAH-028000535,27.07.2026,27.07.2026,45,0,TE Connectivity Argentina SRL,5,yes,no,REL  PRT  PRC  BASC BCRQ GMPS MACM RESA*,COMP PREP,yes,yes,READY,LVPA,LVPA-5,0050,66,1
200234519838,BM4664-000,BAH-038081533,30.07.2026,30.07.2026,20,0,SSE Stock Ltd,5,yes,no,REL  PRT  PRC  BASC BCRQ MACM MSCP SETC,,no,no,AWAITING_PICKING,LVPA,LVPA-5,0010 → 0030,46,2
200234519840,EB9997-000,BAH-038081006,30.07.2026,30.07.2026,30,0,SSE Stock Ltd,5,yes,no,REL  PRT  PRC  BASC BCRQ GMPS MACM MSCP*,COMP PREP,yes,yes,READY,LVPA,LVPA-5,0010 → 0030,72,2
200234525644,EK3386-000,SMOE-64566,07.09.2026,07.09.2026,10,0,Cable Services Ltd,5,no,no,CRTD PRC  BASC BCRQ MACM MSCP SETC,,no,no,AWAITING_PICKING,CSKI_MVKI,MVKI-1,0010,120,1
200234526782,204099-000,SMOE-62585,26.08.2026,26.08.2026,10,0,Cable Services Ltd,5,no,no,CRTD PRC  BASC BCRQ MACM SETC,,no,no,AWAITING_PICKING,CSKI_MVKI,MVKI-1,0005,94,1
200234526794,204099-000,SMOE-62585,06.08.2026,06.08.2026,25,0,SSE Stock Ltd,5,no,no,CRTD PRC  BASC BCRQ MACM SETC,,no,no,AWAITING_PICKING,CSKI_MVKI,MVKI-1,0005,184,1
200234526873,ED0003-000,BAH-038081011,30.07.2026,30.07.2026,28,0,SSE Stock Ltd,5,yes,no,REL  PRT  PRC  BASC BCRQ MACM MSCP SETC,,no,no,AWAITING_PICKING,LVPA,LVPA-5,0010 → 0030,98,2
200234526874,ED0004-000,BAH-038081012,06.08.2026,06.08.2026,14,0,SSE Stock Ltd,5,no,no,CRTD PRC  BASC BCRQ MACM MSCP SETC,,no,no,AWAITING_PICKING,LVPA,LVPA-5,0010 → 0030,59,2
200234526876,EB9990-000,BAH-038080999,06.08.2026,06.08.2026,100,0,SSE Stock Ltd,5,no,no,CRTD PRC  BASC BCRQ MACM MSCP SETC,,no,no,AWAITING_PICKING,LVPA,LVPA-5,0010 → 0030,271,2
200234526950,528687-000,SMOE-62542,06.08.2026,06.08.2026,20,0,SSE Stock Ltd,5,no,no,CRTD MSPT PRC  BASC BCRQ MSCP SETC,,no,no,AWAITING_PICKING,CSKI_MVKI,MVKI-1,0010,207,1
200234527057,ED0006-000,BAH-038081014,30.07.2026,30.07.2026,7,0,SSE Stock Ltd,5,yes,no,REL  PRT  PRC  BASC BCRQ GMPS MACM MSCP*,COMP PREP,yes,yes,READY,LVPA,LVPA-5,0010 → 0030,26,2
200234527403,EB9972-000,BAH-038080981,06.08.2026,06.08.2026,36,0,SSE Stock Ltd,5,no,no,CRTD PRC  BASC BCRQ MACM MSCP SETC,,no,no,AWAITING_PICKING,LVPA,LVPA-5,0010 → 0030,136,2
200234527404,EB9976-000,BAH-038080985,06.08.2026,06.08.2026,16,0,SSE Stock Ltd,5,no,no,CRTD PRC  BASC BCRQ MACM MSCP SETC,,no,no,AWAITING_PICKING,LVPA,LVPA-5,0010 → 0030,54,2
200234527566,EB9977-000,BAH-038080986,06.08.2026,06.08.2026,20,0,SSE Stock Ltd,5,no,no,CRTD PRC  BASC BCRQ MACM MSCP SETC,,no,no,AWAITING_PICKING,LVPA,LVPA-5,0010 → 0030,66,2
200234527569,ED0015-000,BAH-038081022,06.08.2026,06.08.2026,30,0,SSE Stock Ltd,5,no,no,CRTD PRC  BASC BCRQ MACM MSCP SETC,,no,no,AWAITING_PICKING,LVPA,LVPA-5,0010 → 0030,107,2
200234527571,EB9999-000,BAH-038081008,30.07.2026,30.07.2026,70,0,SSE Stock Ltd,5,yes,no,REL  PRT  PRC  BASC BCRQ GMPS MACM MSCP*,COMP PREP,yes,yes,READY,LVPA,LVPA-5,0010 → 0030,282,2
200234527592,172599-000,SMOE-62546,30.09.2026,30.09.2026,15,0,SSE Stock Ltd,5,no,no,CRTD MSPT PRC  BASC BCRQ MSCP SETC,,no,no,AWAITING_PICKING,CSKI_MVKI,MVKI-1,0005,219,1
200234527596,154225-000,SMOE-62707,06.08.2026,06.08.2026,40,0,SSE Stock Ltd,5,no,no,CRTD PRC  BASC BCRQ MACM MSCP SETC,,no,no,AWAITING_PICKING,CSKI_MVKI,MVKI-1,0005,146,1
200234527780,195443-000,SMOE-62705,13.08.2026,13.08.2026,20,0,SSE Stock Ltd,5,no,no,CRTD PRC  BASC BCRQ MACM SETC,,no,no,AWAITING_PICKING,CSKI_MVKI,MVKI-1,0005,94,1
200234527785,EP6005-000,SMOE-64742,10.09.2026,10.09.2026,20,0,UK Power Networks(Operations) Ltd,5,no,no,CRTD PRC  BASC BCRQ MACM MSCP SETC,,no,no,AWAITING_PICKING,CSKI_MVKI,MVKI-1,0010,257,1
200234536874,ER6980-000,CSJA-24E/1XU-1XU-NL01,19.08.2026,20.08.2026,152,0,Tyco Electronics Polska Sp z o.o.,5,no,no,CRTD MSPT PRC  BASC BCRQ SETC,,no,no,AWAITING_PICKING,CSKI_MVKI,CSKI-1,0010,787,1
200234536876,ER6980-000,CSJA-24E/1XU-1XU-NL01,26.08.2026,27.08.2026,152,0,Tyco Electronics Polska Sp z o.o.,5,no,no,CRTD MSPT PRC  BASC BCRQ SETC,,no,no,AWAITING_PICKING,CSKI_MVKI,CSKI-1,0010,787,1
200234537322,CJ9887-011,CSJA-36E/1XU-1XU-M3,13.08.2026,13.08.2026,80,0,Steinbacher Energie GmbH,5,no,no,CRTD MSPT PRC  BASC BCRQ MSCP SETC,,no,no,AWAITING_PICKING,CSKI_MVKI,CSKI-1,0010,339,1
200234537328,BM5480-000,CSJA-36E/1XU-1XU-M-AT01,08.09.2026,09.09.2026,300,0,IFK Gesellschaft Mbh,5,no,no,CRTD MSPT PRC  BASC BCRQ SETC,,no,no,AWAITING_PICKING,CSKI_MVKI,CSKI-1,0010,943,1
200234545884,ET7243-000,SMOE-64890,03.08.2026,03.08.2026,10,0,NIE Networks Ltd,5,yes,no,REL  PRT  PRC  BASC BCRQ MACM MSCP SETC,,no,no,AWAITING_PICKING,CSKI_MVKI,MVKI-1,0010,125,1
200234545885,EF1236-000,BAH-038081491,04.08.2026,04.08.2026,30,0,UK Power Networks(Operations) Ltd,5,no,no,CRTD PRC  BASC BCRQ MACM MSCP SETC,,no,no,AWAITING_PICKING,CSKI_MVKI,MVKI-1,0010,143,1
200234545886,EF1236-000,BAH-038081491,04.08.2026,04.08.2026,30,0,UK Power Networks(Operations) Ltd,5,no,no,CRTD PRC  BASC BCRQ MACM MSCP SETC,,no,no,AWAITING_PICKING,CSKI_MVKI,MVKI-1,0010,143,1
200234545887,EF1236-000,BAH-038081491,04.08.2026,04.08.2026,30,0,UK Power Networks(Operations) Ltd,5,no,no,CRTD PRC  BASC BCRQ MACM MSCP SETC,,no,no,AWAITING_PICKING,CSKI_MVKI,MVKI-1,0010,143,1
200234546201,953163-000,SMOE-62753,06.10.2026,07.10.2026,250,0,Northern Powergrid,5,no,no,CRTD MSPT PRC  BASC BCRQ MSCP SETC,,no,no,AWAITING_PICKING,CSKI_MVKI,MVKI-1,0005,1023,1
200234546280,EN6842-000,CSJA-24C/1XU-1XU-DE03,02.09.2026,03.09.2026,109,0,Netze BW GmbH,5,no,no,CRTD MSPT PRC  BASC BCRQ MSCP SETC,,no,no,AWAITING_PICKING,CSKI_MVKI,CSKI-1,0010,592,1
200234546396,EF1233-000,BAH-038081488,10.08.2026,10.08.2026,15,0,Wolseley UK Limited,5,no,no,CRTD PRC  BASC BCRQ MACM MSCP SETC,,no,no,AWAITING_PICKING,CSKI_MVKI,MVKI-1,0010,129,1
200234546460,799501-000,SHSS-12A-IND,11.09.2026,11.09.2026,10,0,Wolseley UK Limited,5,no,no,CRTD PRC  BASC BCRQ MACM SETC,,no,no,AWAITING_PICKING,CSKI_MVKI,MVKI-1,0005,95,1
200234546465,CS9849-000,SMOE-64222,24.09.2026,24.09.2026,6,0,Cable Services Ltd,5,no,no,CRTD MSPT PRC  BASC BCRQ SETC,,no,no,AWAITING_PICKING,CSKI_MVKI,MVKI-1,0010,126,1
200234546468,799501-000,SHSS-12A-IND,10.08.2026,10.08.2026,10,0,Wolseley UK Limited,5,no,no,CRTD PRC  BASC BCRQ MACM MSCP SETC,,no,no,AWAITING_PICKING,CSKI_MVKI,MVKI-1,0005,95,1
200234546473,799501-000,SHSS-12A-IND,17.09.2026,17.09.2026,20,0,Cable Services Ltd,5,no,no,CRTD PRC  BASC BCRQ MACM SETC,,no,no,AWAITING_PICKING,CSKI_MVKI,MVKI-1,0005,125,1
200234546617,839121-000,SHSS-12B-IND,11.09.2026,11.09.2026,8,0,Wolseley UK Limited,5,no,no,CRTD MSPT PRC  BASC BCRQ SETC,,no,no,AWAITING_PICKING,CSKI_MVKI,MVKI-1,0010,96,1
200234546626,288978-000,SMOE-63181,23.09.2026,23.09.2026,1,0,Cable Services Ltd,5,no,no,CRTD MSPT PRC  BASC BCRQ SETC,,no,no,AWAITING_PICKING,CSKI_MVKI,MVKI-1,0005,98,1
200234547620,891265-000,SMOE-62754,10.09.2026,14.09.2026,300,0,Northern Powergrid,5,no,no,CRTD MSPT PRC  BASC BCRQ MSCP SETC,,no,no,AWAITING_PICKING,CSKI_MVKI,MVKI-1,0005,1325,1
200234547627,EF1235-000,BAH-038081490,04.08.2026,04.08.2026,100,0,UK Power Networks(Operations) Ltd,5,no,no,CRTD PRC  BASC BCRQ MACM MSCP SETC,,no,no,AWAITING_PICKING,CSKI_MVKI,MVKI-1,0010,315,1
200234550241,EP3115-000,BAH-038081619,03.08.2026,03.08.2026,150,0,UK Power Networks(Operations) Ltd,5,yes,no,REL  PRT  PRC  BASC BCRQ MACM MSCP SETC,,no,no,AWAITING_PICKING,LVPA,LVPA-5,0010,200,1
200234550243,EP3117-000,BAH-038081621,03.08.2026,04.08.2026,800,0,UK Power Networks(Operations) Ltd,5,yes,no,REL  PRT  PRC  BASC BCRQ MACM MSCP SETC,,no,no,AWAITING_PICKING,LVPA,LVPA-5,0010,1066,1
200234550245,EB9988-000,BAH-038080997,07.08.2026,07.08.2026,30,0,SSE Stock Ltd,3,no,no,CRTD PRC  BASC BCRQ MACM MSCP SETC,,no,no,AWAITING_PICKING,LVPA,LVPA-2 / LVPA-5,0010 → 0025,126,2
200234550252,EB9985-000,BAH-038080994,10.08.2026,10.08.2026,100,0,SSE Stock Ltd,5,no,no,CRTD PRC  BASC BCRQ MACM MSCP SETC,,no,no,AWAITING_PICKING,LVPA,LVPA-5,0010,362,1
200234550253,EB9980-000,BAH-038080989,10.08.2026,10.08.2026,30,0,SSE Stock Ltd,5,no,no,CRTD PRC  BASC BCRQ MACM MSCP SETC,,no,no,AWAITING_PICKING,LVPA,LVPA-2 / LVPA-5,0010 → 0025,124,2
200234550254,ED0013-000,BAH-038081020,10.08.2026,10.08.2026,30,0,SSE Stock Ltd,5,no,no,CRTD PRC  BASC BCRQ MACM SETC,,no,no,AWAITING_PICKING,LVPA,LVPA-2 / LVPA-5,0010 → 0025,124,2
200234550256,EB9988-000,BAH-038080997,13.08.2026,13.08.2026,30,0,SSE Stock Ltd,5,no,no,CRTD PRC  BASC BCRQ MACM MSCP SETC,,no,no,AWAITING_PICKING,LVPA,LVPA-2 / LVPA-5,0010 → 0025,126,2
200234550334,EN1417-000,BAH-038081558,10.08.2026,11.08.2026,300,0,Northern Powergrid,5,no,no,CRTD PRC  BASC BCRQ MACM MSCP SETC,,no,no,AWAITING_PICKING,LVPA,LVPA-2 / LVPA-5,0005 → 0010,1235,2
200234550335,EN1422-000,BAH-038081563,13.08.2026,14.08.2026,200,0,Northern Powergrid,5,no,no,CRTD PRC  BASC BCRQ MACM MSCP SETC,,no,no,AWAITING_PICKING,LVPA,LVPA-2 / LVPA-5,0005 → 0010,824,2
200234550576,EB9980-000,BAH-038080989,14.08.2026,14.08.2026,2,0,Cable Services Ltd,5,no,no,CRTD PRC  BASC BCRQ MACM MSCP SETC,,no,no,AWAITING_PICKING,LVPA,LVPA-2 / LVPA-5,0010 → 0025,8,2
200234550700,EB9985-000,BAH-038080994,14.08.2026,14.08.2026,80,0,Cable Services Ltd,5,no,no,CRTD PRC  BASC BCRQ MACM MSCP SETC,,no,no,AWAITING_PICKING,LVPA,LVPA-5,0010,289,1
200234550703,EN1415-000,BAH-038081556,20.08.2026,20.08.2026,100,0,Northern Powergrid,5,no,no,CRTD PRC  BASC BCRQ MACM SETC,,no,no,AWAITING_PICKING,LVPA,LVPA-2 / LVPA-5,0005 → 0010,412,2
200234555445,D41410-005,CSJA-24C/1XU-1XU-M1,24.09.2026,28.09.2026,300,0,IFK Gesellschaft Mbh,5,no,no,CRTD MSPT PRC  BASC BCRQ SETC,,no,no,AWAITING_PICKING,CSKI_MVKI,CSKI-1,0010,1034,1
200234555450,CS4124-000,CSJ-BUILDUP-CATJ-GB01,31.07.2026,31.07.2026,5,0,Cable Services Ltd,5,yes,no,REL  PRT  PRC  BASC BCRQ MACM SETC,,no,no,AWAITING_PICKING,CSKI_MVKI,CSKI-1,0010,86,1
200234555539,CR0675-000,CATJ-12C/3XU-3SB-GB01,26.08.2026,26.08.2026,5,0,Cable Services Ltd,5,no,no,CRTD MSPT PRC  BASC BCRQ MSCP SETC,,no,no,AWAITING_PICKING,CSKI_MVKI,CSKI-1,0010,141,1
200234555552,ER6985-000,CSJA-ENDSEAL-KIT-C-NL01,19.08.2026,19.08.2026,19,0,Tyco Electronics Polska Sp z o.o.,5,no,no,CRTD PRC  BASC BCRQ MACM SETC,,no,no,AWAITING_PICKING,CSKI_MVKI,CSKI-1,0010,152,1
200234555554,ER6986-000,CSJA-ENDSEAL-KIT-E-NL01,19.08.2026,19.08.2026,80,0,Tyco Electronics Polska Sp z o.o.,5,no,no,CRTD PRC  BASC BCRQ MACM SETC,,no,no,AWAITING_PICKING,CSKI_MVKI,CSKI-1,0010,188,1
200234555662,ER8811-000,CSJA-24B2/1XU-1XU-PT01,30.09.2026,30.09.2026,40,0,Tyco Electronics Polska Sp z o.o.,5,no,no,CRTD MSPT PRC  BASC BCRQ MSCP SETC,,no,no,AWAITING_PICKING,CSKI_MVKI,CSKI-1,0010,206,1
200234555665,EN3046-000,CSJA-24E/1XU-1XU-DE01,07.10.2026,08.10.2026,200,0,Westnetz GmbH,5,no,no,CRTD MSPT PRC  BASC BCRQ SETC,,no,no,AWAITING_PICKING,CSKI_MVKI,CSKI-1,0010,720,1
200234555666,EN2828-000,CSJA-24C/1XU-1XU-DE02,16.09.2026,16.09.2026,12,0,Prego Services GmbH,5,no,no,CRTD MSPT PRC  BASC BCRQ MSCP SETC,,no,no,AWAITING_PICKING,CSKI_MVKI,CSKI-1,0010,128,1
200234555670,EN6738-000,CSJH-24C/3XU-3XU-M1-SE01,04.09.2026,07.09.2026,1,0,Kesko AB,5,no,no,CRTD MSPT PRC  BASC BCRQ MSCP SETC,,no,no,AWAITING_PICKING,CSKI_MVKI,CSKI-1,0010,93,1
200234555856,EP3118-000,BAH-038081622,11.08.2026,11.08.2026,80,0,UK Power Networks(Operations) Ltd,5,no,no,CRTD PRC  BASC BCRQ MACM SETC,,no,no,AWAITING_PICKING,LVPA,LVPA-5,0010,107,1
200234555860,CJ7360-005,CSJA-24B/1XU-1XU-M,06.08.2026,06.08.2026,24,0,Prego Services GmbH,5,no,no,CRTD PRC  BASC BCRQ MACM MSCP SETC,,no,no,AWAITING_PICKING,CSKI_MVKI,CSKI-1,0010,152,1
200234555938,EK6893-000,CSJA-12C/1XU-1XU-M-DE02,16.09.2026,16.09.2026,25,0,Sommer GmbH,5,no,no,CRTD MSPT PRC  BASC BCRQ MSCP SETC,,no,no,AWAITING_PICKING,CSKI_MVKI,CSKI-1,0010,160,1
200234555939,EK6893-000,CSJA-12C/1XU-1XU-M-DE02,24.11.2026,24.11.2026,25,0,Sommer GmbH,5,no,no,CRTD MSPT PRC  BASC BCRQ SETC,,no,no,AWAITING_PICKING,CSKI_MVKI,CSKI-1,0010,160,1
200234555941,ES7516-000,CSJH-12B/1XU-1XU-GB02,27.11.2026,27.11.2026,30,0,Wolseley UK Limited,5,no,no,CRTD MSPT PRC  BASC BCRQ MSCP SETC,,no,no,AWAITING_PICKING,CSKI_MVKI,CSKI-1,0010,159,1
200234555951,CR0677-000,CSJT-12C/1XU-3XU-GB01,07.08.2026,07.08.2026,3,0,Wolseley UK Limited,5,no,no,CRTD MSPT PRC  BASC BCRQ MSCP SETC,,no,no,AWAITING_PICKING,CSKI_MVKI,CSKI-1,0010,89,1
200234555954,EN6738-000,CSJH-24C/3XU-3XU-M1-SE01,04.09.2026,04.09.2026,2,0,Kesko AB,5,no,no,CRTD MSPT PRC  BASC BCRQ MSCP SETC,,no,no,AWAITING_PICKING,CSKI_MVKI,CSKI-1,0010,97,1
200234556297,EN6737-000,CSJH-24B/3XU-3XU-M-SE02,26.08.2026,26.08.2026,2,0,Kesko AB,5,no,no,CRTD PRC  BASC BCRQ MACM MSCP SETC,,no,no,AWAITING_PICKING,CSKI_MVKI,CSKI-1,0010,97,1
200234556300,CR0677-000,CSJT-12C/1XU-3XU-GB01,18.11.2026,18.11.2026,20,0,SP Power Systems Ltd,5,no,no,CRTD MSPT PRC  BASC BCRQ MSCP SETC,,no,no,AWAITING_PICKING,CSKI_MVKI,CSKI-1,0010,157,1
200234556425,ER3081-000,BAH-038081693,10.08.2026,12.08.2026,500,0,Cable Services Ltd,5,no,no,CRTD PRC  BASC BCRQ MACM SETC,,no,no,AWAITING_PICKING,LVPA,LVPA-2 / LVPA-5,0005 → 0010,2059,2
200234556429,EE7505-000,BAH-038081414,12.08.2026,13.08.2026,200,0,SP Power Systems Ltd,5,no,no,CRTD PRC  BASC BCRQ MACM SETC,,no,no,AWAITING_PICKING,LVPA,LVPA-5,0010,724,1
200234556791,EP3115-000,BAH-038081619,10.08.2026,10.08.2026,150,0,UK Power Networks(Operations) Ltd,5,no,no,CRTD PRC  BASC BCRQ MACM SETC,,no,no,AWAITING_PICKING,LVPA,LVPA-5,0010,200,1
200234556792,EP3118-000,BAH-038081622,11.08.2026,11.08.2026,80,0,UK Power Networks(Operations) Ltd,5,no,no,CRTD PRC  BASC BCRQ MACM MSCP SETC,,no,no,AWAITING_PICKING,LVPA,LVPA-5,0010,107,1
200234556793,EN1411-000,BAH-038081552,24.08.2026,25.08.2026,200,0,Northern Powergrid,5,no,no,CRTD PRC  BASC BCRQ MACM SETC,,no,no,AWAITING_PICKING,LVPA,LVPA-2 / LVPA-5,0005 → 0010,824,2
200234557004,EN1411-000,BAH-038081552,22.09.2026,23.09.2026,200,0,Northern Powergrid,5,no,no,CRTD PRC  BASC BCRQ MACM SETC,,no,no,AWAITING_PICKING,LVPA,LVPA-2 / LVPA-5,0005 → 0010,824,2
200234557007,EN1408-000,BAH-038081549,22.09.2026,23.09.2026,300,0,Northern Powergrid,5,no,no,CRTD PRC  BASC BCRQ MACM SETC,,no,no,AWAITING_PICKING,LVPA,LVPA-2 / LVPA-5,0005 → 0010,1235,2
200234557314,EB9985-000,BAH-038080994,07.08.2026,07.08.2026,100,0,SSE Stock Ltd,5,no,no,CRTD PRC  BASC BCRQ MACM SETC,,no,no,AWAITING_PICKING,LVPA,LVPA-5,0010,362,1
200234557380,EB9970-000,BAH-038080979,11.08.2026,11.08.2026,80,0,SSE Stock Ltd,5,no,no,CRTD PRC  BASC BCRQ MACM SETC,,no,no,AWAITING_PICKING,LVPA,LVPA-5,0010,289,1
200234557382,EB9970-000,BAH-038080979,02.09.2026,02.09.2026,80,0,SSE Stock Ltd,5,no,no,CRTD PRC  BASC BCRQ MACM SETC,,no,no,AWAITING_PICKING,LVPA,LVPA-5,0010,289,1
200234557384,EB9985-000,BAH-038080994,03.09.2026,03.09.2026,100,0,SSE Stock Ltd,5,no,no,CRTD PRC  BASC BCRQ MACM SETC,,no,no,AWAITING_PICKING,LVPA,LVPA-5,0010,362,1
200234558308,EF1234-000,BAH-038081489,17.08.2026,17.08.2026,200,0,UK Power Networks(Operations) Ltd,5,no,no,CRTD PRC  BASC BCRQ MACM SETC,,no,no,AWAITING_PICKING,CSKI_MVKI,MVKI-1,0010,487,1
200234558464,891265-000,SMOE-62754,10.09.2026,11.09.2026,100,0,Northern Powergrid,5,no,no,CRTD MSPT PRC  BASC BCRQ MSCP SETC,,no,no,AWAITING_PICKING,CSKI_MVKI,MVKI-1,0005,575,1
200234558474,EP6008-000,SMOE-64730,17.09.2026,17.09.2026,70,0,UK Power Networks(Operations) Ltd,5,no,no,CRTD MSPT PRC  BASC BCRQ MSCP SETC,,no,no,AWAITING_PICKING,CSKI_MVKI,MVKI-1,0010,353,1
200234558657,EP6153-000,SMOE-64728,17.09.2026,17.09.2026,50,0,UK Power Networks(Operations) Ltd,5,no,no,CRTD PRC  BASC BCRQ MACM MSCP SETC,,no,no,AWAITING_PICKING,CSKI_MVKI,MVKI-1,0010,148,1
200234558660,799501-000,SHSS-12A-IND,17.08.2026,17.08.2026,5,0,Cable Services Ltd,5,no,no,CRTD PRC  BASC BCRQ MACM SETC,,no,no,AWAITING_PICKING,CSKI_MVKI,MVKI-1,0005,80,1
200234558662,EF1234-000,BAH-038081489,17.08.2026,17.08.2026,11,0,Wolseley UK Limited,5,no,no,CRTD PRC  BASC BCRQ MACM SETC,,no,no,AWAITING_PICKING,CSKI_MVKI,MVKI-1,0010,122,1
200234558669,204099-000,SMOE-62585,06.08.2026,06.08.2026,50,0,SSE Stock Ltd,5,no,no,CRTD PRC  BASC BCRQ MACM SETC,,no,no,AWAITING_PICKING,CSKI_MVKI,MVKI-1,0005,334,1
200234565272,EN9716-000,CSJR-24D/1XU-1XU-TH03,10.09.2026,10.09.2026,75,0,Tyco Electronics Singapore Pte Ltd,5,no,no,CRTD PRC  BASC BCRQ MACM MSCP SETC,,no,no,AWAITING_PICKING,CSKI_MVKI,CSKI-1,0010,388,1
200234566929,EP7612-000,EPPA-064-60-IE01,29.07.2026,29.07.2026,50,0,ESB,5,yes,no,REL  PRT  PRC  BASC BCRQ GMPS MACM MSCP*,COMP PREP,yes,yes,READY,CSKI_MVKI,MVKI-1,0005,68,1
200234567164,154225-000,SMOE-62707,06.08.2026,06.08.2026,23,0,SSE Stock Ltd,5,no,no,CRTD PRC  BASC BCRQ MACM SETC,,no,no,AWAITING_PICKING,CSKI_MVKI,MVKI-1,0005,109,1
200234567168,154225-000,SMOE-62707,04.09.2026,04.09.2026,17,0,SSE Stock Ltd,5,no,no,CRTD PRC  BASC BCRQ MACM SETC,,no,no,AWAITING_PICKING,CSKI_MVKI,MVKI-1,0005,96,1
200234567171,154225-000,SMOE-62707,04.09.2026,04.09.2026,20,0,SSE Stock Ltd,5,no,no,CRTD PRC  BASC BCRQ MACM SETC,,no,no,AWAITING_PICKING,CSKI_MVKI,MVKI-1,0005,103,1
200234567297,195443-000,SMOE-62705,04.09.2026,04.09.2026,20,0,SSE Stock Ltd,5,no,no,CRTD MSPT PRC  BASC BCRQ SETC,,no,no,AWAITING_PICKING,CSKI_MVKI,MVKI-1,0005,94,1
200234567298,EF1234-000,BAH-038081489,04.08.2026,04.08.2026,100,0,UK Power Networks(Operations) Ltd,5,no,no,CRTD PRC  BASC BCRQ MACM SETC,,no,no,AWAITING_PICKING,CSKI_MVKI,MVKI-1,0010,294,1
200234567656,ER3076-000,BAH-038081688,12.08.2026,12.08.2026,100,0,Cable Services Ltd,5,no,no,CRTD PRC  BASC BCRQ MACM SETC,,no,no,AWAITING_PICKING,LVPA,LVPA-2 / LVPA-5,0005 → 0010,412,2
200234567878,ER3079-000,BAH-038081691,12.08.2026,12.08.2026,100,0,Cable Services Ltd,5,no,no,CRTD PRC  BASC BCRQ MACM SETC,,no,no,AWAITING_PICKING,LVPA,LVPA-2 / LVPA-5,0005 → 0010,412,2
200234567884,EN1424-000,BAH-038081565,07.08.2026,07.08.2026,5,0,Cable Services Ltd,5,no,no,CRTD PRC  BASC BCRQ MACM SETC,,no,no,AWAITING_PICKING,LVPA,LVPA-2 / LVPA-5,0005 → 0010,21,2
200234567886,EN1416-000,BAH-038081557,14.08.2026,14.08.2026,5,0,Cable Services Ltd,5,no,no,CRTD PRC  BASC BCRQ MACM SETC,,no,no,AWAITING_PICKING,LVPA,LVPA-2 / LVPA-5,0005 → 0010,21,2
200234567893,ER3078-000,BAH-038081690,04.09.2026,04.09.2026,11,0,Cable Services Ltd,5,no,no,CRTD PRC  BASC BCRQ MACM SETC,,no,no,AWAITING_PICKING,LVPA,LVPA-2 / LVPA-5,0005 → 0010,46,2
200234567894,ER3079-000,BAH-038081691,04.09.2026,04.09.2026,12,0,Cable Services Ltd,5,no,no,CRTD PRC  BASC BCRQ MACM MSCP SETC,,no,no,AWAITING_PICKING,LVPA,LVPA-2 / LVPA-5,0005 → 0010,49,2
200234567895,ER3075-000,BAH-038081687,04.09.2026,04.09.2026,14,0,Cable Services Ltd,5,no,no,CRTD PRC  BASC BCRQ MACM MSCP SETC,,no,no,AWAITING_PICKING,LVPA,LVPA-2 / LVPA-5,0005 → 0010,58,2
200234567997,ER3076-000,BAH-038081688,04.09.2026,04.09.2026,19,0,Cable Services Ltd,5,no,no,CRTD PRC  BASC BCRQ MACM MSCP SETC,,no,no,AWAITING_PICKING,LVPA,LVPA-2 / LVPA-5,0005 → 0010,78,2
200234568168,172599-000,SMOE-62546,29.07.2026,29.07.2026,2,0,SSE Stock Ltd,5,yes,no,REL  PRT  PRC  BASC BCRQ GMPS MACM MSCP*,COMP PREP,yes,yes,READY,CSKI_MVKI,MVKI-1,0005,148,1
200234568169,172599-000,SMOE-62546,24.08.2026,24.08.2026,25,0,SSE Stock Ltd,5,no,no,CRTD MSPT PRC  BASC BCRQ MSCP SETC,,no,no,AWAITING_PICKING,CSKI_MVKI,MVKI-1,0005,274,1
200234568172,172599-000,SMOE-62546,23.09.2026,23.09.2026,18,0,SSE Stock Ltd,5,no,no,CRTD MSPT PRC  BASC BCRQ SETC,,no,no,AWAITING_PICKING,CSKI_MVKI,MVKI-1,0005,236,1
200234568585,ER0253-000,BAH-028000868,02.10.2026,02.10.2026,75,0,TE Connectivity Australia Pty Ltd,5,no,yes,CRTD MSPT PRC  BASC BCRQ SETC,,no,no,AWAITING_PICKING,LVPA,LVPA-5,0050,80,1
200234568588,ER0253-000,BAH-028000868,09.10.2026,09.10.2026,91,0,TE Connectivity Australia Pty Ltd,5,no,yes,CRTD MSPT PRC  BASC BCRQ SETC,,no,no,AWAITING_PICKING,LVPA,LVPA-5,0050,98,1
200234568589,ER0253-000,BAH-028000868,06.11.2026,06.11.2026,57,0,TE Connectivity Australia Pty Ltd,5,no,yes,CRTD MSPT PRC  BASC BCRQ SETC,,no,no,AWAITING_PICKING,LVPA,LVPA-5,0050,61,1
200234576762,EB9999-000,BAH-038081008,30.07.2026,30.07.2026,28,0,SSE Stock Ltd,5,yes,no,REL  PRT  PRC  BASC BCRQ MACM MSCP SETC,,no,no,AWAITING_PICKING,LVPA,LVPA-5,0010 → 0030,113,2
200234576763,EB9999-000,BAH-038081008,13.08.2026,13.08.2026,28,0,SSE Stock Ltd,5,no,no,CRTD PRC  BASC BCRQ MACM SETC,,no,no,AWAITING_PICKING,LVPA,LVPA-5,0010 → 0030,113,2
200234576764,EP3147-000,BAH-038081651,27.08.2026,27.08.2026,4,0,Wolseley UK Limited,5,no,no,CRTD PRC  BASC BCRQ MACM SETC,,no,no,AWAITING_PICKING,LVPA,LVPA-5,0010 → 0030,13,2
200234576767,EP3144-000,BAH-038081648,27.08.2026,27.08.2026,6,0,Wolseley UK Limited,5,no,no,CRTD PRC  BASC BCRQ MACM SETC,,no,no,AWAITING_PICKING,LVPA,LVPA-5,0010 → 0030,19,2
200234576768,EP3147-000,BAH-038081651,27.08.2026,27.08.2026,8,0,Wolseley UK Limited,5,no,no,CRTD PRC  BASC BCRQ MACM SETC,,no,no,AWAITING_PICKING,LVPA,LVPA-5,0010 → 0030,26,2
200234576771,A96941-000,BAH-028000481,07.08.2026,07.08.2026,8,0,Wolseley UK Limited,5,no,no,CRTD PRC  BASC BCRQ MACM MSCP SETC,,no,no,AWAITING_PICKING,LVPA,LVPA-5,0050,11,1
200234576774,EB9995-000,BAH-038081004,14.08.2026,14.08.2026,3,0,Cable Services Ltd,5,no,no,CRTD PRC  BASC BCRQ MACM SETC,,no,no,AWAITING_PICKING,LVPA,LVPA-5,0010 → 0030,8,2
200234576775,D24151-000,BAH-028000475,31.07.2026,31.07.2026,19,0,Wolseley UK Limited,5,yes,no,REL  PRT  PRC  BASC BCRQ MACM SETC,,no,no,AWAITING_PICKING,LVPA,LVPA-5,0050,19,1
200234576841,EE7750-000,BAH-028000742,27.08.2026,27.08.2026,12,0,Wolseley UK Limited,5,no,no,CRTD PRC  BASC BCRQ MACM SETC,,no,no,AWAITING_PICKING,LVPA,LVPA-5,0050,11,1
200234576844,EE7493-000,BAH-038081426,14.08.2026,14.08.2026,17,0,Wolseley UK Limited,5,no,no,CRTD PRC  BASC BCRQ MACM SETC,,no,no,AWAITING_PICKING,LVPA,LVPA-5,0010 → 0030,62,2
200234576849,308845-000,EXRM-1009-16,24.09.2026,24.09.2026,41,0,Tyco Electronics (Kunshan) Ltd,5,no,no,CRTD MSPT PRC  BASC BCRQ SETC,,no,no,AWAITING_PICKING,LVPA,LVPA-5,0050,29,1
200234576852,308845-000,EXRM-1009-16,22.10.2026,22.10.2026,70,0,Tyco Electronics (Kunshan) Ltd,5,no,no,CRTD MSPT PRC  BASC BCRQ SETC,,no,no,AWAITING_PICKING,LVPA,LVPA-5,0050,49,1
200234577881,EE4898-000,BAH-038081250,21.08.2026,21.08.2026,10,0,Cable Services Ltd,5,no,no,CRTD PRC  BASC BCRQ MACM SETC,,no,no,AWAITING_PICKING,LVPA,LVPA-5,0010 → 0030,23,2
200234577891,EP3147-000,BAH-038081651,03.08.2026,03.08.2026,40,0,UK Power Networks(Operations) Ltd,5,yes,no,REL  PRT  PRC  BASC BCRQ MACM SETC,,no,no,AWAITING_PICKING,LVPA,LVPA-5,0010 → 0030,128,2
200234582854,EK8957-000,SMOE-64558,29.07.2026,29.07.2026,3,0,UK Power Networks(Operations) Ltd,5,yes,no,REL  PRT  PRC  BASC BCRQ GMPS MACM RESA*,COMP PREP,yes,yes,READY,CSKI_MVKI,MVKI-1,0010,234,1
200234583092,629939N001,EXRM-1009-43,04.08.2026,04.08.2026,1,0,Tyco Electronics UK Limited,5,yes,no,REL  PRT  PRC  BASC BCRQ MACM MSCP SETC,,no,no,AWAITING_PICKING,LVPA,LVPA-5,0050,1,1
200234583314,EL6641-000,SMOE-64596,24.09.2026,24.09.2026,2,0,Cable Services Ltd,5,no,no,CRTD PRC  BASC BCRQ MACM SETC,,no,no,AWAITING_PICKING,CSKI_MVKI,MVKI-1,0010,57,1
200234583316,EL6641-000,SMOE-64596,09.12.2026,09.12.2026,1,0,Cable Services Ltd,5,no,no,CRTD PRC  BASC BCRQ MACM SETC,,no,no,AWAITING_PICKING,CSKI_MVKI,MVKI-1,0010,54,1
200234583340,EB9990-000,BAH-038080999,13.08.2026,13.08.2026,100,0,SSE Stock Ltd,5,no,no,CRTD PRC  BASC BCRQ MACM SETC,,no,no,AWAITING_PICKING,LVPA,LVPA-5,0010 → 0030,271,2
200234583341,ED0001-000,BAH-038081009,13.08.2026,13.08.2026,28,0,SSE Stock Ltd,5,no,no,CRTD PRC  BASC BCRQ MACM SETC,,no,no,AWAITING_PICKING,LVPA,LVPA-5,0010 → 0030,91,2
200234583345,ED0001-000,BAH-038081009,06.08.2026,06.08.2026,70,0,SSE Stock Ltd,5,no,no,CRTD PRC  BASC BCRQ MACM MSCP SETC,,no,no,AWAITING_PICKING,LVPA,LVPA-5,0010 → 0030,226,2
200234583346,ED0001-000,BAH-038081009,26.08.2026,26.08.2026,42,0,SSE Stock Ltd,5,no,no,CRTD PRC  BASC BCRQ MACM SETC,,no,no,AWAITING_PICKING,LVPA,LVPA-5,0010 → 0030,136,2
200234583350,ED0005-000,BAH-038081013,06.08.2026,06.08.2026,14,0,SSE Stock Ltd,5,no,no,CRTD PRC  BASC BCRQ MACM MSCP SETC,,no,no,AWAITING_PICKING,LVPA,LVPA-5,0010 → 0030,31,2
200234583354,ED0003-000,BAH-038081011,13.08.2026,13.08.2026,14,0,SSE Stock Ltd,5,no,no,CRTD PRC  BASC BCRQ MACM SETC,,no,no,AWAITING_PICKING,LVPA,LVPA-5,0010 → 0030,49,2
200234583417,EB9972-000,BAH-038080981,06.08.2026,06.08.2026,36,0,SSE Stock Ltd,5,no,no,CRTD PRC  BASC BCRQ MACM MSCP SETC,,no,no,AWAITING_PICKING,LVPA,LVPA-5,0010 → 0030,136,2
200234583420,EB9968-000,BAH-038080977,06.08.2026,06.08.2026,20,0,SSE Stock Ltd,5,no,no,CRTD PRC  BASC BCRQ MACM MSCP SETC,,no,no,AWAITING_PICKING,LVPA,LVPA-5,0010 → 0030,87,2
200234583422,ED0002-000,BAH-038081010,13.08.2026,13.08.2026,16,0,SSE Stock Ltd,5,no,no,CRTD PRC  BASC BCRQ MACM SETC,,no,no,AWAITING_PICKING,LVPA,LVPA-5,0010 → 0030,87,2
200234583425,D42206-000,BAH-028000474,14.08.2026,14.08.2026,14,0,Wolseley UK Limited,5,no,no,CRTD PRC  BASC BCRQ MACM SETC,,no,no,AWAITING_PICKING,LVPA,LVPA-5,0050,11,1
200234583427,D17565-000,BAH-028000478,14.08.2026,14.08.2026,11,0,Wolseley UK Limited,5,no,no,CRTD PRC  BASC BCRQ MACM SETC,,no,no,AWAITING_PICKING,LVPA,LVPA-5,0050,10,1
200234583430,EB9987-000,BAH-038080996,06.08.2026,06.08.2026,16,0,SSE Stock Ltd,5,no,no,CRTD PRC  BASC BCRQ MACM MSCP SETC,,no,no,AWAITING_PICKING,LVPA,LVPA-5,0010 → 0030,69,2
200234583431,EB9968-000,BAH-038080977,13.08.2026,13.08.2026,20,0,SSE Stock Ltd,5,no,no,CRTD PRC  BASC BCRQ MACM SETC,,no,no,AWAITING_PICKING,LVPA,LVPA-5,0010 → 0030,87,2
200234583434,ED0003-000,BAH-038081011,13.08.2026,13.08.2026,14,0,SSE Stock Ltd,5,no,no,CRTD PRC  BASC BCRQ MACM SETC,,no,no,AWAITING_PICKING,LVPA,LVPA-5,0010 → 0030,49,2
200234583469,E25698-000,SMOE-63413,30.09.2026,30.09.2026,2,0,Wolseley UK Limited,5,no,no,CRTD MSPT PRC  BASC BCRQ SETC,,no,no,AWAITING_PICKING,CSKI_MVKI,MVKI-1,0010,186,1
200234583500,EB9997-000,BAH-038081006,06.08.2026,06.08.2026,30,0,SSE Stock Ltd,5,no,no,CRTD PRC  BASC BCRQ MACM MSCP SETC,,no,no,AWAITING_PICKING,LVPA,LVPA-5,0010 → 0030,72,2
200234583505,EB9997-000,BAH-038081006,20.08.2026,20.08.2026,30,0,SSE Stock Ltd,5,no,no,CRTD PRC  BASC BCRQ MACM SETC,,no,no,AWAITING_PICKING,LVPA,LVPA-5,0010 → 0030,72,2
200234583510,ED0008-000,BAH-038081016,05.08.2026,05.08.2026,60,0,SSE Stock Ltd,5,no,no,CRTD PRC  BASC BCRQ MACM MSCP SETC,,no,no,AWAITING_PICKING,LVPA,LVPA-5,0010 → 0030,310,2
200234583538,EF0733-000,BAH-038081483,05.08.2026,05.08.2026,90,0,SSE Stock Ltd,5,no,no,CRTD PRC  BASC BCRQ MACM MSCP SETC,,no,no,AWAITING_PICKING,LVPA,LVPA-5,0010 → 0020,203,2
200234585691,ES2308-000,CSJH-36D/1XU-1XU-GB02,07.09.2026,07.09.2026,9,0,SSE Stock Ltd,5,no,no,CRTD MSPT PRC  BASC BCRQ SETC,,no,no,AWAITING_PICKING,CSKI_MVKI,CSKI-1,0010,113,1
200234585830,ER6976-000,CSJA-24C/1XU-1XU-NL01,09.09.2026,09.09.2026,80,0,Tyco Electronics Polska Sp z o.o.,5,no,no,CRTD MSPT PRC  BASC BCRQ SETC,,no,no,AWAITING_PICKING,CSKI_MVKI,CSKI-1,0010,456,1
200234585831,ES2308-000,CSJH-36D/1XU-1XU-GB02,18.09.2026,18.09.2026,9,0,SSE Stock Ltd,5,no,no,CRTD MSPT PRC  BASC BCRQ SETC,,no,no,AWAITING_PICKING,CSKI_MVKI,CSKI-1,0010,113,1
200234585832,ES2308-000,CSJH-36D/1XU-1XU-GB02,08.09.2026,08.09.2026,14,0,Cable Services Ltd,5,no,no,CRTD MSPT PRC  BASC BCRQ SETC,,no,no,AWAITING_PICKING,CSKI_MVKI,CSKI-1,0010,128,1
200234585979,ER6371-000,CSJH-24E/1XU-3XU-M5-NL01,21.10.2026,21.10.2026,20,0,Tyco Electronics Polska Sp z o.o.,5,no,no,CRTD MSPT PRC  BASC BCRQ SETC,,no,no,AWAITING_PICKING,CSKI_MVKI,CSKI-1,0010,261,1
200234585981,ES2308-000,CSJH-36D/1XU-1XU-GB02,07.09.2026,07.09.2026,8,0,Wolseley UK Limited,5,no,no,CRTD MSPT PRC  BASC BCRQ SETC,,no,no,AWAITING_PICKING,CSKI_MVKI,CSKI-1,0010,110,1
200234585982,ER6977-000,CSJ-BUILDUP-KIT-E-NL01,16.09.2026,16.09.2026,16,0,Tyco Electronics Polska Sp z o.o.,5,no,no,CRTD MSPT PRC  BASC BCRQ SETC,,no,no,AWAITING_PICKING,CSKI_MVKI,CSKI-1,0010,128,1
200234585983,ER6986-000,CSJA-ENDSEAL-KIT-E-NL01,23.09.2026,23.09.2026,27,0,Tyco Electronics Polska Sp z o.o.,5,no,no,CRTD PRC  BASC BCRQ MACM SETC,,no,no,AWAITING_PICKING,CSKI_MVKI,CSKI-1,0010,117,1
200234585984,ER6986-000,CSJA-ENDSEAL-KIT-E-NL01,02.09.2026,02.09.2026,62,0,Tyco Electronics Polska Sp z o.o.,5,no,no,CRTD PRC  BASC BCRQ MACM MSCP SETC,,no,no,AWAITING_PICKING,CSKI_MVKI,CSKI-1,0010,164,1
200234585985,ER6986-000,CSJA-ENDSEAL-KIT-E-NL01,14.10.2026,14.10.2026,63,0,Tyco Electronics Polska Sp z o.o.,5,no,no,CRTD MSPT PRC  BASC BCRQ SETC,,no,no,AWAITING_PICKING,CSKI_MVKI,CSKI-1,0010,165,1
200234585986,ER6986-000,CSJA-ENDSEAL-KIT-E-NL01,04.11.2026,04.11.2026,48,0,Tyco Electronics Polska Sp z o.o.,5,no,no,CRTD MSPT PRC  BASC BCRQ SETC,,no,no,AWAITING_PICKING,CSKI_MVKI,CSKI-1,0010,145,1
200234585988,ER6985-000,CSJA-ENDSEAL-KIT-C-NL01,23.09.2026,23.09.2026,22,0,Tyco Electronics Polska Sp z o.o.,5,no,no,CRTD PRC  BASC BCRQ MACM SETC,,no,no,AWAITING_PICKING,CSKI_MVKI,CSKI-1,0010,164,1
200234585989,ER6985-000,CSJA-ENDSEAL-KIT-C-NL01,02.09.2026,02.09.2026,22,0,Tyco Electronics Polska Sp z o.o.,5,no,no,CRTD PRC  BASC BCRQ MACM MSCP SETC,,no,no,AWAITING_PICKING,CSKI_MVKI,CSKI-1,0010,164,1
200234585990,ER6985-000,CSJA-ENDSEAL-KIT-C-NL01,14.10.2026,14.10.2026,7,0,Tyco Electronics Polska Sp z o.o.,5,no,no,CRTD PRC  BASC BCRQ MACM SETC,,no,no,AWAITING_PICKING,CSKI_MVKI,CSKI-1,0010,107,1
200234585991,ER6985-000,CSJA-ENDSEAL-KIT-C-NL01,04.11.2026,04.11.2026,15,0,Tyco Electronics Polska Sp z o.o.,5,no,no,CRTD PRC  BASC BCRQ MACM SETC,,no,no,AWAITING_PICKING,CSKI_MVKI,CSKI-1,0010,137,1
200234585993,ES2308-000,CSJH-36D/1XU-1XU-GB02,12.10.2026,12.10.2026,3,0,SSE Stock Ltd,5,no,no,CRTD MSPT PRC  BASC BCRQ MSCP SETC,,no,no,AWAITING_PICKING,CSKI_MVKI,CSKI-1,0010,95,1
200234585994,CL1172-011,CSJA-36D/1XU-1XU-M,05.08.2026,05.08.2026,2,0,Tyco Electronics Polska Sp z o.o.,5,no,no,CRTD PRC  BASC BCRQ MACM SETC,,no,no,AWAITING_PICKING,CSKI_MVKI,CSKI-1,0010,92,1
200234586088,ER5489-000,CSJH-24C/1XU-1XU-M1-NL01,21.10.2026,21.10.2026,5,0,Tyco Electronics Polska Sp z o.o.,5,no,no,CRTD MSPT PRC  BASC BCRQ SETC,,no,no,AWAITING_PICKING,CSKI_MVKI,CSKI-1,0010,104,1
200234586419,ER3074-000,BAH-038081686,17.08.2026,18.08.2026,200,0,Cable Services Ltd,5,no,no,CRTD PRC  BASC BCRQ MACM SETC,,no,no,AWAITING_PICKING,LVPA,LVPA-2 / LVPA-5,0005 → 0010,824,2
200234586421,ER3075-000,BAH-038081687,14.08.2026,17.08.2026,200,0,Cable Services Ltd,5,no,no,CRTD PRC  BASC BCRQ MACM MSCP SETC,,no,no,AWAITING_PICKING,LVPA,LVPA-2 / LVPA-5,0005 → 0010,824,2
200234591298,EP6011-000,SMOE-64733,30.07.2026,31.07.2026,80,0,UK Power Networks(Operations) Ltd,5,yes,no,REL  PRT  PRC  BASC BCRQ MACM MSCP SETC,,no,no,AWAITING_PICKING,CSKI_MVKI,MVKI-1,0010,392,1
200234591306,EP6010-000,SMOE-64732,03.08.2026,03.08.2026,100,0,UK Power Networks(Operations) Ltd,5,no,no,CRTD MSPT PRC  BASC BCRQ RELR SETC,,no,no,AWAITING_PICKING,CSKI_MVKI,MVKI-1,0010,469,1
200234591308,604807-000,SMOE-61757,14.08.2026,14.08.2026,2,0,Wolseley UK Limited,5,no,no,CRTD PRC  BASC BCRQ MACM MSCP SETC,,no,no,AWAITING_PICKING,CSKI_MVKI,MVKI-1,0005,82,1
200234591310,204099-000,SMOE-62585,02.09.2026,02.09.2026,10,0,Cable Services Ltd,5,no,no,CRTD PRC  BASC BCRQ MACM MSCP SETC,,no,no,AWAITING_PICKING,CSKI_MVKI,MVKI-1,0005,94,1
200234591313,799501-000,SHSS-12A-IND,17.09.2026,17.09.2026,20,0,Cable Services Ltd,5,no,no,CRTD MSPT PRC  BASC BCRQ SETC,,no,no,AWAITING_PICKING,CSKI_MVKI,MVKI-1,0005,125,1
200234591314,799501-000,SHSS-12A-IND,14.08.2026,14.08.2026,10,0,Wolseley UK Limited,5,no,no,CRTD MSPT PRC  BASC BCRQ MSCP SETC,,no,no,AWAITING_PICKING,CSKI_MVKI,MVKI-1,0005,95,1
200234591316,E07331-000,SMOE-63180,02.09.2026,02.09.2026,2,0,Cable Services Ltd,5,no,no,CRTD MSPT PRC  BASC BCRQ MSCP SETC,,no,no,AWAITING_PICKING,CSKI_MVKI,MVKI-1,0005,110,1
200234592347,953163-000,SMOE-62753,29.09.2026,29.09.2026,2,0,Wolseley UK Limited,5,no,no,CRTD MSPT PRC  BASC BCRQ MSCP SETC,,no,no,AWAITING_PICKING,CSKI_MVKI,MVKI-1,0005,93,1
200234592348,EF1233-000,BAH-038081488,21.08.2026,21.08.2026,13,0,Wolseley UK Limited,5,no,no,CRTD PRC  BASC BCRQ MACM SETC,,no,no,AWAITING_PICKING,CSKI_MVKI,MVKI-1,0010,125,1
200234592351,EP6009-000,SMOE-64731,11.08.2026,11.08.2026,30,0,UK Power Networks(Operations) Ltd,5,no,no,CRTD MSPT PRC  BASC BCRQ SETC,,no,no,AWAITING_PICKING,CSKI_MVKI,MVKI-1,0010,138,1
200234592639,EP6008-000,SMOE-64730,17.09.2026,17.09.2026,35,0,UK Power Networks(Operations) Ltd,5,no,no,CRTD MSPT PRC  BASC BCRQ MSCP SETC,,no,no,AWAITING_PICKING,CSKI_MVKI,MVKI-1,0010,222,1
200234592645,468515-000,SMOE-62534,21.08.2026,21.08.2026,12,0,SSE Stock Ltd,5,no,no,CRTD MSPT PRC  BASC BCRQ SETC,,no,no,AWAITING_PICKING,CSKI_MVKI,MVKI-1,0010,173,1
200234592646,468515-000,SMOE-62534,01.09.2026,01.09.2026,12,0,SSE Stock Ltd,5,no,no,CRTD MSPT PRC  BASC BCRQ MSCP SETC,,no,no,AWAITING_PICKING,CSKI_MVKI,MVKI-1,0010,173,1
200234592648,EF1235-000,BAH-038081490,01.09.2026,01.09.2026,100,0,UK Power Networks(Operations) Ltd,5,no,no,CRTD PRC  BASC BCRQ MACM MSCP SETC,,no,no,AWAITING_PICKING,CSKI_MVKI,MVKI-1,0010,315,1
200234592649,EF1234-000,BAH-038081489,01.09.2026,01.09.2026,200,0,UK Power Networks(Operations) Ltd,5,no,no,CRTD PRC  BASC BCRQ MACM MSCP SETC,,no,no,AWAITING_PICKING,CSKI_MVKI,MVKI-1,0010,487,1
200234592651,582525-000,SMOE-62533,06.08.2026,06.08.2026,20,0,SSE Stock Ltd,5,no,no,CRTD MSPT PRC  BASC BCRQ MSCP SETC,,no,no,AWAITING_PICKING,CSKI_MVKI,MVKI-1,0010,303,1
200234594772,825430-000,BAH-018010002,24.08.2026,28.08.2026,21,0,,0,no,no,CRTD MSPT PRC  BASC BCRQ RELR SETC,,no,no,AWAITING_PICKING,LVPA,LVPA-5,0010,2423,1
200234595137,EE7743-000,BAH-028000735,30.07.2026,31.07.2026,504,0,Electricity North West Ltd,5,yes,no,REL  PRT  PRC  BASC BCRQ MACM MSCP SETC,,no,no,AWAITING_PICKING,LVPA,LVPA-5,0050,431,1
200234595141,EE7753-000,BAH-028000745,31.07.2026,31.07.2026,152,0,Electricity North West Ltd,5,yes,no,REL  PRT  PRC  BASC BCRQ MACM SETC,,no,no,AWAITING_PICKING,LVPA,LVPA-5,0050,94,1
200234595485,EE7496-000,BAH-038081423,06.08.2026,06.08.2026,30,0,SP Power Systems Ltd,5,no,no,CRTD MSPT PRC  BASC BCRQ MSCP SETC,,no,no,AWAITING_PICKING,LVPA,LVPA-5,0010 → 0030,53,2
200234598671,CR0672-000,CATJ-12C/1XU-3SB-GB03,26.08.2026,26.08.2026,5,0,SP Power Systems Ltd,5,no,no,CRTD PRC  BASC BCRQ MACM MSCP SETC,,no,no,AWAITING_PICKING,CSKI_MVKI,CSKI-1,0010,118,1
200234598676,CP8417-000,CATJ-12E/1XU-1HL-GB01,04.08.2026,05.08.2026,8,0,SP Power Systems Ltd,5,no,no,CRTD PRC  BASC BCRQ MSCP SETC,,no,no,AWAITING_PICKING,CSKI_MVKI,CSKI-1,0010,134,1
200234601051,EF1240-000,BAH-038081495,03.08.2026,03.08.2026,50,0,UK Power Networks(Operations) Ltd,5,yes,no,REL  PRC  BASC BCRQ MACM SETC,,no,no,AWAITING_PICKING,CSKI_MVKI,MVKI-1,0010,137,1
200234601201,ER3078-000,BAH-038081690,14.08.2026,17.08.2026,200,0,Cable Services Ltd,5,no,no,CRTD PRC  BASC BCRQ MACM MSCP SETC,,no,no,AWAITING_PICKING,LVPA,LVPA-2 / LVPA-5,0005 → 0010,824,2
200234601781,EK3578-000,SMOE-64543,05.08.2026,05.08.2026,8,0,UK Power Networks(Operations) Ltd,5,no,no,CRTD PRC  BASC BCRQ MACM MSCP SETC,,no,no,AWAITING_PICKING,CSKI_MVKI,MVKI-1,0010,81,1
200234601807,EK3578-000,SMOE-64543,10.09.2026,10.09.2026,20,0,UK Power Networks(Operations) Ltd,5,no,no,CRTD PRC  BASC BCRQ MACM MSCP SETC,,no,no,AWAITING_PICKING,CSKI_MVKI,MVKI-1,0010,112,1
200234601886,F57005-000,SMOE-63191,09.10.2026,09.10.2026,15,0,Cable Services Ltd,5,no,no,CRTD MSPT PRC  BASC BCRQ SETC,,no,no,AWAITING_PICKING,CSKI_MVKI,MVKI-1,0010,193,1
200234601887,F57005-000,SMOE-63191,11.11.2026,11.11.2026,5,0,Cable Services Ltd,5,no,no,CRTD MSPT PRC  BASC BCRQ SETC,,no,no,AWAITING_PICKING,CSKI_MVKI,MVKI-1,0010,108,1
200234601964,EP3114-000,BAH-038081618,14.08.2026,14.08.2026,250,0,UK Power Networks(Operations) Ltd,5,no,no,CRTD PRC  BASC BCRQ MACM SETC,,no,no,AWAITING_PICKING,LVPA,LVPA-5,0010,333,1
200234601965,EP3125-000,BAH-038081629,07.08.2026,07.08.2026,84,0,Wolseley UK Limited,5,no,no,CRTD PRC  BASC BCRQ MACM MSCP SETC,,no,no,AWAITING_PICKING,LVPA,LVPA-5,0010,304,1
200234601966,ER3079-000,BAH-038081691,13.08.2026,14.08.2026,100,0,Cable Services Ltd,5,no,no,CRTD PRC  BASC BCRQ MACM SETC,,no,no,AWAITING_PICKING,LVPA,LVPA-2 / LVPA-5,0005 → 0010,412,2
200234601969,ER3081-000,BAH-038081693,11.08.2026,13.08.2026,500,0,Cable Services Ltd,5,no,no,CRTD PRC  BASC BCRQ MACM SETC,,no,no,AWAITING_PICKING,LVPA,LVPA-2 / LVPA-5,0005 → 0010,2059,2
200234601975,ER3080-000,BAH-038081692,25.08.2026,28.08.2026,500,0,Cable Services Ltd,5,no,no,CRTD PRC  BASC BCRQ MACM SETC,,no,no,AWAITING_PICKING,LVPA,LVPA-2 / LVPA-5,0005 → 0010,2059,2
200234602077,EP6009-000,SMOE-64731,28.08.2026,28.08.2026,5,0,Wolseley UK Limited,5,no,no,CRTD MSPT PRC  BASC BCRQ SETC,,no,no,AWAITING_PICKING,CSKI_MVKI,MVKI-1,0010,81,1
200234602097,ER3080-000,BAH-038081692,01.09.2026,04.09.2026,500,0,Cable Services Ltd,5,no,no,CRTD PRC  BASC BCRQ MACM MSCP SETC,,no,no,AWAITING_PICKING,LVPA,LVPA-2 / LVPA-5,0005 → 0010,2059,2
200234602100,ER3080-000,BAH-038081692,08.09.2026,11.09.2026,500,0,Cable Services Ltd,5,no,no,CRTD PRC  BASC BCRQ MACM SETC,,no,no,AWAITING_PICKING,LVPA,LVPA-2 / LVPA-5,0005 → 0010,2059,2
200234602101,ER3080-000,BAH-038081692,15.09.2026,18.09.2026,500,0,Cable Services Ltd,5,no,no,CRTD PRC  BASC BCRQ MACM SETC,,no,no,AWAITING_PICKING,LVPA,LVPA-2 / LVPA-5,0005 → 0010,2059,2
200234602379,EP3115-000,BAH-038081619,10.08.2026,10.08.2026,150,0,UK Power Networks(Operations) Ltd,5,no,no,CRTD PRC  BASC BCRQ MACM MSCP SETC,,no,no,AWAITING_PICKING,LVPA,LVPA-5,0010,200,1
200234602381,EB9975-000,BAH-038080984,19.08.2026,19.08.2026,30,0,SSE Stock Ltd,5,no,no,CRTD PRC  BASC BCRQ MACM SETC,,no,no,AWAITING_PICKING,LVPA,LVPA-2 / LVPA-5,0010 → 0020,126,2
200234602385,EB9985-000,BAH-038080994,17.08.2026,17.08.2026,100,0,SSE Stock Ltd,5,no,no,CRTD PRC  BASC BCRQ MACM SETC,,no,no,AWAITING_PICKING,LVPA,LVPA-5,0010,362,1
200234602386,EB9970-000,BAH-038080979,25.08.2026,25.08.2026,64,0,SSE Stock Ltd,5,no,no,CRTD PRC  BASC BCRQ MACM SETC,,no,no,AWAITING_PICKING,LVPA,LVPA-5,0010,232,1
200234602388,EE7511-000,BAH-038081408,27.08.2026,27.08.2026,20,0,Cable Services Ltd,5,no,no,CRTD PRC  BASC BCRQ MACM SETC,,no,no,AWAITING_PICKING,LVPA,LVPA-5,0010,72,1
200234603031,EB9990-000,BAH-038080999,05.08.2026,05.08.2026,100,0,SSE Stock Ltd,5,no,no,CRTD PRC  BASC BCRQ MACM MSCP SETC,,no,no,AWAITING_PICKING,LVPA,LVPA-5,0010 → 0030,271,2
200234603032,EE7492-000,BAH-038081427,06.08.2026,06.08.2026,12,0,Wolseley UK Limited,5,no,no,CRTD PRC  BASC BCRQ MACM MSCP SETC,,no,no,AWAITING_PICKING,LVPA,LVPA-5,0010 → 0030,34,2
200234603033,ED0001-000,BAH-038081009,30.07.2026,30.07.2026,70,0,SSE Stock Ltd,5,yes,no,REL  PRT  PRC  BASC BCRQ MACM MSCP SETC,,no,no,AWAITING_PICKING,LVPA,LVPA-5,0010 → 0030,226,2
200234603034,ED0001-000,BAH-038081009,13.08.2026,13.08.2026,70,0,SSE Stock Ltd,5,no,no,CRTD PRC  BASC BCRQ MACM MSCP SETC,,no,no,AWAITING_PICKING,LVPA,LVPA-5,0010 → 0030,226,2
200234609641,EB9986-000,BAH-038080995,01.10.2026,02.10.2026,84,0,SSE Stock Ltd,5,no,no,CRTD PRC  BASC BCRQ MACM SETC,,no,no,AWAITING_PICKING,LVPA,LVPA-5,0010 → 0020 → 0030,264,3
200234609646,EB9986-000,BAH-038080995,01.10.2026,01.10.2026,60,0,SSE Stock Ltd,5,no,no,CRTD PRC  BASC BCRQ MACM SETC,,no,no,AWAITING_PICKING,LVPA,LVPA-5,0010 → 0020 → 0030,188,3
200234609649,EP3126-000,BAH-038081630,31.07.2026,31.07.2026,70,0,Wolseley UK Limited,5,yes,no,REL  PRT  PRC  BASC BCRQ MACM SETC,,no,no,AWAITING_PICKING,LVPA,LVPA-5,0010 → 0030,224,2
200234609650,EP3137-000,BAH-038081641,14.08.2026,14.08.2026,10,0,Cable Services Ltd,5,no,no,CRTD PRC  BASC BCRQ MACM MSCP SETC,,no,no,AWAITING_PICKING,LVPA,LVPA-5,0010 → 0030,32,2
200234609651,E34722-000,BAH-028000482,02.10.2026,02.10.2026,3,0,Wolseley UK Limited,5,no,no,CRTD PRC  BASC BCRQ MACM SETC,,no,no,AWAITING_PICKING,LVPA,LVPA-5,0050,5,1
200234609652,EP3143-000,BAH-038081647,31.07.2026,31.07.2026,2,0,Wolseley UK Limited,5,yes,no,REL  PRT  PRC  BASC BCRQ MACM SETC,,no,no,AWAITING_PICKING,LVPA,LVPA-5,0010 → 0030,6,2
200234609653,EB9986-000,BAH-038080995,01.10.2026,01.10.2026,60,0,SSE Stock Ltd,5,no,no,CRTD PRC  BASC BCRQ MACM SETC,,no,no,AWAITING_PICKING,LVPA,LVPA-5,0010 → 0020 → 0030,188,3
200234609654,EB9986-000,BAH-038080995,01.10.2026,01.10.2026,60,0,SSE Stock Ltd,5,no,no,CRTD MSPT PRC  BASC BCRQ SETC,,no,no,AWAITING_PICKING,LVPA,LVPA-5,0010 → 0020 → 0030,188,3
200234609717,EB9986-000,BAH-038080995,30.09.2026,30.09.2026,60,0,SSE Stock Ltd,5,no,no,CRTD MSPT PRC  BASC BCRQ SETC,,no,no,AWAITING_PICKING,LVPA,LVPA-5,0010 → 0020 → 0030,188,3
200234609719,A71740-000,BAH-038080680,21.08.2026,21.08.2026,5,0,TE Connectivity Australia Pty Ltd,5,no,yes,CRTD MSPT PRC  BASC BCRQ SETC,,no,no,AWAITING_PICKING,LVPA,LVPA-5,0010 → 0030,27,2
200234609721,C86482-000,BAH-038080681,21.08.2026,21.08.2026,5,0,TE Connectivity Australia Pty Ltd,5,no,yes,CRTD PRC  BASC BCRQ MACM SETC,,no,no,AWAITING_PICKING,LVPA,LVPA-5,0010 → 0030,27,2
200234609725,EB9997-000,BAH-038081006,06.08.2026,06.08.2026,30,0,SSE Stock Ltd,5,no,no,CRTD PRC  BASC BCRQ MACM MSCP SETC,,no,no,AWAITING_PICKING,LVPA,LVPA-5,0010 → 0030,72,2
200234609799,EB9971-000,BAH-038080980,04.08.2026,04.08.2026,36,0,SSE Stock Ltd,5,yes,no,REL  PRT  PRC  BASC BCRQ MACM MSCP SETC,,no,no,AWAITING_PICKING,LVPA,LVPA-5,0010 → 0030,125,2
200234609802,EB9999-000,BAH-038081008,04.08.2026,04.08.2026,42,0,SSE Stock Ltd,5,yes,no,REL  PRT  PRC  BASC BCRQ MACM MSCP SETC,,no,no,AWAITING_PICKING,LVPA,LVPA-5,0010 → 0030,169,2
200234609803,EB9999-000,BAH-038081008,20.08.2026,20.08.2026,42,0,SSE Stock Ltd,5,no,no,CRTD PRC  BASC BCRQ MACM SETC,,no,no,AWAITING_PICKING,LVPA,LVPA-5,0010 → 0030,169,2
200234609806,EP3144-000,BAH-038081648,04.08.2026,04.08.2026,30,0,UK Power Networks(Operations) Ltd,5,yes,no,REL  PRT  PRC  BASC BCRQ MACM MSCP SETC,,no,no,AWAITING_PICKING,LVPA,LVPA-5,0010 → 0030,96,2
200234609809,EP3144-000,BAH-038081648,11.09.2026,11.09.2026,21,0,Wolseley UK Limited,5,no,no,CRTD PRC  BASC BCRQ MACM SETC,,no,no,AWAITING_PICKING,LVPA,LVPA-5,0010 → 0030,67,2
200234609811,EP3144-000,BAH-038081648,04.08.2026,04.08.2026,30,0,UK Power Networks(Operations) Ltd,5,yes,no,REL  PRT  PRC  BASC BCRQ MACM MSCP SETC,,no,no,AWAITING_PICKING,LVPA,LVPA-5,0010 → 0030,96,2
200234609814,EP3143-000,BAH-038081647,03.08.2026,03.08.2026,25,0,UK Power Networks(Operations) Ltd,5,yes,no,REL  PRT  PRC  BASC BCRQ MACM SETC,,no,no,AWAITING_PICKING,LVPA,LVPA-5,0010 → 0030,75,2
200234609862,EP3128-000,BAH-038081632,03.08.2026,03.08.2026,24,0,UK Power Networks(Operations) Ltd,5,yes,no,REL  PRT  PRC  BASC BCRQ MACM SETC,,no,no,AWAITING_PICKING,LVPA,LVPA-5,0010 → 0030,77,2
200234609865,EP3128-000,BAH-038081632,17.08.2026,17.08.2026,1,0,UK Power Networks(Operations) Ltd,5,no,no,CRTD PRC  BASC BCRQ MACM SETC,,no,no,AWAITING_PICKING,LVPA,LVPA-5,0010 → 0030,3,2
200234610057,928974-000,BAH-028000050,03.08.2026,03.08.2026,300,0,National Grid Electricity,5,yes,no,REL  PRT  PRC  BASC BCRQ MACM MSCP SETC,,no,no,AWAITING_PICKING,LVPA,LVPA-5,0050,309,1
200234610060,D17565-000,BAH-028000478,21.08.2026,21.08.2026,1,0,Wolseley UK Limited,5,no,no,CRTD PRC  BASC BCRQ MACM SETC,,no,no,AWAITING_PICKING,LVPA,LVPA-5,0050,1,1
200234610062,ER3077-000,BAH-038081689,13.08.2026,14.08.2026,100,0,Cable Services Ltd,5,no,no,CRTD PRC  BASC BCRQ MACM SETC,,no,no,AWAITING_PICKING,LVPA,LVPA-5,0010 → 0030,342,2
200234610065,EP3133-000,BAH-038081637,04.08.2026,04.08.2026,60,0,UK Power Networks(Operations) Ltd,5,yes,no,REL  PRT  PRC  BASC BCRQ MACM MSCP SETC,,no,no,AWAITING_PICKING,LVPA,LVPA-5,0010 → 0030,192,2
200234610071,498262-000,BAH-028000049,14.08.2026,14.08.2026,39,0,Wolseley UK Limited,5,no,no,CRTD PRC  BASC BCRQ MACM MSCP SETC,,no,no,AWAITING_PICKING,LVPA,LVPA-5,0020,11,1
200234610097,EN2828-000,CSJA-24C/1XU-1XU-DE02,23.09.2026,23.09.2026,15,0,Prego Services GmbH,5,no,no,CRTD MSPT PRC  BASC BCRQ SETC,,no,no,AWAITING_PICKING,CSKI_MVKI,CSKI-1,0010,138,1
200234610099,ES7516-000,CSJH-12B/1XU-1XU-GB02,26.11.2026,26.11.2026,20,0,Wolseley UK Limited,5,no,no,CRTD MSPT PRC  BASC BCRQ SETC,,no,no,AWAITING_PICKING,CSKI_MVKI,CSKI-1,0010,134,1
200234610102,EM9872-000,CSJ-ENDSEAL-KIT-D-GB06,14.08.2026,14.08.2026,6,0,SSE Stock Ltd,5,no,no,CRTD PRC  BASC BCRQ MACM MSCP SETC,,no,no,AWAITING_PICKING,CSKI_MVKI,CSKI-1,0010,87,1
200234610106,ER5489-000,CSJH-24C/1XU-1XU-M1-NL01,14.10.2026,14.10.2026,3,0,Tyco Electronics Polska Sp z o.o.,5,no,no,CRTD MSPT PRC  BASC BCRQ SETC,,no,no,AWAITING_PICKING,CSKI_MVKI,CSKI-1,0010,97,1
200234610107,ET6009-000,CSJH-12B/1XU-1XU-GB01,27.11.2026,27.11.2026,15,0,Wolseley UK Limited,5,no,no,CRTD MSPT PRC  BASC BCRQ SETC,,no,no,AWAITING_PICKING,CSKI_MVKI,CSKI-1,0010,133,1
200234610117,EP3135-000,BAH-038081639,04.08.2026,04.08.2026,90,0,UK Power Networks(Operations) Ltd,5,yes,no,REL  PRT  PRC  BASC BCRQ MACM MSCP SETC,,no,no,AWAITING_PICKING,LVPA,LVPA-5,0010 → 0030,288,2
200234610118,EP3146-000,BAH-038081650,04.08.2026,04.08.2026,40,0,UK Power Networks(Operations) Ltd,5,yes,no,REL  PRT  PRC  BASC BCRQ MACM MSCP SETC,,no,no,AWAITING_PICKING,LVPA,LVPA-5,0010 → 0030,128,2
200234610119,EB9995-000,BAH-038081004,13.08.2026,13.08.2026,100,0,SSE Stock Ltd,5,no,no,CRTD PRC  BASC BCRQ MACM MSCP SETC,,no,no,AWAITING_PICKING,LVPA,LVPA-5,0010 → 0030,244,2
200234610121,ED0001-000,BAH-038081009,26.08.2026,26.08.2026,70,0,SSE Stock Ltd,5,no,no,CRTD PRC  BASC BCRQ MACM SETC,,no,no,AWAITING_PICKING,LVPA,LVPA-5,0010 → 0030,226,2
200234610123,BM4664-000,BAH-038081533,13.08.2026,13.08.2026,20,0,SSE Stock Ltd,5,no,no,CRTD PRC  BASC BCRQ MACM MSCP SETC,,no,no,AWAITING_PICKING,LVPA,LVPA-5,0010 → 0030,46,2
200234610127,EF0733-000,BAH-038081483,13.08.2026,13.08.2026,24,0,SSE Stock Ltd,5,no,no,CRTD PRC  BASC BCRQ MACM MSCP SETC,,no,no,AWAITING_PICKING,LVPA,LVPA-5,0010 → 0020,54,2
200234610128,EF0733-000,BAH-038081483,26.08.2026,26.08.2026,26,0,SSE Stock Ltd,5,no,no,CRTD PRC  BASC BCRQ MACM SETC,,no,no,AWAITING_PICKING,LVPA,LVPA-5,0010 → 0020,58,2
200234610129,EP3126-000,BAH-038081630,21.08.2026,21.08.2026,22,0,Wolseley UK Limited,5,no,no,CRTD PRC  BASC BCRQ MACM SETC,,no,no,AWAITING_PICKING,LVPA,LVPA-5,0010 → 0030,70,2
200234610130,ED0004-000,BAH-038081012,26.08.2026,26.08.2026,14,0,SSE Stock Ltd,5,no,no,CRTD PRC  BASC BCRQ MACM SETC,,no,no,AWAITING_PICKING,LVPA,LVPA-5,0010 → 0030,59,2
200234610131,ED0004-000,BAH-038081012,26.08.2026,26.08.2026,14,0,SSE Stock Ltd,5,no,no,CRTD PRC  BASC BCRQ MACM SETC,,no,no,AWAITING_PICKING,LVPA,LVPA-5,0010 → 0030,59,2
200234610132,ED0012-000,BAH-038081019,13.08.2026,13.08.2026,30,0,SSE Stock Ltd,5,no,no,CRTD PRC  BASC BCRQ MACM MSCP SETC,,no,no,AWAITING_PICKING,LVPA,LVPA-5,0010 → 0030,90,2
200234610135,D42206-000,BAH-028000474,04.08.2026,04.08.2026,200,0,National Grid Electricity,5,yes,no,REL  PRT  PRC  BASC BCRQ MACM MSCP SETC,,no,no,AWAITING_PICKING,LVPA,LVPA-5,0050,123,1
200234610136,D24151-000,BAH-028000475,04.08.2026,04.08.2026,200,0,National Grid Electricity,5,yes,no,REL  PRT  PRC  BASC BCRQ MACM MSCP SETC,,no,no,AWAITING_PICKING,LVPA,LVPA-5,0050,173,1
200234610257,F54046-000,BAH-028000480,04.08.2026,04.08.2026,50,0,National Grid Electricity,5,yes,no,REL  PRT  PRC  BASC BCRQ MACM MSCP SETC,,no,no,AWAITING_PICKING,LVPA,LVPA-5,0050,48,1
200234610259,EB9977-000,BAH-038080986,05.08.2026,05.08.2026,20,0,SSE Stock Ltd,5,no,no,CRTD PRC  BASC BCRQ MACM MSCP SETC,,no,no,AWAITING_PICKING,LVPA,LVPA-5,0010 → 0030,66,2
200234610260,EB9977-000,BAH-038080986,26.08.2026,26.08.2026,20,0,SSE Stock Ltd,5,no,no,CRTD PRC  BASC BCRQ MACM SETC,,no,no,AWAITING_PICKING,LVPA,LVPA-5,0010 → 0030,66,2
200234610261,EB9987-000,BAH-038080996,26.08.2026,26.08.2026,16,0,SSE Stock Ltd,5,no,no,CRTD PRC  BASC BCRQ MACM SETC,,no,no,AWAITING_PICKING,LVPA,LVPA-5,0010 → 0030,69,2
200234610262,EP3127-000,BAH-038081631,19.08.2026,19.08.2026,100,0,UK Power Networks(Operations) Ltd,5,no,no,CRTD PRC  BASC BCRQ MACM SETC,,no,no,AWAITING_PICKING,LVPA,LVPA-5,0010 → 0030,320,2
200234610263,CM0111-000,BAH-028000535,27.07.2026,27.07.2026,3,0,TE Connectivity Argentina SRL,5,yes,no,REL  PRT  PRC  BASC BCRQ GMPS MACM RESA*,COMP PREP,yes,yes,READY,LVPA,LVPA-5,0050,4,1
200234617278,ED0007-000,BAH-038081015,10.08.2026,10.08.2026,3,0,SSE Stock Ltd,5,no,no,CRTD PRC  BASC BCRQ MACM MSCP SETC,,no,no,AWAITING_PICKING,LVPA,LVPA-5,0010 → 0030,16,2
200234617419,ET3895-000,BAH-038000895,05.08.2026,05.08.2026,80,0,TE Connectivity Australia Pty Ltd,5,no,yes,CRTD PRC  BASC BCRQ MACM MSCP SETC,,no,no,AWAITING_PICKING,LVPA,LVPA-2 / LVPA-5,0010 → 0020,129,2
200234617420,ET3892-000,BAH-038000892,05.08.2026,05.08.2026,140,0,TE Connectivity Australia Pty Ltd,5,no,yes,CRTD PRC  BASC BCRQ MACM MSCP SETC,,no,no,AWAITING_PICKING,LVPA,LVPA-2 / LVPA-5,0010 → 0020,203,2
200234617918,EK8957-000,SMOE-64558,04.08.2026,04.08.2026,6,0,UK Power Networks(Operations) Ltd,5,no,no,CRTD PRC  BASC BCRQ MACM MSCP SETC,,no,no,AWAITING_PICKING,CSKI_MVKI,MVKI-1,0010,279,1
200234617919,EK8957-000,SMOE-64558,04.08.2026,04.08.2026,6,0,UK Power Networks(Operations) Ltd,5,no,no,CRTD PRC  BASC BCRQ MACM MSCP SETC,,no,no,AWAITING_PICKING,CSKI_MVKI,MVKI-1,0010,279,1
200234617924,EP6005-000,SMOE-64742,10.09.2026,10.09.2026,20,0,UK Power Networks(Operations) Ltd,5,no,no,CRTD MSPT PRC  BASC BCRQ MSCP SETC,,no,no,AWAITING_PICKING,CSKI_MVKI,MVKI-1,0010,257,1
200234624696,CS8298-000,CSJA-24C/1XU-1XU-M1-NO01,29.07.2026,29.07.2026,86,30,Ensto Nor AS,5,yes,no,REL  PRT  PCNF PRC  BASC BCRQ GMPS MACM*,COMP,yes,yes,READY,CSKI_MVKI,CSKI-1,0010,195,1
200234624959,ER8811-000,CSJA-24B2/1XU-1XU-PT01,04.08.2026,04.08.2026,82,0,Tyco Electronics Polska Sp z o.o.,5,no,no,CRTD MSPT PRC  BASC BCRQ MSCP SETC,,no,no,AWAITING_PICKING,CSKI_MVKI,CSKI-1,0010,332,1
200234627052,EB3902-000,BAH-028000577,13.08.2026,13.08.2026,35,0,ESB,5,no,no,CRTD PRC  BASC BCRQ MACM SETC,,no,no,AWAITING_PICKING,LVPA,LVPA-5,0050,24,1
200234627054,EB9995-000,BAH-038081004,31.07.2026,31.07.2026,63,0,Cable Services Ltd,5,yes,no,REL  PRT  PRC  BASC BCRQ MACM SETC,,no,no,AWAITING_PICKING,LVPA,LVPA-5,0010 → 0030,154,2
200234628413,EE7745-000,BAH-028000737,13.08.2026,13.08.2026,50,0,Electricity North West Ltd,5,no,no,CRTD PRC  BASC BCRQ MACM MSCP SETC,,no,no,AWAITING_PICKING,LVPA,LVPA-5,0050,38,1
200234628478,EE7748-000,BAH-028000740,11.08.2026,11.08.2026,40,0,Electricity North West Ltd,5,no,no,CRTD PRC  BASC BCRQ MACM MSCP SETC,,no,no,AWAITING_PICKING,LVPA,LVPA-5,0050,28,1
200234628518,EB9999-000,BAH-038081008,26.08.2026,26.08.2026,112,0,SSE Stock Ltd,5,no,no,CRTD PRC  BASC BCRQ MACM SETC,,no,no,AWAITING_PICKING,LVPA,LVPA-5,0010 → 0030,450,2
200234628531,ED0004-000,BAH-038081012,27.08.2026,27.08.2026,40,0,Cable Services Ltd,5,no,no,CRTD PRC  BASC BCRQ MACM SETC,,no,no,AWAITING_PICKING,LVPA,LVPA-5,0010 → 0030,167,2
200234628534,EP3123-000,BAH-038081627,03.08.2026,03.08.2026,130,0,UK Power Networks(Operations) Ltd,5,yes,no,REL  PRT  PRC  BASC BCRQ MACM SETC,,no,no,AWAITING_PICKING,LVPA,LVPA-5,0010 → 0030,416,2
200234628637,ED0014-000,BAH-038081021,27.08.2026,27.08.2026,40,0,Cable Services Ltd,5,no,no,CRTD PRC  BASC BCRQ MACM SETC,,no,no,AWAITING_PICKING,LVPA,LVPA-2 / LVPA-5,0010 → 0025,165,2
200234628638,EP3118-000,BAH-038081622,07.08.2026,07.08.2026,80,0,UK Power Networks(Operations) Ltd,5,no,no,CRTD PRC  BASC BCRQ MACM MSCP SETC,,no,no,AWAITING_PICKING,LVPA,LVPA-5,0010,107,1
200234628679,EP3125-000,BAH-038081629,14.08.2026,17.08.2026,200,0,UK Power Networks(Operations) Ltd,5,no,no,CRTD PRC  BASC BCRQ MACM MSCP SETC,,no,no,AWAITING_PICKING,LVPA,LVPA-5,0010,724,1
200234628755,EB9988-000,BAH-038080997,05.08.2026,05.08.2026,60,0,SSE Stock Ltd,5,yes,no,REL  PRT  PRC  BASC BCRQ MACM MSCP SETC,,no,no,AWAITING_PICKING,LVPA,LVPA-2 / LVPA-5,0010 → 0025,249,2
200234628756,ED0013-000,BAH-038081020,27.08.2026,27.08.2026,4,0,Wolseley UK Limited,5,no,no,CRTD PRC  BASC BCRQ MACM SETC,,no,no,AWAITING_PICKING,LVPA,LVPA-2 / LVPA-5,0010 → 0025,16,2
200234628797,EP3118-000,BAH-038081622,19.08.2026,19.08.2026,80,0,UK Power Networks(Operations) Ltd,5,no,no,CRTD PRC  BASC BCRQ MACM SETC,,no,no,AWAITING_PICKING,LVPA,LVPA-5,0010,107,1
200234636647,EP6011-000,SMOE-64733,11.08.2026,11.08.2026,80,0,UK Power Networks(Operations) Ltd,5,no,no,CRTD MSPT PRC  BASC BCRQ MSCP SETC,,no,no,AWAITING_PICKING,CSKI_MVKI,MVKI-1,0010,392,1
200234636737,EP6008-000,SMOE-64730,14.09.2026,14.09.2026,35,0,UK Power Networks(Operations) Ltd,5,no,no,CRTD MSPT PRC  BASC BCRQ MSCP SETC,,no,no,AWAITING_PICKING,CSKI_MVKI,MVKI-1,0010,222,1
200234636740,F88630-000,SMOE-63410,21.08.2026,21.08.2026,8,0,Cable Services Ltd,5,no,no,CRTD PRC  BASC BCRQ MACM SETC,,no,no,AWAITING_PICKING,CSKI_MVKI,MVKI-1,0005,95,1
200234636746,EL6641-000,SMOE-64596,02.10.2026,02.10.2026,3,0,Cable Services Ltd,5,no,no,CRTD PRC  BASC BCRQ MACM SETC,,no,no,AWAITING_PICKING,CSKI_MVKI,MVKI-1,0010,60,1
200234636747,EK8958-000,SMOE-64559,26.10.2026,26.10.2026,4,0,UK Power Networks(Operations) Ltd,5,no,no,CRTD PRC  BASC BCRQ SETC,,no,no,AWAITING_PICKING,CSKI_MVKI,MVKI-1,0010,249,1
200234636749,EK8958-000,SMOE-64559,18.11.2026,18.11.2026,2,0,UK Power Networks(Operations) Ltd,5,no,no,CRTD PRC  BASC BCRQ SETC,,no,no,AWAITING_PICKING,CSKI_MVKI,MVKI-1,0010,219,1
200234639055,EP3117-000,BAH-038081621,04.08.2026,04.08.2026,300,0,UK Power Networks(Operations) Ltd,5,yes,no,REL  PRT  PRC  BASC BCRQ MACM MSCP SETC,,no,no,AWAITING_PICKING,LVPA,LVPA-5,0010,400,1
200234639380,EP3115-000,BAH-038081619,03.09.2026,04.09.2026,600,0,Cable Services Ltd,5,no,no,CRTD PRC  BASC BCRQ MACM MSCP SETC,,no,no,AWAITING_PICKING,LVPA,LVPA-5,0010,799,1
200234639388,EB9984-000,BAH-038080993,18.09.2026,18.09.2026,61,0,Wolseley UK Limited,5,no,no,CRTD PRC  BASC BCRQ MACM SETC,,no,no,AWAITING_PICKING,LVPA,LVPA-5,0010,221,1
200234644091,EE7493-000,BAH-038081426,10.08.2026,10.08.2026,46,0,Wolseley UK Limited,5,no,no,CRTD PRC  BASC BCRQ MACM MSCP SETC,,no,no,AWAITING_PICKING,LVPA,LVPA-5,0010 → 0030,168,2
200234644472,CS1219-000,CSJT-12B/1XU-1XU-GB01,16.10.2026,16.10.2026,2,0,Wolseley UK Limited,5,no,no,CRTD MSPT PRC  BASC BCRQ SETC,,no,no,AWAITING_PICKING,CSKI_MVKI,CSKI-1,0010,82,1
200234644474,CR0674-000,CATJ-12B/3XU-3SB-GB01,26.08.2026,26.08.2026,12,0,SP Power Systems Ltd,5,no,no,CRTD MSPT PRC  BASC BCRQ MSCP SETC,,no,no,AWAITING_PICKING,CSKI_MVKI,CSKI-1,0010,157,1
200234644577,CR0678-000,CSJT-12B/1XU-3XU-GB01,26.08.2026,26.08.2026,10,0,SP Power Systems Ltd,5,no,no,CRTD MSPT PRC  BASC BCRQ MSCP SETC,,no,no,AWAITING_PICKING,CSKI_MVKI,CSKI-1,0010,109,1
200234644578,CR0677-000,CSJT-12C/1XU-3XU-GB01,18.11.2026,18.11.2026,20,0,SP Power Systems Ltd,5,no,no,CRTD MSPT PRC  BASC BCRQ MSCP SETC,,no,no,AWAITING_PICKING,CSKI_MVKI,CSKI-1,0010,157,1
200234644593,ER6986-000,CSJA-ENDSEAL-KIT-E-NL01,28.10.2026,28.10.2026,47,0,Tyco Electronics Polska Sp z o.o.,5,no,no,CRTD MSPT PRC  BASC BCRQ SETC,,no,no,AWAITING_PICKING,CSKI_MVKI,CSKI-1,0010,144,1
200234644711,EN5710-000,CSJA-24B/1XU-1XU-M-PT01,05.08.2026,05.08.2026,20,0,Tyco Electronics Polska Sp z o.o.,5,no,no,CRTD PRC  BASC BCRQ MACM MSCP SETC,,no,no,AWAITING_PICKING,CSKI_MVKI,CSKI-1,0010,136,1
200234644716,ER6986-000,CSJA-ENDSEAL-KIT-E-NL01,11.11.2026,11.11.2026,19,0,Tyco Electronics Polska Sp z o.o.,5,no,no,CRTD MSPT PRC  BASC BCRQ SETC,,no,no,AWAITING_PICKING,CSKI_MVKI,CSKI-1,0010,106,1
200234644917,ER5489-000,CSJH-24C/1XU-1XU-M1-NL01,14.10.2026,14.10.2026,1,0,Tyco Electronics Polska Sp z o.o.,5,no,no,CRTD MSPT PRC  BASC BCRQ SETC,,no,no,AWAITING_PICKING,CSKI_MVKI,CSKI-1,0010,90,1
200234644918,ET6009-000,CSJH-12B/1XU-1XU-GB01,27.11.2026,27.11.2026,10,0,Cable Services Ltd,5,no,no,CRTD MSPT PRC  BASC BCRQ SETC,,no,no,AWAITING_PICKING,CSKI_MVKI,CSKI-1,0010,117,1
200234644920,CR0677-000,CSJT-12C/1XU-3XU-GB01,27.08.2026,27.08.2026,20,0,Cable Services Ltd,5,no,no,CRTD MSPT PRC  BASC BCRQ SETC,,no,no,AWAITING_PICKING,CSKI_MVKI,CSKI-1,0010,157,1
200234644924,ES7516-000,CSJH-12B/1XU-1XU-GB02,14.12.2026,15.12.2026,300,0,National Grid Electricity,5,no,no,CRTD MSPT PRC  BASC BCRQ MSCP SETC,,no,no,AWAITING_PICKING,CSKI_MVKI,CSKI-1,0010,843,1
200234644927,EM9873-000,CSJ-BUILDUP-KIT-D-GB02,24.08.2026,24.08.2026,2,0,SSE Stock Ltd,5,no,no,CRTD PRC  BASC BCRQ MACM SETC,,no,no,AWAITING_PICKING,CSKI_MVKI,CSKI-1,0010,83,1
200234644930,EN3046-000,CSJA-24E/1XU-1XU-DE01,04.09.2026,07.09.2026,137,0,Westnetz GmbH,5,no,no,CRTD MSPT PRC  BASC BCRQ MSCP SETC,,no,no,AWAITING_PICKING,CSKI_MVKI,CSKI-1,0010,521,1
200234645364,018554-000,SMOE-62831,29.09.2026,29.09.2026,10,0,UK Power Networks(Operations) Ltd,5,no,no,CRTD PRC  BASC BCRQ MACM MSCP SETC,,no,no,AWAITING_PICKING,CSKI_MVKI,MVKI-1,0005,88,1
200234645372,154225-000,SMOE-62707,26.08.2026,26.08.2026,40,0,SSE Stock Ltd,5,no,no,CRTD PRC  BASC BCRQ MACM SETC,,no,no,AWAITING_PICKING,CSKI_MVKI,MVKI-1,0005,146,1
200234645478,154225-000,SMOE-62707,26.08.2026,26.08.2026,36,0,SSE Stock Ltd,5,no,no,CRTD PRC  BASC BCRQ MACM SETC,,no,no,AWAITING_PICKING,CSKI_MVKI,MVKI-1,0005,137,1
200234645846,154225-000,SMOE-62707,30.09.2026,30.09.2026,24,0,SSE Stock Ltd,5,no,no,CRTD PRC  BASC BCRQ MACM SETC,,no,no,AWAITING_PICKING,CSKI_MVKI,MVKI-1,0005,111,1
200234645848,154225-000,SMOE-62707,30.09.2026,30.09.2026,60,0,SSE Stock Ltd,5,no,no,CRTD PRC  BASC BCRQ MACM MSCP SETC,,no,no,AWAITING_PICKING,CSKI_MVKI,MVKI-1,0005,189,1
200234645936,891265-000,SMOE-62754,01.10.2026,02.10.2026,10,0,Cable Services Ltd,5,no,no,CRTD MSPT PRC  BASC BCRQ SETC,,no,no,AWAITING_PICKING,CSKI_MVKI,MVKI-1,0005,237,1
200234646234,195443-000,SMOE-62705,29.09.2026,29.09.2026,20,0,SSE Stock Ltd,5,no,no,CRTD MSPT PRC  BASC BCRQ SETC,,no,no,AWAITING_PICKING,CSKI_MVKI,MVKI-1,0005,94,1
200234646235,195443-000,SMOE-62705,29.09.2026,29.09.2026,4,0,Cable Services Ltd,5,no,no,CRTD MSPT PRC  BASC BCRQ SETC,,no,no,AWAITING_PICKING,CSKI_MVKI,MVKI-1,0005,57,1
200234646502,ET0137-000,CSJH-24E/1XU-1XU-M4-NL02,18.11.2026,18.11.2026,30,0,Tyco Electronics Polska Sp z o.o.,5,no,no,CRTD MSPT PRC  BASC BCRQ SETC,,no,no,AWAITING_PICKING,CSKI_MVKI,CSKI-1,0010,148,1
200234646505,ER8811-000,CSJA-24B2/1XU-1XU-PT01,04.11.2026,04.11.2026,30,0,Tyco Electronics Polska Sp z o.o.,5,no,no,CRTD PRC  BASC BCRQ MACM SETC,,no,no,AWAITING_PICKING,CSKI_MVKI,CSKI-1,0010,176,1
200234646508,CS8298-000,CSJA-24C/1XU-1XU-M1-NO01,07.10.2026,08.10.2026,300,0,Ensto Nor AS,5,no,no,CRTD MSPT PRC  BASC BCRQ SETC,,no,no,AWAITING_PICKING,CSKI_MVKI,CSKI-1,0010,668,1
200234646511,CS8298-000,CSJA-24C/1XU-1XU-M1-NO01,30.09.2026,01.10.2026,300,0,Ensto Nor AS,5,no,no,CRTD MSPT PRC  BASC BCRQ SETC,,no,no,AWAITING_PICKING,CSKI_MVKI,CSKI-1,0010,668,1
200234646512,CS8298-000,CSJA-24C/1XU-1XU-M1-NO01,11.11.2026,12.11.2026,150,0,Ensto Nor AS,5,no,no,CRTD MSPT PRC  BASC BCRQ SETC,,no,no,AWAITING_PICKING,CSKI_MVKI,CSKI-1,0010,377,1
200234646513,ER8811-000,CSJA-24B2/1XU-1XU-PT01,07.10.2026,07.10.2026,30,0,Tyco Electronics Polska Sp z o.o.,5,no,no,CRTD PRC  BASC BCRQ MACM SETC,,no,no,AWAITING_PICKING,CSKI_MVKI,CSKI-1,0010,176,1
200234647279,EB9984-000,BAH-038080993,13.08.2026,13.08.2026,30,0,SSE Stock Ltd,5,no,no,CRTD PRC  BASC BCRQ MACM SETC,,no,no,AWAITING_PICKING,LVPA,LVPA-5,0010,109,1
200234647280,EB9970-000,BAH-038080979,26.08.2026,26.08.2026,128,0,SSE Stock Ltd,5,no,no,CRTD PRC  BASC BCRQ MACM SETC,,no,no,AWAITING_PICKING,LVPA,LVPA-5,0010,463,1
200234647451,A63902-000,BAH-028000483,17.08.2026,17.08.2026,100,0,National Grid Electricity,5,no,no,CRTD PRC  BASC BCRQ MACM MSCP SETC,,no,no,AWAITING_PICKING,LVPA,LVPA-5,0050,98,1
200234647543,A63902-000,BAH-028000483,11.08.2026,11.08.2026,20,0,National Grid Electricity,5,no,no,CRTD PRC  BASC BCRQ MACM MSCP SETC,,no,no,AWAITING_PICKING,LVPA,LVPA-5,0050,22,1
200234647546,D24151-000,BAH-028000475,14.08.2026,17.08.2026,"1,000",0,National Grid Electricity,5,no,no,CRTD PRC  BASC BCRQ MACM MSCP SETC,,no,no,AWAITING_PICKING,LVPA,LVPA-5,0050,852,1
200234652571,EE7499-000,BAH-038081420,05.08.2026,05.08.2026,10,0,SP Power Systems Ltd,5,no,no,CRTD PRC  BASC BCRQ MACM MSCP SETC,,no,no,AWAITING_PICKING,LVPA,LVPA-5,0010 → 0030,32,2
200234652759,528687-000,SMOE-62542,25.08.2026,25.08.2026,17,0,SSE Stock Ltd,5,no,no,CRTD MSPT PRC  BASC BCRQ SETC,,no,no,AWAITING_PICKING,CSKI_MVKI,MVKI-1,0010,192,1
200234652767,528687-000,SMOE-62542,15.09.2026,15.09.2026,3,0,SSE Stock Ltd,5,no,no,CRTD MSPT PRC  BASC BCRQ SETC,,no,no,AWAITING_PICKING,CSKI_MVKI,MVKI-1,0010,122,1
200234652776,518057-000,SMOE-62103,01.09.2026,01.09.2026,3,0,Northern Powergrid,5,no,no,CRTD MSPT PRC  BASC BCRQ MSCP SETC,,no,no,AWAITING_PICKING,CSKI_MVKI,MVKI-1,0010,69,1
200234653663,BM4751-000,CATJ-36D/1XU-3HL-GB02,18.08.2026,18.08.2026,2,0,SP Power Systems Ltd,5,no,no,CRTD MSPT PRC  BASC BCRQ SETC,,no,no,AWAITING_PICKING,CSKI_MVKI,CSKI-1,0010,142,1
200234653667,EF1236-000,BAH-038081491,02.09.2026,02.09.2026,180,0,UK Power Networks(Operations) Ltd,5,no,no,CRTD PRC  BASC BCRQ MACM SETC,,no,no,AWAITING_PICKING,CSKI_MVKI,MVKI-1,0010,534,1
200234653671,EP6008-000,SMOE-64730,17.09.2026,17.09.2026,50,0,Wolseley UK Limited,5,no,no,CRTD MSPT PRC  BASC BCRQ SETC,,no,no,AWAITING_PICKING,CSKI_MVKI,MVKI-1,0010,278,1
200234653674,EF1234-000,BAH-038081489,07.09.2026,07.09.2026,40,0,Cable Services Ltd,5,no,no,CRTD PRC  BASC BCRQ MACM MSCP SETC,,no,no,AWAITING_PICKING,CSKI_MVKI,MVKI-1,0010,178,1
200234653676,EF1234-000,BAH-038081489,21.09.2026,21.09.2026,22,0,Wolseley UK Limited,5,no,no,CRTD PRC  BASC BCRQ MACM SETC,,no,no,AWAITING_PICKING,CSKI_MVKI,MVKI-1,0010,143,1
200234653839,EK3592-000,SMOE-64549,29.09.2026,29.09.2026,12,0,UK Power Networks(Operations) Ltd,5,no,no,CRTD PRC  BASC BCRQ MACM SETC,,no,no,AWAITING_PICKING,CSKI_MVKI,MVKI-1,0010,257,1
200234653841,EP1200-000,RPIC-3-GB01,21.09.2026,21.09.2026,9,0,Cable Services Ltd,5,no,no,CRTD PRC  BASC BCRQ MACM SETC,,no,no,AWAITING_PICKING,CSKI_MVKI,MVKI-1,0010,24,1
200234653848,219571-000,SMOE-62718,21.09.2026,21.09.2026,6,0,Cable Services Ltd,5,no,no,CRTD PRC  BASC BCRQ MACM SETC,,no,no,AWAITING_PICKING,CSKI_MVKI,MVKI-1,0005,159,1
200234654152,288978-000,SMOE-63181,21.09.2026,21.09.2026,10,0,Cable Services Ltd,5,no,no,CRTD MSPT PRC  BASC BCRQ SETC,,no,no,AWAITING_PICKING,CSKI_MVKI,MVKI-1,0005,165,1
200234654279,CA2460-000,SMOE-63441,21.09.2026,21.09.2026,1,0,Cable Services Ltd,5,no,no,CRTD PRC  BASC BCRQ MACM SETC,,no,no,AWAITING_PICKING,CSKI_MVKI,MVKI-1,0010,101,1
200234654282,CJ4598-000,SMOE-63634,14.09.2026,14.09.2026,2,0,Cable Services Ltd,5,no,no,CRTD MSPT PRC  BASC BCRQ MSCP SETC,,no,no,AWAITING_PICKING,CSKI_MVKI,MVKI-1,0010,145,1
200234654284,EK3590-000,SMOE-64546,21.09.2026,21.09.2026,30,0,Cable Services Ltd,5,no,no,CRTD PRC  BASC BCRQ MACM SETC,,no,no,AWAITING_PICKING,CSKI_MVKI,MVKI-1,0010,167,1
200234654287,799501-000,SHSS-12A-IND,28.08.2026,28.08.2026,10,0,Wolseley UK Limited,5,no,no,CRTD MSPT PRC  BASC BCRQ SETC,,no,no,AWAITING_PICKING,CSKI_MVKI,MVKI-1,0005,95,1
200234654290,839121-000,SHSS-12B-IND,28.08.2026,28.08.2026,5,0,Wolseley UK Limited,5,no,no,CRTD MSPT PRC  BASC BCRQ SETC,,no,no,AWAITING_PICKING,CSKI_MVKI,MVKI-1,0010,87,1
200234654294,EK3591-000,SMOE-64548,14.10.2026,14.10.2026,5,0,UK Power Networks(Operations) Ltd,5,no,no,CRTD PRC  BASC BCRQ MACM SETC,,no,no,AWAITING_PICKING,CSKI_MVKI,MVKI-1,0010,136,1
200234654464,EM9870-000,SMOE-64707,25.11.2026,25.11.2026,4,0,SSE Stock Ltd,5,no,no,CRTD PRC  BASC BCRQ MACM SETC,,no,no,AWAITING_PICKING,CSKI_MVKI,MVKI-1,0010,64,1
200234654597,EP3147-000,BAH-038081651,10.08.2026,10.08.2026,40,0,UK Power Networks(Operations) Ltd,5,no,no,CRTD PRC  BASC BCRQ MACM SETC,,no,no,AWAITING_PICKING,LVPA,LVPA-5,0010 → 0030,128,2
200234654605,EP3147-000,BAH-038081651,11.08.2026,11.08.2026,40,0,UK Power Networks(Operations) Ltd,5,no,no,CRTD PRC  BASC BCRQ MACM SETC,,no,no,AWAITING_PICKING,LVPA,LVPA-5,0010 → 0030,128,2
200234654607,EP3136-000,BAH-038081640,10.08.2026,10.08.2026,150,0,UK Power Networks(Operations) Ltd,5,no,no,CRTD PRC  BASC BCRQ MACM SETC,,no,no,AWAITING_PICKING,LVPA,LVPA-5,0010 → 0030,480,2
200234654608,EP3123-000,BAH-038081627,10.08.2026,10.08.2026,65,0,UK Power Networks(Operations) Ltd,5,no,no,CRTD PRC  BASC BCRQ MACM SETC,,no,no,AWAITING_PICKING,LVPA,LVPA-5,0010 → 0030,208,2
200234654610,EP3136-000,BAH-038081640,18.08.2026,18.08.2026,150,0,UK Power Networks(Operations) Ltd,5,no,no,CRTD PRC  BASC BCRQ MACM SETC,,no,no,AWAITING_PICKING,LVPA,LVPA-5,0010 → 0030,480,2
200234654697,825430-000,BAH-018010002,13.08.2026,17.08.2026,7,0,,0,no,no,CRTD MSPT PRC  BASC BCRQ SETC,,no,no,AWAITING_PICKING,LVPA,LVPA-5,0010,808,1
200234654701,BM0918-000,BAH-038081521,12.08.2026,12.08.2026,10,0,Tyco Electronics Polska Sp z o.o.,5,no,no,CRTD MSPT PRC  BASC BCRQ SETC,,no,no,AWAITING_PICKING,LVPA,LVPA-5,0010,60,1
200234654703,EE7492-000,BAH-038081427,26.08.2026,26.08.2026,100,0,SP Power Systems Ltd,5,no,no,CRTD PRC  BASC BCRQ MACM SETC,,no,no,AWAITING_PICKING,LVPA,LVPA-5,0010 → 0030,288,2
200234654818,646316-000,BAH-028000333,21.08.2026,21.08.2026,60,0,Cable Services Ltd,5,no,no,CRTD MSPT PRC  BASC BCRQ SETC,,no,no,AWAITING_PICKING,LVPA,LVPA-5,0050,47,1
200234654833,CM0111-000,BAH-028000535,30.07.2026,30.07.2026,2,0,TE Connectivity Argentina SRL,5,yes,no,REL  PRT  PRC  BASC BCRQ MACM MSCP SETC,,no,no,AWAITING_PICKING,LVPA,LVPA-5,0050,3,1
200234654835,ED0005-000,BAH-038081013,04.09.2026,04.09.2026,30,0,Cable Services Ltd,5,no,no,CRTD PRC  BASC BCRQ MACM MSCP SETC,,no,no,AWAITING_PICKING,LVPA,LVPA-5,0010 → 0030,67,2
200234654836,A96941-000,BAH-028000481,04.09.2026,04.09.2026,30,0,Cable Services Ltd,5,no,no,CRTD PRC  BASC BCRQ MACM MSCP SETC,,no,no,AWAITING_PICKING,LVPA,LVPA-5,0050,32,1
200234654918,089770-000,BAH-028000477,11.08.2026,11.08.2026,300,0,National Grid Electricity,5,no,no,CRTD PRC  BASC BCRQ MACM SETC,,no,no,AWAITING_PICKING,LVPA,LVPA-5,0050,214,1
200234654919,D17565-000,BAH-028000478,11.08.2026,11.08.2026,60,0,National Grid Electricity,5,no,no,CRTD PRC  BASC BCRQ MACM SETC,,no,no,AWAITING_PICKING,LVPA,LVPA-5,0050,57,1
200234654921,A96941-000,BAH-028000481,11.08.2026,11.08.2026,50,0,National Grid Electricity,5,no,no,CRTD PRC  BASC BCRQ MACM SETC,,no,no,AWAITING_PICKING,LVPA,LVPA-5,0050,51,1
200234654922,EB9987-000,BAH-038080996,11.09.2026,11.09.2026,11,0,Wolseley UK Limited,5,no,no,CRTD PRC  BASC BCRQ MACM SETC,,no,no,AWAITING_PICKING,LVPA,LVPA-5,0010 → 0030,47,2
200234654923,ED0003-000,BAH-038081011,27.08.2026,27.08.2026,5,0,Wolseley UK Limited,5,no,no,CRTD PRC  BASC BCRQ MACM SETC,,no,no,AWAITING_PICKING,LVPA,LVPA-5,0010 → 0030,17,2
200234654924,EF0733-000,BAH-038081483,26.08.2026,26.08.2026,84,0,SSE Stock Ltd,5,no,no,CRTD PRC  BASC BCRQ MACM SETC,,no,no,AWAITING_PICKING,LVPA,LVPA-5,0010 → 0020,190,2
200234654925,EF0733-000,BAH-038081483,10.09.2026,10.09.2026,55,0,SSE Stock Ltd,5,no,no,CRTD PRC  BASC BCRQ MACM SETC,,no,no,AWAITING_PICKING,LVPA,LVPA-5,0010 → 0020,124,2
200234654927,EB9969-000,BAH-038080978,13.08.2026,13.08.2026,12,0,SSE Stock Ltd,5,no,no,CRTD PRC  BASC BCRQ MACM SETC,,no,no,AWAITING_PICKING,LVPA,LVPA-5,0010 → 0030,42,2
200234654928,ED0008-000,BAH-038081016,26.08.2026,26.08.2026,24,0,SSE Stock Ltd,5,no,no,CRTD PRC  BASC BCRQ MACM SETC,,no,no,AWAITING_PICKING,LVPA,LVPA-5,0010 → 0030,124,2
200234654931,EB9987-000,BAH-038080996,03.09.2026,03.09.2026,32,0,SSE Stock Ltd,5,no,no,CRTD PRC  BASC BCRQ MACM MSCP SETC,,no,no,AWAITING_PICKING,LVPA,LVPA-5,0010 → 0030,138,2
200234654932,ED0001-000,BAH-038081009,26.08.2026,26.08.2026,84,0,SSE Stock Ltd,5,no,no,CRTD PRC  BASC BCRQ MACM SETC,,no,no,AWAITING_PICKING,LVPA,LVPA-5,0010 → 0030,272,2
200234654934,ED0001-000,BAH-038081009,10.09.2026,10.09.2026,56,0,SSE Stock Ltd,5,no,no,CRTD PRC  BASC BCRQ MACM SETC,,no,no,AWAITING_PICKING,LVPA,LVPA-5,0010 → 0030,181,2
200234654935,ED0007-000,BAH-038081015,26.08.2026,26.08.2026,20,0,SSE Stock Ltd,5,no,no,CRTD PRC  BASC BCRQ MACM SETC,,no,no,AWAITING_PICKING,LVPA,LVPA-5,0010 → 0030,103,2
200234654936,ED0008-000,BAH-038081016,10.09.2026,10.09.2026,36,0,SSE Stock Ltd,5,no,no,CRTD PRC  BASC BCRQ MACM SETC,,no,no,AWAITING_PICKING,LVPA,LVPA-5,0010 → 0030,186,2
200234655062,EP3127-000,BAH-038081631,18.08.2026,18.08.2026,100,0,UK Power Networks(Operations) Ltd,5,no,no,CRTD PRC  BASC BCRQ MACM SETC,,no,no,AWAITING_PICKING,LVPA,LVPA-5,0010 → 0030,320,2
200234655065,EB9995-000,BAH-038081004,26.08.2026,26.08.2026,100,0,SSE Stock Ltd,5,no,no,CRTD MSPT PRC  BASC BCRQ SETC,,no,no,AWAITING_PICKING,LVPA,LVPA-5,0010 → 0030,244,2
200234655066,ED0002-000,BAH-038081010,26.08.2026,26.08.2026,16,0,SSE Stock Ltd,5,no,no,CRTD PRC  BASC BCRQ MACM SETC,,no,no,AWAITING_PICKING,LVPA,LVPA-5,0010 → 0030,87,2
200234655068,CJ7360-011,CSJA-24B/1XU-1XU-M,03.08.2026,03.08.2026,3,0,Tyco Electronics Polska Sp z o.o.,5,yes,no,REL  PRT  PRC  BASC BCRQ MACM MSCP SETC,,no,no,AWAITING_PICKING,CSKI_MVKI,CSKI-1,0010,95,1
200234655070,ED0003-000,BAH-038081011,26.08.2026,26.08.2026,28,0,SSE Stock Ltd,5,no,no,CRTD MSPT PRC  BASC BCRQ SETC,,no,no,AWAITING_PICKING,LVPA,LVPA-5,0010 → 0030,98,2
200234655072,ED0004-000,BAH-038081012,26.08.2026,26.08.2026,14,0,SSE Stock Ltd,5,no,no,CRTD PRC  BASC BCRQ MACM SETC,,no,no,AWAITING_PICKING,LVPA,LVPA-5,0010 → 0030,59,2
200234655073,CS9846-000,CSJH-36E/1XU-1XU-GB02,04.09.2026,04.09.2026,12,0,Cable Services Ltd,5,no,no,CRTD MSPT PRC  BASC BCRQ MSCP SETC,,no,no,AWAITING_PICKING,CSKI_MVKI,CSKI-1,0010,119,1
200234655074,EB9990-000,BAH-038080999,18.09.2026,18.09.2026,24,0,Wolseley UK Limited,5,no,no,CRTD MSPT PRC  BASC BCRQ SETC,,no,no,AWAITING_PICKING,LVPA,LVPA-5,0010 → 0030,65,2
200234655075,EB9987-000,BAH-038080996,18.09.2026,18.09.2026,10,0,Wolseley UK Limited,5,no,no,CRTD PRC  BASC BCRQ MACM SETC,,no,no,AWAITING_PICKING,LVPA,LVPA-5,0010 → 0030,43,2
200234655076,CR0671-000,CSJT-12B/3XU-3XU-GB01,27.08.2026,27.08.2026,1,0,Cable Services Ltd,5,no,no,CRTD MSPT PRC  BASC BCRQ SETC,,no,no,AWAITING_PICKING,CSKI_MVKI,CSKI-1,0010,91,1
200234660243,EN2828-000,CSJA-24C/1XU-1XU-DE02,29.07.2026,30.07.2026,148,0,Westnetz GmbH,5,yes,no,REL  PRT  PRC  BASC BCRQ GMPS MACM SETC,COMP PREP,yes,yes,READY,CSKI_MVKI,CSKI-1,0010,582,1
200234661387,EP6011-000,SMOE-64733,18.08.2026,18.08.2026,80,0,UK Power Networks(Operations) Ltd,5,no,no,CRTD MSPT PRC  BASC BCRQ SETC,,no,no,AWAITING_PICKING,CSKI_MVKI,MVKI-1,0010,392,1
200234661395,EK3591-000,SMOE-64548,14.10.2026,14.10.2026,5,0,UK Power Networks(Operations) Ltd,5,no,no,CRTD PRC  BASC BCRQ MACM SETC,,no,no,AWAITING_PICKING,CSKI_MVKI,MVKI-1,0010,136,1
200234661708,EP6008-000,SMOE-64730,04.09.2026,04.09.2026,50,0,Wolseley UK Limited,5,no,no,CRTD MSPT PRC  BASC BCRQ MSCP SETC,,no,no,AWAITING_PICKING,CSKI_MVKI,MVKI-1,0010,278,1
200234670169,EM9870-000,SMOE-64707,23.11.2026,23.11.2026,1,0,SSE Stock Ltd,5,no,no,CRTD PRC  BASC BCRQ MACM SETC,,no,no,AWAITING_PICKING,CSKI_MVKI,MVKI-1,0010,58,1
200234670383,EN9716-000,CSJR-24D/1XU-1XU-TH03,10.09.2026,14.09.2026,200,0,Tyco Electronics Singapore Pte Ltd,5,no,no,CRTD MSPT PRC  BASC BCRQ MSCP SETC,,no,no,AWAITING_PICKING,CSKI_MVKI,CSKI-1,0010,888,1
200234671020,ER8811-000,CSJA-24B2/1XU-1XU-PT01,07.10.2026,08.10.2026,190,0,Tyco Electronics Polska Sp z o.o.,5,no,no,CRTD MSPT PRC  BASC BCRQ SETC,,no,no,AWAITING_PICKING,CSKI_MVKI,CSKI-1,0010,656,1
200234671023,CR0675-000,CATJ-12C/3XU-3SB-GB01,18.11.2026,18.11.2026,20,0,SP Power Systems Ltd,5,no,no,CRTD MSPT PRC  BASC BCRQ MSCP SETC,,no,no,AWAITING_PICKING,CSKI_MVKI,CSKI-1,0010,291,1
200234671032,ER6980-000,CSJA-24E/1XU-1XU-NL01,12.08.2026,13.08.2026,152,0,Tyco Electronics Polska Sp z o.o.,5,no,no,CRTD MSPT PRC  BASC BCRQ MSCP SETC,,no,no,AWAITING_PICKING,CSKI_MVKI,CSKI-1,0010,787,1
200234671930,ER8811-000,CSJA-24B2/1XU-1XU-PT01,04.11.2026,04.11.2026,60,0,Tyco Electronics Polska Sp z o.o.,5,no,no,CRTD MSPT PRC  BASC BCRQ SETC,,no,no,AWAITING_PICKING,CSKI_MVKI,CSKI-1,0010,266,1
200234671931,CR0671-000,CSJT-12B/3XU-3XU-GB01,28.08.2026,01.09.2026,100,0,SP Power Systems Ltd,5,no,no,CRTD MSPT PRC  BASC BCRQ SETC,,no,no,AWAITING_PICKING,CSKI_MVKI,CSKI-1,0010,403,1
200234671932,CR0678-000,CSJT-12B/1XU-3XU-GB01,09.09.2026,09.09.2026,50,0,SP Power Systems Ltd,5,no,no,CRTD MSPT PRC  BASC BCRQ SETC,,no,no,AWAITING_PICKING,CSKI_MVKI,CSKI-1,0010,235,1
200234671934,ER8811-000,CSJA-24B2/1XU-1XU-PT01,04.11.2026,04.11.2026,60,0,Tyco Electronics Polska Sp z o.o.,5,no,no,CRTD MSPT PRC  BASC BCRQ SETC,,no,no,AWAITING_PICKING,CSKI_MVKI,CSKI-1,0010,266,1
200234671935,ET6009-000,CSJH-12B/1XU-1XU-GB01,27.11.2026,30.11.2026,7,0,Cable Services Ltd,5,no,no,CRTD MSPT PRC  BASC BCRQ SETC,,no,no,AWAITING_PICKING,CSKI_MVKI,CSKI-1,0010,107,1
200234672180,CR0677-000,CSJT-12C/1XU-3XU-GB01,18.11.2026,18.11.2026,15,0,Wolseley UK Limited,5,no,no,CRTD MSPT PRC  BASC BCRQ MSCP SETC,,no,no,AWAITING_PICKING,CSKI_MVKI,CSKI-1,0010,137,1
200234672191,EF9111-000,CSJA-17B/1XU-1XU-M-BE01,14.08.2026,17.08.2026,150,0,Resa Services S.A.,5,no,no,CRTD MSPT PRC  BASC BCRQ SETC,,no,no,AWAITING_PICKING,CSKI_MVKI,CSKI-1,0010,616,1
200234672195,CL1172-011,CSJA-36D/1XU-1XU-M,19.08.2026,19.08.2026,12,0,Tyco Electronics Polska Sp z o.o.,5,no,no,CRTD MSPT PRC  BASC BCRQ SETC,,no,no,AWAITING_PICKING,CSKI_MVKI,CSKI-1,0010,122,1
200234672208,BM4747-000,CATJ-12F/3XU-6SB-GB04,30.07.2026,30.07.2026,10,0,SP Power Systems Ltd,5,yes,no,REL  PRT  PRC  BASC BCRQ GMPS MACM MSCP*,COMP PREP,yes,yes,READY,CSKI_MVKI,CSKI-1,0010,266,1
200234673117,EK8958-000,SMOE-64559,02.09.2026,02.09.2026,6,0,UK Power Networks(Operations) Ltd,5,no,no,CRTD PRC  BASC BCRQ MSCP SETC,,no,no,AWAITING_PICKING,CSKI_MVKI,MVKI-1,0010,279,1
200234673235,EB9984-000,BAH-038080993,25.08.2026,25.08.2026,120,0,SSE Stock Ltd,5,no,no,CRTD PRC  BASC BCRQ MACM SETC,,no,no,AWAITING_PICKING,LVPA,LVPA-5,0010,434,1
200234673236,EB9984-000,BAH-038080993,10.09.2026,10.09.2026,150,0,SSE Stock Ltd,5,no,no,CRTD PRC  BASC BCRQ MACM SETC,,no,no,AWAITING_PICKING,LVPA,LVPA-5,0010,543,1
200234673247,EK7899-000,CSJA-36E/1XU-1XU-JP01,03.09.2026,03.09.2026,1,0,TE Connectivity Japan G.K.,5,no,no,CRTD MSPT PRC  BASC BCRQ MSCP SETC,,no,no,AWAITING_PICKING,CSKI_MVKI,CSKI-1,0010,86,1
200234673387,EB9984-000,BAH-038080993,25.08.2026,25.08.2026,60,0,SSE Stock Ltd,5,no,no,CRTD PRC  BASC BCRQ MACM SETC,,no,no,AWAITING_PICKING,LVPA,LVPA-5,0010,217,1
200234673388,EB9984-000,BAH-038080993,09.09.2026,09.09.2026,60,0,SSE Stock Ltd,5,no,no,CRTD PRC  BASC BCRQ MACM SETC,,no,no,AWAITING_PICKING,LVPA,LVPA-5,0010,217,1
200234673391,EB9984-000,BAH-038080993,18.09.2026,18.09.2026,30,0,Wolseley UK Limited,5,no,no,CRTD PRC  BASC BCRQ MACM SETC,,no,no,AWAITING_PICKING,LVPA,LVPA-5,0010,109,1
200234673392,EB9984-000,BAH-038080993,04.09.2026,04.09.2026,10,0,Cable Services Ltd,5,no,no,CRTD PRC  BASC BCRQ MACM MSCP SETC,,no,no,AWAITING_PICKING,LVPA,LVPA-5,0010,36,1
200234673395,EB9985-000,BAH-038080994,24.08.2026,25.08.2026,200,0,SSE Stock Ltd,5,no,no,CRTD MSPT PRC  BASC BCRQ SETC,,no,no,AWAITING_PICKING,LVPA,LVPA-5,0010,724,1
200234673396,EB9985-000,BAH-038080994,08.09.2026,09.09.2026,300,0,SSE Stock Ltd,5,no,no,CRTD MSPT PRC  BASC BCRQ SETC,,no,no,AWAITING_PICKING,LVPA,LVPA-5,0010,1085,1
200234673478,EB9988-000,BAH-038080997,25.08.2026,25.08.2026,60,0,SSE Stock Ltd,5,no,no,CRTD PRC  BASC BCRQ MACM SETC,,no,no,AWAITING_PICKING,LVPA,LVPA-2 / LVPA-5,0010 → 0025,249,2
200234673481,EB9985-000,BAH-038080994,25.08.2026,25.08.2026,100,0,SSE Stock Ltd,5,no,no,CRTD MSPT PRC  BASC BCRQ SETC,,no,no,AWAITING_PICKING,LVPA,LVPA-5,0010,362,1
200234673489,EP3115-000,BAH-038081619,18.08.2026,18.08.2026,150,0,UK Power Networks(Operations) Ltd,5,no,no,CRTD PRC  BASC BCRQ MACM SETC,,no,no,AWAITING_PICKING,LVPA,LVPA-5,0010,200,1
200234673493,EB9988-000,BAH-038080997,27.08.2026,27.08.2026,30,0,Wolseley UK Limited,5,no,no,CRTD PRC  BASC BCRQ MACM SETC,,no,no,AWAITING_PICKING,LVPA,LVPA-2 / LVPA-5,0010 → 0025,126,2
200234673494,ED0014-000,BAH-038081021,04.09.2026,04.09.2026,20,0,Cable Services Ltd,5,no,no,CRTD PRC  BASC BCRQ MACM MSCP SETC,,no,no,AWAITING_PICKING,LVPA,LVPA-2 / LVPA-5,0010 → 0025,82,2
200234673533,EP3125-000,BAH-038081629,04.09.2026,04.09.2026,30,0,Cable Services Ltd,5,no,no,CRTD PRC  BASC BCRQ MACM MSCP SETC,,no,no,AWAITING_PICKING,LVPA,LVPA-5,0010,109,1
200234673849,EE7751-000,BAH-028000743,14.08.2026,14.08.2026,405,0,Electricity North West Ltd,5,no,no,CRTD MSPT PRC  BASC BCRQ MSCP SETC,,no,no,AWAITING_PICKING,LVPA,LVPA-5,0050,314,1
200234673850,EB9968-000,BAH-038080977,04.09.2026,04.09.2026,6,0,Cable Services Ltd,5,no,no,CRTD PRC  BASC BCRQ MACM MSCP SETC,,no,no,AWAITING_PICKING,LVPA,LVPA-5,0010 → 0030,26,2
200234673851,EB9976-000,BAH-038080985,04.09.2026,04.09.2026,6,0,Cable Services Ltd,5,no,no,CRTD MSPT PRC  BASC BCRQ MSCP SETC,,no,no,AWAITING_PICKING,LVPA,LVPA-5,0010 → 0030,20,2
200234673852,EB9987-000,BAH-038080996,04.09.2026,04.09.2026,6,0,Cable Services Ltd,5,no,no,CRTD PRC  BASC BCRQ MACM MSCP SETC,,no,no,AWAITING_PICKING,LVPA,LVPA-5,0010 → 0030,26,2
200234673853,ED0003-000,BAH-038081011,04.09.2026,04.09.2026,25,0,Cable Services Ltd,5,no,no,CRTD MSPT PRC  BASC BCRQ MSCP SETC,,no,no,AWAITING_PICKING,LVPA,LVPA-5,0010 → 0030,87,2
200234673854,ED0004-000,BAH-038081012,04.09.2026,04.09.2026,20,0,Cable Services Ltd,5,no,no,CRTD PRC  BASC BCRQ MACM MSCP SETC,,no,no,AWAITING_PICKING,LVPA,LVPA-5,0010 → 0030,83,2
200234673856,EE4898-000,BAH-038081250,04.09.2026,04.09.2026,10,0,Cable Services Ltd,5,no,no,CRTD PRC  BASC BCRQ MACM MSCP SETC,,no,no,AWAITING_PICKING,LVPA,LVPA-5,0010 → 0030,23,2
200234673863,EP3125-000,BAH-038081629,17.08.2026,17.08.2026,160,0,UK Power Networks(Operations) Ltd,5,no,no,CRTD PRC  BASC BCRQ MACM SETC,,no,no,AWAITING_PICKING,LVPA,LVPA-5,0010,579,1
200234673864,EP3117-000,BAH-038081621,19.08.2026,19.08.2026,60,0,UK Power Networks(Operations) Ltd,5,no,no,CRTD PRC  BASC BCRQ MACM SETC,,no,no,AWAITING_PICKING,LVPA,LVPA-5,0010,80,1
200234673866,EB9988-000,BAH-038080997,04.09.2026,04.09.2026,12,0,Wolseley UK Limited,5,no,no,CRTD PRC  BASC BCRQ MACM MSCP SETC,,no,no,AWAITING_PICKING,LVPA,LVPA-2 / LVPA-5,0010 → 0025,52,2
200234674037,EP3126-000,BAH-038081630,04.09.2026,04.09.2026,30,0,Cable Services Ltd,5,no,no,CRTD PRC  BASC BCRQ MACM MSCP SETC,,no,no,AWAITING_PICKING,LVPA,LVPA-5,0010 → 0030,96,2
200234674038,EP3133-000,BAH-038081637,04.09.2026,04.09.2026,20,0,Cable Services Ltd,5,no,no,CRTD PRC  BASC BCRQ MACM MSCP SETC,,no,no,AWAITING_PICKING,LVPA,LVPA-5,0010 → 0030,64,2
200234674039,EP3136-000,BAH-038081640,04.09.2026,04.09.2026,5,0,Cable Services Ltd,5,no,no,CRTD PRC  BASC BCRQ MACM MSCP SETC,,no,no,AWAITING_PICKING,LVPA,LVPA-5,0010 → 0030,16,2
200234674040,EP3143-000,BAH-038081647,04.09.2026,04.09.2026,20,0,Cable Services Ltd,5,no,no,CRTD PRC  BASC BCRQ MACM MSCP SETC,,no,no,AWAITING_PICKING,LVPA,LVPA-5,0010 → 0030,60,2
200234674041,EP3144-000,BAH-038081648,04.09.2026,04.09.2026,30,0,Cable Services Ltd,5,no,no,CRTD PRC  BASC BCRQ MACM MSCP SETC,,no,no,AWAITING_PICKING,LVPA,LVPA-5,0010 → 0030,96,2
200234674042,ED0003-000,BAH-038081011,27.08.2026,27.08.2026,5,0,Wolseley UK Limited,5,no,no,CRTD MSPT PRC  BASC BCRQ SETC,,no,no,AWAITING_PICKING,LVPA,LVPA-5,0010 → 0030,17,2
200234674043,EB9995-000,BAH-038081004,18.09.2026,18.09.2026,50,0,Wolseley UK Limited,5,no,no,CRTD MSPT PRC  BASC BCRQ SETC,,no,no,AWAITING_PICKING,LVPA,LVPA-5,0010 → 0030,122,2
200234674047,EP3126-000,BAH-038081630,18.08.2026,18.08.2026,80,0,UK Power Networks(Operations) Ltd,5,no,no,CRTD PRC  BASC BCRQ MACM SETC,,no,no,AWAITING_PICKING,LVPA,LVPA-5,0010 → 0030,256,2
200234674098,891265-000,SMOE-62754,15.09.2026,15.09.2026,12,0,Northern Powergrid,5,no,no,CRTD MSPT PRC  BASC BCRQ MSCP SETC,,no,no,AWAITING_PICKING,CSKI_MVKI,MVKI-1,0005,245,1
200234678868,CH8130-000,CSJT-36D/1XU-1XU-GB03,31.07.2026,31.07.2026,61,0,SP Power Systems Ltd,5,no,no,CRTD MSPT PRC  BASC BCRQ MSCP RELR SETC,,no,no,AWAITING_PICKING,CSKI_MVKI,CSKI-1,0010,217,1
200234680640,CS8298-000,CSJA-24C/1XU-1XU-M1-NO01,30.07.2026,30.07.2026,18,0,Ensto Nor AS,5,yes,no,REL  PRT  PRC  BASC BCRQ GMPS MACM MSCP*,COMP PREP,yes,yes,READY,CSKI_MVKI,CSKI-1,0010,122,1
200234680918,EF1238-000,BAH-038081493,18.08.2026,18.08.2026,50,0,UK Power Networks(Operations) Ltd,5,no,no,CRTD PRC  BASC BCRQ MACM SETC,,no,no,AWAITING_PICKING,CSKI_MVKI,MVKI-1,0010,133,1
200234680924,EP6006-000,SMOE-64743,24.08.2026,24.08.2026,20,0,UK Power Networks(Operations) Ltd,5,no,no,CRTD MSPT PRC  BASC BCRQ SETC,,no,no,AWAITING_PICKING,CSKI_MVKI,MVKI-1,0010,183,1
200234680933,799501-000,SHSS-12A-IND,28.08.2026,28.08.2026,30,0,Wolseley UK Limited,5,no,no,CRTD MSPT PRC  BASC BCRQ SETC,,no,no,AWAITING_PICKING,CSKI_MVKI,MVKI-1,0005,155,1
200234680936,839121-000,SHSS-12B-IND,28.08.2026,28.08.2026,5,0,Wolseley UK Limited,5,no,no,CRTD MSPT PRC  BASC BCRQ SETC,,no,no,AWAITING_PICKING,CSKI_MVKI,MVKI-1,0010,87,1
200234681117,EP6010-000,SMOE-64732,28.08.2026,28.08.2026,1,0,Wolseley UK Limited,5,no,no,CRTD PRC  BASC BCRQ MACM SETC,,no,no,AWAITING_PICKING,CSKI_MVKI,MVKI-1,0010,120,1
200234681119,EF1236-000,BAH-038081491,18.08.2026,18.08.2026,30,0,UK Power Networks(Operations) Ltd,5,no,no,CRTD PRC  BASC BCRQ MACM SETC,,no,no,AWAITING_PICKING,CSKI_MVKI,MVKI-1,0010,143,1
200234683690,EP3125-000,BAH-038081629,11.09.2026,11.09.2026,100,0,Cable Services Ltd,5,no,no,CRTD PRC  BASC BCRQ MACM SETC,,no,no,AWAITING_PICKING,LVPA,LVPA-5,0010,362,1
200234683693,EE7505-000,BAH-038081414,01.09.2026,02.09.2026,200,0,SP Power Systems Ltd,5,no,no,CRTD MSPT PRC  BASC BCRQ MSCP SETC,,no,no,AWAITING_PICKING,LVPA,LVPA-5,0010,724,1
200234688376,EP9969-000,CSJA-24B2/1XU-1XU-ES01,10.09.2026,10.09.2026,11,0,TE Connectivity Solutions GmbH,5,no,no,CRTD MSPT PRC  BASC BCRQ SETC,,no,no,AWAITING_PICKING,CSKI_MVKI,MVKI-1,0010,162,1
200234688778,BM4749-000,CATJ-36D/1XU-3SB-GB03,19.08.2026,20.08.2026,59,0,SP Power Systems Ltd,5,no,no,CRTD MSPT PRC  BASC BCRQ SETC,,no,no,AWAITING_PICKING,CSKI_MVKI,CSKI-1,0010,585,1
200234689848,EF2689-000,BAH-028000763,07.08.2026,07.08.2026,26,0,,0,no,no,CRTD MSPT PRC  BASC BCRQ MSCP SETC,,no,no,AWAITING_PICKING,LVPA,LVPA-5,0050,19,1
