order_number,material,material_description,scheduled_start,scheduled_finish,target_quantity,confirmed_quantity,customer,priority,system_status,user_status
200234568675,EB0767-000,BCIC-3116/A,13.07.2026,18.07.2026,168,148,,,REL  PRT  CNF  PRC  BCRQ GMPS MACM MSCP*,
200234602651,EB0767-000,BCIC-3116/A,23.09.2026,10.10.2026,477,0,,,CRTD PRC  BCRQ MACM MSCP SETC,
200234414131,BM8245-000,BCIC-3129-CR,13.07.2026,18.07.2026,168,0,,,REL  PRT  PCNF PRC  BCRQ GMPS MACM MSCP*,
200234417868,EH1899-000,BCIC-3129-CR(B12),29.07.2026,29.07.2026,168,0,Tyco Electronics Polska Sp z o.o.,5,CRTD MSPT PRC  BCRQ MSCP RELR SETC,
200234617268,EE6206-000,BMOD-HV-075-T11-00(B12),30.07.2026,30.07.2026,48,0,,,CRTD PRC  BASC BCRQ MACM RELR SETC,
200234647048,ER9422-000,LVIC-2343/A,28.08.2026,28.08.2026,108,0,,,CRTD PRC  BASC BCRQ MACM MSCP SETC,
200234617817,ER9399-000,LVIC-2321-01,06.08.2026,14.08.2026,108,0,,,CRTD PRC  BCRQ MACM MSCP SETC,
200234617845,ER9400-000,LVIC-2321-02,13.08.2026,21.08.2026,108,0,,,CRTD PRC  BCRQ MACM MSCP SETC,
200234642860,ES7593-000,CSJB-55/17-435/U-CN,28.07.2026,31.07.2026,288,0,,,REL  PRT  PRC  BASC BCRQ GMPS MACM MSCP*,COMP PREP
200234181272,ES7593-000,CSJB-55/17-435/U-CN,29.07.2026,02.08.2026,200,0,Tyco Electronics Singapore Pte Ltd,5,REL  PRT  PRC  BASC BCRQ GMPS MACM MSCP*,COMP PREP
200234685062,ES7593-000,CSJB-55/17-435/U-CN,03.08.2026,06.08.2026,100,0,,,CRTD PRC  BASC BCRQ MACM MSCP SETC,
200234181274,ES7593-000,CSJB-55/17-435/U-CN,06.08.2026,09.08.2026,200,0,Tyco Electronics Singapore Pte Ltd,5,CRTD PRC  BASC BCRQ MACM SETC,
200234181397,ES7593-000,CSJB-55/17-435/U-CN,13.08.2026,16.08.2026,200,0,Tyco Electronics Singapore Pte Ltd,5,CRTD PRC  BASC BCRQ MACM MSCP SETC,
200234181398,ES7593-000,CSJB-55/17-435/U-CN,20.08.2026,23.08.2026,200,0,Tyco Electronics Singapore Pte Ltd,5,CRTD PRC  BASC BCRQ MACM MSCP SETC,
200234181400,ES7593-000,CSJB-55/17-435/U-CN,03.09.2026,06.09.2026,200,0,Tyco Electronics Singapore Pte Ltd,5,CRTD PRC  BASC BCRQ MACM MSCP SETC,
200234425043,ES7593-000,CSJB-55/17-435/U-CN,09.09.2026,16.09.2026,"1,500",0,Tyco Electronics Singapore Pte Ltd,5,CRTD PRC  BASC BCRQ MACM MSCP SETC,
200234424932,ES7593-000,CSJB-55/17-435/U-CN,18.09.2026,23.09.2026,800,0,Tyco Electronics Singapore Pte Ltd,5,CRTD MSPT PRC  BASC BCRQ MSCP SETC,
200234425037,ES7593-000,CSJB-55/17-435/U-CN,25.09.2026,29.09.2026,500,0,Tyco Electronics Singapore Pte Ltd,5,CRTD MSPT PRC  BASC BCRQ MSCP SETC,
200234425044,ES7593-000,CSJB-55/17-435/U-CN,24.09.2026,29.09.2026,"1,000",0,Tyco Electronics Singapore Pte Ltd,5,CRTD MSPT PRC  BASC BCRQ SETC,
200234425045,ES7593-000,CSJB-55/17-435/U-CN,30.09.2026,07.10.2026,"1,550",0,Tyco Electronics Singapore Pte Ltd,5,CRTD MSPT PRC  BASC BCRQ SETC,
200234425047,ES7593-000,CSJB-55/17-435/U-CN,07.10.2026,14.10.2026,"1,500",0,Tyco Electronics (Kunshan) Ltd,5,CRTD MSPT PRC  BASC BCRQ SETC,
200234425046,ES7593-000,CSJB-55/17-435/U-CN,14.10.2026,21.10.2026,"1,505",0,Tyco Electronics Singapore Pte Ltd,5,CRTD MSPT PRC  BASC BCRQ SETC,
200234425048,ES7593-000,CSJB-55/17-435/U-CN,21.10.2026,28.10.2026,"1,500",0,Tyco Electronics (Kunshan) Ltd,5,CRTD MSPT PRC  BASC BCRQ SETC,
200234651942,CS5711-000,LHOL-47-440,31.07.2026,31.07.2026,588,0,,,REL  PRT  PRC  BASC BCRQ MACM SETC,
200234689058,CS5711-000,LHOL-47-440,03.08.2026,04.08.2026,588,0,,,CRTD PRC  BASC BCRQ MACM SETC,
200234662377,CS5711-000,LHOL-47-440,04.08.2026,04.08.2026,588,0,,,CRTD PRC  BASC BCRQ MACM SETC,
200234662378,CS5711-000,LHOL-47-440,04.08.2026,04.08.2026,588,0,,,CRTD PRC  BASC BCRQ MACM SETC,
200234662379,CS5711-000,LHOL-47-440,05.08.2026,05.08.2026,588,0,,,CRTD PRC  BASC BCRQ MACM SETC,
200234689059,CS5711-000,LHOL-47-440,05.08.2026,05.08.2026,588,0,,,CRTD PRC  BASC BCRQ MACM SETC,
200234689061,CS5711-000,LHOL-47-440,06.08.2026,06.08.2026,588,0,,,CRTD PRC  BASC BCRQ MACM MSCP SETC,
200234689062,CS5711-000,LHOL-47-440,07.08.2026,07.08.2026,588,0,,,CRTD PRC  BASC BCRQ MACM MSCP SETC,
200233958635,EP0779-000,EXRM-1491-960-33X3.6-QA,14.04.2026,15.04.2026,5,0,,,REL  PRT  PCNF PRC  BASC BCRQ GMPS MACM*,
200234593844,ES7599-000,CSJP-75/25-552/U-JZ,17.07.2026,25.07.2026,300,290,,,REL  PRT  CNF  PRC  BASC BCRQ GMPS MACM*,COMP PREP
200234593845,ES7599-000,CSJP-75/25-552/U-JZ,22.07.2026,26.07.2026,126,124,,,REL  PRT  PCNF PRC  BASC BCRQ GMPS MACM*,PREP
200234638931,CS5715-000,LHOL-55-460,29.07.2026,29.07.2026,504,0,,,REL  PRT  PRC  BASC BCRQ MACM SETC,
200234638932,CS5715-000,LHOL-55-460,29.07.2026,29.07.2026,504,0,,,REL  PRT  PRC  BASC BCRQ MACM SETC,
200234638933,CS5715-000,LHOL-55-460,31.07.2026,31.07.2026,504,0,,,REL  PRT  PRC  BASC BCRQ MACM MSCP SETC,
200234642874,ET3951-000,CSJB-63/19-462/U-Q-S,30.07.2026,30.07.2026,300,0,,,REL  PRT  PRC  BASC BCRQ MACM MSCP SETC,PREP
200234069557,ET3937-000,CSJB-63/19-462/U-S,31.07.2026,03.08.2026,63,0,Tyco Electronics (Kunshan) Ltd,5,CRTD PRC  BASC BCRQ MACM MSCP SETC,
200234683811,ET3937-000,CSJB-63/19-462/U-S,04.08.2026,08.08.2026,237,0,,,CRTD MSPT PRC  BASC BCRQ MSCP SETC,
200234575240,ET3937-000,CSJB-63/19-462/U-S,24.09.2026,27.09.2026,10,0,Tyco Electronics (Kunshan) Ltd,5,CRTD PRC  BASC BCRQ MACM SETC,
200234575241,ET3937-000,CSJB-63/19-462/U-S,06.11.2026,09.11.2026,20,0,Tyco Electronics (Kunshan) Ltd,5,CRTD PRC  BASC BCRQ MACM SETC,
200234685265,ET3957-000,CSJB-83/30-552/U-QA-S,04.08.2026,04.08.2026,94,0,,,CRTD MSPT PRC  BASC BCRQ MSCP SETC,
200234574323,ES7595-000,CSJB-75/25-552/U-JZ,09.09.2026,12.09.2026,40,0,Tyco Electronics (Kunshan) Ltd,5,CRTD PRC  BASC BCRQ MACM MSCP SETC,
200234574327,ET3935-000,CSJB-55/17-435/U-S,23.09.2026,26.09.2026,10,0,Tyco Electronics (Kunshan) Ltd,5,CRTD PRC  BASC BCRQ MACM MSCP SETC,
200234252792,ET3935-000,CSJB-55/17-435/U-S,25.09.2026,29.09.2026,18,0,TE Connectivity Australia Pty Ltd,5,CRTD PRC  CSER BASC BCRQ MACM SETC,
200234425691,ET3935-000,CSJB-55/17-435/U-S,23.10.2026,27.10.2026,19,0,TE Connectivity Australia Pty Ltd,5,CRTD PRC  BASC BCRQ MACM SETC,
200234574322,ES7595-000,CSJB-75/25-552/U-JZ,30.10.2026,02.11.2026,20,0,Tyco Electronics (Kunshan) Ltd,5,CRTD PRC  BASC BCRQ MACM SETC,
200234574329,ET3935-000,CSJB-55/17-435/U-S,06.11.2026,09.11.2026,20,0,,,CRTD PRC  BASC BCRQ MACM SETC,
200234626121,EP9613-000,CSJS-49/15-410/U,28.07.2026,30.07.2026,40,0,,,REL  PRT  PCNF PRC  BASC BCRQ GMPS MACM*,
200234626122,EP9613-000,CSJS-49/15-410/U,28.07.2026,30.07.2026,23,0,,,REL  PRT  PCNF PRC  BASC BCRQ GMPS MACM*,
200234642813,EP9613-000,CSJS-49/15-410/U,31.07.2026,05.08.2026,288,0,,,REL  PRT  PRC  BASC BCRQ GMPS MACM SETC,
200234683957,EP9613-000,CSJS-49/15-410/U,04.08.2026,08.08.2026,192,0,,,CRTD PRC  BASC BCRQ MACM MSCP SETC,
200234642870,ET5837-000,CSJB-75/25-552/U-Q-CN,28.07.2026,28.07.2026,120,0,,,REL  PRT  PRC  BASC BCRQ MACM SETC,PREP
200234642871,ET3958-000,CSJB-63/19-462/U-LF-Q-S,29.07.2026,29.07.2026,300,0,,,REL  PRT  PRC  BASC BCRQ MACM SETC,PREP
200234642872,ET3958-000,CSJB-63/19-462/U-LF-Q-S,29.07.2026,29.07.2026,304,0,,,REL  PRT  PRC  BASC BCRQ MACM SETC,PREP
200234685264,ET3958-000,CSJB-63/19-462/U-LF-Q-S,06.08.2026,06.08.2026,300,0,,,CRTD PRC  BASC BCRQ MACM MSCP SETC,
200234554509,ET3949-000,CSJP-63/19-462/U-S,14.07.2026,18.07.2026,100,97,,,REL  PRT  PCNF PRC  BASC BCRQ GMPS MACM*,PREP
200234593926,ER8477-000,CSJB-63/19-462/U-LF-Q-JZ,27.07.2026,27.07.2026,200,0,,,REL  PRT  PRC  BASC BCRQ MACM MSCP SETC,PREP
200234642875,ER8477-000,CSJB-63/19-462/U-LF-Q-JZ,27.07.2026,27.07.2026,240,0,,,REL  PRT  PRC  BASC BCRQ MACM MSCP SETC,PREP
200234643206,EP8797-000,CSJBS-49/15-410/U-QA,28.07.2026,28.07.2026,192,0,,,REL  PRT  PRC  BASC BCRQ GMPS MACM MSCP*,COMP PREP
200234681236,ET3949-000,CSJP-63/19-462/U-S,04.08.2026,06.08.2026,12,0,,,CRTD PRC  BASC BCRQ MACM SETC,
200234554087,ES2816-000,CSJP-55/17-435/U-CN,14.07.2026,16.07.2026,22,0,,,REL  PRT  PCNF PRC  BASC BCRQ GMPS MACM*,
200234340811,ES2816-000,CSJP-55/17-435/U-CN,16.07.2026,17.07.2026,36,31,,,REL  PRT  PCNF PRC  BASC BCRQ GMPS MACM*,
200234593850,ES2816-000,CSJP-55/17-435/U-CN,22.07.2026,27.07.2026,300,0,,,REL  PRT  PCNF PRC  BASC BCRQ GMPS MACM*,COMP PREP
200234626119,ES2816-000,CSJP-55/17-435/U-CN,28.07.2026,30.07.2026,69,0,,,REL  PRT  PCNF PRC  BASC BCRQ GMPS MACM*,
200234626120,ES2816-000,CSJP-55/17-435/U-CN,28.07.2026,31.07.2026,126,0,,,REL  PRT  PRC  BASC BCRQ MACM MSCP SETC,
200234642800,ES2816-000,CSJP-55/17-435/U-CN,28.07.2026,03.08.2026,300,0,,,REL  PRT  PCNF PRC  BASC BCRQ GMPS MACM*,PREP
200234593853,ES7597-000,CSJP-47/14-435/U-CN,23.07.2026,28.07.2026,300,0,,,REL  PRT  PCNF PRC  BASC BCRQ GMPS MACM*,PREP
200234643100,ER5580-000,CSJB-47/14-435/U-Q-JZ,28.07.2026,28.07.2026,300,0,,,REL  PRT  PRC  BASC BCRQ MACM MSCP SETC,
200234642807,ES7597-000,CSJP-47/14-435/U-CN,29.07.2026,03.08.2026,300,0,,,REL  PRT  PCNF PRC  BASC BCRQ GMPS MACM*,PREP
200234625983,ET3960-000,CSJP-63/19-462/U-LF-S,28.07.2026,30.07.2026,10,0,,,REL  PRT  PCNF PRC  BASC BCRQ GMPS MACM*,
200234681682,ET3961-000,CSJB-83/30-552/U-S,03.08.2026,06.08.2026,130,0,,,CRTD PRC  BASC BCRQ MACM MSCP SETC,
200233921245,ER5583-000,CSJB-75/25-552/U-Q-JZ,15.04.2026,16.04.2026,600,600,,,REL  PRT  CNF  PRC  BASC BCRQ GMPS MACM*,PREP
200234593925,ER5583-000,CSJB-75/25-552/U-Q-JZ,27.07.2026,27.07.2026,300,0,,,REL  PRT  PRC  BASC BCRQ GMPS MACM MSCP*,PREP
200234642868,ER5583-000,CSJB-75/25-552/U-Q-JZ,28.07.2026,28.07.2026,300,0,,,REL  PRT  PRC  BASC BCRQ MACM SETC,PREP
202225037,ES7599-000,CSJP-75/25-552/U-JZ,11.08.2026,15.08.2026,84,0,,,CRTD MSPT PRC  BASC BCRQ SETC,
200234685259,ES7592-000,CSJB-47/14-435/U-CN,04.08.2026,08.08.2026,360,0,,,CRTD PRC  BASC BCRQ MACM MSCP SETC,
200234685068,ES7591-000,CSJB-47/14-435/U-JZ,03.08.2026,07.08.2026,360,0,,,CRTD PRC  BASC BCRQ MACM MSCP SETC,
200234683932,ES7591-000,CSJB-47/14-435/U-JZ,06.08.2026,09.08.2026,300,0,,,CRTD PRC  BASC BCRQ MACM MSCP SETC,
200234685063,ES2815-000,CSJB-55/17-435/U-Q-CN,03.08.2026,03.08.2026,80,0,,,CRTD PRC  BASC BCRQ MACM MSCP SETC,
200234593847,ET5212-000,CSJP-63/19-462/U-LF-JZ,22.07.2026,26.07.2026,150,0,,,REL  PRT  PCNF PRC  BASC BCRQ GMPS MACM*,COMP PREP
200234681298,ET5212-000,CSJP-63/19-462/U-LF-JZ,04.08.2026,06.08.2026,7,0,,,CRTD PRC  BASC BCRQ MACM MSCP SETC,
200234685268,ET5212-000,CSJP-63/19-462/U-LF-JZ,04.08.2026,08.08.2026,169,0,,,CRTD PRC  BASC BCRQ MACM MSCP SETC,
200234626123,ET3938-000,CSJP-47/14-435/U-S,28.07.2026,30.07.2026,11,0,,,REL  PRT  PCNF PRC  BASC BCRQ GMPS MACM*,
200234683917,ER8478-000,CSJB-63/19-462/U-LF-JZ,06.08.2026,07.08.2026,240,0,,,CRTD PRC  BASC BCRQ MACM MSCP SETC,
200234685257,ET4277-000,CSJB-47/14-435/U-CM-JZ,03.08.2026,07.08.2026,360,0,,,CRTD PRC  BASC BCRQ MACM MSCP SETC,
200234683804,ET5866-000,CSJB-75/25-552/U-CN,04.08.2026,07.08.2026,120,0,,,CRTD PRC  BASC BCRQ MACM MSCP SETC,
200234683813,ET3936-000,CSJB-63/19-462/U-LF-S,09.09.2026,12.09.2026,300,0,,,CRTD PRC  BASC BCRQ MACM SETC,
200234642632,ES0839-000,CSJP-55/17-435/U-JZ,27.07.2026,01.08.2026,297,0,,,REL  PRT  PCNF PRC  BASC BCRQ GMPS MACM*,PREP
200234606800,ES7598-000,CSJP-63/19-462/U-JZ,28.07.2026,30.07.2026,25,0,,,REL  PRT  PCNF PRC  BASC BCRQ GMPS MACM*,
200234607001,ES7598-000,CSJP-63/19-462/U-JZ,22.10.2026,25.10.2026,12,0,TE Connectivity Brasil Industria de,5,CRTD MSPT PRC  BASC BCRQ SETC,
200234459297,EP0777-000,EXRM-1491-760-25X3.6-QA,04.07.2026,06.07.2026,90,0,,,REL  PRT  PCNF PRC  BASC BCRQ GMPS MACM*,
200234459713,EP0777-000,EXRM-1491-760-25X3.6-QA,27.07.2026,27.07.2026,30,0,,,REL  PRT  PCNF PRC  BASC BCRQ GMPS MACM*,
200234459716,EP0777-000,EXRM-1491-760-25X3.6-QA,27.07.2026,27.07.2026,30,0,,,REL  PRT  PCNF PRC  BASC BCRQ GMPS MACM*,
200234645008,EP0781-000,EXRM-1491-960-36X3.6-QA,27.07.2026,27.07.2026,10,0,,,REL  PRT  PCNF PRC  BASC BCRQ GMPS MACM*,COMP PREP
200234645150,EP0778-000,EXRM-1491-830-30X3.6-QA,27.07.2026,27.07.2026,10,0,,,REL  PRT  PCNF PRC  BASC BCRQ GMPS MACM*,
200234609861,EP0779-000,EXRM-1491-960-33X3.6-QA,29.07.2026,29.07.2026,10,0,,,REL  PRT  PCNF PRC  BASC BCRQ GMPS MACM*,
200234645152,ER1602-000,EXRM-1491-660-25X3.6-QA,04.08.2026,04.08.2026,10,0,,,CRTD PRC  BASC BCRQ MACM SETC,
200234679128,EP0777-000,EXRM-1491-760-25X3.6-QA,04.08.2026,04.08.2026,10,0,,,CRTD PRC  BASC BCRQ MACM SETC,
200234567881,D27776-000,BAH-018070278,04.08.2026,04.08.2026,100,0,TE Connectivity Energy GmbH,5,CRTD PRC  BASC BCRQ MACM SETC,
200234647122,D27776-000,BAH-018070278,06.10.2026,06.10.2026,100,0,TE Connectivity Energy GmbH,5,CRTD PRC  BASC BCRQ MACM SETC,
200234549435,5069886081,CGPT-25.4/12.7-0-500MM,31.07.2026,31.07.2026,"1,000",0,,,REL  PRT  PRC  BASC BCRQ MACM SETC,
200234586788,4623556011,CGPT-32/16-0-500MM,05.08.2026,05.08.2026,320,0,,,CRTD PRC  BASC BCRQ MACM SETC,
200234586789,4623556011,CGPT-32/16-0-500MM,10.09.2026,10.09.2026,"1,000",0,,,CRTD PRC  BASC BCRQ MACM SETC,
200234549662,ES4651-000,EN-CGPT-24/8-X-800MM,05.08.2026,05.08.2026,600,0,,,CRTD PRC  BASC BCRQ MACM SETC,
200234684989,ES4651-000,EN-CGPT-24/8-X-800MM,26.08.2026,26.08.2026,412,0,,,CRTD PRC  BASC BCRQ MACM SETC,
200234596010,EE7622-000,BAH-018070552,12.08.2026,12.08.2026,187,0,,,CRTD PRC  BASC BCRQ MACM MSCP SETC,
200234684995,EE7622-000,BAH-018070552,26.08.2026,26.08.2026,200,0,,,CRTD PRC  BASC BCRQ MACM SETC,
200234596011,EE7633-000,BAH-018070553,12.08.2026,12.08.2026,272,0,,,CRTD PRC  BASC BCRQ MACM MSCP SETC,
200234684996,EE7633-000,BAH-018070553,26.08.2026,26.08.2026,200,0,,,CRTD PRC  BASC BCRQ MACM SETC,
200234569029,ES4657-000,EN-CGPT-39/13-X-1400MM,06.08.2026,06.08.2026,500,0,,,CRTD PRC  BASC BCRQ MACM SETC,
200234609683,ES4856-000,EN-CGPT-39/13-X-1000MM,13.08.2026,13.08.2026,60,0,,,CRTD PRC  BASC BCRQ MACM SETC,
200234549433,4781476006,CGPT-51/26-5-200MM,31.07.2026,31.07.2026,"2,000",0,,,REL  PRT  PRC  BASC BCRQ MACM SETC,
200234586790,ES4653-000,EN-CGPT-19/9.5-3000MM,06.08.2026,06.08.2026,180,0,,,CRTD PRC  BASC BCRQ MACM SETC,
200234557000,EB6965-000,BAH-018070487,07.08.2026,10.08.2026,500,0,,,CRTD PRC  BASC BCRQ MACM SETC,
200234557001,EB6965-000,BAH-018070487,02.09.2026,03.09.2026,500,0,,,CRTD PRC  BASC BCRQ MACM MSCP SETC,
200234647364,ES9783-000,BAH-018070663,20.08.2026,20.08.2026,20,0,,,CRTD PRC  BASC BCRQ MACM SETC,
200234609465,ES9786-000,BAH-018070666,02.08.2026,03.08.2026,500,0,,,REL  PRT  PRC  BASC BCRQ MACM SETC,
200234609680,ES4857-000,EN-CGPT-25.4/12.7-0-3000MM,13.08.2026,13.08.2026,100,0,,,CRTD PRC  BASC BCRQ MACM SETC,
200234555779,E04316-000,EXRM-1341-PN-1-370,12.08.2026,13.08.2026,"2,000",0,,,CRTD PRC  BASC BCRQ MACM SETC,
200234555713,A56792-000,EXRM-1341-PN-1-390,11.08.2026,11.08.2026,"1,000",0,,,CRTD PRC  BASC BCRQ MACM SETC,
200234609571,EE7635-000,BAH-018070555,05.08.2026,05.08.2026,60,0,,,CRTD PRC  BASC BCRQ MACM MSCP SETC,
200234609688,EE7634-000,BAH-018070554,13.08.2026,13.08.2026,101,0,,,CRTD PRC  BASC BCRQ MACM SETC,
200234684392,EE7635-000,BAH-018070555,25.08.2026,25.08.2026,90,0,,,CRTD PRC  BASC BCRQ MACM SETC,
200234272013,E09316-000,BAH-018070280,26.08.2026,26.08.2026,100,0,TE Connectivity Energy GmbH,5,CRTD PRC  BASC BCRQ MACM SETC,
200234440212,ES4855-000,EN-CGPT-24/8-0-500MM,16.09.2026,16.09.2026,360,0,,,CRTD PRC  BASC BCRQ MACM SETC,
200234647369,6339876016,CGPT-12/4-0-600MM,20.08.2026,20.08.2026,500,0,,,CRTD PRC  BASC BCRQ MACM SETC,
200234647372,977234-000,BAH-018070190,20.08.2026,20.08.2026,77,0,,,CRTD PRC  BASC BCRQ MACM SETC,
200234674526,ES9785-000,BAH-018070665,25.08.2026,26.08.2026,500,0,,,CRTD PRC  BASC BCRQ MACM SETC,
200234550237,A75424-000,BAH-018070295,15.09.2026,15.09.2026,200,0,TE Connectivity Energy GmbH,5,CRTD MSPT PRC  BASC BCRQ SETC,
200234292769,EP6389-000,PBA254L35E35M6-073-W,03.08.2026,03.08.2026,25,0,ESB,5,REL  PRC  BASC BCRQ MACM MSCP SETC,
200234637405,ET4814-000,PCA3E96L5E1M8-123,03.08.2026,04.08.2026,20,0,B/R ENERGI AS,5,REL  PRC  BASC BCRQ MACM SETC,
200233640531,EP9304-000,PBA375L5E2M8-100,07.08.2026,07.08.2026,9,0,ENERGEL,5,CRTD MSPT PRC  BASC BCRQ SETC,
200233721655,ET4816-000,PCA2E66L5E1M8-073,04.08.2026,06.08.2026,42,0,B/R ENERGI AS,5,REL  PRC  BASC BCRQ MACM SETC,
200234282323,EH8544-000,BOW-TLPBA331228L6E0M0,12.08.2026,12.08.2026,6,0,TE Connectivity Peru SAC,5,CRTD MSPT PRC  BASC BCRQ MSCP SETC,
200234008241,EP7377-000,PCA3E120L1E1M7-145,13.08.2026,13.08.2026,6,0,Cable Services Ltd,5,CRTD MSPT PRC  BASC BCRQ SETC,
200233640660,EP9304-000,PBA375L5E2M8-100,14.08.2026,14.08.2026,9,0,ENERGEL,5,CRTD MSPT PRC  BASC BCRQ SETC,
200234025110,EP7377-000,PCA3E120L1E1M7-145,17.08.2026,17.08.2026,3,0,National Grid Electricity,5,CRTD PRC  BASC BCRQ MACM SETC,
200234457438,ET4816-000,PCA2E66L5E1M8-073,12.08.2026,14.08.2026,40,0,B/R ENERGI AS,5,CRTD MSPT PRC  BASC BCRQ MSCP SETC,
200234149962,EP7377-000,PCA3E120L1E1M7-145,18.08.2026,18.08.2026,3,0,National Grid Electricity,5,CRTD PRC  BASC BCRQ MACM SETC,
200233640526,ET4813-000,PCA32E180L5E1M8-245,17.08.2026,19.08.2026,20,0,B/R ENERGI AS,5,CRTD MSPT PRC  BASC BCRQ SETC,
200233640659,EP9304-000,PBA375L5E2M8-100,20.08.2026,20.08.2026,6,0,ENERGEL,5,CRTD MSPT PRC  BASC BCRQ SETC,
200233846994,ER1367-000,PBA260L1E1M8-073,24.08.2026,24.08.2026,3,0,ENERGEL,5,CRTD MSPT PRC  BASC BCRQ SETC,
200234199148,EH8544-000,BOW-TLPBA331228L6E0M0,19.08.2026,24.08.2026,35,0,TE Connectivity Peru SAC,5,CRTD MSPT PRC  BASC BCRQ SETC,
200233845933,EP9304-000,PBA375L5E2M8-100,25.08.2026,25.08.2026,11,0,ENERGEL,5,CRTD MSPT PRC  BASC BCRQ SETC,
200233640522,ET4814-000,PCA3E96L5E1M8-123,19.08.2026,25.08.2026,57,0,B/R ENERGI AS,5,CRTD PRC  BASC BCRQ MACM SETC,
200234038870,ET3106-000,PCA31E120L5E5M5-145,01.09.2026,02.09.2026,6,0,TE Connectivity Australia Pty Ltd,5,CRTD MSPT PRC  BASC BCRQ SETC,
200234076021,EP9304-000,PBA375L5E2M8-100,02.09.2026,02.09.2026,6,0,ENERGEL,5,CRTD MSPT PRC  BASC BCRQ SETC,
200234444809,EP7578-000,PCA33E192L21E1M8-245-5,03.09.2026,07.09.2026,9,0,Tyco Electronics Mexico S de RL de,5,CRTD MSPT PRC  BASC BCRQ MSCP SETC,
200234444807,EP7578-000,PCA33E192L21E1M8-245-5,08.09.2026,08.09.2026,1,0,Tyco Electronics Mexico S de RL de,5,CRTD MSPT PRC  BASC BCRQ SETC,
200233501583,ER6974-000,PBA133L35E35M6-036-W,17.09.2026,17.09.2026,4,0,ESB,5,CRTD PRC  BASC BCRQ MACM SETC,
200234585488,ER6974-000,PBA133L35E35M6-036-W,17.09.2026,17.09.2026,2,0,ESB,5,CRTD MSPT PRC  BASC BCRQ SETC,
200234517013,EH8544-000,BOW-TLPBA331228L6E0M0,29.09.2026,06.10.2026,50,0,TE Connectivity Peru SAC,5,CRTD PRC  BASC BCRQ MACM MSCP SETC,
200234517117,EH8544-000,BOW-TLPBA331228L6E0M0,07.10.2026,14.10.2026,50,0,TE Connectivity Peru SAC,5,CRTD PRC  BASC BCRQ MACM MSCP SETC,
200234517546,EH8544-000,BOW-TLPBA331228L6E0M0,19.10.2026,21.10.2026,28,0,TE Connectivity Peru SAC,5,CRTD PRC  BASC BCRQ MACM MSCP SETC,
200234583508,EP7377-000,PCA3E120L1E1M7-145,22.10.2026,22.10.2026,12,0,Wolseley UK Limited,5,CRTD MSPT PRC  BASC BCRQ SETC,
200234679832,EP7377-000,PCA3E120L1E1M7-145,26.10.2026,26.10.2026,3,0,National Grid Electricity,5,CRTD MSPT PRC  BASC BCRQ SETC,
200234517556,EH8544-000,BOW-TLPBA331228L6E0M0,26.10.2026,28.10.2026,28,0,TE Connectivity Peru SAC,5,CRTD PRC  BASC BCRQ MACM MSCP SETC,
200234517547,EH8544-000,BOW-TLPBA331228L6E0M0,02.11.2026,04.11.2026,28,0,TE Connectivity Peru SAC,5,CRTD MSPT PRC  BASC BCRQ MSCP SETC,
200234650570,EP7377-000,PCA3E120L1E1M7-145,04.11.2026,04.11.2026,6,0,National Grid Electricity,5,CRTD MSPT PRC  BASC BCRQ SETC,
200233847057,ER1367-000,PBA260L1E1M8-073,11.11.2026,11.11.2026,15,0,ENERGEL,5,CRTD MSPT PRC  CSER BASC BCRQ SETC,
200234517699,EH8544-000,BOW-TLPBA331228L6E0M0,09.11.2026,11.11.2026,28,0,TE Connectivity Peru SAC,5,CRTD MSPT PRC  BASC BCRQ MSCP SETC,
200234517701,EH8544-000,BOW-TLPBA331228L6E0M0,16.11.2026,18.11.2026,28,0,TE Connectivity Peru SAC,5,CRTD MSPT PRC  BASC BCRQ MSCP SETC,
200234517702,EH8544-000,BOW-TLPBA331228L6E0M0,23.11.2026,25.11.2026,28,0,TE Connectivity Peru SAC,5,CRTD MSPT PRC  BASC BCRQ MSCP SETC,
200234517706,EH8544-000,BOW-TLPBA331228L6E0M0,30.11.2026,02.12.2026,28,0,TE Connectivity Peru SAC,5,CRTD MSPT PRC  BASC BCRQ MSCP SETC,
200234517708,EH8544-000,BOW-TLPBA331228L6E0M0,07.12.2026,09.12.2026,28,0,TE Connectivity Peru SAC,5,CRTD MSPT PRC  BASC BCRQ MSCP SETC,
200234517709,EH8544-000,BOW-TLPBA331228L6E0M0,14.12.2026,16.12.2026,28,0,TE Connectivity Peru SAC,5,CRTD MSPT PRC  BASC BCRQ MSCP SETC,
200234517712,EH8544-000,BOW-TLPBA331228L6E0M0,21.12.2026,23.12.2026,28,0,TE Connectivity Peru SAC,5,CRTD MSPT PRC  BASC BCRQ MSCP SETC,
200234517713,EH8544-000,BOW-TLPBA331228L6E0M0,11.01.2027,13.01.2027,28,0,TE Connectivity Peru SAC,5,CRTD MSPT PRC  BASC BCRQ MSCP SETC,
200234473380,EP9304-000,PBA375L5E2M8-100,14.01.2027,14.01.2027,6,0,ENERGEL,5,CRTD MSPT PRC  BASC BCRQ SETC,
200234517778,EH8544-000,BOW-TLPBA331228L6E0M0,18.01.2027,20.01.2027,28,0,TE Connectivity Peru SAC,5,CRTD MSPT PRC  BASC BCRQ SETC,
200234517780,EH8544-000,BOW-TLPBA331228L6E0M0,26.01.2027,27.01.2027,16,0,TE Connectivity Peru SAC,5,CRTD MSPT PRC  BASC BCRQ SETC,
200233864256,EN5869-000,RSTF78 CORE,31.07.2026,04.08.2026,50,0,TE Connectivity Energy GmbH,5,REL  PRT  PRC  BASC BCRQ GMPS MACM MSCP*,COMP PREP
200233867312,EK8744-000,BOW-PBA130L21E5M7-45,07.08.2026,07.08.2026,15,0,TE Connectivity Corporation,5,CRTD MSPT PRC  BASC BCRQ SETC,
200234115788,EK8744-000,BOW-PBA130L21E5M7-45,07.09.2026,07.09.2026,33,0,TE Connectivity Corporation,5,CRTD MSPT PRC  BASC BCRQ SETC,
200234515436,EK8744-000,BOW-PBA130L21E5M7-45,23.09.2026,23.09.2026,13,0,TE Connectivity Corporation,5,CRTD MSPT PRC  BASC BCRQ SETC,
200234328649,EK8744-000,BOW-PBA130L21E5M7-45,05.10.2026,05.10.2026,11,0,TE Connectivity Corporation,5,CRTD MSPT PRC  CSER BASC BCRQ SETC,
200234583802,EK8744-000,BOW-PBA130L21E5M7-45,05.10.2026,05.10.2026,18,0,TE Connectivity Corporation,5,CRTD MSPT PRC  BASC BCRQ SETC,
200234617232,ET6643-000,BMOD-HV-075-T11-01,20.07.2026,23.07.2026,68,0,,,REL  PRT  PCNF PRC  BASC BCRQ GMPS MACM*,
200234617234,ET6644-000,BMOD-HV-075-T11-02,20.07.2026,23.07.2026,68,0,,,REL  PRT  PCNF PRC  BASC BCRQ GMPS MACM*,
200234309685,BM2059-000,BOW-PCA2E66L6E2M8,06.08.2026,06.08.2026,6,0,TE Connectivity Solutions GmbH,5,CRTD MSPT PRC  BASC BCRQ SETC,
200234340572,BM2059-000,BOW-PCA2E66L6E2M8,13.08.2026,13.08.2026,6,0,TE Connectivity Solutions GmbH,5,CRTD MSPT PRC  BASC BCRQ MSCP SETC,
200234660327,EK6883-000,BOW-PCA3E96L5E2M8-123-5,08.09.2026,09.09.2026,13,0,TE Connectivity Colombia SAS,5,CRTD MSPT PRC  BASC BCRQ MSCP SETC,
200234625959,BM2059-000,BOW-PCA2E66L6E2M8,15.10.2026,16.10.2026,30,0,TE Connectivity Solutions GmbH,5,CRTD MSPT PRC  BASC BCRQ MSCP SETC,
200234669676,BM2059-000,BOW-PCA2E66L6E2M8,19.10.2026,19.10.2026,3,0,TE Connectivity Solutions GmbH,5,CRTD MSPT PRC  BASC BCRQ SETC,
200233846986,EF9991-000,BOW-PCA3E138-16245,04.08.2026,05.08.2026,1,0,TE Connectivity Solutions GmbH,5,CRTD MSPT PRC  BASC BCRQ RELR SETC,
200234237442,EF9991-000,BOW-PCA3E138-16245,24.11.2026,24.11.2026,6,0,TE Connectivity Solutions GmbH,5,CRTD MSPT PRC  CSER BASC BCRQ SETC,
200234237444,EF9991-000,BOW-PCA3E138-16245,24.11.2026,24.11.2026,9,0,TE Connectivity Solutions GmbH,5,CRTD MSPT PRC  CSER BASC BCRQ SETC,
200234592994,EF9991-000,BOW-PCA3E138-16245,30.11.2026,30.11.2026,12,0,TE Connectivity Solutions GmbH,5,CRTD MSPT PRC  BASC BCRQ SETC,
200234433858,EF9991-000,BOW-PCA3E138-16245,18.12.2026,18.12.2026,6,0,TE Connectivity Solutions GmbH,5,CRTD MSPT PRC  BASC BCRQ SETC,
200234007775,EM9236-000,PCA3E108L5E2M4-145-5,30.07.2026,30.07.2026,6,0,Tyco Electronics Polska Sp z o.o.,5,REL  PRC  BASC BCRQ MACM SETC,PREP
200234200739,EM8829-000,PCA3E102L5E2M4-123-5,31.07.2026,31.07.2026,3,0,Tyco Electronics Polska Sp z o.o.,5,REL  PRC  BASC BCRQ MACM SETC,
200234158689,ES8821-000,PCA136L21E2M7-036-45,06.08.2026,06.08.2026,6,0,TE Connectivity Corporation,5,CRTD MSPT PRC  BASC BCRQ SETC,
200234606055,EN6740-000,PBA3108L6E2M8-145,06.08.2026,06.08.2026,5,0,MiKoMi Kft.,5,CRTD MSPT PRC  BASC BCRQ MSCP SETC,
200234008240,EP6488-000,PCA3E120L21E2M8-145,07.08.2026,07.08.2026,3,0,TE Connectivity Corporation,5,CRTD MSPT PRC  BASC BCRQ MSCP SETC,
200234007774,EN6740-000,PBA3108L6E2M8-145,10.08.2026,11.08.2026,45,0,MiKoMi Kft.,5,CRTD MSPT PRC  BASC BCRQ SETC,
200234237155,ET1596-000,PBA112L21E2M7-015-45,18.08.2026,18.08.2026,6,0,TE Connectivity Corporation,5,CRTD PRC  BASC BCRQ MACM MSCP SETC,
200234319753,ET0829-000,PCA2E60L1E1M8-073-2,17.08.2026,18.08.2026,18,0,Tyco Electronics Polska Sp z o.o.,5,CRTD PRC  BASC BCRQ MACM MSCP SETC,
200233867660,ES9809-000,PBA112L5E2M8-018-45-5,19.08.2026,19.08.2026,3,0,TE Connectivity Corporation,5,CRTD PRC  BASC BCRQ MACM SETC,
200234445736,EN6740-000,PBA3108L6E2M8-145,17.08.2026,19.08.2026,60,0,MiKoMi Kft.,5,CRTD MSPT PRC  BASC BCRQ SETC,
200234199280,EP0564-000,PBA3108L5E2M8-145-5,21.08.2026,21.08.2026,12,0,Tyco Electronics Polska Sp z o.o.,5,CRTD MSPT PRC  BASC BCRQ MSCP SETC,
200234458841,EP0564-000,PBA3108L5E2M8-145-5,20.08.2026,21.08.2026,26,0,Tyco Electronics Polska Sp z o.o.,5,CRTD MSPT PRC  BASC BCRQ SETC,
200234343002,ET8285-000,TLPCA31E144L1E9M0-170,18.08.2026,24.08.2026,50,0,Tyco Electronics Polska Sp z o.o.,5,CRTD MSPT PRC  BASC BCRQ MSCP SETC,
200234342999,ET8285-000,TLPCA31E144L1E9M0-170,24.08.2026,28.08.2026,50,0,Tyco Electronics Polska Sp z o.o.,5,CRTD MSPT PRC  BASC BCRQ MSCP SETC,
200234264604,ET0829-000,PCA2E60L1E1M8-073-2,01.09.2026,01.09.2026,3,0,TE Connectivity Solutions GmbH,5,CRTD MSPT PRC  BASC BCRQ SETC,
200233916559,ET7108-000,PCA331E288L21E2M4-362,02.09.2026,03.09.2026,6,0,Tyco Electronics Polska Sp z o.o.,5,CRTD MSPT PRC  BASC BCRQ MSCP RELR SETC,
200234458843,EP0564-000,PBA3108L5E2M8-145-5,09.09.2026,09.09.2026,6,0,Tyco Electronics Polska Sp z o.o.,5,CRTD MSPT PRC  BASC BCRQ SETC,
200234467655,EM9236-000,PCA3E108L5E2M4-145-5,09.09.2026,09.09.2026,9,0,Tyco Electronics Polska Sp z o.o.,5,CRTD MSPT PRC  BASC BCRQ SETC,
200234592834,ER0455-000,PBA33186L6E2M8-245,29.09.2026,29.09.2026,6,0,MiKoMi Kft.,5,CRTD MSPT PRC  BASC BCRQ MSCP SETC,
200234617159,ES8821-000,PCA136L21E2M7-036-45,16.10.2026,16.10.2026,12,0,TE Connectivity Corporation,5,CRTD MSPT PRC  BASC BCRQ MSCP SETC,
200234639007,ET7108-000,PCA331E288L21E2M4-362,22.10.2026,23.10.2026,6,0,Tyco Electronics Polska Sp z o.o.,5,CRTD MSPT PRC  BASC BCRQ SETC,
200234433131,ET8285-000,TLPCA31E144L1E9M0-170,09.11.2026,13.11.2026,50,0,Tyco Electronics Polska Sp z o.o.,5,CRTD MSPT PRC  BASC BCRQ MSCP SETC,
200234433261,ET8285-000,TLPCA31E144L1E9M0-170,16.11.2026,20.11.2026,50,0,Tyco Electronics Polska Sp z o.o.,5,CRTD MSPT PRC  BASC BCRQ MSCP SETC,
200233640342,EP9443-000,PBA3120L5E2M8-145,11.08.2026,12.08.2026,27,0,ENERGEL,5,CRTD MSPT PRC  BASC BCRQ SETC,
200233640341,EP9443-000,PBA3120L5E2M8-145,19.08.2026,20.08.2026,27,0,ENERGEL,5,CRTD MSPT PRC  BASC BCRQ SETC,
200233825257,EP9443-000,PBA3120L5E2M8-145,24.08.2026,25.08.2026,33,0,ENERGEL,5,CRTD MSPT PRC  BASC BCRQ SETC,
200234075855,EP9443-000,PBA3120L5E2M8-145,01.09.2026,02.09.2026,30,0,ENERGEL,5,CRTD MSPT PRC  BASC BCRQ SETC,
200234473276,EP9443-000,PBA3120L5E2M8-145,14.01.2027,15.01.2027,27,0,ENERGEL,5,CRTD MSPT PRC  BASC BCRQ SETC,
200234495809,EP9443-000,PBA3120L5E2M8-145,01.02.2027,02.02.2027,24,0,ENERGEL,5,CRTD MSPT PRC  BASC BCRQ SETC,
200234526223,EA6208-000,BOW-I-TERM-POLY-H-M3,31.07.2026,31.07.2026,6,0,Wolseley UK Limited,5,REL  PRC  BASC BCRQ MACM SETC,
200234007776,ES0241-000,PCA3E120L5E5M8-145-2,21.08.2026,21.08.2026,6,0,Wolseley UK Limited,5,CRTD MSPT PRC  BASC BCRQ SETC,
200234370710,EJ1109-000,BOW-L4 TLP-TERM,05.08.2026,05.08.2026,1,0,,,CRTD PRC  BASC BCRQ MACM SETC,
200234319594,EF1570-000,PBA396L5E2M8-123-5,19.08.2026,19.08.2026,6,0,Tyco Electronics Polska Sp z o.o.,5,CRTD MSPT PRC  BASC BCRQ SETC,
200234615918,EF1570-000,PBA396L5E2M8-123-5,16.10.2026,16.10.2026,6,0,Tyco Electronics Polska Sp z o.o.,5,CRTD MSPT PRC  BASC BCRQ MSCP SETC,
200234319746,ET4918-000,PBA372L0E1M8-100,19.08.2026,19.08.2026,3,0,GD A/S,5,CRTD MSPT PRC  BASC BCRQ SETC,
200234025115,EP7380-000,PCA3E132L6E2M8-145-5,21.08.2026,21.08.2026,6,0,Wolseley UK Limited,5,CRTD MSPT PRC  BASC BCRQ SETC,
200234599910,EP7380-000,PCA3E132L6E2M8-145-5,24.09.2026,24.09.2026,3,0,Wolseley UK Limited,5,CRTD MSPT PRC  BASC BCRQ SETC,
200234158611,ES2752-000,PCA3E120L6E2M4Q-145-2-EL,30.07.2026,30.07.2026,3,0,TE Connectivity Solutions GmbH,5,REL  PRT  PRC  BASC BCRQ MACM MSCP SETC,PREP
200234158680,ES2752-000,PCA3E120L6E2M4Q-145-2-EL,30.07.2026,30.07.2026,3,0,TE Connectivity Solutions GmbH,5,REL  PRT  PRC  BASC BCRQ GMPS MACM MSCP*,COMP PREP
200234158681,ES2752-000,PCA3E120L6E2M4Q-145-2-EL,30.07.2026,30.07.2026,3,0,TE Connectivity Solutions GmbH,5,REL  PRT  PRC  BASC BCRQ MACM MSCP SETC,
200234158678,ES2752-000,PCA3E120L6E2M4Q-145-2-EL,04.08.2026,04.08.2026,3,0,TE Connectivity Solutions GmbH,5,REL  PRC  BASC BCRQ MACM MSCP SETC,
200234229534,BM5727-000,BOW-PCA3E120L2E2M8,18.08.2026,18.08.2026,8,0,TE Connectivity Argentina SRL,5,CRTD MSPT PRC  BASC BCRQ SETC,
200234526763,ES2752-000,PCA3E120L6E2M4Q-145-2-EL,27.11.2026,27.11.2026,3,0,TE Connectivity Solutions GmbH,5,CRTD MSPT PRC  BASC BCRQ SETC,
200234526767,ES2752-000,PCA3E120L6E2M4Q-145-2-EL,27.11.2026,27.11.2026,3,0,TE Connectivity Solutions GmbH,5,CRTD MSPT PRC  BASC BCRQ SETC,
200234583813,ES2752-000,PCA3E120L6E2M4Q-145-2-EL,28.04.2027,28.04.2027,3,0,TE Connectivity Solutions GmbH,5,CRTD MSPT PRC  BASC BCRQ SETC,
200234583812,ES2752-000,PCA3E120L6E2M4Q-145-2-EL,29.04.2027,29.04.2027,3,0,TE Connectivity Solutions GmbH,5,CRTD MSPT PRC  BASC BCRQ SETC,
200234583814,ES2752-000,PCA3E120L6E2M4Q-145-2-EL,29.04.2027,29.04.2027,3,0,TE Connectivity Solutions GmbH,5,CRTD MSPT PRC  BASC BCRQ SETC,
200234285220,BM4497-000,BOW-PBA3-120-20VB-6-DD,31.07.2026,10.08.2026,32,0,,,REL  PRT  PCNF PRC  BASC BCRQ GMPS MACM*,COMP PREP
200234285330,BM4497-000,BOW-PBA3-120-20VB-6-DD,03.08.2026,11.08.2026,35,0,,,REL  PRT  PRC  BASC BCRQ GMPS MACM SETC,COMP PREP
200234607000,BM4497-000,BOW-PBA3-120-20VB-6-DD,04.08.2026,12.08.2026,32,0,,,REL  PRC  BASC BCRQ MACM SETC,
200234607012,BM4497-000,BOW-PBA3-120-20VB-6-DD,04.08.2026,13.08.2026,32,0,,,REL  PRC  BASC BCRQ MACM SETC,
200234373400,BM4493-000,BOW-PBA3-96-16VB-6-DD,05.08.2026,13.08.2026,32,0,,,REL  PRT  PRC  BASC BCRQ MACM SETC,
200234516827,BM4464-000,BOW-PCA3E-90-15VB-6-DD,29.07.2026,05.08.2026,2,0,,,REL  PPRT PCNF PRC  BASC BCRQ GMPS MACM*,COMP PREP
200234379703,BM4469-000,BOW-PCA3E-120-20VB-6-DD,28.07.2026,07.08.2026,32,0,,,REL  PPRT PCNF PRC  BASC BCRQ GMPS MACM*,COMP PREP
200234379379,BM4469-000,BOW-PCA3E-120-20VB-6-DD,10.08.2026,18.08.2026,32,0,,,CRTD PRC  BASC BCRQ MACM SETC,
200234343116,BM4469-000,BOW-PCA3E-120-20VB-6-DD,10.08.2026,19.08.2026,32,0,,,CRTD MSPT PRC  BASC BCRQ SETC,
200234343200,BM4469-000,BOW-PCA3E-120-20VB-6-DD,17.08.2026,25.08.2026,32,0,,,CRTD PRC  BASC BCRQ MACM SETC,
200234380199,BM4469-000,BOW-PCA3E-120-20VB-6-DD,17.08.2026,26.08.2026,32,0,,,CRTD MSPT PRC  BASC BCRQ SETC,
200234380366,BM4469-000,BOW-PCA3E-120-20VB-6-DD,18.08.2026,26.08.2026,32,0,,,CRTD PRC  BASC BCRQ MACM MSCP SETC,
200234379384,BM4469-000,BOW-PCA3E-120-20VB-6-DD,19.08.2026,28.08.2026,32,0,,,CRTD PRC  BASC BCRQ MACM MSCP SETC,
200234380273,BM4469-000,BOW-PCA3E-120-20VB-6-DD,25.08.2026,03.09.2026,32,0,,,CRTD MSPT PRC  BASC BCRQ MSCP SETC,
200234181395,BM4469-000,BOW-PCA3E-120-20VB-6-DD,26.08.2026,04.09.2026,13,0,,,CRTD PRC  BASC BCRQ MACM SETC,
200234181394,BM4469-000,BOW-PCA3E-120-20VB-6-DD,26.08.2026,07.09.2026,32,0,,,CRTD PRC  BASC BCRQ MACM SETC,
200234379027,BM4469-000,BOW-PCA3E-120-20VB-6-DD,26.08.2026,07.09.2026,32,0,,,CRTD PRC  BASC BCRQ MACM SETC,
200234378691,BM4469-000,BOW-PCA3E-120-20VB-6-DD,02.09.2026,11.09.2026,32,0,,,CRTD PRC  BASC BCRQ MACM SETC,
200234379392,BM4469-000,BOW-PCA3E-120-20VB-6-DD,02.09.2026,11.09.2026,32,0,,,CRTD PRC  BASC BCRQ MACM MSCP SETC,
200234343108,BM4469-000,BOW-PCA3E-120-20VB-6-DD,08.09.2026,17.09.2026,32,0,,,CRTD PRC  BASC BCRQ MACM SETC,
200234343199,BM4469-000,BOW-PCA3E-120-20VB-6-DD,10.09.2026,21.09.2026,32,0,,,CRTD PRC  BASC BCRQ MACM SETC,
200234380211,BM4469-000,BOW-PCA3E-120-20VB-6-DD,16.09.2026,25.09.2026,32,0,,,CRTD PRC  BASC BCRQ MACM MSCP SETC,
200234199154,BM5504-000,BOW-PCA3E132L6E2M8,17.08.2026,18.08.2026,24,0,TE Connectivity Solutions GmbH,5,CRTD MSPT PRC  BASC BCRQ SETC,
200234644095,BM4476-000,BOW-PBA1-30-05VB-6-DD,21.08.2026,27.08.2026,33,0,,,CRTD PRC  BASC BCRQ MACM MSCP SETC,
200234516834,EP1395-000,PCA3E90L21E2M8-123-5,18.08.2026,18.08.2026,2,0,Tyco Electronics Polska Sp z o.o.,5,CRTD MSPT PRC  BASC BCRQ MSCP SETC,
200234688013,ES2066-000,PCA2E54L21E2M8-073,21.09.2026,21.09.2026,3,0,TE Connectivity Industrial Y,5,CRTD MSPT PRC  BASC BCRQ MSCP SETC,
200234644082,EN9178-000,PBA3-78-13VB-6-DD-SBS,29.07.2026,04.08.2026,6,0,,,REL  PRT  PCNF PRC  BASC BCRQ GMPS MACM*,COMP
200234644083,EN9178-000,PBA3-78-13VB-6-DD-SBS,28.07.2026,04.08.2026,11,0,,,REL  PRT  PCNF PRC  BASC BCRQ GMPS MACM*,COMP PREP
200234499651,ES2725-000,PCA3E-132-22VB-6-DD-I,10.08.2026,14.08.2026,6,0,,,CRTD PRC  BASC BCRQ MACM MSCP SETC,
200234644087,EL5484-000,BOW-PCA1-18-03VB-6-DD-SBS,05.08.2026,11.08.2026,3,0,,,CRTD PRC  BASC BCRQ MACM SETC,
200233822548,ET5880-000,PCA3E120L10E1M8-145,20.08.2026,20.08.2026,3,0,UK Power Networks(Operations) Ltd,5,CRTD MSPT PRC  BASC BCRQ SETC,
200234115792,ES2750-000,PCA2E60L6E2M4Q-073-2-EL,13.08.2026,13.08.2026,9,0,TE Connectivity Solutions GmbH,5,CRTD MSPT PRC  BASC BCRQ SETC,
200234292774,ES2750-000,PCA2E60L6E2M4Q-073-2-EL,17.08.2026,17.08.2026,3,0,TE Connectivity Solutions GmbH,5,CRTD MSPT PRC  BASC BCRQ SETC,
200233956087,ET5880-000,PCA3E120L10E1M8-145,27.08.2026,27.08.2026,3,0,UK Power Networks(Operations) Ltd,5,CRTD MSPT PRC  BASC BCRQ SETC,
200233846342,ES2750-000,PCA2E60L6E2M4Q-073-2-EL,27.08.2026,27.08.2026,3,0,TE Connectivity Solutions GmbH,5,CRTD MSPT PRC  BASC BCRQ SETC,
200233846343,ES2750-000,PCA2E60L6E2M4Q-073-2-EL,27.08.2026,27.08.2026,3,0,TE Connectivity Solutions GmbH,5,CRTD MSPT PRC  BASC BCRQ SETC,
200234328576,ET5880-000,PCA3E120L10E1M8-145,26.10.2026,26.10.2026,3,0,UK Power Networks(Operations) Ltd,5,CRTD MSPT PRC  CSER BASC BCRQ SETC,
200234115793,ES2750-000,PCA2E60L6E2M4Q-073-2-EL,16.10.2026,16.10.2026,3,0,TE Connectivity Solutions GmbH,5,CRTD MSPT PRC  CSER BASC BCRQ SETC,
200234405427,ET5880-000,PCA3E120L10E1M8-145,28.10.2026,28.10.2026,3,0,UK Power Networks(Operations) Ltd,5,CRTD MSPT PRC  CSER BASC BCRQ SETC,
200234075845,ES2750-000,PCA2E60L6E2M4Q-073-2-EL,06.01.2027,06.01.2027,3,0,TE Connectivity Solutions GmbH,5,CRTD MSPT PRC  CSER BASC BCRQ SETC,
200234075847,ES2750-000,PCA2E60L6E2M4Q-073-2-EL,06.01.2027,06.01.2027,3,0,TE Connectivity Solutions GmbH,5,CRTD MSPT PRC  CSER BASC BCRQ SETC,
200234075850,ES2750-000,PCA2E60L6E2M4Q-073-2-EL,06.01.2027,06.01.2027,3,0,TE Connectivity Solutions GmbH,5,CRTD MSPT PRC  CSER BASC BCRQ SETC,
200234075852,ES2750-000,PCA2E60L6E2M4Q-073-2-EL,06.01.2027,06.01.2027,3,0,TE Connectivity Solutions GmbH,5,CRTD MSPT PRC  CSER BASC BCRQ SETC,
200234679819,ES2750-000,PCA2E60L6E2M4Q-073-2-EL,17.03.2027,17.03.2027,3,0,TE Connectivity Solutions GmbH,5,CRTD MSPT PRC  BASC BCRQ SETC,
200234644840,BM4455-000,BOW-PCA2E-60-10VB-6-DD,21.08.2026,01.09.2026,40,0,,,CRTD PRC  BASC BCRQ MACM MSCP SETC,
200234115595,EP0101-000,PBA372L5E1M8-100,26.08.2026,26.08.2026,3,0,GD A/S,5,CRTD MSPT PRC  BASC BCRQ SETC,
200234464505,EP0101-000,PBA372L5E1M8-100,15.10.2026,15.10.2026,3,0,GD A/S,5,CRTD MSPT PRC  BASC BCRQ SETC,
200234526222,EP0101-000,PBA372L5E1M8-100,19.10.2026,19.10.2026,3,0,GD A/S,5,CRTD MSPT PRC  BASC BCRQ SETC,
200234150063,BM4583-000,BOW-M8 P-TERM,24.08.2026,24.08.2026,3,0,Cable Services Ltd,5,CRTD MSPT PRC  BASC BCRQ SETC,
200233640661,ER6740-000,PCA115L5E5M5-018,27.08.2026,27.08.2026,3,0,Royal SMIT Transformers BV,5,CRTD MSPT PRC  BASC BCRQ SETC,
200234661196,BM4465-000,BOW-PCA3E-96-16VB-6-DD,11.08.2026,18.08.2026,13,0,,,CRTD PRC  BASC BCRQ MACM MSCP SETC,
200234644850,BM4465-000,BOW-PCA3E-96-16VB-6-DD,11.08.2026,19.08.2026,15,0,,,CRTD PRC  BASC BCRQ MACM MSCP SETC,
200234380101,BM4471-000,BOW-PCA3E-132-22VB-6-DD,24.07.2026,03.08.2026,24,22,,,REL  PPRT PCNF PRC  BASC BCRQ GMPS MACM*,COMP PREP
200234679068,BM4481-000,BOW-PBA2-42-07VB-6-DD,06.08.2026,12.08.2026,3,0,,,CRTD PRC  BASC BCRQ MACM MSCP SETC,
200233916410,ES9291-000,PBA3120L5E1M8-145,01.09.2026,01.09.2026,7,0,Schneider Electric Danmark A/S,5,CRTD MSPT PRC  BASC BCRQ SETC,
200234644848,BM4459-000,BOW-PCA3E-60-10VB-6-DD,13.08.2026,20.08.2026,10,0,,,CRTD PRC  BASC BCRQ MACM MSCP SETC,
200234178427,EF9992-000,BOW-PCA3E120-16245,03.09.2026,04.09.2026,18,0,TE Connectivity Solutions GmbH,5,CRTD MSPT PRC  BASC BCRQ SETC,
200234467654,EM8828-000,PCA3E72L5E2M4-100-5,09.09.2026,09.09.2026,3,0,Tyco Electronics Polska Sp z o.o.,5,CRTD MSPT PRC  BASC BCRQ SETC,
200234517980,ET8570-000,PCA2E60L6E2M8-073-5,10.09.2026,11.09.2026,24,0,TE Connectivity Argentina SRL,5,CRTD MSPT PRC  BASC BCRQ SETC,
200234592592,EP0237-000,PBA242L6E2M4Q-052-2-EL,03.09.2026,03.09.2026,3,0,TE Connectivity Solutions GmbH,5,CRTD MSPT PRC  BASC BCRQ SETC,
200234517849,ET8571-000,PCA3E120L6E2M8-145-5,11.09.2026,15.09.2026,24,0,TE Connectivity Argentina SRL,5,CRTD MSPT PRC  BASC BCRQ SETC,
200234517982,ET8570-000,PCA2E60L6E2M8-073-5,17.09.2026,18.09.2026,24,0,TE Connectivity Argentina SRL,5,CRTD MSPT PRC  BASC BCRQ SETC,
200234517854,ET8571-000,PCA3E120L6E2M8-145-5,18.09.2026,22.09.2026,24,0,TE Connectivity Argentina SRL,5,CRTD MSPT PRC  BASC BCRQ SETC,
200233721852,EP4165-000,PCA333E360L6E2M4-420,16.09.2026,16.09.2026,6,0,ENERGEL,5,CRTD MSPT PRC  BASC BCRQ SETC,
200233721849,EP4166-000,PCA32E186L6E2M8-245,18.09.2026,18.09.2026,2,0,ENERGEL,5,CRTD MSPT PRC  BASC BCRQ SETC,
200234423716,EP5967-000,PBA372L1E1M6-100,25.09.2026,25.09.2026,8,0,TE Connectivity Australia Pty Ltd,5,CRTD MSPT PRC  BASC BCRQ SETC,
200234661028,ES9692-000,PCA3E120L21E2M8PQ-145-2,28.09.2026,28.09.2026,3,0,TE Connectivity Brasil Industria de,5,CRTD MSPT PRC  BASC BCRQ SETC,
200234661023,ET8901-000,PCA33E198L21E2M8-245-5,28.09.2026,28.09.2026,6,0,Tyco Electronics Polska Sp z o.o.,5,CRTD MSPT PRC  BASC BCRQ SETC,
200234405424,ES2012-000,PBA372L6E1M8-100,30.09.2026,30.09.2026,3,0,GD A/S,5,CRTD MSPT PRC  CSER BASC BCRQ SETC,
200234405423,ES2012-000,PBA372L6E1M8-100,01.10.2026,01.10.2026,3,0,GD A/S,5,CRTD MSPT PRC  CSER BASC BCRQ SETC,
200233640657,ET6740-000,PCA130L5E5M5-036,24.09.2026,24.09.2026,3,0,Royal SMIT Transformers BV,5,CRTD MSPT PRC  BASC BCRQ SETC,
200234495914,ES7150-000,PCA32E192L33E27M8-245,06.10.2026,06.10.2026,2,0,TE Connectivity Brasil Industria de,5,CRTD MSPT PRC  BASC BCRQ SETC,
200234115593,EP0236-000,PCA3E96L6E2M4Q-123-2-EL,22.09.2026,22.09.2026,3,0,TE Connectivity Solutions GmbH,5,CRTD MSPT PRC  BASC BCRQ SETC,
200234149964,EP0236-000,PCA3E96L6E2M4Q-123-2-EL,22.09.2026,22.09.2026,3,0,TE Connectivity Solutions GmbH,5,CRTD MSPT PRC  BASC BCRQ SETC,
200234149966,EP0236-000,PCA3E96L6E2M4Q-123-2-EL,06.01.2027,06.01.2027,3,0,TE Connectivity Solutions GmbH,5,CRTD MSPT PRC  BASC BCRQ SETC,
200233474658,ET3775-000,PCA142-16245 (L6E5M4Q-052),13.10.2026,13.10.2026,3,0,TE Connectivity Solutions GmbH,5,CRTD PRC  CSER BASC BCRQ MACM SETC,
200234582834,CX7301-000,PBA372L5E2M6,15.10.2026,15.10.2026,6,0,Wolseley UK Limited,5,CRTD MSPT PRC  BASC BCRQ SETC,
200234582835,CX7301-000,PBA372L5E2M6,15.10.2026,15.10.2026,3,0,Cable Services Ltd,5,CRTD MSPT PRC  BASC BCRQ SETC,
200234662089,ET7052-000,PBA3102L6E2M4-123,19.10.2026,19.10.2026,6,0,TE Connectivity Solutions GmbH,5,CRTD MSPT PRC  BASC BCRQ SETC,
202220338,ES2576-000,PCA3E138L14E14M4Q-170-2-EL,05.08.2026,05.08.2026,1,0,,,REL  PRT  PRC  BASC BCRQ ERTR MACM SETC,
202220339,ES2576-000,PCA3E138L14E14M4Q-170-2-EL,05.08.2026,05.08.2026,1,0,,,REL  PRT  PRC  BASC BCRQ MANC SETC,PREP
200234628269,ES2576-000,PCA3E138L14E14M4Q-170-2-EL,22.10.2026,22.10.2026,3,0,TE Connectivity Solutions GmbH,5,CRTD MSPT PRC  BASC BCRQ SETC,
200234600196,ES7540-000,PCA3E120L14E14M4Q-145-2-EL,22.10.2026,23.10.2026,15,0,TE Connectivity Solutions GmbH,5,CRTD MSPT PRC  BASC BCRQ SETC,
200234473967,EH7739-000,BOW-PCA3E-138-22VB-6-DD,09.07.2026,17.07.2026,23,20,,,REL  PPRT PCNF PRC  BASC BCRQ GMPS MACM*,COMP PREP
200234085731,ES5284-000,PCA31E144L23E5M4-170-2,10.12.2026,11.12.2026,12,0,TE Connectivity Solutions GmbH,5,CRTD MSPT PRC  BASC BCRQ SETC,
200234085729,ES5284-000,PCA31E144L23E5M4-170-2,16.12.2026,16.12.2026,9,0,TE Connectivity Solutions GmbH,5,CRTD MSPT PRC  CSER BASC BCRQ SETC,
200234583089,ER8990-000,PCA332E330L6E1M4-420,16.12.2026,17.12.2026,12,0,TE Connectivity Solutions GmbH,5,CRTD MSPT PRC  BASC BCRQ SETC,
200234639004,ER8990-000,PCA332E330L6E1M4-420,24.12.2026,07.01.2027,45,0,TE Connectivity Solutions GmbH,5,CRTD MSPT PRC  BASC BCRQ SETC,
200234115785,ER8990-000,PCA332E330L6E1M4-420,06.01.2027,12.01.2027,45,0,TE Connectivity Solutions GmbH,5,CRTD MSPT PRC  BASC BCRQ MSCP SETC,
200234672155,ET8719-000,PCA3E120L23E1M8-145-2,18.01.2027,19.01.2027,12,0,TE Connectivity Solutions GmbH,5,CRTD MSPT PRC  BASC BCRQ SETC,
200234672318,ET8719-000,PCA3E120L23E1M8-145-2,19.04.2027,20.04.2027,12,0,TE Connectivity Solutions GmbH,5,CRTD MSPT PRC  BASC BCRQ SETC,
200234263487,ES2753-000,PCA3E75L6E2M4Q-100-2-EL,09.12.2026,09.12.2026,1,0,TE Connectivity Solutions GmbH,5,CRTD MSPT PRC  CSER BASC BCRQ SETC,
200233579040,BM4176-000,BOW-PCA1133X-16291,01.03.2027,01.03.2027,3,0,ENERGEL,5,CRTD MSPT PRC  CSER BASC BCRQ SETC,
200234387613,BM4176-000,BOW-PCA1133X-16291,07.04.2027,07.04.2027,3,0,ENERGEL,5,CRTD MSPT PRC  CSER BASC BCRQ SETC,
200234500053,EN8162-000,BAH-018000835,14.07.2026,20.07.2026,"2,760",240,,,REL  PRT  PCNF PRC  BCRQ GMPS MACM MSCP*,
200234684878,EN8166-000,BAH-018000839,04.08.2026,05.08.2026,528,0,,,CRTD PRC  BCRQ MACM MSCP SETC,
200234684896,EP2043-000,BAH-018000843,11.08.2026,14.08.2026,"2,400",0,,,CRTD PRC  BCRQ MACM MSCP SETC,
200234684977,EP2044-000,BAH-018000844,04.08.2026,11.08.2026,"3,040",0,,,CRTD PRC  BCRQ MACM MSCP SETC,
200234684979,EN8161-000,BAH-018000834,18.08.2026,21.08.2026,"2,400",0,,,CRTD PRC  BCRQ MACM SETC,
200234684889,EN8165-000,BAH-018000838,17.08.2026,19.08.2026,"1,020",0,,,CRTD PRC  BCRQ MACM SETC,
200234684892,ES6325-000,BAH-018000884,20.08.2026,24.08.2026,"1,020",0,,,CRTD PRC  BCRQ MACM SETC,
200234684883,EN8163-000,BAH-018000836,06.08.2026,10.08.2026,"1,020",0,,,CRTD PRC  BCRQ MACM SETC,
200234602807,CU8611-000,BAH-021500033,29.07.2026,29.07.2026,61,0,,,REL  PRT  PRC  BASC BCRQ GMPS MACM MSCP*,COMP PREP
200234568875,694533-000,MSFE-0009-0035/0185,29.07.2026,30.07.2026,500,0,,,REL  PRT  PRC  BASC BCRQ MACM MSCP SETC,PREP
200234490041,694533-000,MSFE-0009-0035/0185,04.08.2026,04.08.2026,60,0,Cable Services Ltd,5,CRTD PRC  BASC BCRQ MACM SETC,
200234372302,694533-000,MSFE-0009-0035/0185,04.08.2026,05.08.2026,500,0,,,CRTD PRC  BASC BCRQ MACM MSCP SETC,
200234684983,694533-000,MSFE-0009-0035/0185,05.08.2026,06.08.2026,500,0,,,CRTD PRC  BASC BCRQ MACM MSCP SETC,
200234489996,694533-000,MSFE-0009-0035/0185,11.08.2026,12.08.2026,500,0,Lovink-Enertech B.V.,5,CRTD PRC  BASC BCRQ MACM SETC,
200234498058,EP2407-000,BAH-035030100,11.08.2026,12.08.2026,"1,000",0,,,CRTD PRC  BASC BCRQ MACM MSCP SETC,
200234331334,694533-000,MSFE-0009-0035/0185,12.08.2026,13.08.2026,500,0,,,CRTD PRC  BASC BCRQ MACM MSCP SETC,
200234490038,694533-000,MSFE-0009-0035/0185,12.08.2026,13.08.2026,500,0,Lovink-Enertech B.V.,5,CRTD PRC  BASC BCRQ MACM SETC,
200234596009,EP2407-000,BAH-035030100,12.08.2026,13.08.2026,"1,000",0,,,CRTD PRC  BASC BCRQ MACM MSCP SETC,
200234489994,694533-000,MSFE-0009-0035/0185,13.08.2026,14.08.2026,500,0,Lovink-Enertech B.V.,5,CRTD PRC  BASC BCRQ MACM SETC,
200234647358,694533-000,MSFE-0009-0035/0185,19.08.2026,19.08.2026,225,0,,,CRTD PRC  BASC BCRQ MACM SETC,
200234647368,694533-000,MSFE-0009-0035/0185,24.08.2026,24.08.2026,105,0,,,CRTD PRC  BASC BCRQ MACM SETC,
200234674520,EP2407-000,BAH-035030100,25.08.2026,26.08.2026,"1,000",0,,,CRTD PRC  BASC BCRQ MACM SETC,
200234490046,694533-000,MSFE-0009-0035/0185,08.09.2026,09.09.2026,500,0,Tyco Electronics Polska Sp z o.o.,5,CRTD PRC  BASC BCRQ MACM SETC,
200234490045,694533-000,MSFE-0009-0035/0185,09.09.2026,10.09.2026,500,0,Tyco Electronics Polska Sp z o.o.,5,CRTD PRC  BASC BCRQ MACM SETC,
200234490044,694533-000,MSFE-0009-0035/0185,10.09.2026,11.09.2026,500,0,Tyco Electronics Polska Sp z o.o.,5,CRTD PRC  BASC BCRQ MACM SETC,
200234617274,307509-000,BCIC-3116(B12),28.07.2026,28.07.2026,148,0,Trafikverket,5,CRTD PRC  BASC BCRQ MACM MSCP RELR SETC,
200233877859,351230-000,BAH-021520016,31.07.2026,31.07.2026,200,0,NIE Networks Ltd,5,REL  PRT  PRC  BASC BCRQ MACM SETC,PREP
200234327758,727642-000,BAH-035030013,29.07.2026,31.07.2026,"1,000",240,Electricity North West Ltd,5,REL  PRT  PCNF PRC  BASC BCRQ GMPS MACM*,COMP PREP
200234569027,EB9133-000,BAH-032020080,03.08.2026,03.08.2026,541,0,,,REL  PRT  PRC  BASC BCRQ MACM MSCP SETC,PREP
200234673662,EB9133-000,BAH-032020080,31.07.2026,03.08.2026,"1,000",0,National Grid Electricity,5,REL  PRT  PRC  BASC BCRQ MACM MSCP SETC,
200234425878,671342-000,BAH-035020014,04.08.2026,04.08.2026,7,0,TE Connectivity HK Limited,5,CRTD PRC  BASC BCRQ MACM MSCP SETC,
200234460193,EB9133-000,BAH-032020080,04.08.2026,04.08.2026,30,0,Cable Services Ltd,5,CRTD PRC  BASC BCRQ MACM MSCP SETC,
200234673663,EB9133-000,BAH-032020080,03.08.2026,04.08.2026,"1,000",0,National Grid Electricity,5,REL  PRT  PRC  BASC BCRQ MACM MSCP SETC,
200234460186,EB9133-000,BAH-032020080,04.08.2026,05.08.2026,"1,100",0,National Grid Electricity,5,CRTD PRC  BASC BCRQ MACM MSCP SETC,
200234683810,EB9133-000,BAH-032020080,05.08.2026,05.08.2026,380,0,National Grid Electricity,5,CRTD PRC  BASC BCRQ MACM MSCP SETC,
200234056331,EE4951-000,BAH-038081303,06.08.2026,06.08.2026,112,0,Northern Powergrid,2,CRTD PRC  BASC BCRQ MACM MSCP SETC,
200234498596,EB9133-000,BAH-032020080,05.08.2026,06.08.2026,"1,000",0,,,CRTD PRC  BASC BCRQ MACM MSCP SETC,
200234459987,727642-000,BAH-035030013,07.08.2026,07.08.2026,20,0,Cable Services Ltd,5,CRTD PRC  BASC BCRQ MACM SETC,
200234459977,EN1430-000,BAH-038081571,10.08.2026,10.08.2026,30,0,Cable Services Ltd,5,CRTD PRC  BASC BCRQ MACM SETC,
200234476568,727642-000,BAH-035030013,10.08.2026,10.08.2026,40,0,Cable Services Ltd,5,CRTD PRC  BASC BCRQ MACM MSCP SETC,
200234683807,EB9133-000,BAH-032020080,07.08.2026,10.08.2026,960,0,National Grid Electricity,5,CRTD PRC  BASC BCRQ MACM MSCP SETC,
200234683808,EB9133-000,BAH-032020080,07.08.2026,10.08.2026,960,0,National Grid Electricity,5,CRTD PRC  BASC BCRQ MACM MSCP SETC,
200234460181,EB9133-000,BAH-032020080,10.08.2026,11.08.2026,"1,100",0,National Grid Electricity,5,CRTD PRC  BASC BCRQ MACM MSCP SETC,
200234238277,EE4892-000,BAH-038081244,12.08.2026,12.08.2026,31,0,Wolseley UK Limited,5,CRTD PRC  BASC BCRQ MACM SETC,
200234238278,EE4892-000,BAH-038081244,12.08.2026,12.08.2026,120,0,Cable Services Ltd,5,CRTD PRC  BASC BCRQ MACM SETC,
200234460188,EB9134-000,BAH-032020081,11.08.2026,13.08.2026,"1,000",0,National Grid Electricity,5,CRTD PRC  BASC BCRQ MACM SETC,
200234550559,EE4892-000,BAH-038081244,13.08.2026,13.08.2026,400,0,Northern Powergrid,5,CRTD PRC  BASC BCRQ MACM MSCP SETC,
200234568167,EB9133-000,BAH-032020080,12.08.2026,13.08.2026,"1,000",0,,,CRTD PRC  BASC BCRQ MACM SETC,
200234586275,EB9133-000,BAH-032020080,11.08.2026,13.08.2026,"2,400",0,National Grid Electricity,5,CRTD MSPT PRC  BASC BCRQ MSCP SETC,
200234489525,EB9133-000,BAH-032020080,14.08.2026,14.08.2026,350,0,NIE Networks Ltd,5,CRTD PRC  BASC BCRQ MACM MSCP SETC,
200234352784,837660-000,BAH-024030075,17.08.2026,17.08.2026,65,0,National Grid Electricity,5,CRTD PRC  BASC BCRQ MACM SETC,
200233880707,EF0233-000,BAH-037100081,18.08.2026,18.08.2026,10,0,SP Power Systems Ltd,5,CRTD PRC  BASC BCRQ MACM SETC,
200234488498,351230-000,BAH-021520016,18.08.2026,18.08.2026,100,0,NIE Networks Ltd,5,CRTD PRC  BASC BCRQ MACM SETC,
200233880779,EB9133-000,BAH-032020080,20.08.2026,20.08.2026,500,0,NIE Networks Ltd,5,CRTD PRC  BASC BCRQ MACM SETC,
200233880782,EB9134-000,BAH-032020081,20.08.2026,20.08.2026,200,0,NIE Networks Ltd,5,CRTD PRC  BASC BCRQ MACM SETC,
200234489496,EB9133-000,BAH-032020080,20.08.2026,20.08.2026,350,0,NIE Networks Ltd,5,CRTD PRC  BASC BCRQ MACM SETC,
200234637039,EB9133-000,BAH-032020080,20.08.2026,21.08.2026,"1,000",0,,,CRTD MSPT PRC  BASC BCRQ SETC,
200234556778,EN1430-000,BAH-038081571,21.08.2026,24.08.2026,700,0,Northern Powergrid,5,CRTD PRC  BASC BCRQ MACM MSCP SETC,
200234488497,351230-000,BAH-021520016,25.08.2026,25.08.2026,100,0,NIE Networks Ltd,5,CRTD PRC  BASC BCRQ MACM SETC,
200234496160,EH5656-000,BAH-038070599,24.08.2026,25.08.2026,600,0,National Grid Electricity,5,CRTD PRC  BASC BCRQ MACM SETC,
200234637040,EB9133-000,BAH-032020080,24.08.2026,25.08.2026,"1,000",0,,,CRTD PRC  BASC BCRQ MACM SETC,
200234569017,EB9140-000,BAH-033000070,25.08.2026,26.08.2026,600,0,,,CRTD PRC  BASC BCRQ MACM SETC,
200234646979,EB9134-000,BAH-032020081,21.08.2026,26.08.2026,"1,400",0,National Grid Electricity,5,CRTD PRC  BASC BCRQ MACM SETC,
200234377387,EB9140-000,BAH-033000070,26.08.2026,27.08.2026,600,0,National Grid Electricity,5,CRTD PRC  BASC BCRQ MACM MSCP SETC,
200234647362,EB9140-000,BAH-033000070,26.08.2026,27.08.2026,600,0,,,CRTD PRC  BASC BCRQ MACM SETC,
200234671367,EH5656-000,BAH-038070599,27.08.2026,27.08.2026,215,0,National Grid Electricity,5,CRTD PRC  BASC BCRQ MACM SETC,
200234459984,837660-000,BAH-024030075,28.08.2026,28.08.2026,120,0,TE Connectivity Australia Pty Ltd,5,CRTD PRC  BASC BCRQ MACM SETC,
200234684978,EB9133-000,BAH-032020080,27.08.2026,28.08.2026,"1,000",0,,,CRTD PRC  BASC BCRQ MACM SETC,
200234628748,EB9133-000,BAH-032020080,01.09.2026,01.09.2026,30,0,Wolseley UK Limited,5,CRTD PRC  BASC BCRQ MACM MSCP SETC,
200234639251,EB9140-000,BAH-033000070,01.09.2026,01.09.2026,60,0,Cable Services Ltd,5,CRTD PRC  BASC BCRQ MACM MSCP SETC,
200234673530,EB9140-000,BAH-033000070,01.09.2026,01.09.2026,50,0,Cable Services Ltd,5,CRTD PRC  BASC BCRQ MACM MSCP SETC,
200234496902,899342-000,BAH-022110032,03.09.2026,03.09.2026,46,0,National Grid Electricity,5,CRTD PRC  BASC BCRQ MACM SETC,
200234639241,351230-000,BAH-021520016,04.09.2026,04.09.2026,120,0,TE Connectivity Australia Pty Ltd,5,CRTD MSPT PRC  BASC BCRQ MSCP SETC,
200234628682,837660-000,BAH-024030075,07.09.2026,07.09.2026,72,0,National Grid Electricity,5,CRTD PRC  BASC BCRQ MACM SETC,
200234628690,EH5656-000,BAH-038070599,04.09.2026,07.09.2026,500,0,National Grid Electricity,5,CRTD PRC  BASC BCRQ MACM MSCP SETC,
200234489526,EB9133-000,BAH-032020080,14.09.2026,14.09.2026,350,0,NIE Networks Ltd,5,CRTD PRC  BASC BCRQ MACM SETC,
200234639045,899342-000,BAH-022110032,14.09.2026,14.09.2026,40,0,National Grid Electricity,5,CRTD MSPT PRC  BASC BCRQ SETC,
200234178060,EF0233-000,BAH-037100081,15.09.2026,15.09.2026,20,0,SP Power Systems Ltd,5,CRTD PRC  BASC BCRQ MACM SETC,
200234488501,351230-000,BAH-021520016,17.09.2026,17.09.2026,100,0,NIE Networks Ltd,5,CRTD PRC  BASC BCRQ MACM SETC,
200234489357,837660-000,BAH-024030075,17.09.2026,17.09.2026,50,0,NIE Networks Ltd,5,CRTD PRC  BASC BCRQ MACM SETC,
200233880780,EB9133-000,BAH-032020080,21.09.2026,21.09.2026,500,0,NIE Networks Ltd,5,CRTD PRC  BASC BCRQ MACM SETC,
200233880783,EB9134-000,BAH-032020081,21.09.2026,21.09.2026,200,0,NIE Networks Ltd,5,CRTD PRC  BASC BCRQ MACM SETC,
200234489518,EB9133-000,BAH-032020080,21.09.2026,21.09.2026,350,0,NIE Networks Ltd,5,CRTD PRC  BASC BCRQ MACM SETC,
200234488499,351230-000,BAH-021520016,24.09.2026,24.09.2026,100,0,NIE Networks Ltd,5,CRTD PRC  BASC BCRQ MACM SETC,
200234438679,C60558-000,BAH-024020102,29.09.2026,29.09.2026,100,0,Cable Services Ltd,5,CRTD PRC  BASC BCRQ MACM SETC,
200234438681,C60558-000,BAH-024020102,29.09.2026,29.09.2026,50,0,Wolseley UK Limited,5,CRTD PRC  BASC BCRQ MACM SETC,
200234425879,671342-000,BAH-035020014,02.10.2026,02.10.2026,200,0,TE Connectivity HK Limited,5,CRTD PRC  BASC BCRQ MACM SETC,
200234607617,671342-000,BAH-035020014,01.10.2026,02.10.2026,300,0,TE Connectivity HK Limited,5,CRTD MSPT PRC  BASC BCRQ SETC,
200233914969,CS3602-000,BAH-023030046,08.10.2026,08.10.2026,12,0,SP Power Systems Ltd,5,CRTD PRC  BASC BCRQ MACM RELR SETC,
200234304739,CS3602-000,BAH-023030046,09.10.2026,09.10.2026,12,0,,,CRTD PRC  BASC BCRQ MACM SETC,
200234647502,CA5514-000,BAH-022110110,12.10.2026,12.10.2026,6,0,National Grid Electricity,5,CRTD PRC  BASC BCRQ MACM SETC,
200234489527,EB9133-000,BAH-032020080,13.10.2026,13.10.2026,350,0,NIE Networks Ltd,5,CRTD PRC  BASC BCRQ MACM SETC,
200234489726,EB9134-000,BAH-032020081,13.10.2026,13.10.2026,200,0,NIE Networks Ltd,5,CRTD PRC  BASC BCRQ MACM SETC,
200234586054,CA5514-000,BAH-022110110,15.10.2026,15.10.2026,6,0,National Grid Electricity,5,CRTD PRC  BASC BCRQ MACM SETC,
200234488507,351230-000,BAH-021520016,16.10.2026,16.10.2026,100,0,NIE Networks Ltd,5,CRTD PRC  BASC BCRQ MACM SETC,
200234683803,C60558-000,BAH-024020102,16.10.2026,16.10.2026,57,0,Wolseley UK Limited,5,CRTD PRC  BASC BCRQ MACM SETC,
200233880784,EB9134-000,BAH-032020081,20.10.2026,20.10.2026,200,0,NIE Networks Ltd,5,CRTD PRC  CSER BASC BCRQ MACM SETC,
200234489519,EB9133-000,BAH-032020080,20.10.2026,20.10.2026,350,0,NIE Networks Ltd,5,CRTD PRC  BASC BCRQ MACM SETC,
200234489720,EB9134-000,BAH-032020081,20.10.2026,20.10.2026,200,0,NIE Networks Ltd,5,CRTD PRC  BASC BCRQ MACM SETC,
200234617275,307509-000,BCIC-3116(B12),21.10.2026,21.10.2026,52,0,Trafikverket,5,CRTD MSPT PRC  BASC BCRQ MSCP SETC,
200234617357,307509-000,BCIC-3116(B12),21.10.2026,21.10.2026,180,0,Trafikverket,5,CRTD MSPT PRC  BASC BCRQ MSCP SETC,
200234617358,307509-000,BCIC-3116(B12),22.10.2026,22.10.2026,118,0,Tyco Electronics Polska Sp z o.o.,5,CRTD MSPT PRC  BASC BCRQ MSCP SETC,
200234617359,307509-000,BCIC-3116(B12),22.10.2026,22.10.2026,41,0,Tyco Electronics Polska Sp z o.o.,5,CRTD MSPT PRC  BASC BCRQ MSCP SETC,
200234488502,351230-000,BAH-021520016,23.10.2026,23.10.2026,100,0,NIE Networks Ltd,5,CRTD PRC  BASC BCRQ MACM SETC,
200234617360,307509-000,BCIC-3116(B12),23.10.2026,23.10.2026,82,0,Tyco Electronics Polska Sp z o.o.,5,CRTD MSPT PRC  BASC BCRQ MSCP SETC,
200234671375,CA5514-000,BAH-022110110,10.11.2026,10.11.2026,12,0,National Grid Electricity,5,CRTD PRC  BASC BCRQ MACM SETC,
200234489530,EB9133-000,BAH-032020080,12.11.2026,12.11.2026,350,0,NIE Networks Ltd,5,CRTD PRC  BASC BCRQ MACM SETC,
200234489728,EB9134-000,BAH-032020081,12.11.2026,12.11.2026,200,0,NIE Networks Ltd,5,CRTD PRC  BASC BCRQ MACM SETC,
200234488508,351230-000,BAH-021520016,17.11.2026,17.11.2026,100,0,NIE Networks Ltd,5,CRTD PRC  BASC BCRQ MACM SETC,
200233880786,EB9134-000,BAH-032020081,19.11.2026,19.11.2026,200,0,NIE Networks Ltd,5,CRTD PRC  CSER BASC BCRQ MACM SETC,
200234489520,EB9133-000,BAH-032020080,19.11.2026,19.11.2026,350,0,NIE Networks Ltd,5,CRTD PRC  BASC BCRQ MACM SETC,
200234489722,EB9134-000,BAH-032020081,19.11.2026,19.11.2026,200,0,NIE Networks Ltd,5,CRTD PRC  BASC BCRQ MACM SETC,
200234488503,351230-000,BAH-021520016,24.11.2026,24.11.2026,100,0,NIE Networks Ltd,5,CRTD PRC  BASC BCRQ MACM SETC,
200234489729,EB9134-000,BAH-032020081,15.12.2026,15.12.2026,200,0,NIE Networks Ltd,5,CRTD PRC  BASC BCRQ MACM SETC,
200234496037,EB9133-000,BAH-032020080,15.12.2026,15.12.2026,350,0,NIE Networks Ltd,5,CRTD PRC  BASC BCRQ MACM SETC,
200234489521,EB9133-000,BAH-032020080,16.12.2026,16.12.2026,350,0,NIE Networks Ltd,5,CRTD PRC  BASC BCRQ MACM SETC,
200234489723,EB9134-000,BAH-032020081,16.12.2026,16.12.2026,200,0,NIE Networks Ltd,5,CRTD PRC  BASC BCRQ MACM SETC,
200234488509,351230-000,BAH-021520016,18.12.2026,18.12.2026,100,0,NIE Networks Ltd,5,CRTD PRC  BASC BCRQ MACM SETC,
200234488504,351230-000,BAH-021520016,21.12.2026,21.12.2026,100,0,NIE Networks Ltd,5,CRTD PRC  BASC BCRQ MACM SETC,
200234489532,EB9133-000,BAH-032020080,13.01.2027,13.01.2027,350,0,NIE Networks Ltd,5,CRTD PRC  BASC BCRQ MACM SETC,
200234489730,EB9134-000,BAH-032020081,13.01.2027,13.01.2027,200,0,NIE Networks Ltd,5,CRTD PRC  BASC BCRQ MACM SETC,
200234488510,351230-000,BAH-021520016,18.01.2027,18.01.2027,100,0,NIE Networks Ltd,5,CRTD PRC  BASC BCRQ MACM SETC,
200234489522,EB9133-000,BAH-032020080,20.01.2027,20.01.2027,350,0,NIE Networks Ltd,5,CRTD PRC  BASC BCRQ MACM SETC,
200234489724,EB9134-000,BAH-032020081,20.01.2027,20.01.2027,200,0,NIE Networks Ltd,5,CRTD PRC  BASC BCRQ MACM SETC,
200234488505,351230-000,BAH-021520016,25.01.2027,25.01.2027,100,0,NIE Networks Ltd,5,CRTD MSPT PRC  BASC BCRQ SETC,
200234489534,EB9133-000,BAH-032020080,10.02.2027,10.02.2027,350,0,NIE Networks Ltd,5,CRTD PRC  BASC BCRQ MACM SETC,
200234489731,EB9134-000,BAH-032020081,10.02.2027,10.02.2027,200,0,NIE Networks Ltd,5,CRTD PRC  BASC BCRQ MACM SETC,
200234488511,351230-000,BAH-021520016,15.02.2027,15.02.2027,100,0,NIE Networks Ltd,5,CRTD MSPT PRC  BASC BCRQ SETC,
200234489523,EB9133-000,BAH-032020080,17.02.2027,17.02.2027,350,0,NIE Networks Ltd,5,CRTD PRC  BASC BCRQ MACM SETC,
200234489725,EB9134-000,BAH-032020081,17.02.2027,17.02.2027,200,0,NIE Networks Ltd,5,CRTD PRC  BASC BCRQ MACM SETC,
200234488506,351230-000,BAH-021520016,22.02.2027,22.02.2027,100,0,NIE Networks Ltd,5,CRTD MSPT PRC  BASC BCRQ SETC,
200234387121,CA4459-000,BAH-024030193,03.08.2026,03.08.2026,3,0,Wolseley UK Limited,5,REL  PRT  PRC  BASC BCRQ MACM MSCP SETC,PREP
200234490391,EP3156-000,BAH-038081660,03.08.2026,03.08.2026,50,0,UK Power Networks(Operations) Ltd,5,REL  PRT  PRC  BASC BCRQ MACM MSCP SETC,PREP
200234550317,EP3156-000,BAH-038081660,04.08.2026,04.08.2026,70,0,UK Power Networks(Operations) Ltd,5,CRTD PRC  BASC BCRQ MACM MSCP SETC,
200234586857,EB9137-000,BAH-032020084,04.08.2026,04.08.2026,10,0,,,CRTD PRC  BASC BCRQ MACM MSCP SETC,
200234602113,EP3156-000,BAH-038081660,05.08.2026,05.08.2026,70,0,UK Power Networks(Operations) Ltd,5,CRTD PRC  BASC BCRQ MACM MSCP SETC,
200234549958,733882-000,BAH-023000048,13.08.2026,13.08.2026,18,0,TE Connectivity Australia Pty Ltd,5,CRTD PRC  BASC BCRQ MACM MSCP SETC,
200234093032,EB9137-000,BAH-032020084,24.08.2026,24.08.2026,27,0,TE Connectivity Australia Pty Ltd,5,CRTD PRC  BASC BCRQ MACM SETC,
200234602108,EB9137-000,BAH-032020084,24.08.2026,24.08.2026,144,0,TE Connectivity Argentina SRL,5,CRTD PRC  BASC BCRQ MACM SETC,
200234628702,EP3156-000,BAH-038081660,25.08.2026,25.08.2026,70,0,UK Power Networks(Operations) Ltd,5,CRTD PRC  BASC BCRQ MACM SETC,
200234628747,EB9137-000,BAH-032020084,25.08.2026,25.08.2026,15,0,TE Connectivity Argentina SRL,5,CRTD PRC  BASC BCRQ MACM SETC,
200234638676,2832467-1,BAH-024030258,08.09.2026,08.09.2026,100,0,TE Connectivity Australia Pty Ltd,5,CRTD PRC  BASC BCRQ MACM SETC,
200234458180,EB9137-000,BAH-032020084,29.09.2026,29.09.2026,59,0,TE Connectivity Australia Pty Ltd,5,CRTD PRC  BASC BCRQ MACM SETC,
200234541112,CA4459-000,BAH-024030193,29.09.2026,29.09.2026,60,0,TE Connectivity Australia Pty Ltd,5,CRTD PRC  BASC BCRQ MACM SETC,
200234568006,733882-000,BAH-023000048,30.10.2026,30.10.2026,9,0,TE Connectivity Australia Pty Ltd,5,CRTD PRC  BASC BCRQ MACM SETC,
200234186835,D53511-000,BAH-035030033,24.07.2026,29.07.2026,"1,550",840,National Grid Electricity,5,REL  PRT  PCNF PRC  BASC BCRQ GMPS MACM*,COMP PREP
200234215318,D53511-000,BAH-035030033,30.07.2026,30.07.2026,20,0,Wolseley UK Limited,5,REL  PRT  PRC  BASC BCRQ GMPS MACM SETC,COMP PREP
200234186836,D53511-000,BAH-035030033,29.07.2026,31.07.2026,"1,550",0,National Grid Electricity,5,REL  PRT  PRC  BASC BCRQ MACM MSCP SETC,PREP
200234265794,D53511-000,BAH-035030033,31.07.2026,31.07.2026,40,0,TE Connectivity Australia Pty Ltd,5,REL  PRT  PRC  BASC BCRQ MACM SETC,
200234387127,D53511-000,BAH-035030033,05.08.2026,05.08.2026,40,0,Wolseley UK Limited,5,CRTD PRC  BASC BCRQ MACM MSCP SETC,
200234555847,D53511-000,BAH-035030033,05.08.2026,05.08.2026,20,0,Wolseley UK Limited,5,CRTD PRC  BASC BCRQ MACM MSCP SETC,
200234423148,D53511-000,BAH-035030033,14.08.2026,14.08.2026,54,0,Cable Services Ltd,5,CRTD PRC  BASC BCRQ MACM SETC,
200234550705,D53511-000,BAH-035030033,21.08.2026,24.08.2026,750,0,National Grid Electricity,5,CRTD MSPT PRC  BASC BCRQ MSCP SETC,
200234673519,D53511-000,BAH-035030033,27.08.2026,27.08.2026,17,0,Wolseley UK Limited,5,CRTD PRC  BASC BCRQ MACM SETC,
200234550709,D53511-000,BAH-035030033,08.09.2026,14.09.2026,"2,250",0,National Grid Electricity,5,CRTD MSPT PRC  BASC BCRQ SETC,
200234556779,D53511-000,BAH-035030033,16.09.2026,17.09.2026,"1,100",0,National Grid Electricity,5,CRTD PRC  BASC BCRQ MACM SETC,
200234359871,479290-000,BAH-025000006,29.07.2026,29.07.2026,"1,000",0,,,REL  PRT  PRC  BASC BCRQ GMPS MACM MSCP*,COMP PREP
200234325201,479290-000,BAH-025000006,30.07.2026,31.07.2026,"1,000",0,,,REL  PRT  PRC  BASC BCRQ MACM SETC,PREP
200234213713,479290-000,BAH-025000006,12.08.2026,12.08.2026,"1,000",0,,,CRTD PRC  BASC BCRQ MACM SETC,
200234549204,479290-000,BAH-025000006,07.09.2026,07.09.2026,"1,000",0,,,CRTD PRC  BASC BCRQ MACM SETC,
200234549205,479290-000,BAH-025000006,07.09.2026,07.09.2026,"1,000",0,,,CRTD PRC  BASC BCRQ MACM SETC,
200234549520,479290-000,BAH-025000006,08.09.2026,08.09.2026,"1,000",0,,,CRTD MSPT PRC  BASC BCRQ MSCP SETC,
200234549207,479290-000,BAH-025000006,09.09.2026,09.09.2026,"1,000",0,,,CRTD MSPT PRC  BASC BCRQ MSCP SETC,
200234549208,479290-000,BAH-025000006,09.09.2026,09.09.2026,"1,000",0,,,CRTD MSPT PRC  BASC BCRQ MSCP SETC,
200234549533,479290-000,BAH-025000006,09.09.2026,09.09.2026,"1,000",0,,,CRTD MSPT PRC  BASC BCRQ MSCP SETC,
200234549536,479290-000,BAH-025000006,10.09.2026,10.09.2026,"1,000",0,,,CRTD MSPT PRC  BASC BCRQ MSCP SETC,
200234549657,479290-000,BAH-025000006,10.09.2026,11.09.2026,"1,000",0,,,CRTD MSPT PRC  BASC BCRQ MSCP SETC,
200234556426,231995-000,MSFE-0010-0035/0300,29.07.2026,29.07.2026,200,0,Tyco Electronics (Kunshan) Ltd,5,REL  PRT  PRC  BASC BCRQ GMPS MACM MSCP*,COMP PREP
200234556427,231995-000,MSFE-0010-0035/0300,29.07.2026,29.07.2026,337,0,Tyco Electronics (Kunshan) Ltd,5,REL  PRT  PRC  BASC BCRQ GMPS MACM MSCP*,COMP PREP
200234586263,CL3831-000,BAH-038080872,29.07.2026,29.07.2026,30,0,UK Power Networks(Operations) Ltd,5,REL  PRT  PRC  BASC BCRQ GMPS MACM MSCP*,COMP PREP
200234490387,EP3130-000,BAH-038081634,29.07.2026,30.07.2026,210,0,SSE Stock Ltd,5,REL  PRT  PRC  BASC BCRQ MACM SETC,PREP
200234490196,CL3831-000,BAH-038080872,03.08.2026,03.08.2026,10,0,UK Power Networks(Operations) Ltd,5,REL  PRT  PRC  BASC BCRQ MACM MSCP SETC,
200234609684,231995-000,MSFE-0010-0035/0300,03.08.2026,03.08.2026,250,0,,,REL  PRC  BASC BCRQ MACM MSCP SETC,PREP
200234556788,EP3130-000,BAH-038081634,31.07.2026,04.08.2026,500,0,UK Power Networks(Operations) Ltd,5,CRTD MSPT PRC  BASC BCRQ RELR SETC,
200234586265,EP3130-000,BAH-038081634,14.08.2026,14.08.2026,100,0,Cable Services Ltd,5,CRTD PRC  BASC BCRQ MACM SETC,
200234489983,231995-000,MSFE-0010-0035/0300,20.08.2026,21.08.2026,500,0,Lovink-Enertech B.V.,5,CRTD PRC  BASC BCRQ MACM SETC,
200234639246,231995-000,MSFE-0010-0035/0300,21.08.2026,21.08.2026,200,0,Tyco Electronics (Kunshan) Ltd,5,CRTD PRC  BASC BCRQ MACM SETC,
200234489982,231995-000,MSFE-0010-0035/0300,21.08.2026,24.08.2026,500,0,Lovink-Enertech B.V.,5,CRTD PRC  BASC BCRQ MACM SETC,
200234639256,CL3831-000,BAH-038080872,24.08.2026,24.08.2026,10,0,UK Power Networks(Operations) Ltd,5,CRTD PRC  BASC BCRQ MACM SETC,
200234639245,231995-000,MSFE-0010-0035/0300,28.09.2026,28.09.2026,262,0,Tyco Electronics (Kunshan) Ltd,5,CRTD PRC  BASC BCRQ MACM SETC,
200234684086,231995-000,MSFE-0010-0035/0300,28.09.2026,28.09.2026,300,0,,,CRTD PRC  BASC BCRQ MACM SETC,
200234489986,231995-000,MSFE-0010-0035/0300,29.09.2026,30.09.2026,500,0,Lovink-Enertech B.V.,5,CRTD PRC  BASC BCRQ MACM SETC,
200234489985,231995-000,MSFE-0010-0035/0300,01.10.2026,02.10.2026,500,0,Lovink-Enertech B.V.,5,CRTD PRC  BASC BCRQ MACM SETC,
200234673994,231995-000,MSFE-0010-0035/0300,12.10.2026,12.10.2026,200,0,Tyco Electronics (Kunshan) Ltd,5,CRTD PRC  BASC BCRQ MACM SETC,
200234555852,231995-000,MSFE-0010-0035/0300,16.10.2026,19.10.2026,399,0,Tyco Electronics (Kunshan) Ltd,5,CRTD PRC  BASC BCRQ MACM SETC,
200234639247,231995-000,MSFE-0010-0035/0300,23.10.2026,26.10.2026,417,0,Tyco Electronics (Kunshan) Ltd,5,CRTD PRC  BASC BCRQ MACM SETC,
200234673995,231995-000,MSFE-0010-0035/0300,13.11.2026,16.11.2026,385,0,Tyco Electronics (Kunshan) Ltd,5,CRTD PRC  BASC BCRQ MACM SETC,
200233783713,952966-000,BAH-024030102,04.08.2026,04.08.2026,18,0,Tyco Electronics Polska Sp z o.o.,5,CRTD PRC  BASC BCRQ MACM SETC,
200234673895,CB3942-000,BAH-022100035,10.08.2026,10.08.2026,3,0,,,CRTD MSPT PRC  BASC BCRQ SETC,
200234219008,CB3942-000,BAH-022100035,17.08.2026,20.08.2026,621,0,,,CRTD PRC  BASC BCRQ MACM SETC,
200234325106,CB3942-000,BAH-022100035,27.08.2026,27.08.2026,24,0,Tyco Electronics Polska Sp z o.o.,5,CRTD PRC  BASC BCRQ MACM MSCP SETC,
200234325190,CB3942-000,BAH-022100035,27.08.2026,27.08.2026,21,0,Tyco Electronics Polska Sp z o.o.,5,CRTD PRC  BASC BCRQ MACM MSCP SETC,
200234325194,CB3942-000,BAH-022100035,27.08.2026,27.08.2026,18,0,Tyco Electronics Polska Sp z o.o.,5,CRTD PRC  BASC BCRQ MACM MSCP SETC,
200234438266,CB3942-000,BAH-022100035,27.08.2026,27.08.2026,3,0,Tyco Electronics Polska Sp z o.o.,5,CRTD PRC  BASC BCRQ MACM SETC,
200234170726,CB3942-000,BAH-022100035,25.08.2026,28.08.2026,545,0,,,CRTD PRC  BASC BCRQ MACM RELR SETC,
200234158587,CB3942-000,BAH-022100035,03.09.2026,07.09.2026,331,0,,,CRTD PRC  BASC BCRQ MACM MSCP SETC,
200234547311,CB3942-000,BAH-022100035,04.09.2026,08.09.2026,438,0,,,CRTD PRC  BASC BCRQ MACM SETC,
200234547310,CB3942-000,BAH-022100035,07.09.2026,09.09.2026,449,0,,,CRTD PRC  BASC BCRQ MACM SETC,
200233852965,952966-000,BAH-024030102,16.09.2026,16.09.2026,15,0,Tyco Electronics Polska Sp z o.o.,5,CRTD PRC  BASC BCRQ MACM SETC,
200234331055,CB3942-000,BAH-022100035,16.09.2026,16.09.2026,24,0,Tyco Electronics Polska Sp z o.o.,5,CRTD PRC  BASC BCRQ MACM SETC,
200234490056,952966-000,BAH-024030102,16.09.2026,16.09.2026,12,0,Tyco Electronics Polska Sp z o.o.,5,CRTD PRC  BASC BCRQ MACM SETC,
200234556782,952966-000,BAH-024030102,23.09.2026,23.09.2026,21,0,Tyco Electronics Polska Sp z o.o.,5,CRTD PRC  BASC BCRQ MACM SETC,
200234673992,CB3942-000,BAH-022100035,25.09.2026,25.09.2026,3,0,Cable Services Ltd,5,CRTD PRC  BASC BCRQ MACM SETC,
200234490097,952966-000,BAH-024030102,30.09.2026,30.09.2026,9,0,Tyco Electronics Polska Sp z o.o.,5,CRTD PRC  BASC BCRQ MACM SETC,
200234556780,952966-000,BAH-024030102,14.10.2026,14.10.2026,18,0,Tyco Electronics Polska Sp z o.o.,5,CRTD PRC  BASC BCRQ MACM SETC,
200234490099,952966-000,BAH-024030102,21.10.2026,21.10.2026,9,0,Tyco Electronics Polska Sp z o.o.,5,CRTD PRC  BASC BCRQ MACM SETC,
200234556786,952966-000,BAH-024030102,28.10.2026,28.10.2026,24,0,Tyco Electronics Polska Sp z o.o.,5,CRTD PRC  BASC BCRQ MACM SETC,
200234673672,952966-000,BAH-024030102,11.11.2026,11.11.2026,20,0,Tyco Electronics Polska Sp z o.o.,5,CRTD PRC  BASC BCRQ MACM SETC,
200234673660,CX4094-000,BAH-032040065,31.07.2026,31.07.2026,1,0,Cable Services Ltd,5,REL  PRT  PRC  BASC BCRQ MACM MSCP SETC,PREP
200234386652,CX4094-000,BAH-032040065,04.08.2026,04.08.2026,200,0,Wolseley UK Limited,5,CRTD PRC  BASC BCRQ MACM MSCP SETC,
200234460191,CX4094-000,BAH-032040065,04.08.2026,04.08.2026,"1,200",0,Cable Services Ltd,5,CRTD PRC  BASC BCRQ MACM MSCP SETC,
200234550569,CX4094-000,BAH-032040065,04.08.2026,04.08.2026,200,0,Wolseley UK Limited,5,CRTD PRC  BASC BCRQ MACM MSCP SETC,
200234550328,EN1429-000,BAH-038081570,11.08.2026,11.08.2026,400,0,Northern Powergrid,5,CRTD PRC  BASC BCRQ MACM MSCP SETC,
200234586417,CX4094-000,BAH-032040065,11.08.2026,11.08.2026,100,0,Wolseley UK Limited,5,CRTD PRC  BASC BCRQ MACM SETC,
200234550331,EN1429-000,BAH-038081570,13.08.2026,13.08.2026,400,0,Northern Powergrid,5,CRTD PRC  BASC BCRQ MACM MSCP SETC,
200234602183,CX4094-000,BAH-032040065,24.08.2026,24.08.2026,"1,800",0,Cable Services Ltd,5,CRTD PRC  BASC BCRQ MACM SETC,
200234673528,CX4094-000,BAH-032040065,24.08.2026,24.08.2026,200,0,Wolseley UK Limited,5,CRTD MSPT PRC  BASC BCRQ SETC,
200234639363,CX4094-000,BAH-032040065,01.09.2026,01.09.2026,"1,000",0,Cable Services Ltd,5,CRTD MSPT PRC  BASC BCRQ MSCP SETC,
200234683806,CX4094-000,BAH-032040065,22.09.2026,22.09.2026,95,0,Wolseley UK Limited,5,CRTD MSPT PRC  BASC BCRQ SETC,
200234550318,EE4896-000,BAH-038081248,24.09.2026,24.09.2026,150,0,Northern Powergrid,5,CRTD PRC  BASC BCRQ MACM SETC,
200234498581,EP2161-000,BAH-028070634,29.07.2026,03.08.2026,"3,000",0,,,REL  PRC  BASC BCRQ MACM MSCP SETC,
200234636513,EP2161-000,BAH-028070634,30.07.2026,03.08.2026,"1,850",800,,,REL  PRT  PCNF PRC  BASC BCRQ GMPS MACM*,COMP PREP
200234548674,EP2161-000,BAH-028070634,05.08.2026,06.08.2026,"1,000",0,,,CRTD PRC  BASC BCRQ MACM SETC,
200234549525,EP2161-000,BAH-028070634,07.08.2026,10.08.2026,400,0,,,CRTD PRC  BASC BCRQ MACM SETC,
200234549527,EP2161-000,BAH-028070634,07.08.2026,10.08.2026,"1,000",0,,,CRTD PRC  BASC BCRQ MACM SETC,
200234674515,EP2161-000,BAH-028070634,24.08.2026,26.08.2026,"2,000",0,,,CRTD PRC  BASC BCRQ MACM SETC,
200234684524,EP2161-000,BAH-028070634,25.08.2026,26.08.2026,"1,000",0,,,CRTD PRC  BASC BCRQ MACM SETC,
200234684525,EP2161-000,BAH-028070634,02.09.2026,03.09.2026,"1,000",0,,,CRTD PRC  BASC BCRQ MACM SETC,
200234684526,EP2161-000,BAH-028070634,02.09.2026,03.09.2026,"1,000",0,,,CRTD PRC  BASC BCRQ MACM SETC,
200234684531,EP2161-000,BAH-028070634,02.09.2026,03.09.2026,"1,000",0,,,CRTD PRC  BASC BCRQ MACM SETC,
200233793059,249986-000,BAH-022020001,31.07.2026,31.07.2026,102,0,TE Connectivity Australia Pty Ltd,5,REL  PRT  PRC  BASC BCRQ MACM SETC,PREP
200233820662,249986-000,BAH-022020001,31.07.2026,31.07.2026,9,0,TE Connectivity Australia Pty Ltd,5,REL  PRT  PRC  BASC BCRQ MACM SETC,PREP
200233916193,249986-000,BAH-022020001,31.07.2026,31.07.2026,39,0,TE Connectivity Australia Pty Ltd,5,REL  PRT  PRC  BASC BCRQ MACM SETC,PREP
200233937059,249986-000,BAH-022020001,31.07.2026,31.07.2026,18,0,TE Connectivity Australia Pty Ltd,5,REL  PRT  PRC  BASC BCRQ MACM SETC,PREP
200234490108,390474-000,BAH-024020048,31.07.2026,31.07.2026,35,0,Wolseley UK Limited,5,REL  PRT  PRC  BASC BCRQ MACM SETC,PREP
200234490110,422532-000,BAH-038070307,30.07.2026,31.07.2026,250,0,Cable Services Ltd,5,REL  PRT  PRC  BASC BCRQ GMPS MACM SETC,COMP PREP
200234460017,249986-000,BAH-022020001,07.08.2026,07.08.2026,60,0,Cable Services Ltd,5,CRTD PRC  BASC BCRQ MACM MSCP SETC,
200234550561,249986-000,BAH-022020001,07.08.2026,07.08.2026,100,0,Wolseley UK Limited,5,CRTD PRC  BASC BCRQ MACM SETC,
200234423151,249986-000,BAH-022020001,11.08.2026,11.08.2026,50,0,Cable Services Ltd,5,CRTD PRC  BASC BCRQ MACM SETC,
200234628745,249986-000,BAH-022020001,20.08.2026,20.08.2026,200,0,Cable Services Ltd,5,CRTD PRC  BASC BCRQ MACM SETC,
200233987395,249986-000,BAH-022020001,27.08.2026,27.08.2026,24,0,TE Connectivity Australia Pty Ltd,5,CRTD PRC  BASC BCRQ MACM SETC,
200234646992,422532-000,BAH-038070307,27.08.2026,27.08.2026,100,0,Wolseley UK Limited,5,CRTD PRC  BASC BCRQ MACM SETC,
200234673521,249986-000,BAH-022020001,27.08.2026,27.08.2026,100,0,Wolseley UK Limited,5,CRTD PRC  BASC BCRQ MACM SETC,
200234683929,249986-000,BAH-022020001,27.08.2026,27.08.2026,200,0,Wolseley UK Limited,5,CRTD PRC  BASC BCRQ MACM SETC,
200234253696,249986-000,BAH-022020001,04.09.2026,04.09.2026,21,0,TE Connectivity Australia Pty Ltd,5,CRTD PRC  BASC BCRQ MACM SETC,
200234646993,422532-000,BAH-038070307,04.09.2026,04.09.2026,50,0,Cable Services Ltd,5,CRTD PRC  BASC BCRQ MACM MSCP SETC,
200234683965,249986-000,BAH-022020001,25.09.2026,25.09.2026,312,0,Wolseley UK Limited,5,CRTD PRC  BASC BCRQ MACM SETC,
200234325198,249986-000,BAH-022020001,02.10.2026,02.10.2026,189,0,TE Connectivity Australia Pty Ltd,5,CRTD PRC  CSER BASC BCRQ MACM SETC,
200234489915,249986-000,BAH-022020001,02.10.2026,02.10.2026,135,0,TE Connectivity Australia Pty Ltd,5,CRTD PRC  BASC BCRQ MACM SETC,
200234489978,249986-000,BAH-022020001,02.10.2026,02.10.2026,81,0,TE Connectivity Australia Pty Ltd,5,CRTD PRC  BASC BCRQ MACM SETC,
200234489979,249986-000,BAH-022020001,30.10.2026,30.10.2026,39,0,TE Connectivity Australia Pty Ltd,5,CRTD PRC  BASC BCRQ MACM SETC,
200234489980,249986-000,BAH-022020001,30.10.2026,30.10.2026,12,0,TE Connectivity Australia Pty Ltd,5,CRTD PRC  BASC BCRQ MACM SETC,
200234476562,599376-000,BAH-022020029,13.08.2026,13.08.2026,300,0,,,CRTD PRC  BASC BCRQ MACM MSCP SETC,
200234549973,599376-000,BAH-022020029,24.08.2026,24.08.2026,300,0,,,CRTD PRC  BASC BCRQ MACM SETC,
200234549974,599376-000,BAH-022020029,14.09.2026,14.09.2026,300,0,,,CRTD PRC  BASC BCRQ MACM SETC,
200234549975,599376-000,BAH-022020029,28.09.2026,29.09.2026,600,0,,,CRTD PRC  BASC BCRQ MACM SETC,
200234549976,599376-000,BAH-022020029,30.10.2026,02.11.2026,600,0,,,CRTD PRC  BASC BCRQ MACM SETC,
200234568011,951614-000,BAH-022110046,29.07.2026,29.07.2026,40,0,National Grid Electricity,5,REL  PRT  PRC  BASC BCRQ GMPS MACM MSCP*,COMP PREP
200234386653,653944-000,BAH-024020006,03.08.2026,03.08.2026,100,0,Wolseley UK Limited,5,CRTD PRC  BASC BCRQ MACM MSCP RELR SETC,
200234550572,653944-000,BAH-024020006,03.08.2026,03.08.2026,118,0,Tyco Electronics Polska Sp z o.o.,5,CRTD PRC  BASC BCRQ MACM MSCP RELR SETC,
200234557303,653944-000,BAH-024020006,03.08.2026,03.08.2026,100,0,SSE Stock Ltd,5,CRTD PRC  BASC BCRQ MACM MSCP RELR SETC,
200234601052,EP3140-000,BAH-038081644,03.08.2026,03.08.2026,100,0,UK Power Networks(Operations) Ltd,5,REL  PRT  PRC  BASC BCRQ MACM MSCP SETC,
200234673669,426916-000,BAH-038070048,03.08.2026,03.08.2026,100,0,National Grid Electricity,5,REL  PRT  PRC  BASC BCRQ MACM MSCP SETC,
200234673670,732988-000,BAH-023000040,03.08.2026,03.08.2026,30,0,National Grid Electricity,5,REL  PRT  PRC  BASC BCRQ MACM MSCP SETC,
200234683678,653944-000,BAH-024020006,03.08.2026,03.08.2026,300,0,National Grid Electricity,5,CRTD PRC  BASC BCRQ MACM MSCP SETC,
200234331317,653944-000,BAH-024020006,04.08.2026,04.08.2026,300,0,Cable Services Ltd,5,CRTD PRC  BASC BCRQ MACM SETC,
200234084650,426916-000,BAH-038070048,05.08.2026,05.08.2026,152,0,TE Connectivity Australia Pty Ltd,5,CRTD PRC  BASC BCRQ MACM SETC,
200234586270,653944-000,BAH-024020006,06.08.2026,06.08.2026,353,0,Tyco Electronics Polska Sp z o.o.,5,CRTD PRC  BASC BCRQ MACM MSCP SETC,
200234586273,653944-000,BAH-024020006,06.08.2026,06.08.2026,194,0,Tyco Electronics Polska Sp z o.o.,5,CRTD PRC  BASC BCRQ MACM MSCP SETC,
200233916195,426916-000,BAH-038070048,07.08.2026,07.08.2026,109,0,TE Connectivity Australia Pty Ltd,5,CRTD PRC  BASC BCRQ MACM SETC,
200234490180,653944-000,BAH-024020006,07.08.2026,07.08.2026,100,0,Tyco Electronics Polska Sp z o.o.,5,CRTD PRC  BASC BCRQ MACM SETC,
200234555848,653944-000,BAH-024020006,10.08.2026,10.08.2026,50,0,Cable Services Ltd,5,CRTD PRC  BASC BCRQ MACM SETC,
200234506186,653944-000,BAH-024020006,14.08.2026,14.08.2026,118,0,Tyco Electronics Polska Sp z o.o.,5,CRTD PRC  BASC BCRQ MACM SETC,
200234556789,653944-000,BAH-024020006,14.08.2026,14.08.2026,124,0,Tyco Electronics Polska Sp z o.o.,5,CRTD PRC  BASC BCRQ MACM SETC,
200234639056,EP3140-000,BAH-038081644,17.08.2026,17.08.2026,100,0,UK Power Networks(Operations) Ltd,5,CRTD PRC  BASC BCRQ MACM SETC,
200234647125,653944-000,BAH-024020006,19.08.2026,19.08.2026,400,0,Wolseley UK Limited,5,CRTD PRC  BASC BCRQ MACM SETC,
200234602378,653944-000,BAH-024020006,24.08.2026,24.08.2026,60,0,Cable Services Ltd,5,CRTD PRC  BASC BCRQ MACM SETC,
200234628752,653944-000,BAH-024020006,24.08.2026,25.08.2026,435,0,Tyco Electronics Polska Sp z o.o.,5,CRTD PRC  BASC BCRQ MACM SETC,
200234639248,653944-000,BAH-024020006,27.08.2026,27.08.2026,335,0,Tyco Electronics Polska Sp z o.o.,5,CRTD PRC  BASC BCRQ MACM SETC,
200234639376,653944-000,BAH-024020006,27.08.2026,27.08.2026,480,0,Tyco Electronics Polska Sp z o.o.,5,CRTD PRC  BASC BCRQ MACM SETC,
200234628750,653944-000,BAH-024020006,01.09.2026,01.09.2026,100,0,Wolseley UK Limited,5,CRTD PRC  BASC BCRQ MACM MSCP SETC,
200234673659,653944-000,BAH-024020006,01.09.2026,01.09.2026,240,0,Tyco Electronics Polska Sp z o.o.,5,CRTD PRC  BASC BCRQ MACM MSCP SETC,
200234673526,653944-000,BAH-024020006,10.09.2026,10.09.2026,427,0,Tyco Electronics Polska Sp z o.o.,5,CRTD PRC  BASC BCRQ MACM SETC,
200234489359,951614-000,BAH-022110046,14.09.2026,14.09.2026,50,0,NIE Networks Ltd,5,CRTD PRC  BASC BCRQ MACM SETC,
200234489358,951614-000,BAH-022110046,21.09.2026,21.09.2026,50,0,NIE Networks Ltd,5,CRTD PRC  BASC BCRQ MACM SETC,
200234240485,426916-000,BAH-038070048,02.10.2026,02.10.2026,253,0,TE Connectivity Australia Pty Ltd,5,CRTD PRC  CSER BASC BCRQ MACM SETC,
200234490111,426916-000,BAH-038070048,06.11.2026,06.11.2026,100,0,TE Connectivity Australia Pty Ltd,5,CRTD PRC  BASC BCRQ MACM SETC,
200234568007,426916-000,BAH-038070048,06.11.2026,06.11.2026,72,0,TE Connectivity Australia Pty Ltd,5,CRTD MSPT PRC  BASC BCRQ SETC,
200234568004,426916-000,BAH-038070048,04.12.2026,04.12.2026,344,0,TE Connectivity Australia Pty Ltd,5,CRTD MSPT PRC  BASC BCRQ SETC,
200234498422,2832370-1,LVIP (35)50-185 MAIN/SERV CONNECTOR,28.07.2026,30.07.2026,500,0,,,REL  PRT  PRC  BASC BCRQ GMPS MACM MSCP*,COMP PREP
200234498424,2832370-1,LVIP (35)50-185 MAIN/SERV CONNECTOR,28.07.2026,30.07.2026,500,0,,,REL  PRT  PRC  BASC BCRQ MACM MSCP SETC,PREP
200234498256,2832370-1,LVIP (35)50-185 MAIN/SERV CONNECTOR,31.07.2026,04.08.2026,500,0,,,REL  PRT  PRC  BASC BCRQ MACM SETC,PREP
200234549665,2832370-1,LVIP (35)50-185 MAIN/SERV CONNECTOR,31.07.2026,04.08.2026,500,0,,,REL  PRT  PRC  BASC BCRQ MACM SETC,PREP
200234549666,2832370-1,LVIP (35)50-185 MAIN/SERV CONNECTOR,04.08.2026,06.08.2026,500,0,,,CRTD PRC  BASC BCRQ MACM MSCP SETC,
200234549667,2832370-1,LVIP (35)50-185 MAIN/SERV CONNECTOR,04.08.2026,06.08.2026,500,0,,,CRTD PRC  BASC BCRQ MACM MSCP SETC,
200234498419,2832370-1,LVIP (35)50-185 MAIN/SERV CONNECTOR,07.08.2026,11.08.2026,500,0,,,CRTD PRC  BASC BCRQ MACM MSCP SETC,
200234586780,2832370-1,LVIP (35)50-185 MAIN/SERV CONNECTOR,11.08.2026,13.08.2026,500,0,,,CRTD PRC  BASC BCRQ MACM SETC,
200234586781,2832370-1,LVIP (35)50-185 MAIN/SERV CONNECTOR,11.08.2026,13.08.2026,500,0,,,CRTD PRC  BASC BCRQ MACM SETC,
200234586782,2832370-1,LVIP (35)50-185 MAIN/SERV CONNECTOR,12.08.2026,14.08.2026,500,0,,,CRTD PRC  BASC BCRQ MACM SETC,
200234586783,2832370-1,LVIP (35)50-185 MAIN/SERV CONNECTOR,13.08.2026,17.08.2026,500,0,,,CRTD PRC  BASC BCRQ MACM SETC,
200234647291,2832370-1,LVIP (35)50-185 MAIN/SERV CONNECTOR,18.08.2026,20.08.2026,500,0,,,CRTD PRC  BASC BCRQ MACM SETC,
200234647374,2832370-1,LVIP (35)50-185 MAIN/SERV CONNECTOR,20.08.2026,24.08.2026,500,0,,,CRTD PRC  BASC BCRQ MACM SETC,
200234674506,2832370-1,LVIP (35)50-185 MAIN/SERV CONNECTOR,21.08.2026,25.08.2026,500,0,,,CRTD PRC  BASC BCRQ MACM SETC,
200234674507,2832370-1,LVIP (35)50-185 MAIN/SERV CONNECTOR,24.08.2026,26.08.2026,500,0,,,CRTD PRC  BASC BCRQ MACM SETC,
200234674508,2832370-1,LVIP (35)50-185 MAIN/SERV CONNECTOR,27.08.2026,01.09.2026,500,0,,,CRTD PRC  BASC BCRQ MACM SETC,
200234596003,C36838-000,BAH-025050010,03.08.2026,03.08.2026,58,0,,,REL  PRC  BASC BCRQ MACM MSCP SETC,PREP
200234674512,C36838-000,BAH-025050010,04.08.2026,04.08.2026,138,0,,,CRTD PRC  BASC BCRQ MACM MSCP SETC,
200234683919,C36838-000,BAH-025050010,01.09.2026,01.09.2026,170,0,,,CRTD PRC  BASC BCRQ MACM MSCP SETC,
200234683812,CP8227-000,BAH-037100072,03.08.2026,03.08.2026,300,0,National Grid Electricity,5,CRTD PRC  BASC BCRQ MACM MSCP SETC,
200234586141,CM0110-000,BAH-025030056,04.08.2026,04.08.2026,2,0,Tyco Electronics UK Limited,5,CRTD PRC  BASC BCRQ MACM MSCP SETC,
200234601857,EP3163-000,BAH-038070644,04.08.2026,04.08.2026,20,0,UK Power Networks(Operations) Ltd,5,CRTD PRC  BASC BCRQ MACM SETC,
200234646977,EB9132-000,BAH-032020079,04.08.2026,04.08.2026,600,0,National Grid Electricity,5,CRTD PRC  BASC BCRQ MACM MSCP SETC,
200234647121,D64877-000,BAH-035040024,04.08.2026,04.08.2026,100,0,National Grid Electricity,5,CRTD PRC  BASC BCRQ MACM MSCP SETC,
200234549339,EB9132-000,BAH-032020079,05.08.2026,06.08.2026,"1,000",0,,,CRTD PRC  BASC BCRQ MACM SETC,
200234459989,D64877-000,BAH-035040024,07.08.2026,07.08.2026,130,0,Cable Services Ltd,5,CRTD PRC  BASC BCRQ MACM SETC,
200234601862,CP8227-000,BAH-037100072,10.08.2026,10.08.2026,50,0,SSE Stock Ltd,5,CRTD PRC  BASC BCRQ MACM MSCP SETC,
200234056328,CN4419-000,BAH-022090096,10.08.2026,11.08.2026,334,0,,,CRTD PRC  BASC BCRQ MACM MSCP SETC,
200234489375,EB9132-000,BAH-032020079,13.08.2026,13.08.2026,200,0,NIE Networks Ltd,5,CRTD PRC  BASC BCRQ MACM SETC,
200234549418,CP8227-000,BAH-037100072,17.08.2026,17.08.2026,500,0,,,CRTD PRC  BASC BCRQ MACM SETC,
200234636699,757166-000,BAH-025050007,14.08.2026,17.08.2026,300,0,,,CRTD PRC  BASC BCRQ MACM SETC,
200234637444,EB9132-000,BAH-032020079,14.08.2026,17.08.2026,"1,000",0,,,CRTD PRC  BASC BCRQ MACM MSCP SETC,
200234637445,EB9132-000,BAH-032020079,18.08.2026,19.08.2026,"1,000",0,,,CRTD PRC  BASC BCRQ MACM SETC,
200234646978,EB9132-000,BAH-032020079,19.08.2026,19.08.2026,200,0,National Grid Electricity,5,CRTD PRC  BASC BCRQ MACM SETC,
200233880713,EB9132-000,BAH-032020079,20.08.2026,20.08.2026,200,0,NIE Networks Ltd,5,CRTD PRC  BASC BCRQ MACM SETC,
200234489372,EB9132-000,BAH-032020079,20.08.2026,20.08.2026,200,0,NIE Networks Ltd,5,CRTD PRC  BASC BCRQ MACM SETC,
200234596002,757166-000,BAH-025050007,19.08.2026,20.08.2026,300,0,,,CRTD PRC  BASC BCRQ MACM SETC,
200234601864,CP8227-000,BAH-037100072,21.08.2026,21.08.2026,100,0,SSE Stock Ltd,5,CRTD PRC  BASC BCRQ MACM SETC,
200234674523,CP8227-000,BAH-037100072,25.08.2026,25.08.2026,500,0,,,CRTD PRC  BASC BCRQ MACM SETC,
200234489376,EB9132-000,BAH-032020079,14.09.2026,14.09.2026,200,0,NIE Networks Ltd,5,CRTD PRC  BASC BCRQ MACM SETC,
200233880714,EB9132-000,BAH-032020079,21.09.2026,21.09.2026,200,0,NIE Networks Ltd,5,CRTD PRC  BASC BCRQ MACM SETC,
200234489477,EB9132-000,BAH-032020079,21.09.2026,21.09.2026,200,0,NIE Networks Ltd,5,CRTD PRC  BASC BCRQ MACM SETC,
200234489487,EB9132-000,BAH-032020079,13.10.2026,13.10.2026,200,0,NIE Networks Ltd,5,CRTD PRC  BASC BCRQ MACM SETC,
200233880715,EB9132-000,BAH-032020079,20.10.2026,20.10.2026,200,0,NIE Networks Ltd,5,CRTD PRC  CSER BASC BCRQ MACM SETC,
200234489479,EB9132-000,BAH-032020079,20.10.2026,20.10.2026,200,0,NIE Networks Ltd,5,CRTD PRC  BASC BCRQ MACM SETC,
200234489488,EB9132-000,BAH-032020079,12.11.2026,12.11.2026,200,0,NIE Networks Ltd,5,CRTD PRC  BASC BCRQ MACM SETC,
200233880777,EB9132-000,BAH-032020079,19.11.2026,19.11.2026,200,0,NIE Networks Ltd,5,CRTD PRC  CSER BASC BCRQ MACM SETC,
200234489480,EB9132-000,BAH-032020079,19.11.2026,19.11.2026,200,0,NIE Networks Ltd,5,CRTD PRC  BASC BCRQ MACM SETC,
200234489489,EB9132-000,BAH-032020079,15.12.2026,15.12.2026,200,0,NIE Networks Ltd,5,CRTD PRC  BASC BCRQ MACM SETC,
200234489482,EB9132-000,BAH-032020079,16.12.2026,16.12.2026,200,0,NIE Networks Ltd,5,CRTD PRC  BASC BCRQ MACM SETC,
200234489490,EB9132-000,BAH-032020079,13.01.2027,13.01.2027,200,0,NIE Networks Ltd,5,CRTD PRC  BASC BCRQ MACM SETC,
200234489485,EB9132-000,BAH-032020079,20.01.2027,20.01.2027,200,0,NIE Networks Ltd,5,CRTD PRC  BASC BCRQ MACM SETC,
200234489491,EB9132-000,BAH-032020079,10.02.2027,10.02.2027,200,0,NIE Networks Ltd,5,CRTD PRC  BASC BCRQ MACM SETC,
200234489486,EB9132-000,BAH-032020079,17.02.2027,17.02.2027,200,0,NIE Networks Ltd,5,CRTD PRC  BASC BCRQ MACM SETC,
200234586860,C48769-000,BAH-035050011,05.08.2026,05.08.2026,225,0,,,CRTD MSPT PRC  BASC BCRQ MSCP SETC,
200234683924,C48769-000,BAH-035050011,02.09.2026,02.09.2026,88,0,,,CRTD MSPT PRC  BASC BCRQ MSCP SETC,
200234490477,EF0789-000,BAH-023000091,13.08.2026,13.08.2026,140,0,,,CRTD PRC  BASC BCRQ MACM MSCP SETC,
200233880496,EF0231-000,BAH-037100079,03.08.2026,03.08.2026,150,0,SP Power Systems Ltd,5,REL  PRT  PRC  BASC BCRQ MACM MSCP SETC,
200233880494,EE7546-000,BAH-033000083,04.08.2026,04.08.2026,50,0,SP Power Systems Ltd,5,CRTD PRC  BASC BCRQ MACM SETC,
200233878295,EE7515-000,BAH-038081404,05.08.2026,05.08.2026,50,0,SP Power Systems Ltd,5,CRTD PRC  BASC BCRQ MACM SETC,
200234683962,EE7546-000,BAH-033000083,02.09.2026,02.09.2026,50,0,SP Power Systems Ltd,5,CRTD PRC  BASC BCRQ MACM MSCP SETC,
200234683964,EF0231-000,BAH-037100079,02.09.2026,02.09.2026,150,0,SP Power Systems Ltd,5,CRTD PRC  BASC BCRQ MACM MSCP SETC,
200234377396,985460-000,BAH-023040030,17.09.2026,18.09.2026,400,0,,,CRTD PRC  BASC BCRQ MACM SETC,
200234555854,985460-000,BAH-023040030,18.09.2026,21.09.2026,400,0,,,CRTD MSPT PRC  BASC BCRQ SETC,
200234639244,985460-000,BAH-023040030,22.10.2026,22.10.2026,225,0,,,CRTD MSPT PRC  BASC BCRQ SETC,
200234673673,985460-000,BAH-023040030,02.11.2026,02.11.2026,209,0,,,CRTD MSPT PRC  BASC BCRQ SETC,
200234586779,CB6587-000,BAH-038070397,30.07.2026,30.07.2026,"1,500",0,,,REL  PRT  PRC  BASC BCRQ MACM SETC,PREP
200234637440,CB6587-000,BAH-038070397,19.08.2026,20.08.2026,"2,000",0,,,CRTD MSPT PRC  BASC BCRQ SETC,
200234549342,EP2408-000,BAH-035030101,06.08.2026,07.08.2026,500,0,,,CRTD PRC  BASC BCRQ MACM MSCP SETC,
200234439765,CN2478-000,BAH-023030043,24.08.2026,24.08.2026,150,0,,,CRTD PRC  BASC BCRQ MACM SETC,
200234439773,CN2478-000,BAH-023030043,21.09.2026,21.09.2026,175,0,,,CRTD PRC  BASC BCRQ MACM SETC,
200234586794,2364278-1,BAH-037100099,29.07.2026,29.07.2026,400,0,,,REL  PRT  PRC  BASC BCRQ GMPS MACM MSCP*,COMP PREP
200234647375,2364278-1,BAH-037100099,10.08.2026,10.08.2026,300,0,,,CRTD PRC  BASC BCRQ MACM SETC,
200234548983,2364220-1,BAH-032020110,04.08.2026,05.08.2026,"1,000",0,,,CRTD PRC  BASC BCRQ MACM SETC,
200234609560,2364220-1,BAH-032020110,06.08.2026,07.08.2026,500,0,,,CRTD MSPT PRC  BASC BCRQ MSCP SETC,
200234636514,2364220-1,BAH-032020110,07.08.2026,10.08.2026,"1,000",0,,,CRTD PRC  BASC BCRQ MACM MSCP SETC,
200234636515,2364220-1,BAH-032020110,19.08.2026,20.08.2026,"1,000",0,,,CRTD MSPT PRC  BASC BCRQ SETC,
200234593694,262536-000,BAH-035040013,03.08.2026,03.08.2026,400,0,,,REL  PRT  PRC  BASC BCRQ MACM MSCP SETC,
200234609214,262536-000,BAH-035040013,04.08.2026,04.08.2026,400,0,,,CRTD PRC  BASC BCRQ MACM MSCP SETC,
200234637442,262536-000,BAH-035040013,14.08.2026,14.08.2026,400,0,,,CRTD PRC  BASC BCRQ MACM SETC,
200234684986,262536-000,BAH-035040013,26.08.2026,26.08.2026,400,0,,,CRTD PRC  BASC BCRQ MACM SETC,
200234498428,2832383-1,LVIP 185-300 MAIN/SERV CONNECTOR,27.07.2026,29.07.2026,500,0,,,REL  PRT  PRC  BASC BCRQ GMPS MACM MSCP*,COMP PREP
200234609462,2832383-1,LVIP 185-300 MAIN/SERV CONNECTOR,29.07.2026,31.07.2026,500,0,,,REL  PRT  PRC  BASC BCRQ MACM MSCP SETC,PREP
200234549521,2832383-1,LVIP 185-300 MAIN/SERV CONNECTOR,04.08.2026,06.08.2026,500,0,,,CRTD PRC  BASC BCRQ MACM MSCP SETC,
200234586863,2832383-1,LVIP 185-300 MAIN/SERV CONNECTOR,11.08.2026,13.08.2026,500,0,,,CRTD PRC  BASC BCRQ MACM SETC,
200234636703,2832383-1,LVIP 185-300 MAIN/SERV CONNECTOR,18.08.2026,20.08.2026,500,0,,,CRTD PRC  BASC BCRQ MACM SETC,
200234647367,2832383-1,LVIP 185-300 MAIN/SERV CONNECTOR,20.08.2026,24.08.2026,500,0,,,CRTD PRC  BASC BCRQ MACM SETC,
200234674519,2832383-1,LVIP 185-300 MAIN/SERV CONNECTOR,25.08.2026,27.08.2026,500,0,,,CRTD PRC  BASC BCRQ MACM SETC,
200234549202,EK0554-000,BAH-025000102,30.07.2026,31.07.2026,"2,000",0,,,REL  PRT  PRC  BASC BCRQ MACM MSCP SETC,PREP
200234586784,EK0554-000,BAH-025000102,31.07.2026,03.08.2026,"2,000",0,,,REL  PRT  PRC  BASC BCRQ MACM SETC,PREP
200234549529,EK0554-000,BAH-025000102,03.08.2026,04.08.2026,"2,000",0,,,REL  PRT  PRC  BASC BCRQ MACM MSCP SETC,
200234586785,EK0554-000,BAH-025000102,04.08.2026,05.08.2026,"2,000",0,,,CRTD PRC  BASC BCRQ MACM MSCP SETC,
200234549658,EK0554-000,BAH-025000102,05.08.2026,06.08.2026,"2,000",0,,,CRTD PRC  BASC BCRQ MACM MSCP SETC,
200234586859,EK0554-000,BAH-025000102,07.08.2026,10.08.2026,"2,000",0,,,CRTD PRC  BASC BCRQ MACM MSCP SETC,
200234596007,EK0554-000,BAH-025000102,12.08.2026,13.08.2026,"2,000",0,,,CRTD MSPT PRC  BASC BCRQ MSCP SETC,
200234674510,EK0554-000,BAH-025000102,21.08.2026,24.08.2026,"2,000",0,,,CRTD MSPT PRC  BASC BCRQ SETC,
200234674530,EK0554-000,BAH-025000102,25.08.2026,26.08.2026,"2,000",0,,,CRTD MSPT PRC  BASC BCRQ SETC,
200234463369,EP2166-000,BAH-038081608,04.08.2026,04.08.2026,400,0,,,CRTD PRC  BASC BCRQ MACM MSCP SETC,
200234684648,EP2166-000,BAH-038081608,02.09.2026,02.09.2026,600,0,,,CRTD PRC  BASC BCRQ MACM MSCP SETC,
200234498101,EE3572-000,BAH-037000141,29.07.2026,04.08.2026,"6,500",0,,,REL  PRT  PRC  BASC BCRQ GMPS MACM MSCP*,COMP PREP
200234650869,EE4888-000,BAH-038081240,05.08.2026,05.08.2026,200,0,Wolseley UK Limited,5,CRTD PRC  BASC BCRQ MACM MSCP SETC,
200234423016,ED6922-000,BAH-038130002,07.08.2026,07.08.2026,12,0,Electricity North West Ltd,5,CRTD PRC  BASC BCRQ MACM SETC,
200234460192,CX4095-000,BAH-032040066,07.08.2026,07.08.2026,150,0,Cable Services Ltd,5,CRTD PRC  BASC BCRQ MACM MSCP SETC,
200234550563,723430-000,BAH-024020046,07.08.2026,07.08.2026,30,0,Wolseley UK Limited,5,CRTD PRC  BASC BCRQ MACM MSCP SETC,
200234550568,959054-000,BAH-038070042,07.08.2026,07.08.2026,100,0,Wolseley UK Limited,5,CRTD PRC  BASC BCRQ MACM MSCP SETC,
200234600972,E21094-000,BAH-024020091,07.08.2026,07.08.2026,12,0,TE Connectivity Australia Pty Ltd,5,CRTD PRC  BASC BCRQ MACM MSCP SETC,
200234423150,723430-000,BAH-024020046,14.08.2026,14.08.2026,100,0,Cable Services Ltd,5,CRTD PRC  BASC BCRQ MACM SETC,
200234490183,723430-000,BAH-024020046,14.08.2026,14.08.2026,100,0,Cable Services Ltd,5,CRTD PRC  BASC BCRQ MACM SETC,
200234650871,EE4888-000,BAH-038081240,14.08.2026,14.08.2026,93,0,Wolseley UK Limited,5,CRTD PRC  BASC BCRQ MACM MSCP SETC,
200234569024,EE3572-000,BAH-037000141,12.08.2026,19.08.2026,"6,500",0,,,CRTD PRC  BASC BCRQ MACM SETC,
200234149206,EE4888-000,BAH-038081240,20.08.2026,20.08.2026,500,0,Northern Powergrid,5,CRTD PRC  BASC BCRQ MACM SETC,
200234550699,959054-000,BAH-038070042,21.08.2026,21.08.2026,84,0,Wolseley UK Limited,5,CRTD PRC  BASC BCRQ MACM SETC,
200234586154,959054-000,BAH-038070042,21.08.2026,21.08.2026,30,0,Wolseley UK Limited,5,CRTD PRC  BASC BCRQ MACM SETC,
200234602115,959054-000,BAH-038070042,21.08.2026,21.08.2026,50,0,Wolseley UK Limited,5,CRTD PRC  BASC BCRQ MACM SETC,
200233615190,723430-000,BAH-024020046,25.08.2026,25.08.2026,100,0,NIE Networks Ltd,5,CRTD PRC  BASC BCRQ MACM SETC,
200233638130,723430-000,BAH-024020046,25.08.2026,25.08.2026,100,0,NIE Networks Ltd,5,CRTD PRC  BASC BCRQ MACM SETC,
200233987396,E21094-000,BAH-024020091,27.08.2026,27.08.2026,274,0,TE Connectivity Australia Pty Ltd,5,CRTD PRC  BASC BCRQ MACM SETC,
200234506182,E21094-000,BAH-024020091,27.08.2026,27.08.2026,75,0,TE Connectivity Australia Pty Ltd,5,CRTD PRC  BASC BCRQ MACM SETC,
200234586864,EE3572-000,BAH-037000141,21.08.2026,28.08.2026,"6,500",0,,,CRTD PRC  BASC BCRQ MACM SETC,
200234674505,EE3572-000,BAH-037000141,27.08.2026,04.09.2026,"6,500",0,,,CRTD PRC  BASC BCRQ MACM MSCP SETC,
200234684772,EE3572-000,BAH-037000141,04.09.2026,11.09.2026,"6,500",0,,,CRTD PRC  BASC BCRQ MACM MSCP SETC,
200233615191,723430-000,BAH-024020046,24.09.2026,24.09.2026,100,0,NIE Networks Ltd,5,CRTD PRC  BASC BCRQ MACM SETC,
200233638131,723430-000,BAH-024020046,24.09.2026,24.09.2026,100,0,NIE Networks Ltd,5,CRTD PRC  BASC BCRQ MACM SETC,
200234254203,E21094-000,BAH-024020091,09.10.2026,09.10.2026,12,0,TE Connectivity Australia Pty Ltd,5,CRTD PRC  CSER BASC BCRQ MACM SETC,
200233615192,723430-000,BAH-024020046,23.10.2026,23.10.2026,100,0,NIE Networks Ltd,5,CRTD PRC  CSER BASC BCRQ MACM SETC,
200233638132,723430-000,BAH-024020046,23.10.2026,23.10.2026,100,0,NIE Networks Ltd,5,CRTD PRC  CSER BASC BCRQ MACM SETC,
200234490053,E21094-000,BAH-024020091,06.11.2026,06.11.2026,273,0,TE Connectivity Australia Pty Ltd,5,CRTD PRC  BASC BCRQ MACM SETC,
200233615193,723430-000,BAH-024020046,24.11.2026,24.11.2026,100,0,NIE Networks Ltd,5,CRTD PRC  CSER BASC BCRQ MACM SETC,
200233638134,723430-000,BAH-024020046,24.11.2026,24.11.2026,100,0,NIE Networks Ltd,5,CRTD MSPT PRC  CSER BASC BCRQ SETC,
200234628694,E21094-000,BAH-024020091,27.11.2026,27.11.2026,220,0,TE Connectivity Australia Pty Ltd,5,CRTD PRC  BASC BCRQ MACM SETC,
200234426207,CU8610-000,BAH-021500032,17.07.2026,21.07.2026,500,0,,,REL  PRT  PRC  BASC BCRQ GMPS MACM MSCP*,COMP PREP
200234490489,CU8610-000,BAH-021500032,11.08.2026,13.08.2026,500,0,,,CRTD PRC  BASC BCRQ MACM SETC,
200234684087,CU8610-000,BAH-021500032,14.08.2026,18.08.2026,500,0,,,CRTD PRC  BASC BCRQ MACM SETC,
200234673664,EB9139-000,BAH-033000069,31.07.2026,03.08.2026,"1,000",0,National Grid Electricity,5,REL  PRT  PRC  BASC BCRQ MACM MSCP SETC,PREP
200234586793,EB9139-000,BAH-033000069,04.08.2026,04.08.2026,500,0,,,CRTD PRC  BASC BCRQ MACM MSCP SETC,
200234586791,EB9138-000,BAH-033000068,05.08.2026,06.08.2026,400,0,,,CRTD PRC  BASC BCRQ MACM MSCP SETC,
200234673665,EB9139-000,BAH-033000069,06.08.2026,07.08.2026,600,0,National Grid Electricity,5,CRTD PRC  BASC BCRQ MACM MSCP SETC,
200234639038,E22139-000,BAH-024030126,10.08.2026,10.08.2026,52,0,National Grid Electricity,5,CRTD PRC  BASC BCRQ MACM SETC,
200234639046,EP3131-000,BAH-038081635,11.08.2026,12.08.2026,400,0,UK Power Networks(Operations) Ltd,5,CRTD PRC  BASC BCRQ MACM MSCP SETC,
200234586267,EP3131-000,BAH-038081635,14.08.2026,14.08.2026,100,0,Cable Services Ltd,5,CRTD PRC  BASC BCRQ MACM SETC,
200234647295,EB9139-000,BAH-033000069,19.08.2026,19.08.2026,150,0,,,CRTD PRC  BASC BCRQ MACM SETC,
200234647357,EB9138-000,BAH-033000068,19.08.2026,19.08.2026,28,0,,,CRTD PRC  BASC BCRQ MACM SETC,
200234639039,E22139-000,BAH-024030126,24.08.2026,24.08.2026,37,0,National Grid Electricity,5,CRTD PRC  BASC BCRQ MACM SETC,
200234639043,E22139-000,BAH-024030126,14.09.2026,14.09.2026,11,0,National Grid Electricity,5,CRTD MSPT PRC  BASC BCRQ SETC,
200234596008,EE9991-000,BAH-017120070,06.08.2026,06.08.2026,166,0,,,CRTD MSPT PRC  BASC BCRQ MSCP SETC,
200234647363,EE9991-000,BAH-017120070,19.08.2026,19.08.2026,150,0,,,CRTD MSPT PRC  BASC BCRQ SETC,
200234549663,2364224-1,BAH-033000098,05.08.2026,05.08.2026,105,0,,,CRTD PRC  BASC BCRQ MACM SETC,
200234602114,EK1826-000,BAH-032020108,05.08.2026,05.08.2026,20,0,UK Power Networks(Operations) Ltd,5,CRTD PRC  BASC BCRQ MACM MSCP SETC,
200234460350,EF0790-000,BAH-033000092,06.08.2026,06.08.2026,54,0,,,CRTD PRC  BASC BCRQ MACM MSCP SETC,
200234639341,973448-000,BAH-022110055,06.08.2026,06.08.2026,20,0,National Grid Electricity,5,CRTD PRC  BASC BCRQ MACM MSCP SETC,
200234550573,733062-000,BAH-022110052,10.08.2026,10.08.2026,30,0,Cable Services Ltd,5,CRTD PRC  BASC BCRQ MACM MSCP SETC,
200234639354,EP3139-000,BAH-038081643,11.08.2026,11.08.2026,200,0,UK Power Networks(Operations) Ltd,5,CRTD PRC  BASC BCRQ MACM SETC,
200234647119,E09690-000,BAH-035050013,11.08.2026,11.08.2026,50,0,National Grid Electricity,5,CRTD PRC  BASC BCRQ MACM MSCP SETC,
200234490479,EF0790-000,BAH-033000092,14.08.2026,14.08.2026,75,0,,,CRTD PRC  BASC BCRQ MACM MSCP SETC,
200234550575,E09690-000,BAH-035050013,14.08.2026,14.08.2026,39,0,Wolseley UK Limited,5,CRTD MSPT PRC  BASC BCRQ MSCP SETC,
200234674060,733062-000,BAH-022110052,18.08.2026,18.08.2026,74,0,National Grid Electricity,5,CRTD PRC  BASC BCRQ MACM SETC,
200234586144,E09690-000,BAH-035050013,20.08.2026,20.08.2026,40,0,Cable Services Ltd,5,CRTD MSPT PRC  BASC BCRQ SETC,
200234639340,733062-000,BAH-022110052,20.08.2026,20.08.2026,30,0,National Grid Electricity,5,CRTD PRC  BASC BCRQ MACM MSCP SETC,
200234569026,2832442-1,BAH-022110148,08.09.2026,08.09.2026,75,0,,,CRTD PRC  BASC BCRQ MACM SETC,
200234674503,2832442-1,BAH-022110148,07.10.2026,07.10.2026,25,0,,,CRTD PRC  BASC BCRQ MACM SETC,
200234682994,733062-000,BAH-022110052,27.10.2026,27.10.2026,161,0,National Grid Electricity,5,CRTD MSPT PRC  BASC BCRQ SETC,
200234609566,859472-000,BAH-035030018,05.08.2026,05.08.2026,420,0,,,CRTD PRC  BASC BCRQ MACM MSCP SETC,
200234498006,859472-000,BAH-035030018,12.08.2026,12.08.2026,350,0,,,CRTD PRC  BASC BCRQ MACM MSCP SETC,
200234460042,EL9565-000,BAH-035030098,04.08.2026,04.08.2026,200,0,,,CRTD PRC  BASC BCRQ MACM MSCP SETC,
200234637443,EL9565-000,BAH-035030098,07.08.2026,10.08.2026,500,0,,,CRTD PRC  BASC BCRQ MACM MSCP SETC,
200234596004,E84555-000,BAH-035050012,06.08.2026,06.08.2026,300,0,,,CRTD PRC  BASC BCRQ MACM MSCP SETC,
200234647292,E84555-000,BAH-035050012,19.08.2026,19.08.2026,300,0,,,CRTD PRC  BASC BCRQ MACM SETC,
200234596005,CP8226-000,BAH-037100071,07.08.2026,10.08.2026,"1,000",0,,,CRTD PRC  BASC BCRQ MACM MSCP SETC,
200234609678,EE3574-000,BAH-037000143,13.08.2026,13.08.2026,200,0,,,CRTD PRC  BASC BCRQ MACM MSCP SETC,
200234674513,EE3574-000,BAH-037000143,24.08.2026,24.08.2026,300,0,,,CRTD PRC  BASC BCRQ MACM SETC,
200234628737,EE7544-000,BAH-033000085,07.08.2026,07.08.2026,90,0,SP Power Systems Ltd,5,CRTD PRC  BASC BCRQ MACM MSCP SETC,
200233356517,BM0916-000,BAH-038081519,11.08.2026,11.08.2026,204,0,Dallas Trading Co. (L.L.C.),5,CRTD PRC  BASC BCRQ MACM SETC,
200233880700,EF0229-000,BAH-032020105,11.08.2026,11.08.2026,300,0,SP Power Systems Ltd,5,CRTD PRC  BASC BCRQ MACM SETC,
200233880702,EF0239-000,BAH-034020125,11.08.2026,11.08.2026,100,0,SP Power Systems Ltd,5,CRTD PRC  BASC BCRQ MACM SETC,
200234628742,EF0235-000,BAH-034020121,11.08.2026,11.08.2026,100,0,SP Power Systems Ltd,5,CRTD PRC  BASC BCRQ MACM MSCP SETC,
200233356520,BM0916-000,BAH-038081519,12.08.2026,12.08.2026,204,0,Dallas Trading Co. (L.L.C.),5,CRTD PRC  BASC BCRQ MACM SETC,
200233880701,EE7535-000,BAH-035030081,12.08.2026,12.08.2026,200,0,SP Power Systems Ltd,5,CRTD PRC  BASC BCRQ MACM SETC,
200234628709,EE7529-000,BAH-035040026,12.08.2026,12.08.2026,100,0,SP Power Systems Ltd,5,CRTD PRC  BASC BCRQ MACM MSCP SETC,
200234628714,EF0228-000,BAH-032020104,12.08.2026,12.08.2026,150,0,SP Power Systems Ltd,5,CRTD PRC  BASC BCRQ MACM MSCP SETC,
200234628740,EE7542-000,BAH-033000087,12.08.2026,12.08.2026,60,0,SP Power Systems Ltd,5,CRTD MSPT PRC  BASC BCRQ MSCP SETC,
200234628741,EE7541-000,BAH-033000088,12.08.2026,12.08.2026,100,0,SP Power Systems Ltd,5,CRTD PRC  BASC BCRQ MACM MSCP SETC,
200233356522,BM0916-000,BAH-038081519,13.08.2026,13.08.2026,204,0,Dallas Trading Co. (L.L.C.),5,CRTD PRC  BASC BCRQ MACM SETC,
200233356524,BM0916-000,BAH-038081519,14.08.2026,14.08.2026,204,0,Dallas Trading Co. (L.L.C.),5,CRTD PRC  BASC BCRQ MACM SETC,
200233356526,BM0916-000,BAH-038081519,14.08.2026,14.08.2026,184,0,Dallas Trading Co. (L.L.C.),5,CRTD PRC  BASC BCRQ MACM SETC,
200233880704,EE7529-000,BAH-035040026,19.08.2026,19.08.2026,100,0,SP Power Systems Ltd,5,CRTD PRC  BASC BCRQ MACM SETC,
200234671370,BM0916-000,BAH-038081519,17.09.2026,17.09.2026,30,0,Tyco Electronics Polska Sp z o.o.,5,CRTD PRC  BASC BCRQ MACM SETC,
200233356527,BM0916-000,BAH-038081519,15.10.2026,15.10.2026,204,0,Dallas Trading Co. (L.L.C.),5,CRTD PRC  CSER BASC BCRQ MACM SETC,
200233356530,BM0916-000,BAH-038081519,15.10.2026,15.10.2026,204,0,Dallas Trading Co. (L.L.C.),5,CRTD PRC  CSER BASC BCRQ MACM SETC,
200233356532,BM0916-000,BAH-038081519,16.10.2026,16.10.2026,92,0,Dallas Trading Co. (L.L.C.),5,CRTD PRC  CSER BASC BCRQ MACM SETC,
200234596000,EP2162-000,BAH-028070635,27.07.2026,28.07.2026,818,0,,,REL  PRC  BASC BCRQ MACM SETC,PREP
200234674528,EP2162-000,BAH-028070635,25.08.2026,26.08.2026,"1,000",0,,,CRTD PRC  BASC BCRQ MACM SETC,
200234586148,136892-000,BAH-024020039,05.08.2026,05.08.2026,80,0,,,CRTD MSPT PRC  BASC BCRQ MSCP SETC,
200234557010,136892-000,BAH-024020039,10.08.2026,10.08.2026,20,0,SSE Stock Ltd,5,CRTD MSPT PRC  BASC BCRQ SETC,
200234586151,136892-000,BAH-024020039,17.08.2026,17.08.2026,40,0,Cable Services Ltd,5,CRTD MSPT PRC  BASC BCRQ SETC,
200233615181,136892-000,BAH-024020039,20.08.2026,20.08.2026,250,0,NIE Networks Ltd,5,CRTD PRC  BASC BCRQ MACM SETC,
200233638117,136892-000,BAH-024020039,20.08.2026,20.08.2026,250,0,NIE Networks Ltd,5,CRTD PRC  BASC BCRQ MACM SETC,
200234646987,136892-000,BAH-024020039,24.08.2026,24.08.2026,30,0,Wolseley UK Limited,5,CRTD MSPT PRC  BASC BCRQ SETC,
200234488390,136892-000,BAH-024020039,14.09.2026,14.09.2026,300,0,NIE Networks Ltd,5,CRTD PRC  BASC BCRQ MACM SETC,
200233615182,136892-000,BAH-024020039,21.09.2026,21.09.2026,250,0,NIE Networks Ltd,5,CRTD PRC  BASC BCRQ MACM SETC,
200233638120,136892-000,BAH-024020039,21.09.2026,21.09.2026,250,0,NIE Networks Ltd,5,CRTD PRC  BASC BCRQ MACM SETC,
200234488382,136892-000,BAH-024020039,21.09.2026,21.09.2026,300,0,NIE Networks Ltd,5,CRTD MSPT PRC  BASC BCRQ SETC,
200234683969,136892-000,BAH-024020039,22.09.2026,22.09.2026,30,0,Wolseley UK Limited,5,CRTD MSPT PRC  BASC BCRQ SETC,
200234683971,136892-000,BAH-024020039,22.09.2026,22.09.2026,30,0,Wolseley UK Limited,5,CRTD MSPT PRC  BASC BCRQ SETC,
200234488391,136892-000,BAH-024020039,13.10.2026,13.10.2026,300,0,NIE Networks Ltd,5,CRTD MSPT PRC  BASC BCRQ SETC,
200233615183,136892-000,BAH-024020039,20.10.2026,20.10.2026,250,0,NIE Networks Ltd,5,CRTD PRC  CSER BASC BCRQ MACM SETC,
200233638122,136892-000,BAH-024020039,20.10.2026,20.10.2026,250,0,NIE Networks Ltd,5,CRTD PRC  CSER BASC BCRQ MACM SETC,
200234488383,136892-000,BAH-024020039,20.10.2026,20.10.2026,300,0,NIE Networks Ltd,5,CRTD MSPT PRC  BASC BCRQ SETC,
200234488392,136892-000,BAH-024020039,12.11.2026,12.11.2026,300,0,NIE Networks Ltd,5,CRTD MSPT PRC  BASC BCRQ SETC,
200233615184,136892-000,BAH-024020039,19.11.2026,19.11.2026,250,0,NIE Networks Ltd,5,CRTD MSPT PRC  CSER BASC BCRQ SETC,
200233638124,136892-000,BAH-024020039,19.11.2026,19.11.2026,250,0,NIE Networks Ltd,5,CRTD MSPT PRC  CSER BASC BCRQ SETC,
200234488384,136892-000,BAH-024020039,19.11.2026,19.11.2026,300,0,NIE Networks Ltd,5,CRTD MSPT PRC  BASC BCRQ SETC,
200234488393,136892-000,BAH-024020039,15.12.2026,15.12.2026,300,0,NIE Networks Ltd,5,CRTD MSPT PRC  BASC BCRQ SETC,
200234488385,136892-000,BAH-024020039,16.12.2026,16.12.2026,300,0,NIE Networks Ltd,5,CRTD MSPT PRC  BASC BCRQ SETC,
200234488394,136892-000,BAH-024020039,13.01.2027,13.01.2027,300,0,NIE Networks Ltd,5,CRTD MSPT PRC  BASC BCRQ SETC,
200234488388,136892-000,BAH-024020039,20.01.2027,20.01.2027,300,0,NIE Networks Ltd,5,CRTD MSPT PRC  BASC BCRQ SETC,
200234488395,136892-000,BAH-024020039,10.02.2027,10.02.2027,300,0,NIE Networks Ltd,5,CRTD MSPT PRC  BASC BCRQ SETC,
200234488389,136892-000,BAH-024020039,17.02.2027,17.02.2027,300,0,NIE Networks Ltd,5,CRTD MSPT PRC  BASC BCRQ SETC,
200234460039,EE4839-000,BAH-033000080,10.08.2026,11.08.2026,"1,000",0,,,CRTD PRC  BASC BCRQ MACM MSCP SETC,
200234586153,402614-000,BAH-038070041,14.08.2026,14.08.2026,22,0,Wolseley UK Limited,5,CRTD PRC  BASC BCRQ MACM SETC,
200234602116,402614-000,BAH-038070041,21.08.2026,21.08.2026,100,0,Wolseley UK Limited,5,CRTD PRC  BASC BCRQ MACM SETC,
200234647288,EP2154-000,BAH-025000107,05.08.2026,05.08.2026,50,0,,,CRTD MSPT PRC  BASC BCRQ MSCP SETC,
200234684981,EP2154-000,BAH-025000107,26.08.2026,26.08.2026,50,0,,,CRTD MSPT PRC  BASC BCRQ SETC,
200234647359,EE3571-000,BAH-037000140,31.07.2026,07.08.2026,"6,500",0,,,REL  PRT  PRC  BASC BCRQ GMPS MACM MSCP*,COMP PREP
200234636511,EP3124-000,BAH-038081628,07.08.2026,10.08.2026,"1,000",0,,,CRTD PRC  BASC BCRQ MACM SETC,
200234569021,EE3571-000,BAH-037000140,05.08.2026,12.08.2026,"6,500",0,,,CRTD PRC  BASC BCRQ MACM MSCP SETC,
200234549659,2832444-1,BAH-022110147,21.08.2026,21.08.2026,32,0,,,CRTD PRC  BASC BCRQ MACM SETC,
200234684669,EP3124-000,BAH-038081628,25.08.2026,26.08.2026,"1,000",0,,,CRTD PRC  BASC BCRQ MACM SETC,
200234602189,A96752-000,BAH-022080042,28.07.2026,31.07.2026,500,0,,,REL  PRT  PRC  BASC BCRQ MACM MSCP SETC,PREP
200234647376,724630-000,BAH-037070002,04.08.2026,04.08.2026,61,0,,,CRTD PRC  BASC BCRQ MACM MSCP SETC,
200234683805,A96752-000,BAH-022080042,07.08.2026,07.08.2026,30,0,UK Power Networks(Operations) Ltd,5,CRTD PRC  BASC BCRQ MACM MSCP SETC,
200234609569,EL9564-000,BAH-035030097,10.08.2026,10.08.2026,300,0,,,CRTD PRC  BASC BCRQ MACM MSCP SETC,
200233394568,BM0917-000,BAH-038081520,11.08.2026,11.08.2026,66,0,Dallas Trading Co. (L.L.C.),5,CRTD PRC  BASC BCRQ MACM SETC,
200233394569,BM0917-000,BAH-038081520,11.08.2026,11.08.2026,66,0,Dallas Trading Co. (L.L.C.),5,CRTD PRC  BASC BCRQ MACM SETC,
200234586862,EP2404-000,BAH-025000109,11.08.2026,11.08.2026,428,0,,,CRTD MSPT PRC  BASC BCRQ SETC,
200233394570,BM0917-000,BAH-038081520,12.08.2026,12.08.2026,66,0,Dallas Trading Co. (L.L.C.),5,CRTD PRC  BASC BCRQ MACM SETC,
200233394573,BM0917-000,BAH-038081520,12.08.2026,12.08.2026,66,0,Dallas Trading Co. (L.L.C.),5,CRTD PRC  BASC BCRQ MACM SETC,
200233394574,BM0917-000,BAH-038081520,12.08.2026,12.08.2026,66,0,Dallas Trading Co. (L.L.C.),5,CRTD PRC  BASC BCRQ MACM SETC,
200233335606,BM0915-000,BAH-038081518,12.08.2026,13.08.2026,500,0,Dallas Trading Co. (L.L.C.),5,CRTD PRC  BASC BCRQ MACM SETC,
200233394575,BM0917-000,BAH-038081520,13.08.2026,13.08.2026,66,0,Dallas Trading Co. (L.L.C.),5,CRTD PRC  BASC BCRQ MACM SETC,
200233394697,BM0917-000,BAH-038081520,13.08.2026,13.08.2026,38,0,Dallas Trading Co. (L.L.C.),5,CRTD PRC  BASC BCRQ MACM SETC,
200233265770,BM0919-000,BAH-038081522,14.08.2026,14.08.2026,70,0,Dallas Trading Co. (L.L.C.),5,CRTD MSPT PRC  BASC BCRQ SETC,
200233394576,BM0917-000,BAH-038081520,14.08.2026,14.08.2026,66,0,Dallas Trading Co. (L.L.C.),5,CRTD PRC  BASC BCRQ MACM SETC,
200234586796,724630-000,BAH-037070002,17.08.2026,17.08.2026,33,0,,,CRTD PRC  BASC BCRQ MACM SETC,
200234602191,A96752-000,BAH-022080042,24.08.2026,26.08.2026,500,0,,,CRTD PRC  BASC BCRQ MACM SETC,
200234057172,A96752-000,BAH-022080042,01.09.2026,03.09.2026,500,0,,,CRTD PRC  BASC BCRQ MACM MSCP SETC,
200234602317,A96752-000,BAH-022080042,02.09.2026,07.09.2026,500,0,,,CRTD PRC  BASC BCRQ MACM MSCP SETC,
200234027747,CS2072-000,BAH-035030066,15.09.2026,15.09.2026,7,0,,,CRTD PRC  BASC BCRQ MACM SETC,
200234497627,CS2072-000,BAH-035030066,17.09.2026,18.09.2026,400,0,,,CRTD MSPT PRC  BASC BCRQ SETC,
200233265771,BM0919-000,BAH-038081522,16.10.2026,16.10.2026,70,0,Dallas Trading Co. (L.L.C.),5,CRTD PRC  CSER BASC BCRQ MACM SETC,
200233394703,BM0917-000,BAH-038081520,16.10.2026,16.10.2026,66,0,Dallas Trading Co. (L.L.C.),5,CRTD PRC  CSER BASC BCRQ MACM SETC,
200233394704,BM0917-000,BAH-038081520,16.10.2026,16.10.2026,66,0,Dallas Trading Co. (L.L.C.),5,CRTD PRC  CSER BASC BCRQ MACM SETC,
200233394709,BM0917-000,BAH-038081520,16.10.2026,16.10.2026,66,0,Dallas Trading Co. (L.L.C.),5,CRTD PRC  CSER BASC BCRQ MACM SETC,
200233394707,BM0917-000,BAH-038081520,19.10.2026,19.10.2026,66,0,Dallas Trading Co. (L.L.C.),5,CRTD MSPT PRC  CSER BASC BCRQ SETC,
200233394708,BM0917-000,BAH-038081520,19.10.2026,19.10.2026,66,0,Dallas Trading Co. (L.L.C.),5,CRTD MSPT PRC  CSER BASC BCRQ SETC,
200233394712,BM0917-000,BAH-038081520,19.10.2026,19.10.2026,66,0,Dallas Trading Co. (L.L.C.),5,CRTD MSPT PRC  CSER BASC BCRQ SETC,
200233394713,BM0917-000,BAH-038081520,19.10.2026,19.10.2026,66,0,Dallas Trading Co. (L.L.C.),5,CRTD MSPT PRC  CSER BASC BCRQ SETC,
200233394715,BM0917-000,BAH-038081520,19.10.2026,19.10.2026,38,0,Dallas Trading Co. (L.L.C.),5,CRTD MSPT PRC  CSER BASC BCRQ SETC,
200233356352,BM0915-000,BAH-038081518,19.10.2026,20.10.2026,500,0,Dallas Trading Co. (L.L.C.),5,CRTD MSPT PRC  CSER BASC BCRQ SETC,
200234586787,EK0559-000,BAH-025000104,10.08.2026,10.08.2026,"1,000",0,,,CRTD PRC  BASC BCRQ MACM SETC,
200234684991,EK0559-000,BAH-025000104,26.08.2026,26.08.2026,"1,000",0,,,CRTD MSPT PRC  BASC BCRQ SETC,
200234586858,EF0791-000,BAH-033000093,04.08.2026,04.08.2026,90,0,,,CRTD PRC  BASC BCRQ MACM MSCP SETC,
200234684994,EF0791-000,BAH-033000093,26.08.2026,26.08.2026,200,0,,,CRTD PRC  BASC BCRQ MACM SETC,
200234586786,580454-000,BAH-021500011,06.08.2026,10.08.2026,400,0,,,CRTD PRC  BASC BCRQ MACM MSCP SETC,
200234647371,580454-000,BAH-021500011,20.08.2026,24.08.2026,400,0,,,CRTD PRC  BASC BCRQ MACM SETC,
200234490602,EE4828-000,BAH-032020095,06.08.2026,06.08.2026,600,0,,,CRTD PRC  BASC BCRQ MACM SETC,
200234647117,982902-000,BAH-025050002,06.08.2026,06.08.2026,16,0,,,CRTD PRC  BASC BCRQ MACM MSCP SETC,
200234549344,EP2413-000,BAH-038081614,12.08.2026,12.08.2026,200,0,,,CRTD PRC  BASC BCRQ MACM SETC,
200234636697,EE4837-000,BAH-033000078,17.08.2026,17.08.2026,200,0,,,CRTD PRC  BASC BCRQ MACM SETC,
200234257754,EE4828-000,BAH-032020095,15.09.2026,16.09.2026,"1,200",0,,,CRTD PRC  BASC BCRQ MACM SETC,
200234549422,547488-000,BAH-023040025,31.07.2026,31.07.2026,13,0,,,REL  PRT  PRC  BASC BCRQ MACM SETC,PREP
200233880706,EF0232-000,BAH-037100080,18.08.2026,18.08.2026,100,0,SP Power Systems Ltd,5,CRTD PRC  BASC BCRQ MACM SETC,
200233880708,EE7536-000,BAH-035030080,18.08.2026,18.08.2026,300,0,SP Power Systems Ltd,5,CRTD PRC  BASC BCRQ MACM SETC,
200233878287,EE7486-000,BAH-038081433,19.08.2026,19.08.2026,40,0,SP Power Systems Ltd,5,CRTD PRC  BASC BCRQ MACM SETC,
200233878294,EE7516-000,BAH-038081403,19.08.2026,19.08.2026,200,0,SP Power Systems Ltd,5,CRTD PRC  BASC BCRQ MACM SETC,
200233880705,EE7548-000,BAH-033000081,19.08.2026,19.08.2026,30,0,SP Power Systems Ltd,5,CRTD PRC  BASC BCRQ MACM SETC,
200234036321,CA3389-000,BAH-024030185,19.08.2026,19.08.2026,3,0,Tyco Electronics Polska Sp z o.o.,5,CRTD PRC  BASC BCRQ MACM SETC,
200234541110,CA3389-000,BAH-024030185,21.08.2026,21.08.2026,60,0,TE Connectivity Australia Pty Ltd,5,CRTD PRC  BASC BCRQ MACM SETC,
200234674061,EE7516-000,BAH-038081403,21.08.2026,21.08.2026,20,0,Cable Services Ltd,5,CRTD PRC  BASC BCRQ MACM SETC,
200234683958,EE7486-000,BAH-038081433,02.09.2026,02.09.2026,40,0,SP Power Systems Ltd,5,CRTD PRC  BASC BCRQ MACM MSCP SETC,
200234036322,CA3389-000,BAH-024030185,09.09.2026,09.09.2026,3,0,Tyco Electronics Polska Sp z o.o.,5,CRTD PRC  BASC BCRQ MACM SETC,
200234549425,CX6870-000,BAH-038070536,31.07.2026,31.07.2026,19,0,,,REL  PRT  PRC  BASC BCRQ MACM MSCP SETC,PREP
200234609691,394994-000,BAH-023040016,14.08.2026,14.08.2026,150,0,,,CRTD PRC  BASC BCRQ MACM MSCP SETC,
200234549094,751714-000,BAH-025000058,06.08.2026,06.08.2026,400,0,,,CRTD PRC  BASC BCRQ MACM SETC,
200234549095,751714-000,BAH-025000058,10.08.2026,10.08.2026,400,0,,,CRTD PRC  BASC BCRQ MACM SETC,
200234636831,751714-000,BAH-025000058,18.08.2026,18.08.2026,400,0,,,CRTD MSPT PRC  BASC BCRQ SETC,
200234674514,751714-000,BAH-025000058,24.08.2026,24.08.2026,400,0,,,CRTD MSPT PRC  BASC BCRQ SETC,
200234507323,756929N001,EXRM-1134-RAYKIT-18-S,19.08.2026,19.08.2026,116,0,,,CRTD MSPT PRC  BASC BCRQ SETC,
200234567887,543248-000,BAH-022020046,20.08.2026,20.08.2026,6,0,Cable Services Ltd,5,CRTD PRC  BASC BCRQ MACM SETC,
200234673517,543248-000,BAH-022020046,27.08.2026,27.08.2026,30,0,Cable Services Ltd,5,CRTD PRC  BASC BCRQ MACM SETC,
200234527589,756929N001,EXRM-1134-RAYKIT-18-S,14.09.2026,14.09.2026,45,0,,,CRTD PRC  BASC BCRQ MACM SETC,
200234459780,EE4829-000,BAH-032020096,07.08.2026,11.08.2026,"1,500",0,,,CRTD PRC  BASC BCRQ MACM MSCP SETC,
200234564631,EE3582-000,BAH-037010089,17.08.2026,17.08.2026,290,0,,,CRTD PRC  BASC BCRQ MACM SETC,
200234557002,EE4829-000,BAH-032020096,10.09.2026,14.09.2026,"1,600",0,,,CRTD PRC  BASC BCRQ MACM SETC,
200234564632,EE3582-000,BAH-037010089,14.09.2026,14.09.2026,800,0,,,CRTD PRC  BASC BCRQ MACM SETC,
200234549347,EP4629-000,BAH-031000018,30.07.2026,30.07.2026,750,0,,,REL  PRT  PRC  BASC BCRQ GMPS MACM MSCP*,COMP PREP
200234549420,EE3569-000,BAH-037000138,13.08.2026,13.08.2026,"1,000",0,,,CRTD PRC  BASC BCRQ MACM MSCP SETC,
200234488739,664614-000,BAH-021520008,18.08.2026,18.08.2026,250,0,NIE Networks Ltd,5,CRTD MSPT PRC  BASC BCRQ SETC,
200233880711,664614-000,BAH-021520008,21.08.2026,21.08.2026,500,0,NIE Networks Ltd,5,CRTD PRC  BASC BCRQ MACM SETC,
200234488752,664614-000,BAH-021520008,21.08.2026,21.08.2026,50,0,TE Connectivity Australia Pty Ltd,5,CRTD PRC  BASC BCRQ MACM SETC,
200234490177,524166-000,BAH-023000038,21.08.2026,21.08.2026,20,0,TE Connectivity Australia Pty Ltd,5,CRTD PRC  BASC BCRQ MACM SETC,
200234567889,EN6041-000,BAH-033000096,21.08.2026,21.08.2026,5,0,Cable Services Ltd,5,CRTD PRC  BASC BCRQ MACM SETC,
200234628743,016338-000,BAH-024020028,21.08.2026,21.08.2026,50,0,Cable Services Ltd,5,CRTD PRC  BASC BCRQ MACM SETC,
200234488691,664614-000,BAH-021520008,25.08.2026,25.08.2026,250,0,NIE Networks Ltd,5,CRTD PRC  BASC BCRQ MACM SETC,
200234639240,664614-000,BAH-021520008,04.09.2026,04.09.2026,50,0,TE Connectivity Australia Pty Ltd,5,CRTD MSPT PRC  BASC BCRQ MSCP SETC,
200234673523,016338-000,BAH-024020028,04.09.2026,04.09.2026,50,0,Cable Services Ltd,5,CRTD PRC  BASC BCRQ MACM MSCP SETC,
200234488740,664614-000,BAH-021520008,17.09.2026,17.09.2026,250,0,NIE Networks Ltd,5,CRTD PRC  BASC BCRQ MACM SETC,
200234488693,664614-000,BAH-021520008,24.09.2026,24.09.2026,250,0,NIE Networks Ltd,5,CRTD PRC  BASC BCRQ MACM SETC,
200234488742,664614-000,BAH-021520008,16.10.2026,16.10.2026,250,0,NIE Networks Ltd,5,CRTD PRC  BASC BCRQ MACM SETC,
200234488694,664614-000,BAH-021520008,23.10.2026,23.10.2026,250,0,NIE Networks Ltd,5,CRTD PRC  BASC BCRQ MACM SETC,
200234488745,664614-000,BAH-021520008,17.11.2026,17.11.2026,250,0,NIE Networks Ltd,5,CRTD PRC  BASC BCRQ MACM SETC,
200234488695,664614-000,BAH-021520008,24.11.2026,24.11.2026,250,0,NIE Networks Ltd,5,CRTD PRC  BASC BCRQ MACM SETC,
200234488747,664614-000,BAH-021520008,18.12.2026,18.12.2026,250,0,NIE Networks Ltd,5,CRTD PRC  BASC BCRQ MACM SETC,
200234488696,664614-000,BAH-021520008,21.12.2026,21.12.2026,250,0,NIE Networks Ltd,5,CRTD PRC  BASC BCRQ MACM SETC,
200234488748,664614-000,BAH-021520008,18.01.2027,18.01.2027,250,0,NIE Networks Ltd,5,CRTD MSPT PRC  BASC BCRQ SETC,
200234488737,664614-000,BAH-021520008,25.01.2027,25.01.2027,250,0,NIE Networks Ltd,5,CRTD PRC  BASC BCRQ MACM SETC,
200234488750,664614-000,BAH-021520008,15.02.2027,15.02.2027,250,0,NIE Networks Ltd,5,CRTD MSPT PRC  BASC BCRQ SETC,
200234488738,664614-000,BAH-021520008,22.02.2027,22.02.2027,250,0,NIE Networks Ltd,5,CRTD PRC  BASC BCRQ MACM SETC,
200234636706,308710-000,BAH-022020014,30.07.2026,30.07.2026,200,0,,,REL  PRT  PRC  BASC BCRQ MACM MSCP SETC,PREP
200234683933,308710-000,BAH-022020014,19.08.2026,19.08.2026,200,0,,,CRTD PRC  BASC BCRQ MACM SETC,
200234549524,EP2403-000,BAH-025000108,18.08.2026,18.08.2026,"1,000",0,,,CRTD MSPT PRC  BASC BCRQ SETC,
200234650984,416318-000,BAH-023000024,20.08.2026,20.08.2026,16,0,Cable Services Ltd,5,CRTD PRC  BASC BCRQ MACM SETC,
200234257748,EF0372-000,BAH-025050014,25.08.2026,25.08.2026,100,0,,,CRTD PRC  BASC BCRQ MACM SETC,
200234596012,278176-000,BAH-024020029,05.08.2026,05.08.2026,120,0,,,CRTD PRC  BASC BCRQ MACM MSCP SETC,
200234647373,278176-000,BAH-024020029,05.08.2026,05.08.2026,50,0,,,CRTD PRC  BASC BCRQ MACM MSCP SETC,
200234488563,391104-000,BAH-021520005,13.08.2026,13.08.2026,100,0,NIE Networks Ltd,5,CRTD PRC  BASC BCRQ MACM SETC,
200234489316,278176-000,BAH-024020029,13.08.2026,13.08.2026,150,0,NIE Networks Ltd,5,CRTD PRC  BASC BCRQ MACM SETC,
200234488628,453938-000,BAH-021520001,18.08.2026,18.08.2026,150,0,NIE Networks Ltd,5,CRTD MSPT PRC  BASC BCRQ SETC,
200234488561,391104-000,BAH-021520005,20.08.2026,20.08.2026,100,0,NIE Networks Ltd,5,CRTD PRC  BASC BCRQ MACM SETC,
200234489315,278176-000,BAH-024020029,20.08.2026,20.08.2026,150,0,NIE Networks Ltd,5,CRTD PRC  BASC BCRQ MACM SETC,
200233880709,453938-000,BAH-021520001,21.08.2026,21.08.2026,200,0,NIE Networks Ltd,5,CRTD PRC  BASC BCRQ MACM SETC,
200233615241,622942-000,BAH-024030068,25.08.2026,25.08.2026,25,0,NIE Networks Ltd,5,CRTD PRC  BASC BCRQ MACM SETC,
200233638162,622942-000,BAH-024030068,25.08.2026,25.08.2026,25,0,NIE Networks Ltd,5,CRTD PRC  BASC BCRQ MACM SETC,
200234240913,E19420-000,BAH-024020103,25.08.2026,25.08.2026,200,0,Lucy Electric Ltd,5,CRTD PRC  BASC BCRQ MACM SETC,
200234488627,453938-000,BAH-021520001,25.08.2026,25.08.2026,150,0,NIE Networks Ltd,5,CRTD PRC  BASC BCRQ MACM SETC,
200234609565,EE4833-000,BAH-032020100,25.08.2026,25.08.2026,127,0,,,CRTD PRC  BASC BCRQ MACM SETC,
200234541115,453938-000,BAH-021520001,27.08.2026,27.08.2026,150,0,TE Connectivity Australia Pty Ltd,5,CRTD MSPT PRC  BASC BCRQ SETC,
200234674063,278176-000,BAH-024020029,01.09.2026,01.09.2026,200,0,Wolseley UK Limited,5,CRTD PRC  BASC BCRQ MACM MSCP SETC,
200234488564,391104-000,BAH-021520005,14.09.2026,14.09.2026,100,0,NIE Networks Ltd,5,CRTD PRC  BASC BCRQ MACM SETC,
200234488630,453938-000,BAH-021520001,17.09.2026,17.09.2026,150,0,NIE Networks Ltd,5,CRTD PRC  BASC BCRQ MACM SETC,
200234488565,391104-000,BAH-021520005,21.09.2026,21.09.2026,100,0,NIE Networks Ltd,5,CRTD PRC  BASC BCRQ MACM SETC,
200233615242,622942-000,BAH-024030068,24.09.2026,24.09.2026,25,0,NIE Networks Ltd,5,CRTD PRC  BASC BCRQ MACM SETC,
200233638163,622942-000,BAH-024030068,24.09.2026,24.09.2026,25,0,NIE Networks Ltd,5,CRTD PRC  BASC BCRQ MACM SETC,
200233880787,453938-000,BAH-021520001,24.09.2026,24.09.2026,200,0,NIE Networks Ltd,5,CRTD PRC  BASC BCRQ MACM SETC,
200234488632,453938-000,BAH-021520001,24.09.2026,24.09.2026,150,0,NIE Networks Ltd,5,CRTD PRC  BASC BCRQ MACM SETC,
200234639243,453938-000,BAH-021520001,09.10.2026,09.10.2026,250,0,TE Connectivity Australia Pty Ltd,5,CRTD MSPT PRC  BASC BCRQ SETC,
200234488619,391104-000,BAH-021520005,13.10.2026,13.10.2026,100,0,NIE Networks Ltd,5,CRTD PRC  BASC BCRQ MACM SETC,
200234488679,453938-000,BAH-021520001,16.10.2026,16.10.2026,150,0,NIE Networks Ltd,5,CRTD PRC  BASC BCRQ MACM SETC,
200234488566,391104-000,BAH-021520005,20.10.2026,20.10.2026,100,0,NIE Networks Ltd,5,CRTD PRC  BASC BCRQ MACM SETC,
200233615243,622942-000,BAH-024030068,23.10.2026,23.10.2026,25,0,NIE Networks Ltd,5,CRTD PRC  CSER BASC BCRQ MACM SETC,
200233638164,622942-000,BAH-024030068,23.10.2026,23.10.2026,25,0,NIE Networks Ltd,5,CRTD PRC  CSER BASC BCRQ MACM SETC,
200234488634,453938-000,BAH-021520001,23.10.2026,23.10.2026,150,0,NIE Networks Ltd,5,CRTD PRC  BASC BCRQ MACM SETC,
200234488620,391104-000,BAH-021520005,12.11.2026,12.11.2026,100,0,NIE Networks Ltd,5,CRTD PRC  BASC BCRQ MACM SETC,
200234488680,453938-000,BAH-021520001,17.11.2026,17.11.2026,150,0,NIE Networks Ltd,5,CRTD PRC  BASC BCRQ MACM SETC,
200234488567,391104-000,BAH-021520005,19.11.2026,19.11.2026,100,0,NIE Networks Ltd,5,CRTD PRC  BASC BCRQ MACM SETC,
200233615244,622942-000,BAH-024030068,24.11.2026,24.11.2026,25,0,NIE Networks Ltd,5,CRTD PRC  CSER BASC BCRQ MACM SETC,
200233638166,622942-000,BAH-024030068,24.11.2026,24.11.2026,25,0,NIE Networks Ltd,5,CRTD PRC  CSER BASC BCRQ MACM SETC,
200234488635,453938-000,BAH-021520001,24.11.2026,24.11.2026,150,0,NIE Networks Ltd,5,CRTD PRC  BASC BCRQ MACM SETC,
200234488621,391104-000,BAH-021520005,15.12.2026,15.12.2026,100,0,NIE Networks Ltd,5,CRTD PRC  BASC BCRQ MACM SETC,
200234488568,391104-000,BAH-021520005,16.12.2026,16.12.2026,100,0,NIE Networks Ltd,5,CRTD PRC  BASC BCRQ MACM SETC,
200234488681,453938-000,BAH-021520001,18.12.2026,18.12.2026,150,0,NIE Networks Ltd,5,CRTD PRC  BASC BCRQ MACM SETC,
200234488636,453938-000,BAH-021520001,21.12.2026,21.12.2026,150,0,NIE Networks Ltd,5,CRTD PRC  BASC BCRQ MACM SETC,
200234488622,391104-000,BAH-021520005,13.01.2027,13.01.2027,100,0,NIE Networks Ltd,5,CRTD MSPT PRC  BASC BCRQ SETC,
200234488683,453938-000,BAH-021520001,18.01.2027,18.01.2027,150,0,NIE Networks Ltd,5,CRTD PRC  BASC BCRQ MACM SETC,
200234489311,622942-000,BAH-024030068,18.01.2027,18.01.2027,25,0,NIE Networks Ltd,5,CRTD PRC  BASC BCRQ MACM SETC,
200234488569,391104-000,BAH-021520005,20.01.2027,20.01.2027,100,0,NIE Networks Ltd,5,CRTD PRC  BASC BCRQ MACM SETC,
200234488677,453938-000,BAH-021520001,25.01.2027,25.01.2027,150,0,NIE Networks Ltd,5,CRTD PRC  BASC BCRQ MACM SETC,
200234489309,622942-000,BAH-024030068,25.01.2027,25.01.2027,25,0,NIE Networks Ltd,5,CRTD PRC  BASC BCRQ MACM SETC,
200234488623,391104-000,BAH-021520005,10.02.2027,10.02.2027,100,0,NIE Networks Ltd,5,CRTD MSPT PRC  BASC BCRQ SETC,
200234488684,453938-000,BAH-021520001,15.02.2027,15.02.2027,150,0,NIE Networks Ltd,5,CRTD PRC  BASC BCRQ MACM SETC,
200234489312,622942-000,BAH-024030068,15.02.2027,15.02.2027,25,0,NIE Networks Ltd,5,CRTD MSPT PRC  BASC BCRQ SETC,
200234488571,391104-000,BAH-021520005,17.02.2027,17.02.2027,100,0,NIE Networks Ltd,5,CRTD PRC  BASC BCRQ MACM SETC,
200234488678,453938-000,BAH-021520001,22.02.2027,22.02.2027,150,0,NIE Networks Ltd,5,CRTD MSPT PRC  BASC BCRQ SETC,
200234489310,622942-000,BAH-024030068,22.02.2027,22.02.2027,25,0,NIE Networks Ltd,5,CRTD MSPT PRC  BASC BCRQ SETC,
200234609563,EB9131-000,BAH-031000009,07.08.2026,07.08.2026,"1,000",0,,,CRTD PRC  BASC BCRQ MACM MSCP SETC,
200234647361,CR4817-000,BAH-031520037,19.08.2026,19.08.2026,88,0,,,CRTD PRC  BASC BCRQ MACM SETC,
200234647370,EP2165-000,BAH-038081607,17.08.2026,17.08.2026,257,0,,,CRTD PRC  BASC BCRQ MACM SETC,
200234637439,EP2406-000,BAH-035030099,19.08.2026,20.08.2026,800,0,,,CRTD MSPT PRC  BASC BCRQ SETC,
200234684988,EE7532-000,BAH-035030084,26.08.2026,26.08.2026,40,0,,,CRTD PRC  BASC BCRQ MACM SETC,
200234602178,185992-000,BAH-023000043,26.08.2026,26.08.2026,40,0,SSE Stock Ltd,5,CRTD PRC  BASC BCRQ MACM SETC,
200233987394,EN1431-000,BAH-038081572,24.08.2026,24.08.2026,24,0,TE Connectivity Australia Pty Ltd,5,CRTD PRC  BASC BCRQ MACM SETC,
200234506178,733472-000,BAH-023000001,27.08.2026,27.08.2026,115,0,TE Connectivity Australia Pty Ltd,5,CRTD PRC  BASC BCRQ MACM SETC,
200234568005,573628-000,BAH-038070049,27.08.2026,27.08.2026,600,0,TE Connectivity Australia Pty Ltd,5,CRTD MSPT PRC  BASC BCRQ SETC,
200234498253,230062-000,BAH-021500003,29.07.2026,03.08.2026,500,0,,,REL  PRT  PRC  BASC BCRQ MACM MSCP SETC,PREP
200234569028,230062-000,BAH-021500003,06.08.2026,10.08.2026,500,0,,,CRTD PRC  BASC BCRQ MACM MSCP SETC,
200234670171,CF8534-000,BAH-027050026,25.08.2026,25.08.2026,787,0,,,CRTD PRC  BASC BCRQ MACM SETC,
200234609686,EE7533-000,BAH-035030083,04.08.2026,04.08.2026,50,0,,,CRTD MSPT PRC  BASC BCRQ MSCP SETC,
200234637043,EB9135-000,BAH-032020082,18.08.2026,19.08.2026,500,0,,,CRTD PRC  BASC BCRQ MACM SETC,
200234352623,EF9894-000,BAH-025030093,25.08.2026,25.08.2026,40,0,,,CRTD PRC  BASC BCRQ MACM SETC,
200234684088,EE7531-000,BAH-035030085,05.08.2026,05.08.2026,200,0,,,CRTD PRC  BASC BCRQ MACM MSCP SETC,
200234647366,EP2164-000,BAH-038081606,19.08.2026,19.08.2026,100,0,,,CRTD PRC  BASC BCRQ MACM SETC,
200234617921,751966-000,BAH-024030026,30.07.2026,30.07.2026,60,0,,,REL  PRT  PRC  BASC BCRQ MACM MSCP SETC,PREP
200234680923,751966-000,BAH-024030026,19.08.2026,19.08.2026,60,0,,,CRTD PRC  BASC BCRQ MACM SETC,
200234684581,EE3579-000,BAH-037010086,26.08.2026,26.08.2026,"1,200",0,,,CRTD PRC  BASC BCRQ MACM SETC,
200234684992,EF0373-000,BAH-035050015,26.08.2026,26.08.2026,80,0,,,CRTD MSPT PRC  BASC BCRQ SETC,
200234684423,069678-000,BAH-025000025,26.08.2026,26.08.2026,150,0,,,CRTD MSPT PRC  BASC BCRQ SETC,
200234684689,EP2405-000,BAH-025000110,26.08.2026,26.08.2026,500,0,,,CRTD MSPT PRC  BASC BCRQ SETC,
200234684987,CX3856-000,BAH-023000074,26.08.2026,26.08.2026,50,0,,,CRTD PRC  BASC BCRQ MACM SETC,
200234683960,EE7553-000,BAH-031500050,02.09.2026,02.09.2026,400,0,SP Power Systems Ltd,5,CRTD PRC  BASC BCRQ MACM MSCP SETC,
200234115834,CU7187-000,BAH-032100057,03.09.2026,03.09.2026,20,0,SP Power Systems Ltd,5,CRTD PRC  BASC BCRQ MACM SETC,
200234115898,CU7187-000,BAH-032100057,01.10.2026,01.10.2026,20,0,SP Power Systems Ltd,5,CRTD PRC  CSER BASC BCRQ MACM SETC,
200234272011,CU7187-000,BAH-032100057,29.10.2026,29.10.2026,20,0,SP Power Systems Ltd,5,CRTD PRC  CSER BASC BCRQ MACM SETC,
200234275173,CU7187-000,BAH-032100057,26.11.2026,26.11.2026,20,0,SP Power Systems Ltd,5,CRTD PRC  CSER BASC BCRQ MACM SETC,
200234568000,C26853-000,BAH-027100051,01.09.2026,01.09.2026,23,0,,,CRTD MSPT PRC  BASC BCRQ SETC,
200234673524,204094-000,BAH-024020044,01.09.2026,01.09.2026,50,0,Cable Services Ltd,5,CRTD MSPT PRC  BASC BCRQ MSCP SETC,
200234555851,BM4091-000,BAH-031000013,04.09.2026,04.09.2026,50,0,Wolseley UK Limited,5,CRTD PRC  BASC BCRQ MACM SETC,
200234639252,124416-000,BAH-024030083,04.09.2026,04.09.2026,20,0,Cable Services Ltd,5,CRTD PRC  BASC BCRQ MACM MSCP SETC,
200234671371,124416-000,BAH-024030083,04.09.2026,04.09.2026,30,0,Cable Services Ltd,5,CRTD PRC  BASC BCRQ MACM MSCP SETC,
200234219014,CB4484-000,BAH-025030046,31.07.2026,03.08.2026,250,0,,,REL  PRT  PRC  BASC BCRQ MACM SETC,PREP
200234609695,EE4838-000,BAH-033000079,14.08.2026,14.08.2026,150,0,,,CRTD PRC  BASC BCRQ MACM MSCP SETC,
200234547316,CB4484-000,BAH-025030046,02.09.2026,02.09.2026,206,0,,,CRTD PRC  BASC BCRQ MACM SETC,
200234645935,CB4484-000,BAH-025030046,03.09.2026,03.09.2026,63,0,,,CRTD PRC  BASC BCRQ MACM MSCP SETC,
200234639254,575072-000,BAH-024030104,08.09.2026,08.09.2026,12,0,Wolseley UK Limited,5,CRTD PRC  BASC BCRQ MACM SETC,
200234636655,CX6868-000,BAH-038070534,04.08.2026,04.08.2026,35,0,,,CRTD PRC  BASC BCRQ MACM SETC,
200234647365,CX6868-000,BAH-038070534,19.08.2026,19.08.2026,102,0,,,CRTD PRC  BASC BCRQ MACM SETC,
200234257039,429886-000,BAH-022080012,26.08.2026,28.08.2026,527,0,,,CRTD PRC  BASC BCRQ MACM MSCP SETC,
200234257041,429886-000,BAH-022080012,28.08.2026,04.09.2026,787,0,,,CRTD PRC  BASC BCRQ MACM MSCP SETC,
200234549214,421582-000,BAH-035030019,10.08.2026,10.08.2026,200,0,,,CRTD PRC  BASC BCRQ MACM MSCP SETC,
200234673671,EE4885-000,BAH-038081237,18.09.2026,18.09.2026,20,0,Cable Services Ltd,5,CRTD PRC  BASC BCRQ MACM SETC,
200234490104,153912-000,BAH-023040010,14.09.2026,15.09.2026,15,0,,,CRTD PRC  BASC BCRQ MACM SETC,
200234490105,153912-000,BAH-023040010,27.10.2026,27.10.2026,20,0,,,CRTD PRC  BASC BCRQ MACM SETC,
200234683799,944892-000,BAH-024020018,04.08.2026,04.08.2026,82,0,,,CRTD PRC  BASC BCRQ MACM MSCP SETC,
200234609213,564250-000,BAH-022130002,05.08.2026,05.08.2026,30,0,,,CRTD PRC  BASC BCRQ MACM MSCP SETC,
200234438263,CZ5491-000,BAH-024030239,22.09.2026,22.09.2026,50,0,Cable Services Ltd,5,CRTD MSPT PRC  BASC BCRQ SETC,
200234546061,CB3938-000,BAH-022100032,16.09.2026,21.09.2026,587,0,,,CRTD PRC  BASC BCRQ MACM MSCP SETC,
200234596006,184822-000,BAH-035040010,16.09.2026,16.09.2026,60,0,,,CRTD PRC  BASC BCRQ MACM SETC,
200234596001,184822-000,BAH-035040010,23.09.2026,23.09.2026,60,0,,,CRTD PRC  BASC BCRQ MACM SETC,
200234609682,2364222-1,BAH-032020111,13.08.2026,13.08.2026,250,0,,,CRTD PRC  BASC BCRQ MACM MSCP SETC,
200234549341,EE3570-000,BAH-037000139,20.08.2026,20.08.2026,140,0,,,CRTD PRC  BASC BCRQ MACM SETC,
200234359865,CX9393-000,BAH-035000096,05.08.2026,06.08.2026,"2,000",0,,,CRTD PRC  BASC BCRQ MACM SETC,
200234359870,CX9393-000,BAH-035000096,06.08.2026,07.08.2026,"2,000",0,,,CRTD PRC  BASC BCRQ MACM SETC,
200234609468,CX9393-000,BAH-035000096,17.09.2026,18.09.2026,"2,000",0,,,CRTD PRC  BASC BCRQ MACM SETC,
200234155961,CX9393-000,BAH-035000096,29.09.2026,29.09.2026,109,0,TE Connectivity Australia Pty Ltd,5,CRTD PRC  CSER BASC BCRQ MACM SETC,
200234438265,D16160-000,BAH-035020041,02.10.2026,02.10.2026,30,0,TE Connectivity HK Limited,5,CRTD PRC  BASC BCRQ MACM SETC,
200234490255,CX9393-000,BAH-035000096,27.10.2026,27.10.2026,53,0,TE Connectivity Australia Pty Ltd,5,CRTD PRC  BASC BCRQ MACM SETC,
200234639239,D16160-000,BAH-035020041,30.10.2026,30.10.2026,20,0,TE Connectivity HK Limited,5,CRTD PRC  BASC BCRQ MACM SETC,
200234684079,D16160-000,BAH-035020041,27.11.2026,27.11.2026,30,0,TE Connectivity HK Limited,5,CRTD MSPT PRC  BASC BCRQ SETC,
200234257052,733926-000,BAH-022080014,17.09.2026,18.09.2026,402,0,,,CRTD PRC  BASC BCRQ MACM MSCP SETC,
200234647097,265820-000,BAH-024020021,05.10.2026,05.10.2026,24,0,,,CRTD PRC  BASC BCRQ MACM SETC,
200234266584,D94082-000,BAH-022100023,21.09.2026,23.09.2026,500,0,,,CRTD PRC  BASC BCRQ MACM SETC,
200234459907,D94082-000,BAH-022100023,19.10.2026,21.10.2026,500,0,,,CRTD PRC  BASC BCRQ MACM SETC,
200234459909,D94082-000,BAH-022100023,03.11.2026,04.11.2026,234,0,,,CRTD PRC  BASC BCRQ MACM SETC,
200234647102,477670-000,BAH-034020057,12.10.2026,12.10.2026,20,0,Electricity North West Ltd,5,CRTD MSPT PRC  BASC BCRQ SETC,
200234650209,477670-000,BAH-034020057,16.10.2026,16.10.2026,20,0,Electricity North West Ltd,5,CRTD MSPT PRC  BASC BCRQ SETC,
200234609681,ES8840-000,BAH-018070185,04.08.2026,04.08.2026,20,0,,,CRTD PRC  BASC BCRQ MACM MSCP SETC,
200234225550,EB9984-000,BAH-038080993,30.07.2026,31.07.2026,200,0,Cable Services Ltd,5,REL  PRT  PRC  BASC BCRQ MACM SETC,
200234448420,ER3081-000,BAH-038081693,31.07.2026,04.08.2026,400,0,Cable Services Ltd,5,REL  PRT  PRC  BASC BCRQ GMPS MACM SETC,COMP PREP
200234550243,EP3117-000,BAH-038081621,03.08.2026,04.08.2026,800,0,UK Power Networks(Operations) Ltd,5,REL  PRT  PRC  BASC BCRQ MACM MSCP SETC,
200234639055,EP3117-000,BAH-038081621,04.08.2026,04.08.2026,300,0,UK Power Networks(Operations) Ltd,5,REL  PRT  PRC  BASC BCRQ MACM MSCP SETC,
200234490390,EP3118-000,BAH-038081622,05.08.2026,05.08.2026,80,0,UK Power Networks(Operations) Ltd,5,REL  PRT  PRC  BASC BCRQ MACM MSCP SETC,
200234214612,EB9984-000,BAH-038080993,06.08.2026,06.08.2026,90,0,SSE Stock Ltd,5,CRTD PRC  BASC BCRQ MACM SETC,
200234448433,ER3080-000,BAH-038081692,04.08.2026,06.08.2026,500,0,Cable Services Ltd,5,REL  PRT  PRC  BASC BCRQ MACM MSCP SETC,
200234460343,EB9984-000,BAH-038080993,07.08.2026,07.08.2026,100,0,Cable Services Ltd,5,CRTD PRC  BASC BCRQ MACM MSCP SETC,
200234628638,EP3118-000,BAH-038081622,07.08.2026,07.08.2026,80,0,UK Power Networks(Operations) Ltd,5,CRTD PRC  BASC BCRQ MACM MSCP SETC,
200234476477,EP3117-000,BAH-038081621,10.08.2026,10.08.2026,300,0,UK Power Networks(Operations) Ltd,3,CRTD PRC  BASC BCRQ MACM SETC,
200234476385,EP3118-000,BAH-038081622,11.08.2026,11.08.2026,80,0,UK Power Networks(Operations) Ltd,5,CRTD PRC  BASC BCRQ MACM SETC,
200234476394,EP3117-000,BAH-038081621,11.08.2026,11.08.2026,200,0,UK Power Networks(Operations) Ltd,5,CRTD PRC  BASC BCRQ MACM SETC,
200234555856,EP3118-000,BAH-038081622,11.08.2026,11.08.2026,80,0,UK Power Networks(Operations) Ltd,5,CRTD PRC  BASC BCRQ MACM SETC,
200234556792,EP3118-000,BAH-038081622,11.08.2026,11.08.2026,80,0,UK Power Networks(Operations) Ltd,5,CRTD PRC  BASC BCRQ MACM MSCP SETC,
200234459804,ER3080-000,BAH-038081692,07.08.2026,12.08.2026,500,0,Cable Services Ltd,5,CRTD PRC  BASC BCRQ MACM MSCP SETC,
200234556425,ER3081-000,BAH-038081693,10.08.2026,12.08.2026,500,0,Cable Services Ltd,5,CRTD PRC  BASC BCRQ MACM SETC,
200234567656,ER3076-000,BAH-038081688,12.08.2026,12.08.2026,100,0,Cable Services Ltd,5,CRTD PRC  BASC BCRQ MACM SETC,
200234567878,ER3079-000,BAH-038081691,12.08.2026,12.08.2026,100,0,Cable Services Ltd,5,CRTD PRC  BASC BCRQ MACM SETC,
200234460345,EB9984-000,BAH-038080993,13.08.2026,13.08.2026,60,0,SSE Stock Ltd,5,CRTD PRC  BASC BCRQ MACM SETC,
200234601969,ER3081-000,BAH-038081693,11.08.2026,13.08.2026,500,0,Cable Services Ltd,5,CRTD PRC  BASC BCRQ MACM SETC,
200234647279,EB9984-000,BAH-038080993,13.08.2026,13.08.2026,30,0,SSE Stock Ltd,5,CRTD PRC  BASC BCRQ MACM SETC,
200234601966,ER3079-000,BAH-038081691,13.08.2026,14.08.2026,100,0,Cable Services Ltd,5,CRTD PRC  BASC BCRQ MACM SETC,
200234476388,EP3118-000,BAH-038081622,17.08.2026,17.08.2026,80,0,UK Power Networks(Operations) Ltd,5,CRTD PRC  BASC BCRQ MACM SETC,
200234459806,ER3080-000,BAH-038081692,17.08.2026,19.08.2026,500,0,Cable Services Ltd,5,CRTD PRC  BASC BCRQ MACM MSCP SETC,
200234628797,EP3118-000,BAH-038081622,19.08.2026,19.08.2026,80,0,UK Power Networks(Operations) Ltd,5,CRTD PRC  BASC BCRQ MACM SETC,
200234673864,EP3117-000,BAH-038081621,19.08.2026,19.08.2026,60,0,UK Power Networks(Operations) Ltd,5,CRTD PRC  BASC BCRQ MACM SETC,
200234673235,EB9984-000,BAH-038080993,25.08.2026,25.08.2026,120,0,SSE Stock Ltd,5,CRTD PRC  BASC BCRQ MACM SETC,
200234673387,EB9984-000,BAH-038080993,25.08.2026,25.08.2026,60,0,SSE Stock Ltd,5,CRTD PRC  BASC BCRQ MACM SETC,
200234601975,ER3080-000,BAH-038081692,25.08.2026,28.08.2026,500,0,Cable Services Ltd,5,CRTD PRC  BASC BCRQ MACM SETC,
200234567894,ER3079-000,BAH-038081691,04.09.2026,04.09.2026,12,0,Cable Services Ltd,5,CRTD PRC  BASC BCRQ MACM MSCP SETC,
200234567997,ER3076-000,BAH-038081688,04.09.2026,04.09.2026,19,0,Cable Services Ltd,5,CRTD PRC  BASC BCRQ MACM MSCP SETC,
200234602097,ER3080-000,BAH-038081692,01.09.2026,04.09.2026,500,0,Cable Services Ltd,5,CRTD PRC  BASC BCRQ MACM MSCP SETC,
200234673392,EB9984-000,BAH-038080993,04.09.2026,04.09.2026,10,0,Cable Services Ltd,5,CRTD PRC  BASC BCRQ MACM MSCP SETC,
200234673388,EB9984-000,BAH-038080993,09.09.2026,09.09.2026,60,0,SSE Stock Ltd,5,CRTD PRC  BASC BCRQ MACM SETC,
200234673236,EB9984-000,BAH-038080993,10.09.2026,10.09.2026,150,0,SSE Stock Ltd,5,CRTD PRC  BASC BCRQ MACM SETC,
200234602100,ER3080-000,BAH-038081692,08.09.2026,11.09.2026,500,0,Cable Services Ltd,5,CRTD PRC  BASC BCRQ MACM SETC,
200234602101,ER3080-000,BAH-038081692,15.09.2026,18.09.2026,500,0,Cable Services Ltd,5,CRTD PRC  BASC BCRQ MACM SETC,
200234639388,EB9984-000,BAH-038080993,18.09.2026,18.09.2026,61,0,Wolseley UK Limited,5,CRTD PRC  BASC BCRQ MACM SETC,
200234673391,EB9984-000,BAH-038080993,18.09.2026,18.09.2026,30,0,Wolseley UK Limited,5,CRTD PRC  BASC BCRQ MACM SETC,
200234419562,EN2004-000,TSJ-WA180,30.07.2026,30.07.2026,160,0,TE Connectivity Australia Pty Ltd,5,REL  PRT  PRC  BASC BCRQ GMPS MACM RESA*,COMP PREP
200234419566,EN2004-000,TSJ-WA180,01.10.2026,02.10.2026,240,0,TE Connectivity Australia Pty Ltd,5,CRTD PRC  BASC BCRQ MACM SETC,
200234419567,EN2004-000,TSJ-WA180,05.10.2026,06.10.2026,220,0,TE Connectivity Australia Pty Ltd,5,CRTD PRC  BASC BCRQ MACM SETC,
200234460294,EP3115-000,BAH-038081619,03.08.2026,03.08.2026,150,0,UK Power Networks(Operations) Ltd,5,REL  PRT  PRC  BASC BCRQ MACM MSCP SETC,
200234550241,EP3115-000,BAH-038081619,03.08.2026,03.08.2026,150,0,UK Power Networks(Operations) Ltd,5,REL  PRT  PRC  BASC BCRQ MACM MSCP SETC,
200234556791,EP3115-000,BAH-038081619,10.08.2026,10.08.2026,150,0,UK Power Networks(Operations) Ltd,5,CRTD PRC  BASC BCRQ MACM SETC,
200234602379,EP3115-000,BAH-038081619,10.08.2026,10.08.2026,150,0,UK Power Networks(Operations) Ltd,5,CRTD PRC  BASC BCRQ MACM MSCP SETC,
200234673489,EP3115-000,BAH-038081619,18.08.2026,18.08.2026,150,0,UK Power Networks(Operations) Ltd,5,CRTD PRC  BASC BCRQ MACM SETC,
200234639380,EP3115-000,BAH-038081619,03.09.2026,04.09.2026,600,0,Cable Services Ltd,5,CRTD PRC  BASC BCRQ MACM MSCP SETC,
200234490495,EN1408-000,BAH-038081549,29.07.2026,30.07.2026,300,0,Northern Powergrid,5,REL  PRT  PRC  BASC BCRQ GMPS MACM MSCP*,COMP PREP
200234556429,EE7505-000,BAH-038081414,12.08.2026,13.08.2026,200,0,SP Power Systems Ltd,5,CRTD PRC  BASC BCRQ MACM SETC,
200234683693,EE7505-000,BAH-038081414,01.09.2026,02.09.2026,200,0,SP Power Systems Ltd,5,CRTD MSPT PRC  BASC BCRQ MSCP SETC,
200234557007,EN1408-000,BAH-038081549,22.09.2026,23.09.2026,300,0,Northern Powergrid,5,CRTD PRC  BASC BCRQ MACM SETC,
200234227444,EN3035-000,BAH-038081580,28.07.2026,30.07.2026,600,560,National Grid Electricity,5,REL  PRT  PCNF PRC  BASC BCRQ GMPS MACM*,COMP PREP
200234240602,EN3035-000,BAH-038081580,28.07.2026,31.07.2026,600,240,National Grid Electricity,5,REL  PRT  PCNF PRC  BASC BCRQ GMPS MACM*,COMP
200234240604,EN3035-000,BAH-038081580,28.07.2026,31.07.2026,600,160,National Grid Electricity,5,REL  PRT  PCNF PRC  BASC BCRQ GMPS MACM*,COMP PREP
200234240606,EN3035-000,BAH-038081580,31.07.2026,04.08.2026,500,0,National Grid Electricity,5,REL  PRT  PRC  BASC BCRQ GMPS MACM MSCP*,COMP PREP
200234340449,EN3035-000,BAH-038081580,05.08.2026,06.08.2026,300,0,Cable Services Ltd,5,REL  PRT  PRC  BASC BCRQ MACM MSCP SETC,
200234240611,EN3035-000,BAH-038081580,10.08.2026,12.08.2026,600,0,National Grid Electricity,5,CRTD PRC  BASC BCRQ MACM MSCP SETC,
200234240613,EN3035-000,BAH-038081580,10.08.2026,12.08.2026,600,0,National Grid Electricity,5,CRTD PRC  BASC BCRQ MACM SETC,
200234240640,EN3035-000,BAH-038081580,13.08.2026,14.08.2026,300,0,National Grid Electricity,5,CRTD PRC  BASC BCRQ MACM SETC,
200234550567,EN3035-000,BAH-038081580,14.08.2026,14.08.2026,50,0,Wolseley UK Limited,5,CRTD MSPT PRC  BASC BCRQ SETC,
200234240641,EN3035-000,BAH-038081580,17.08.2026,18.08.2026,300,0,National Grid Electricity,5,CRTD PRC  BASC BCRQ MACM SETC,
200234459807,EN3035-000,BAH-038081580,14.08.2026,18.08.2026,400,0,Cable Services Ltd,5,CRTD MSPT PRC  BASC BCRQ MSCP SETC,
200234673490,EN3035-000,BAH-038081580,21.08.2026,21.08.2026,20,0,Wolseley UK Limited,5,CRTD MSPT PRC  BASC BCRQ SETC,
200234240644,EN3035-000,BAH-038081580,24.08.2026,26.08.2026,600,0,National Grid Electricity,5,CRTD PRC  BASC BCRQ MACM SETC,
200234673486,EN3035-000,BAH-038081580,27.08.2026,27.08.2026,30,0,Wolseley UK Limited,5,CRTD MSPT PRC  BASC BCRQ SETC,
200234240646,EN3035-000,BAH-038081580,25.08.2026,28.08.2026,600,0,National Grid Electricity,5,CRTD PRC  BASC BCRQ MACM MSCP SETC,
200234240648,EN3035-000,BAH-038081580,26.08.2026,28.08.2026,500,0,National Grid Electricity,5,CRTD PRC  BASC BCRQ MACM MSCP SETC,
200234607293,EN3035-000,BAH-038081580,26.08.2026,03.09.2026,"1,000",0,Cable Services Ltd,5,CRTD MSPT PRC  BASC BCRQ MSCP SETC,
200234628754,EN3035-000,BAH-038081580,04.09.2026,04.09.2026,20,0,Wolseley UK Limited,5,CRTD MSPT PRC  BASC BCRQ MSCP SETC,
200234240653,EN3035-000,BAH-038081580,07.09.2026,09.09.2026,600,0,National Grid Electricity,5,CRTD PRC  BASC BCRQ MACM MSCP SETC,
200234240652,EN3035-000,BAH-038081580,08.09.2026,11.09.2026,600,0,National Grid Electricity,5,CRTD PRC  BASC BCRQ MACM SETC,
200234240655,EN3035-000,BAH-038081580,11.09.2026,15.09.2026,500,0,National Grid Electricity,5,CRTD PRC  BASC BCRQ MACM SETC,
200234254212,EN3035-000,BAH-038081580,18.09.2026,23.09.2026,600,0,National Grid Electricity,5,CRTD PRC  BASC BCRQ MACM SETC,
200234254213,EN3035-000,BAH-038081580,22.09.2026,25.09.2026,600,0,National Grid Electricity,5,CRTD PRC  BASC BCRQ MACM MSCP SETC,
200234254216,EN3035-000,BAH-038081580,25.09.2026,29.09.2026,500,0,National Grid Electricity,5,CRTD MSPT PRC  BASC BCRQ SETC,
200234266142,EN3035-000,BAH-038081580,05.10.2026,07.10.2026,600,0,National Grid Electricity,5,CRTD MSPT PRC  BASC BCRQ MSCP SETC,
200234266141,EN3035-000,BAH-038081580,06.10.2026,09.10.2026,600,0,National Grid Electricity,5,CRTD MSPT PRC  BASC BCRQ SETC,
200234266144,EN3035-000,BAH-038081580,09.10.2026,13.10.2026,500,0,National Grid Electricity,5,CRTD MSPT PRC  BASC BCRQ SETC,
200234266147,EN3035-000,BAH-038081580,19.10.2026,21.10.2026,600,0,National Grid Electricity,5,CRTD MSPT PRC  BASC BCRQ MSCP SETC,
200234266145,EN3035-000,BAH-038081580,20.10.2026,23.10.2026,600,0,National Grid Electricity,5,CRTD MSPT PRC  BASC BCRQ SETC,
200234266154,EN3035-000,BAH-038081580,23.10.2026,27.10.2026,500,0,National Grid Electricity,5,CRTD MSPT PRC  BASC BCRQ SETC,
200234266152,EN3035-000,BAH-038081580,02.11.2026,04.11.2026,600,0,National Grid Electricity,5,CRTD MSPT PRC  CSER BASC BCRQ SETC,
200234266148,EN3035-000,BAH-038081580,04.11.2026,09.11.2026,600,0,National Grid Electricity,5,CRTD MSPT PRC  CSER BASC BCRQ SETC,
200234266155,EN3035-000,BAH-038081580,06.11.2026,10.11.2026,500,0,National Grid Electricity,5,CRTD MSPT PRC  CSER BASC BCRQ SETC,
200234266202,EN3035-000,BAH-038081580,16.11.2026,18.11.2026,600,0,National Grid Electricity,5,CRTD MSPT PRC  CSER BASC BCRQ SETC,
200234266198,EN3035-000,BAH-038081580,18.11.2026,23.11.2026,600,0,National Grid Electricity,5,CRTD MSPT PRC  CSER BASC BCRQ SETC,
200234266203,EN3035-000,BAH-038081580,20.11.2026,24.11.2026,500,0,National Grid Electricity,5,CRTD MSPT PRC  CSER BASC BCRQ SETC,
200234266206,EN3035-000,BAH-038081580,30.11.2026,02.12.2026,600,0,National Grid Electricity,5,CRTD MSPT PRC  CSER BASC BCRQ SETC,
200234266205,EN3035-000,BAH-038081580,01.12.2026,04.12.2026,600,0,National Grid Electricity,5,CRTD MSPT PRC  CSER BASC BCRQ SETC,
200234266208,EN3035-000,BAH-038081580,04.12.2026,08.12.2026,500,0,National Grid Electricity,5,CRTD MSPT PRC  CSER BASC BCRQ SETC,
200234423009,EB9985-000,BAH-038080994,30.07.2026,30.07.2026,100,0,SSE Stock Ltd,5,REL  PRT  PRC  BASC BCRQ GMPS MACM MSCP*,COMP PREP
200234496056,EB9970-000,BAH-038080979,30.07.2026,30.07.2026,80,0,SSE Stock Ltd,5,REL  PRT  PRC  BASC BCRQ GMPS MACM MSCP*,COMP PREP
200234369441,EB9970-000,BAH-038080979,06.08.2026,06.08.2026,160,0,SSE Stock Ltd,5,CRTD PRC  BASC BCRQ MACM SETC,
200234557314,EB9985-000,BAH-038080994,07.08.2026,07.08.2026,100,0,SSE Stock Ltd,5,CRTD PRC  BASC BCRQ MACM SETC,
200234550252,EB9985-000,BAH-038080994,10.08.2026,10.08.2026,100,0,SSE Stock Ltd,5,CRTD PRC  BASC BCRQ MACM MSCP SETC,
200234460353,EB9985-000,BAH-038080994,10.08.2026,11.08.2026,200,0,SSE Stock Ltd,5,CRTD PRC  BASC BCRQ MACM SETC,
200234550334,EN1417-000,BAH-038081558,10.08.2026,11.08.2026,300,0,Northern Powergrid,5,CRTD PRC  BASC BCRQ MACM MSCP SETC,
200234557380,EB9970-000,BAH-038080979,11.08.2026,11.08.2026,80,0,SSE Stock Ltd,5,CRTD PRC  BASC BCRQ MACM SETC,
200234476383,EB9970-000,BAH-038080979,13.08.2026,13.08.2026,96,0,SSE Stock Ltd,5,CRTD PRC  BASC BCRQ MACM SETC,
200234550335,EN1422-000,BAH-038081563,13.08.2026,14.08.2026,200,0,Northern Powergrid,5,CRTD PRC  BASC BCRQ MACM MSCP SETC,
200234550700,EB9985-000,BAH-038080994,14.08.2026,14.08.2026,80,0,Cable Services Ltd,5,CRTD PRC  BASC BCRQ MACM MSCP SETC,
200234602385,EB9985-000,BAH-038080994,17.08.2026,17.08.2026,100,0,SSE Stock Ltd,5,CRTD PRC  BASC BCRQ MACM SETC,
200234602386,EB9970-000,BAH-038080979,25.08.2026,25.08.2026,64,0,SSE Stock Ltd,5,CRTD PRC  BASC BCRQ MACM SETC,
200234673395,EB9985-000,BAH-038080994,24.08.2026,25.08.2026,200,0,SSE Stock Ltd,5,CRTD MSPT PRC  BASC BCRQ SETC,
200234673481,EB9985-000,BAH-038080994,25.08.2026,25.08.2026,100,0,SSE Stock Ltd,5,CRTD MSPT PRC  BASC BCRQ SETC,
200234490395,EB9985-000,BAH-038080994,26.08.2026,26.08.2026,100,0,SSE Stock Ltd,5,CRTD PRC  BASC BCRQ MACM SETC,
200234647280,EB9970-000,BAH-038080979,26.08.2026,26.08.2026,128,0,SSE Stock Ltd,5,CRTD PRC  BASC BCRQ MACM SETC,
200234557382,EB9970-000,BAH-038080979,02.09.2026,02.09.2026,80,0,SSE Stock Ltd,5,CRTD PRC  BASC BCRQ MACM SETC,
200234557384,EB9985-000,BAH-038080994,03.09.2026,03.09.2026,100,0,SSE Stock Ltd,5,CRTD PRC  BASC BCRQ MACM SETC,
200234673396,EB9985-000,BAH-038080994,08.09.2026,09.09.2026,300,0,SSE Stock Ltd,5,CRTD MSPT PRC  BASC BCRQ SETC,
200234490392,ER3075-000,BAH-038081687,31.07.2026,31.07.2026,50,0,Cable Services Ltd,5,REL  PRT  PRC  BASC BCRQ MACM SETC,PREP
200234586421,ER3075-000,BAH-038081687,14.08.2026,17.08.2026,200,0,Cable Services Ltd,5,CRTD PRC  BASC BCRQ MACM MSCP SETC,
200234567895,ER3075-000,BAH-038081687,04.09.2026,04.09.2026,14,0,Cable Services Ltd,5,CRTD PRC  BASC BCRQ MACM MSCP SETC,
200233878150,EE7523-000,BAH-038081396,04.08.2026,05.08.2026,200,0,SP Power Systems Ltd,5,REL  PRT  PRC  BASC BCRQ MACM MSCP SETC,
200234423013,EN1410-000,BAH-038081551,04.08.2026,06.08.2026,500,0,Northern Powergrid,5,REL  PRT  PRC  BASC BCRQ MACM MSCP SETC,
200234567884,EN1424-000,BAH-038081565,07.08.2026,07.08.2026,5,0,Cable Services Ltd,5,CRTD PRC  BASC BCRQ MACM SETC,
200234601965,EP3125-000,BAH-038081629,07.08.2026,07.08.2026,84,0,Wolseley UK Limited,5,CRTD PRC  BASC BCRQ MACM MSCP SETC,
200234628679,EP3125-000,BAH-038081629,14.08.2026,17.08.2026,200,0,UK Power Networks(Operations) Ltd,5,CRTD PRC  BASC BCRQ MACM MSCP SETC,
200234673863,EP3125-000,BAH-038081629,17.08.2026,17.08.2026,160,0,UK Power Networks(Operations) Ltd,5,CRTD PRC  BASC BCRQ MACM SETC,
200234673533,EP3125-000,BAH-038081629,04.09.2026,04.09.2026,30,0,Cable Services Ltd,5,CRTD PRC  BASC BCRQ MACM MSCP SETC,
200234683690,EP3125-000,BAH-038081629,11.09.2026,11.09.2026,100,0,Cable Services Ltd,5,CRTD PRC  BASC BCRQ MACM SETC,
200234601964,EP3114-000,BAH-038081618,14.08.2026,14.08.2026,250,0,UK Power Networks(Operations) Ltd,5,CRTD PRC  BASC BCRQ MACM SETC,
200233878292,EE7506-000,BAH-038081413,11.08.2026,12.08.2026,200,0,SP Power Systems Ltd,5,CRTD PRC  BASC BCRQ MACM SETC,
200233880699,EE7511-000,BAH-038081408,11.08.2026,12.08.2026,300,0,SP Power Systems Ltd,5,CRTD MSPT PRC  BASC BCRQ SETC,
200234602388,EE7511-000,BAH-038081408,27.08.2026,27.08.2026,20,0,Cable Services Ltd,5,CRTD PRC  BASC BCRQ MACM SETC,
200234567886,EN1416-000,BAH-038081557,14.08.2026,14.08.2026,5,0,Cable Services Ltd,5,CRTD PRC  BASC BCRQ MACM SETC,
200234601201,ER3078-000,BAH-038081690,14.08.2026,17.08.2026,200,0,Cable Services Ltd,5,CRTD PRC  BASC BCRQ MACM MSCP SETC,
200234586419,ER3074-000,BAH-038081686,17.08.2026,18.08.2026,200,0,Cable Services Ltd,5,CRTD PRC  BASC BCRQ MACM SETC,
200234567893,ER3078-000,BAH-038081690,04.09.2026,04.09.2026,11,0,Cable Services Ltd,5,CRTD PRC  BASC BCRQ MACM SETC,
200234490616,EN1418-000,BAH-038081559,17.08.2026,18.08.2026,300,0,Northern Powergrid,5,CRTD PRC  BASC BCRQ MACM MSCP SETC,
200233880703,EE7520-000,BAH-038081399,18.08.2026,19.08.2026,300,0,SP Power Systems Ltd,5,CRTD PRC  BASC BCRQ MACM SETC,
200234550703,EN1415-000,BAH-038081556,20.08.2026,20.08.2026,100,0,Northern Powergrid,5,CRTD PRC  BASC BCRQ MACM SETC,
200234556793,EN1411-000,BAH-038081552,24.08.2026,25.08.2026,200,0,Northern Powergrid,5,CRTD PRC  BASC BCRQ MACM SETC,
200234557004,EN1411-000,BAH-038081552,22.09.2026,23.09.2026,200,0,Northern Powergrid,5,CRTD PRC  BASC BCRQ MACM SETC,
200233987180,EN1425-000,BAH-038081566,27.08.2026,27.08.2026,12,0,TE Connectivity Australia Pty Ltd,5,CRTD PRC  BASC BCRQ MACM SETC,
200234424782,EE1060-000,BAH-011500049,29.06.2026,01.07.2026,"3,400",0,,,REL  PRT  PRC  BASC BCRQ MACM SETC,
200234541936,EB6945-000,BAH-018070467,24.07.2026,04.08.2026,"16,100","4,600",,,REL  PRT  PCNF PRC  BASC BCRQ GMPS MACM*,
200234603514,CP1815-000,BAH-018070491,31.07.2026,04.08.2026,"3,200",0,,,REL  PRT  PRC  BASC BCRQ MACM SETC,
200234684985,EB6950-000,BAH-018070472,03.08.2026,04.08.2026,"3,000",0,,,CRTD PRC  BASC BCRQ MACM MSCP SETC,
200234603502,2832379-1,LVIP 185 BOTTOM INSERT LOWER COVER,03.08.2026,05.08.2026,"12,000",0,,,CRTD PRC  BASC BCRQ MACM SETC,
200234603510,EB6943-000,BAH-018070465,05.08.2026,06.08.2026,"10,000",0,,,REL  PRT  PRC  BASC BCRQ MACM SETC,
200234603506,CP1541-000,BAH-018070489,04.08.2026,07.08.2026,"4,000",0,,,CRTD PRC  BASC BCRQ MACM MSCP SETC,
200234603509,EP2046-000,BAH-018070617,06.08.2026,06.08.2026,500,0,,,CRTD PRC  BASC BCRQ MACM MSCP SETC,
200234685052,EP2048-000,BAH-018070619,19.08.2026,20.08.2026,"2,000",0,,,CRTD PRC  BASC BCRQ MACM MSCP SETC,
200234685051,EB6945-000,BAH-018070467,12.08.2026,21.08.2026,"13,800",0,,,CRTD PRC  BASC BCRQ MACM MSCP SETC,
200234038144,275681-000,SMOUV-1171,19.06.2026,19.06.2026,24,0,STADTWERKE COESFELD GMBH,5,CRTD PRC  BASC BCRQ MACM SETC,
200234603515,EB6952-000,BAH-018070474,31.07.2026,04.08.2026,"4,400",0,,,REL  PRT  PRC  BASC BCRQ MACM SETC,
200234685049,EP2050-000,BAH-018070621,11.08.2026,12.08.2026,"2,000",0,,,CRTD PRC  BASC BCRQ MACM MSCP SETC,
200234685048,EP2049-000,BAH-018070620,10.08.2026,11.08.2026,"2,000",0,,,CRTD PRC  BASC BCRQ MACM MSCP SETC,
200234685055,EP2052-000,BAH-018070623,21.08.2026,26.08.2026,"9,000",0,,,CRTD PRC  BASC BCRQ MACM MSCP SETC,
200234657076,EP2051-000,BAH-018070622,29.07.2026,31.07.2026,"10,000",0,,,REL  PRT  PRC  BASC BCRQ MACM SETC,
200234685050,EB6946-000,BAH-018070468,04.08.2026,12.08.2026,"12,000",0,,,CRTD PRC  BASC BCRQ MACM MSCP SETC,
200234603513,CU2408-000,BAH-018070518,03.08.2026,06.08.2026,"7,000",0,,,CRTD PRC  BASC BCRQ MACM MSCP SETC,
200234685047,2832392-1,LVIP 300 BOTTOM INSERT LOWER COVER,07.08.2026,10.08.2026,"6,000",0,,,CRTD PRC  BASC BCRQ MACM MSCP SETC,
200234685044,2832378-1,LVIP 185 BOTTOM INSERT UPPER COVER,06.08.2026,06.08.2026,"9,000",0,,,CRTD PRC  BASC BCRQ MACM MSCP SETC,
200234685053,EE1059-000,BAH-011500048,20.08.2026,22.08.2026,"15,700",0,,,CRTD PRC  BASC BCRQ MACM MSCP SETC,
200234685056,CR5182-000,BAH-018070501,05.08.2026,08.08.2026,"6,660",0,,,CRTD PRC  BASC BCRQ MACM MSCP SETC,
200234542037,2832358-1,LVIP 185 SHEAR HEXAGON DRIVE HEAD,20.07.2026,23.07.2026,"6,000",0,,,REL  PRT  PCNF PRC  BASC BCRQ GMPS MACM*,
200234685041,EH5657-000,BAH-018070600,04.08.2026,05.08.2026,"2,000",0,,,CRTD PRC  BASC BCRQ MACM SETC,
200234685356,CU2405-000,BAH-018070513,12.08.2026,13.08.2026,"3,000",0,,,CRTD PRC  BASC BCRQ MACM SETC,
200234685462,CU2404-000,BAH-018070512,17.08.2026,18.08.2026,"2,900",0,,,CRTD PRC  BASC BCRQ MACM SETC,
200234685459,CR3593-000,BAH-018000626,15.08.2026,19.08.2026,"8,000",0,,,CRTD PRC  BASC BCRQ MACM SETC,
200234685466,EB6954-000,BAH-018070476,18.08.2026,20.08.2026,"3,200",0,,,CRTD PRC  BASC BCRQ MACM SETC,
200234685355,C55961-000,BAH-018000507,11.08.2026,19.08.2026,"16,000",0,,,CRTD PRC  BASC BCRQ MACM SETC,
200234685042,CX8587-000,BAH-018070542,06.08.2026,07.08.2026,"1,600",0,,,CRTD PRC  BASC BCRQ MACM SETC,
200234657317,504752-000,BAH-017120004,24.07.2026,26.07.2026,"38,000","20,000",,,REL  PRT  PCNF PRC  BASC BCRQ GMPS MACM*,
200233957946,645554-000,BAH-011500021,04.06.2026,09.06.2026,"8,000","8,000",,,REL  PRT  CNF  PRC  BASC BCRQ GMPS MACM*,
200234387868,645554-000,BAH-011500021,26.06.2026,01.07.2026,"8,000","2,000",,,REL  PCNF PRC  BASC BCRQ GMPS MACM MSCP*,
200234476083,408207-000,SMOE-62706,29.07.2026,29.07.2026,60,0,,,REL  PRT  PRC  BASC BCRQ MACM MSCP SETC,PREP
200234548098,408207-000,SMOE-62706,12.08.2026,12.08.2026,60,0,,,CRTD PRC  BASC BCRQ MACM MSCP SETC,
200234558858,408207-000,SMOE-62706,26.08.2026,26.08.2026,37,0,,,CRTD PRC  BASC BCRQ MACM SETC,
200234558859,408207-000,SMOE-62706,11.09.2026,14.09.2026,120,0,,,CRTD MSPT PRC  BASC BCRQ SETC,
200234461105,EP9731-000,CSJH-36F/1XU-1XU-GB04,29.07.2026,29.07.2026,12,0,SSE Stock Ltd,5,REL  PRT  PRC  BASC BCRQ GMPS MACM RESA*,COMP PREP
200234566929,EP7612-000,EPPA-064-60-IE01,29.07.2026,29.07.2026,50,0,ESB,5,REL  PRT  PRC  BASC BCRQ GMPS MACM MSCP*,COMP PREP
200234624696,CS8298-000,CSJA-24C/1XU-1XU-M1-NO01,29.07.2026,29.07.2026,86,30,Ensto Nor AS,5,REL  PRT  PCNF PRC  BASC BCRQ GMPS MACM*,COMP
200234029712,CP8368-000,CSBJ-12F/3XU-6XU-GB01,30.07.2026,30.07.2026,1,0,Cable Services Ltd,5,REL  PRT  PRC  BASC BCRQ MACM SETC,
200234084560,EN3046-000,CSJA-24E/1XU-1XU-DE01,30.07.2026,30.07.2026,63,0,Westnetz GmbH,5,REL  PRT  PRC  BASC BCRQ GMPS MACM RESA*,COMP PREP
200234461099,CR2269-000,CSJR-24D/1XU-1XU-NL01,29.07.2026,30.07.2026,165,0,Stedin Netbeheer B.V.,5,REL  PRT  PRC  BASC BCRQ GMPS MACM RESA*,COMP PREP
200234507193,204099-000,SMOE-62585,30.07.2026,30.07.2026,25,0,SSE Stock Ltd,5,REL  PRT  PRC  BASC BCRQ GMPS MACM RESA*,COMP PREP
200234672208,BM4747-000,CATJ-12F/3XU-6SB-GB04,30.07.2026,30.07.2026,10,0,SP Power Systems Ltd,5,REL  PRT  PRC  BASC BCRQ GMPS MACM MSCP*,COMP PREP
200234680640,CS8298-000,CSJA-24C/1XU-1XU-M1-NO01,30.07.2026,30.07.2026,18,0,Ensto Nor AS,5,REL  PRT  PRC  BASC BCRQ GMPS MACM MSCP*,COMP PREP
200233622307,CS4189-000,SMOE-64149,30.07.2026,31.07.2026,6,0,SP Power Systems Ltd,5,REL  PRT  PRC  BASC BCRQ GMPS MACM MSCP*,COMP PREP
200233812330,EN6842-000,CSJA-24C/1XU-1XU-DE03,30.07.2026,31.07.2026,200,0,Netze BW GmbH,5,REL  PRT  PRC  BASC BCRQ GMPS MACM RESA*,COMP PREP
200234200838,EL5855-000,CSJH-12B/1XU-3SB-DE01,30.07.2026,31.07.2026,25,0,Wilhelm Sieverding,5,REL  PRT  PRC  BASC BCRQ MACM SETC,
200234361688,ET6009-000,CSJH-12B/1XU-1XU-GB01,31.07.2026,31.07.2026,30,0,Cable Services Ltd,5,REL  PRC  BASC BCRQ MACM MSCP SETC,
200234460888,CN6519-000,CSJA-36D/1XU-1XU-AT01,30.07.2026,31.07.2026,16,0,EGE-Einkaufsgenossenschaft,5,REL  PRT  PRC  BASC BCRQ MACM MSCP SETC,
200234460891,ES2308-000,CSJH-36D/1XU-1XU-GB02,31.07.2026,31.07.2026,34,0,SSE Stock Ltd,5,REL  PRT  PRC  BASC BCRQ MACM MSCP SETC,
200234460895,ES2308-000,CSJH-36D/1XU-1XU-GB02,31.07.2026,31.07.2026,12,0,SSE Stock Ltd,5,REL  PRT  PRC  BASC BCRQ MACM MSCP SETC,
200234460896,ES2308-000,CSJH-36D/1XU-1XU-GB02,31.07.2026,31.07.2026,6,0,SSE Stock Ltd,5,REL  PRT  PRC  BASC BCRQ MACM MSCP SETC,
200234466676,204099-000,SMOE-62585,31.07.2026,31.07.2026,6,0,Cable Services Ltd,5,REL  PRT  PRC  BASC BCRQ MACM MSCP SETC,
200234467102,195443-000,SMOE-62705,31.07.2026,31.07.2026,20,0,Cable Services Ltd,5,REL  PRT  PRC  BASC BCRQ MACM SETC,
200234555450,CS4124-000,CSJ-BUILDUP-CATJ-GB01,31.07.2026,31.07.2026,5,0,Cable Services Ltd,5,REL  PRT  PRC  BASC BCRQ MACM SETC,
200234377450,CP8368-000,CSBJ-12F/3XU-6XU-GB01,03.08.2026,03.08.2026,1,0,SP Power Systems Ltd,5,REL  PRT  PRC  BASC BCRQ MACM MSCP SETC,
200234425506,CP8368-000,CSBJ-12F/3XU-6XU-GB01,03.08.2026,03.08.2026,3,0,SP Power Systems Ltd,5,REL  PRT  PRC  BASC BCRQ MACM SETC,
200234440567,EN2814-000,CSJA-36E/1XU-1XU-M1-NO01,03.08.2026,03.08.2026,6,0,Ensto Nor AS,5,REL  PRC  BASC BCRQ MACM SETC,
200234461103,EP9731-000,CSJH-36F/1XU-1XU-GB04,03.08.2026,03.08.2026,100,0,SSE Stock Ltd,5,REL  PRC  BASC BCRQ MACM MSCP SETC,
200234461108,EP9731-000,CSJH-36F/1XU-1XU-GB04,03.08.2026,03.08.2026,3,0,Electricity North West Ltd,5,REL  PRT  PRC  BASC BCRQ MACM MSCP SETC,
200234516691,ES2310-000,CSJH-36E/1XU-1XU-GB09,03.08.2026,03.08.2026,3,0,SSE Stock Ltd,5,REL  PRC  BASC BCRQ MACM MSCP SETC,
200234655068,CJ7360-011,CSJA-24B/1XU-1XU-M,03.08.2026,03.08.2026,3,0,Tyco Electronics Polska Sp z o.o.,5,REL  PRT  PRC  BASC BCRQ MACM MSCP SETC,
200233987193,EK3584-000,SMOE-64544,04.08.2026,04.08.2026,3,0,Wolseley UK Limited,5,REL  PRC  BASC BCRQ MACM SETC,
200233987223,ES2308-000,CSJH-36D/1XU-1XU-GB02,04.08.2026,04.08.2026,15,0,SSE Stock Ltd,5,REL  PRC  BASC BCRQ MACM SETC,
200234396592,D41410-005,CSJA-24C/1XU-1XU-M1,04.08.2026,05.08.2026,200,0,IFK Gesellschaft Mbh,5,REL  PRC  BASC BCRQ MACM SETC,
200233939011,BM4749-000,CATJ-36D/1XU-3SB-GB03,04.08.2026,06.08.2026,111,0,SP Power Systems Ltd,5,CRTD PRC  BASC BCRQ MACM MSCP SETC,
200233987379,EK3584-000,SMOE-64544,06.08.2026,06.08.2026,6,0,Cable Services Ltd,5,CRTD PRC  BASC BCRQ MACM SETC,
200233987383,EK3584-000,SMOE-64544,06.08.2026,06.08.2026,8,0,Wolseley UK Limited,5,CRTD PRC  BASC BCRQ MACM SETC,
200234057398,EK3584-000,SMOE-64544,06.08.2026,06.08.2026,1,0,Wolseley UK Limited,5,CRTD PRC  BASC BCRQ MACM MSCP SETC,
200234292814,EN3089-000,CATJ-24C/1XU-3HL-CZ01,06.08.2026,06.08.2026,10,0,Tyco Electronics Polska Sp z o.o.,5,CRTD MSPT PRC  BASC BCRQ MSCP SETC,
200234396593,CS8298-000,CSJA-24C/1XU-1XU-M1-NO01,05.08.2026,06.08.2026,313,0,Ensto Nor AS,5,CRTD PRC  BASC BCRQ MACM MSCP RELR SETC,
200234526794,204099-000,SMOE-62585,06.08.2026,06.08.2026,25,0,SSE Stock Ltd,5,CRTD PRC  BASC BCRQ MACM SETC,
200234558669,204099-000,SMOE-62585,06.08.2026,06.08.2026,50,0,SSE Stock Ltd,5,CRTD PRC  BASC BCRQ MACM SETC,
200234211551,D41410-005,CSJA-24C/1XU-1XU-M1,07.08.2026,07.08.2026,20,0,STADTWERKE BAD HERSFELD GMBH,5,CRTD PRC  BASC BCRQ MACM MSCP SETC,
200234352759,EF9111-000,CSJA-17B/1XU-1XU-M-BE01,05.08.2026,07.08.2026,300,0,Resa Services S.A.,5,CRTD PRC  BASC BCRQ MACM MSCP SETC,
200234379832,ES7516-000,CSJH-12B/1XU-1XU-GB02,07.08.2026,07.08.2026,10,0,Wolseley UK Limited,5,CRTD PRC  BASC BCRQ MACM MSCP SETC,
200234440568,EN2814-000,CSJA-36E/1XU-1XU-M1-NO01,07.08.2026,07.08.2026,9,0,Ensto Nor AS,5,CRTD PRC  BASC BCRQ MACM SETC,
200234440569,EN2814-000,CSJA-36E/1XU-1XU-M1-NO01,07.08.2026,07.08.2026,6,0,Ensto Nor AS,5,CRTD PRC  BASC BCRQ MACM SETC,
200234070154,CM8112-000,SMOE-63750,10.08.2026,10.08.2026,2,0,Cable Services Ltd,5,CRTD PRC  BASC BCRQ MACM SETC,
200234275028,ES9599-000,CSJA-24B2/1XU-1XU-DE01,10.08.2026,10.08.2026,10,0,Stromnetz Berlin GmbH,5,CRTD PRC  BASC BCRQ MACM SETC,
200233785073,598989-000,SMOE-62360,11.08.2026,11.08.2026,8,0,Cable Services Ltd,5,CRTD PRC  BASC BCRQ MACM MSCP SETC,
200233795808,598989-000,SMOE-62360,11.08.2026,11.08.2026,1,0,Cable Services Ltd,5,CRTD PRC  BASC BCRQ MACM MSCP SETC,
200234370692,EN3089-000,CATJ-24C/1XU-3HL-CZ01,11.08.2026,11.08.2026,7,0,Kamat Spol. s r.o.,5,CRTD MSPT PRC  BASC BCRQ SETC,
200234516974,CU2770-000,CSJA-12C/1XU-1XU-AT01,12.08.2026,12.08.2026,2,0,TE Connectivity Energy GmbH,5,CRTD PRC  BASC BCRQ MACM MSCP SETC,
200234518380,CU2770-000,CSJA-12C/1XU-1XU-AT01,12.08.2026,12.08.2026,35,0,EGE-Einkaufsgenossenschaft,5,CRTD MSPT PRC  BASC BCRQ MSCP SETC,
200234459805,EN3046-000,CSJA-24E/1XU-1XU-DE01,13.08.2026,13.08.2026,48,0,Prego Services GmbH,5,CRTD MSPT PRC  BASC BCRQ MSCP SETC,
200234517141,ES2310-000,CSJH-36E/1XU-1XU-GB09,13.08.2026,13.08.2026,12,0,SSE Stock Ltd,5,CRTD PRC  BASC BCRQ MACM SETC,
200234527780,195443-000,SMOE-62705,13.08.2026,13.08.2026,20,0,SSE Stock Ltd,5,CRTD PRC  BASC BCRQ MACM SETC,
200234537322,CJ9887-011,CSJA-36E/1XU-1XU-M3,13.08.2026,13.08.2026,80,0,Steinbacher Energie GmbH,5,CRTD MSPT PRC  BASC BCRQ MSCP SETC,
200234458399,EK3584-000,SMOE-64544,14.08.2026,14.08.2026,18,0,Cable Services Ltd,5,CRTD PRC  BASC BCRQ MACM SETC,
200234460144,CS8221-000,CSJA-24B/1XU-1XU-M-NO01,13.08.2026,14.08.2026,200,0,Ensto Nor AS,5,CRTD PRC  BASC BCRQ MACM MSCP SETC,
200234672191,EF9111-000,CSJA-17B/1XU-1XU-M-BE01,14.08.2026,17.08.2026,150,0,Resa Services S.A.,5,CRTD MSPT PRC  BASC BCRQ SETC,
200233967902,CM8107-000,SMOE-63742,18.08.2026,18.08.2026,3,0,Cable Services Ltd,5,CRTD PRC  BASC BCRQ MACM SETC,
200233987191,EK3584-000,SMOE-64544,18.08.2026,18.08.2026,6,0,Cable Services Ltd,5,CRTD PRC  BASC BCRQ MACM SETC,
200234320166,EK3584-000,SMOE-64544,18.08.2026,18.08.2026,5,0,Wolseley UK Limited,5,CRTD PRC  BASC BCRQ MACM SETC,
200234489537,EK3584-000,SMOE-64544,19.08.2026,19.08.2026,13,0,UK Power Networks(Operations) Ltd,5,CRTD PRC  BASC BCRQ MACM MSCP SETC,
200234466674,204099-000,SMOE-62585,20.08.2026,20.08.2026,25,0,SSE Stock Ltd,5,CRTD PRC  BASC BCRQ MACM SETC,
200234467101,195443-000,SMOE-62705,20.08.2026,20.08.2026,20,0,SSE Stock Ltd,5,CRTD PRC  BASC BCRQ MACM SETC,
200234688778,BM4749-000,CATJ-36D/1XU-3SB-GB03,19.08.2026,20.08.2026,59,0,SP Power Systems Ltd,5,CRTD MSPT PRC  BASC BCRQ SETC,
200234218530,CS8236-000,CSJA-24D/1XU-1XU-M-NO01,21.08.2026,21.08.2026,20,0,Ensto Nor AS,5,CRTD PRC  BASC BCRQ MACM SETC,
200234369646,CZ6105-000,SMOE-64344,24.08.2026,24.08.2026,40,0,SP Power Systems Ltd,5,CRTD MSPT PRC  BASC BCRQ MSCP SETC,
200234460977,ES2308-000,CSJH-36D/1XU-1XU-GB02,25.08.2026,25.08.2026,6,0,SSE Stock Ltd,5,CRTD PRC  BASC BCRQ MACM SETC,
200234370685,EN3046-000,CSJA-24E/1XU-1XU-DE01,26.08.2026,26.08.2026,18,0,Prego Services GmbH,5,CRTD PRC  BASC BCRQ MACM SETC,
200234460527,CR0675-000,CATJ-12C/3XU-3SB-GB01,26.08.2026,26.08.2026,5,0,Cable Services Ltd,5,CRTD MSPT PRC  BASC BCRQ MSCP SETC,
200234526782,204099-000,SMOE-62585,26.08.2026,26.08.2026,10,0,Cable Services Ltd,5,CRTD PRC  BASC BCRQ MACM SETC,
200234555539,CR0675-000,CATJ-12C/3XU-3SB-GB01,26.08.2026,26.08.2026,5,0,Cable Services Ltd,5,CRTD MSPT PRC  BASC BCRQ MSCP SETC,
200233977330,CS8236-000,CSJA-24D/1XU-1XU-M-NO01,26.08.2026,27.08.2026,300,0,Ensto Nor AS,5,CRTD MSPT PRC  BASC BCRQ SETC,
200233977333,CS8236-000,CSJA-24D/1XU-1XU-M-NO01,27.08.2026,27.08.2026,100,0,Ensto Nor AS,5,CRTD PRC  BASC BCRQ MACM SETC,
200234210832,EL5855-000,CSJH-12B/1XU-3SB-DE01,26.08.2026,27.08.2026,75,0,Wilhelm Sieverding,5,CRTD MSPT PRC  BASC BCRQ MSCP SETC,
200234369655,BM4747-000,CATJ-12F/3XU-6SB-GB04,27.08.2026,27.08.2026,10,0,SP Power Systems Ltd,5,CRTD MSPT PRC  BASC BCRQ MSCP SETC,
200234370693,EN3089-000,CATJ-24C/1XU-3HL-CZ01,27.08.2026,27.08.2026,1,0,Kamat Spol. s r.o.,5,CRTD MSPT PRC  BASC BCRQ SETC,
200233600292,CR0675-000,CATJ-12C/3XU-3SB-GB01,27.08.2026,28.08.2026,20,0,SP Power Systems Ltd,5,CRTD PRC  BASC BCRQ MACM SETC,
200234473203,891265-000,SMOE-62754,27.08.2026,28.08.2026,3,0,Northern Powergrid,5,CRTD MSPT PRC  BASC BCRQ MSCP SETC,
200234654290,839121-000,SHSS-12B-IND,28.08.2026,28.08.2026,5,0,Wolseley UK Limited,5,CRTD MSPT PRC  BASC BCRQ SETC,
200234680936,839121-000,SHSS-12B-IND,28.08.2026,28.08.2026,5,0,Wolseley UK Limited,5,CRTD MSPT PRC  BASC BCRQ SETC,
200234210775,CP8368-000,CSBJ-12F/3XU-6XU-GB01,01.09.2026,01.09.2026,10,0,SP Power Systems Ltd,5,CRTD PRC  BASC BCRQ MACM RELR SETC,
200234210579,BM4749-000,CATJ-36D/1XU-3SB-GB03,02.09.2026,02.09.2026,40,0,SP Power Systems Ltd,5,CRTD PRC  BASC BCRQ MACM SETC,
200234591310,204099-000,SMOE-62585,02.09.2026,02.09.2026,10,0,Cable Services Ltd,5,CRTD PRC  BASC BCRQ MACM MSCP SETC,
200234591316,E07331-000,SMOE-63180,02.09.2026,02.09.2026,2,0,Cable Services Ltd,5,CRTD MSPT PRC  BASC BCRQ MSCP SETC,
200233267595,D41410-005,CSJA-24C/1XU-1XU-M1,02.09.2026,03.09.2026,300,0,Steinbacher Energie GmbH,5,CRTD MSPT PRC  BASC BCRQ SETC,
200233267597,D41410-005,CSJA-24C/1XU-1XU-M1,02.09.2026,03.09.2026,200,0,Steinbacher Energie GmbH,5,CRTD MSPT PRC  BASC BCRQ SETC,
200233267603,D41410-005,CSJA-24C/1XU-1XU-M1,02.09.2026,03.09.2026,200,0,Steinbacher Energie GmbH,5,CRTD MSPT PRC  BASC BCRQ SETC,
200234148084,CR0675-000,CATJ-12C/3XU-3SB-GB01,03.09.2026,03.09.2026,20,0,SP Power Systems Ltd,5,CRTD MSPT PRC  BASC BCRQ SETC,
200234148472,CZ6105-000,SMOE-64344,03.09.2026,03.09.2026,5,0,SP Power Systems Ltd,5,CRTD MSPT PRC  BASC BCRQ SETC,
200234148474,CS4124-000,CSJ-BUILDUP-CATJ-GB01,03.09.2026,03.09.2026,80,0,SP Power Systems Ltd,5,CRTD PRC  BASC BCRQ MACM SETC,
200234210761,BM4747-000,CATJ-12F/3XU-6SB-GB04,03.09.2026,03.09.2026,4,0,SP Power Systems Ltd,5,CRTD MSPT PRC  BASC BCRQ SETC,
200234210818,CS4189-000,SMOE-64149,03.09.2026,03.09.2026,6,0,SP Power Systems Ltd,5,CRTD MSPT PRC  BASC BCRQ SETC,
200234546280,EN6842-000,CSJA-24C/1XU-1XU-DE03,02.09.2026,03.09.2026,109,0,Netze BW GmbH,5,CRTD MSPT PRC  BASC BCRQ MSCP SETC,
200234149230,CF9870-012,CSJA-12C/1XU-1XU-M,03.09.2026,04.09.2026,50,0,Salzburg AG fur Energie,5,CRTD MSPT PRC  BASC BCRQ MSCP RELR SETC,
200234567297,195443-000,SMOE-62705,04.09.2026,04.09.2026,20,0,SSE Stock Ltd,5,CRTD MSPT PRC  BASC BCRQ SETC,
200234661708,EP6008-000,SMOE-64730,04.09.2026,04.09.2026,50,0,Wolseley UK Limited,5,CRTD MSPT PRC  BASC BCRQ MSCP SETC,
200233267600,D41410-005,CSJA-24C/1XU-1XU-M1,03.09.2026,07.09.2026,300,0,Steinbacher Energie GmbH,5,CRTD MSPT PRC  BASC BCRQ SETC,
200233650068,D41410-005,CSJA-24C/1XU-1XU-M1,04.09.2026,07.09.2026,300,0,IFK Gesellschaft Mbh,5,CRTD MSPT PRC  BASC BCRQ SETC,
200233956462,CS8298-000,CSJA-24C/1XU-1XU-M1-NO01,03.09.2026,07.09.2026,150,0,Ensto Nor AS,5,CRTD MSPT PRC  BASC BCRQ SETC,
200234219454,839121-000,SHSS-12B-IND,07.09.2026,07.09.2026,12,0,Wolseley UK Limited,5,CRTD MSPT PRC  BASC BCRQ SETC,
200234311542,CR2269-000,CSJR-24D/1XU-1XU-NL01,04.09.2026,07.09.2026,118,0,Tyco Electronics Polska Sp z o.o.,5,CRTD PRC  BASC BCRQ MACM SETC,
200234319705,839121-000,SHSS-12B-IND,07.09.2026,07.09.2026,5,0,Wolseley UK Limited,5,CRTD MSPT PRC  BASC BCRQ SETC,
200234525644,EK3386-000,SMOE-64566,07.09.2026,07.09.2026,10,0,Cable Services Ltd,5,CRTD PRC  BASC BCRQ MACM MSCP SETC,
200234585691,ES2308-000,CSJH-36D/1XU-1XU-GB02,07.09.2026,07.09.2026,9,0,SSE Stock Ltd,5,CRTD MSPT PRC  BASC BCRQ SETC,
200234585981,ES2308-000,CSJH-36D/1XU-1XU-GB02,07.09.2026,07.09.2026,8,0,Wolseley UK Limited,5,CRTD MSPT PRC  BASC BCRQ SETC,
200234644930,EN3046-000,CSJA-24E/1XU-1XU-DE01,04.09.2026,07.09.2026,137,0,Westnetz GmbH,5,CRTD MSPT PRC  BASC BCRQ MSCP SETC,
200234029759,CF9870-012,CSJA-12C/1XU-1XU-M,07.09.2026,08.09.2026,50,0,Salzburg AG fur Energie,5,CRTD MSPT PRC  BASC BCRQ MSCP SETC,
200234219528,EK3386-000,SMOE-64566,07.09.2026,08.09.2026,9,0,UK Power Networks(Operations) Ltd,5,CRTD MSPT PRC  BASC BCRQ MSCP SETC,
200234219529,EK3386-000,SMOE-64566,08.09.2026,08.09.2026,12,0,UK Power Networks(Operations) Ltd,5,CRTD MSPT PRC  BASC BCRQ SETC,
200234585832,ES2308-000,CSJH-36D/1XU-1XU-GB02,08.09.2026,08.09.2026,14,0,Cable Services Ltd,5,CRTD MSPT PRC  BASC BCRQ SETC,
200233956458,CS8298-000,CSJA-24C/1XU-1XU-M1-NO01,08.09.2026,09.09.2026,300,0,Ensto Nor AS,5,CRTD MSPT PRC  BASC BCRQ SETC,
200233956460,CS8298-000,CSJA-24C/1XU-1XU-M1-NO01,08.09.2026,09.09.2026,300,0,Ensto Nor AS,5,CRTD MSPT PRC  BASC BCRQ SETC,
200234215244,CM2273-000,CSJA-42F/1XU-1XU-IE01,09.09.2026,09.09.2026,60,0,ESB,5,CRTD MSPT PRC  BASC BCRQ SETC,
200234322883,D41410-005,CSJA-24C/1XU-1XU-M1,09.09.2026,10.09.2026,300,0,IFK Gesellschaft Mbh,5,CRTD MSPT PRC  BASC BCRQ SETC,
200234518384,EP9731-000,CSJH-36F/1XU-1XU-GB04,10.09.2026,10.09.2026,138,0,SSE Stock Ltd,5,CRTD MSPT PRC  BASC BCRQ SETC,
200234447522,E65890-000,SMOE-63361,11.09.2026,11.09.2026,10,0,Northern Powergrid,5,CRTD MSPT PRC  BASC BCRQ MSCP SETC,
200234546617,839121-000,SHSS-12B-IND,11.09.2026,11.09.2026,8,0,Wolseley UK Limited,5,CRTD MSPT PRC  BASC BCRQ SETC,
200234558464,891265-000,SMOE-62754,10.09.2026,11.09.2026,100,0,Northern Powergrid,5,CRTD MSPT PRC  BASC BCRQ MSCP SETC,
200234282538,EP6008-000,SMOE-64730,14.09.2026,14.09.2026,35,0,UK Power Networks(Operations) Ltd,5,CRTD PRC  BASC BCRQ MACM MSCP SETC,
200234349724,EP6008-000,SMOE-64730,14.09.2026,14.09.2026,35,0,UK Power Networks(Operations) Ltd,5,CRTD PRC  BASC BCRQ MACM MSCP SETC,
200234350816,E07331-000,SMOE-63180,14.09.2026,14.09.2026,3,0,Cable Services Ltd,5,CRTD PRC  BASC BCRQ MACM SETC,
200234370965,E07331-000,SMOE-63180,14.09.2026,14.09.2026,6,0,Cable Services Ltd,5,CRTD MSPT PRC  BASC BCRQ MSCP SETC,
200234377305,EP6008-000,SMOE-64730,14.09.2026,14.09.2026,54,0,UK Power Networks(Operations) Ltd,5,CRTD PRC  BASC BCRQ MACM MSCP SETC,
200234379412,288978-000,SMOE-63181,14.09.2026,14.09.2026,4,0,Cable Services Ltd,5,CRTD MSPT PRC  BASC BCRQ MSCP SETC,
200234379582,839121-000,SHSS-12B-IND,14.09.2026,14.09.2026,5,0,Wolseley UK Limited,5,CRTD MSPT PRC  BASC BCRQ MSCP SETC,
200234397498,839121-000,SHSS-12B-IND,14.09.2026,14.09.2026,10,0,Wolseley UK Limited,5,CRTD MSPT PRC  BASC BCRQ SETC,
200234437986,EP6008-000,SMOE-64730,14.09.2026,14.09.2026,35,0,UK Power Networks(Operations) Ltd,5,CRTD PRC  BASC BCRQ MACM MSCP SETC,
200234489549,EP6008-000,SMOE-64730,14.09.2026,14.09.2026,35,0,UK Power Networks(Operations) Ltd,5,CRTD MSPT PRC  BASC BCRQ SETC,
200234547620,891265-000,SMOE-62754,10.09.2026,14.09.2026,300,0,Northern Powergrid,5,CRTD MSPT PRC  BASC BCRQ MSCP SETC,
200234636737,EP6008-000,SMOE-64730,14.09.2026,14.09.2026,35,0,UK Power Networks(Operations) Ltd,5,CRTD MSPT PRC  BASC BCRQ MSCP SETC,
200233946991,891265-000,SMOE-62754,14.09.2026,15.09.2026,6,0,Cable Services Ltd,5,CRTD MSPT PRC  BASC BCRQ SETC,
200234057161,EP6008-000,SMOE-64730,14.09.2026,15.09.2026,130,0,Cable Services Ltd,5,CRTD PRC  BASC BCRQ MACM SETC,
200234219015,891265-000,SMOE-62754,14.09.2026,15.09.2026,109,0,Northern Powergrid,5,CRTD PRC  BASC BCRQ MACM SETC,
200234219447,EP6008-000,SMOE-64730,15.09.2026,15.09.2026,30,0,Cable Services Ltd,5,CRTD PRC  BASC BCRQ MACM SETC,
200234219708,EP6008-000,SMOE-64730,15.09.2026,15.09.2026,30,0,Cable Services Ltd,5,CRTD PRC  BASC BCRQ MACM SETC,
200234292946,EP6008-000,SMOE-64730,15.09.2026,15.09.2026,12,0,Cable Services Ltd,5,CRTD PRC  BASC BCRQ MACM SETC,
200234330073,891265-000,SMOE-62754,14.09.2026,15.09.2026,10,0,Cable Services Ltd,5,CRTD PRC  BASC BCRQ MACM SETC,
200234369342,E65890-000,SMOE-63361,15.09.2026,15.09.2026,4,0,Northern Powergrid,5,CRTD PRC  BASC BCRQ MACM SETC,
200234397800,891265-000,SMOE-62754,15.09.2026,15.09.2026,1,0,Tyco Electronics UK Limited,5,CRTD PRC  BASC BCRQ MACM MSCP SETC,
200234424741,EP6008-000,SMOE-64730,15.09.2026,15.09.2026,20,0,Wolseley UK Limited,5,CRTD PRC  BASC BCRQ MACM MSCP SETC,
200234424749,891265-000,SMOE-62754,14.09.2026,15.09.2026,6,0,Wolseley UK Limited,5,CRTD PRC  BASC BCRQ MACM SETC,
200234458844,891265-000,SMOE-62754,14.09.2026,15.09.2026,2,0,Cable Services Ltd,5,CRTD PRC  BASC BCRQ MACM SETC,
200234473290,891265-000,SMOE-62754,14.09.2026,15.09.2026,150,0,Northern Powergrid,5,CRTD PRC  BASC BCRQ MACM SETC,
200234674098,891265-000,SMOE-62754,15.09.2026,15.09.2026,12,0,Northern Powergrid,5,CRTD MSPT PRC  BASC BCRQ MSCP SETC,
200234445211,483723-000,SMOE-62385,16.09.2026,16.09.2026,13,0,Northern Powergrid,5,CRTD PRC  BASC BCRQ MACM SETC,
200234362161,ES7516-000,CSJH-12B/1XU-1XU-GB02,17.09.2026,17.09.2026,10,0,Wolseley UK Limited,5,CRTD PRC  BASC BCRQ MACM SETC,
200234447322,EP6008-000,SMOE-64730,17.09.2026,17.09.2026,70,0,UK Power Networks(Operations) Ltd,5,CRTD MSPT PRC  BASC BCRQ SETC,
200234496224,EP6008-000,SMOE-64730,17.09.2026,17.09.2026,35,0,UK Power Networks(Operations) Ltd,5,CRTD MSPT PRC  BASC BCRQ MSCP SETC,
200234558474,EP6008-000,SMOE-64730,17.09.2026,17.09.2026,70,0,UK Power Networks(Operations) Ltd,5,CRTD MSPT PRC  BASC BCRQ MSCP SETC,
200234592639,EP6008-000,SMOE-64730,17.09.2026,17.09.2026,35,0,UK Power Networks(Operations) Ltd,5,CRTD MSPT PRC  BASC BCRQ MSCP SETC,
200234653671,EP6008-000,SMOE-64730,17.09.2026,17.09.2026,50,0,Wolseley UK Limited,5,CRTD MSPT PRC  BASC BCRQ SETC,
200233967911,CM8107-000,SMOE-63742,18.09.2026,18.09.2026,3,0,Cable Services Ltd,5,CRTD MSPT PRC  BASC BCRQ SETC,
200234057175,EP6008-000,SMOE-64730,17.09.2026,18.09.2026,130,0,Cable Services Ltd,5,CRTD PRC  BASC BCRQ MACM SETC,
200234361692,ES7516-000,CSJH-12B/1XU-1XU-GB02,18.09.2026,18.09.2026,12,0,Wolseley UK Limited,5,CRTD PRC  BASC BCRQ MACM MSCP SETC,
200234460721,D41410-005,CSJA-24C/1XU-1XU-M1,18.09.2026,18.09.2026,1,0,Steinbacher Energie GmbH,5,CRTD MSPT PRC  BASC BCRQ MSCP SETC,
200234585831,ES2308-000,CSJH-36D/1XU-1XU-GB02,18.09.2026,18.09.2026,9,0,SSE Stock Ltd,5,CRTD MSPT PRC  BASC BCRQ SETC,
200234057763,E07331-000,SMOE-63180,21.09.2026,21.09.2026,5,0,Cable Services Ltd,5,CRTD MSPT PRC  BASC BCRQ SETC,
200234654152,288978-000,SMOE-63181,21.09.2026,21.09.2026,10,0,Cable Services Ltd,5,CRTD MSPT PRC  BASC BCRQ SETC,
200233958163,CM8111-000,SMOE-63741,22.09.2026,22.09.2026,1,0,Cable Services Ltd,5,CRTD PRC  BASC BCRQ MACM SETC,
200233967198,CM8111-000,SMOE-63741,21.09.2026,22.09.2026,8,0,Cable Services Ltd,5,CRTD PRC  BASC BCRQ MACM SETC,
200233967523,CM8111-000,SMOE-63741,21.09.2026,22.09.2026,3,0,Cable Services Ltd,5,CRTD PRC  BASC BCRQ MACM SETC,
200233967525,CM8111-000,SMOE-63741,21.09.2026,22.09.2026,5,0,Cable Services Ltd,5,CRTD MSPT PRC  BASC BCRQ SETC,
200234070266,E07331-000,SMOE-63180,22.09.2026,22.09.2026,2,0,Cable Services Ltd,5,CRTD PRC  BASC BCRQ MACM SETC,
200234070268,E07331-000,SMOE-63180,22.09.2026,22.09.2026,2,0,Wolseley UK Limited,5,CRTD PRC  BASC BCRQ MACM SETC,
200234172130,E07331-000,SMOE-63180,22.09.2026,22.09.2026,1,0,Wolseley UK Limited,5,CRTD PRC  BASC BCRQ MACM SETC,
200234197069,E07331-000,SMOE-63180,22.09.2026,22.09.2026,5,0,Wolseley UK Limited,5,CRTD PRC  BASC BCRQ MACM MSCP SETC,
200234252868,E07331-000,SMOE-63180,22.09.2026,22.09.2026,10,0,Cable Services Ltd,5,CRTD PRC  BASC BCRQ MACM SETC,
200234319760,E07331-000,SMOE-63180,22.09.2026,22.09.2026,5,0,Wolseley UK Limited,5,CRTD PRC  BASC BCRQ MACM SETC,
200234329763,E07331-000,SMOE-63180,22.09.2026,22.09.2026,4,0,Cable Services Ltd,5,CRTD PRC  BASC BCRQ MACM SETC,
200234546626,288978-000,SMOE-63181,23.09.2026,23.09.2026,1,0,Cable Services Ltd,5,CRTD MSPT PRC  BASC BCRQ SETC,
200233937064,CP8419-000,CATJ-12F/3XU-6SB-GB03,24.09.2026,24.09.2026,2,0,SP Power Systems Ltd,5,CRTD PRC  BASC BCRQ MACM MSCP SETC,
200233937065,CP8419-000,CATJ-12F/3XU-6SB-GB03,24.09.2026,24.09.2026,3,0,SP Power Systems Ltd,5,CRTD PRC  BASC BCRQ MACM MSCP SETC,
200234156061,519672-000,SMOE-62815,24.09.2026,24.09.2026,2,0,Northern Powergrid,5,CRTD PRC  BASC BCRQ MACM SETC,
200234304741,CP8419-000,CATJ-12F/3XU-6SB-GB03,24.09.2026,24.09.2026,1,0,SP Power Systems Ltd,5,CRTD MSPT PRC  BASC BCRQ MSCP SETC,
200234447326,519672-000,SMOE-62815,24.09.2026,24.09.2026,6,0,Northern Powergrid,5,CRTD MSPT PRC  BASC BCRQ SETC,
200234555445,D41410-005,CSJA-24C/1XU-1XU-M1,24.09.2026,28.09.2026,300,0,IFK Gesellschaft Mbh,5,CRTD MSPT PRC  BASC BCRQ SETC,
200234108391,953163-000,SMOE-62753,29.09.2026,29.09.2026,2,0,Wolseley UK Limited,5,CRTD PRC  BASC BCRQ MACM SETC,
200234210590,CV4535-000,CSJH-24F/1XU-2XU-GB01,25.09.2026,29.09.2026,45,0,Northern Powergrid,5,CRTD MSPT PRC  BASC BCRQ MSCP SETC,
200234397670,953163-000,SMOE-62753,29.09.2026,29.09.2026,1,0,Tyco Electronics UK Limited,5,CRTD PRC  BASC BCRQ MACM MSCP SETC,
200234458842,953163-000,SMOE-62753,29.09.2026,29.09.2026,4,0,Cable Services Ltd,5,CRTD PRC  BASC BCRQ MACM SETC,
200234592347,953163-000,SMOE-62753,29.09.2026,29.09.2026,2,0,Wolseley UK Limited,5,CRTD MSPT PRC  BASC BCRQ MSCP SETC,
200234646234,195443-000,SMOE-62705,29.09.2026,29.09.2026,20,0,SSE Stock Ltd,5,CRTD MSPT PRC  BASC BCRQ SETC,
200234646235,195443-000,SMOE-62705,29.09.2026,29.09.2026,4,0,Cable Services Ltd,5,CRTD MSPT PRC  BASC BCRQ SETC,
200234460528,CR0675-000,CATJ-12C/3XU-3SB-GB01,01.10.2026,01.10.2026,20,0,SP Power Systems Ltd,5,CRTD MSPT PRC  BASC BCRQ SETC,
200234646511,CS8298-000,CSJA-24C/1XU-1XU-M1-NO01,30.09.2026,01.10.2026,300,0,Ensto Nor AS,5,CRTD MSPT PRC  BASC BCRQ SETC,
200233967780,CM8111-000,SMOE-63741,01.10.2026,02.10.2026,8,0,Cable Services Ltd,5,CRTD MSPT PRC  CSER BASC BCRQ SETC,
200234645936,891265-000,SMOE-62754,01.10.2026,02.10.2026,10,0,Cable Services Ltd,5,CRTD MSPT PRC  BASC BCRQ SETC,
200234546201,953163-000,SMOE-62753,06.10.2026,07.10.2026,250,0,Northern Powergrid,5,CRTD MSPT PRC  BASC BCRQ MSCP SETC,
200234460137,ES7516-000,CSJH-12B/1XU-1XU-GB02,08.10.2026,08.10.2026,12,0,Wolseley UK Limited,5,CRTD PRC  BASC BCRQ MACM MSCP SETC,
200234555665,EN3046-000,CSJA-24E/1XU-1XU-DE01,07.10.2026,08.10.2026,200,0,Westnetz GmbH,5,CRTD MSPT PRC  BASC BCRQ SETC,
200234646508,CS8298-000,CSJA-24C/1XU-1XU-M1-NO01,07.10.2026,08.10.2026,300,0,Ensto Nor AS,5,CRTD MSPT PRC  BASC BCRQ SETC,
200234460990,CS8236-000,CSJA-24D/1XU-1XU-M-NO01,08.10.2026,09.10.2026,300,0,Ensto Nor AS,5,CRTD MSPT PRC  BASC BCRQ MSCP SETC,
200234585993,ES2308-000,CSJH-36D/1XU-1XU-GB02,12.10.2026,12.10.2026,3,0,SSE Stock Ltd,5,CRTD MSPT PRC  BASC BCRQ MSCP SETC,
200234445076,598989-000,SMOE-62360,12.10.2026,13.10.2026,78,0,Northern Powergrid,5,CRTD PRC  BASC BCRQ MACM SETC,
200233898602,CS4188-000,SMOE-64150,15.10.2026,15.10.2026,4,0,SP Power Systems Ltd,2,CRTD MSPT PRC  BASC BCRQ MSCP SETC,
200234461109,EP9731-000,CSJH-36F/1XU-1XU-GB04,16.10.2026,16.10.2026,3,0,SSE Stock Ltd,5,CRTD PRC  BASC BCRQ MACM MSCP SETC,
200234461112,EP9731-000,CSJH-36F/1XU-1XU-GB04,26.10.2026,26.10.2026,36,0,SSE Stock Ltd,5,CRTD PRC  BASC BCRQ MACM SETC,
200234313258,CR0675-000,CATJ-12C/3XU-3SB-GB01,29.10.2026,29.10.2026,20,0,SP Power Systems Ltd,5,CRTD MSPT PRC  CSER BASC BCRQ SETC,
200234646512,CS8298-000,CSJA-24C/1XU-1XU-M1-NO01,11.11.2026,12.11.2026,150,0,Ensto Nor AS,5,CRTD MSPT PRC  BASC BCRQ SETC,
200234517142,ET6009-000,CSJH-12B/1XU-1XU-GB01,16.11.2026,18.11.2026,600,0,Northern Powergrid,5,CRTD MSPT PRC  BASC BCRQ MSCP SETC,
200234671023,CR0675-000,CATJ-12C/3XU-3SB-GB01,18.11.2026,18.11.2026,20,0,SP Power Systems Ltd,5,CRTD MSPT PRC  BASC BCRQ MSCP SETC,
200234445202,598989-000,SMOE-62360,17.11.2026,24.11.2026,322,0,Northern Powergrid,5,CRTD MSPT PRC  BASC BCRQ SETC,
200234445207,598989-000,SMOE-62360,24.11.2026,24.11.2026,2,0,Cable Services Ltd,5,CRTD MSPT PRC  BASC BCRQ SETC,
200234610099,ES7516-000,CSJH-12B/1XU-1XU-GB02,26.11.2026,26.11.2026,20,0,Wolseley UK Limited,5,CRTD MSPT PRC  BASC BCRQ SETC,
200234555941,ES7516-000,CSJH-12B/1XU-1XU-GB02,27.11.2026,27.11.2026,30,0,Wolseley UK Limited,5,CRTD MSPT PRC  BASC BCRQ MSCP SETC,
200234610107,ET6009-000,CSJH-12B/1XU-1XU-GB01,27.11.2026,27.11.2026,15,0,Wolseley UK Limited,5,CRTD MSPT PRC  BASC BCRQ SETC,
200234644918,ET6009-000,CSJH-12B/1XU-1XU-GB01,27.11.2026,27.11.2026,10,0,Cable Services Ltd,5,CRTD MSPT PRC  BASC BCRQ SETC,
200234671935,ET6009-000,CSJH-12B/1XU-1XU-GB01,27.11.2026,30.11.2026,7,0,Cable Services Ltd,5,CRTD MSPT PRC  BASC BCRQ SETC,
200234507255,ET7642-000,CSJH-24C/1XU-1XU-M1-DE03,30.11.2026,01.12.2026,192,0,Wilhelm Sieverding,5,CRTD MSPT PRC  BASC BCRQ SETC,
200234644924,ES7516-000,CSJH-12B/1XU-1XU-GB02,14.12.2026,15.12.2026,300,0,National Grid Electricity,5,CRTD MSPT PRC  BASC BCRQ MSCP SETC,
200234582854,EK8957-000,SMOE-64558,29.07.2026,29.07.2026,3,0,UK Power Networks(Operations) Ltd,5,REL  PRT  PRC  BASC BCRQ GMPS MACM RESA*,COMP PREP
200234660243,EN2828-000,CSJA-24C/1XU-1XU-DE02,29.07.2026,30.07.2026,148,0,Westnetz GmbH,5,REL  PRT  PRC  BASC BCRQ GMPS MACM SETC,COMP PREP
200233571993,CR0671-000,CSJT-12B/3XU-3XU-GB01,30.07.2026,31.07.2026,35,0,SP Power Systems Ltd,5,REL  PRT  PRC  BASC BCRQ GMPS MACM SETC,COMP PREP
200233600285,CR0676-000,CATJ-12B/3XU-3SB-GB02,30.07.2026,31.07.2026,12,0,SP Power Systems Ltd,5,REL  PRT  PRC  BASC BCRQ GMPS MACM SETC,COMP PREP
200233600294,CR0678-000,CSJT-12B/1XU-3XU-GB01,30.07.2026,31.07.2026,10,0,SP Power Systems Ltd,5,REL  PRT  PRC  BASC BCRQ GMPS MACM SETC,COMP
200233600363,CS4331-000,CATJ-12B/1XU-3SB-GB03,30.07.2026,31.07.2026,40,0,SP Power Systems Ltd,5,REL  PRT  PRC  BASC BCRQ GMPS MACM RESA*,COMP PREP
200234591298,EP6011-000,SMOE-64733,30.07.2026,31.07.2026,80,0,UK Power Networks(Operations) Ltd,5,REL  PRT  PRC  BASC BCRQ MACM MSCP SETC,
200234220425,BM4078-000,CATJ-36E/1XU-3SB-GB02,03.08.2026,03.08.2026,5,0,SP Power Systems Ltd,5,REL  PRC  BASC BCRQ MACM SETC,
200234361192,EF1234-000,BAH-038081489,03.08.2026,03.08.2026,100,0,UK Power Networks(Operations) Ltd,5,REL  PRT  PRC  BASC BCRQ MACM SETC,
200234379766,EP6005-000,SMOE-64742,04.08.2026,04.08.2026,20,0,UK Power Networks(Operations) Ltd,5,REL  PRC  BASC BCRQ MACM SETC,
200234476190,EK8957-000,SMOE-64558,04.08.2026,04.08.2026,6,0,UK Power Networks(Operations) Ltd,5,REL  PRC  BASC BCRQ MACM MSCP SETC,
200234545884,ET7243-000,SMOE-64890,03.08.2026,03.08.2026,10,0,NIE Networks Ltd,5,REL  PRT  PRC  BASC BCRQ MACM MSCP SETC,
200234545885,EF1236-000,BAH-038081491,04.08.2026,04.08.2026,30,0,UK Power Networks(Operations) Ltd,5,CRTD PRC  BASC BCRQ MACM MSCP SETC,
200234545886,EF1236-000,BAH-038081491,04.08.2026,04.08.2026,30,0,UK Power Networks(Operations) Ltd,5,CRTD PRC  BASC BCRQ MACM MSCP SETC,
200234545887,EF1236-000,BAH-038081491,04.08.2026,04.08.2026,30,0,UK Power Networks(Operations) Ltd,5,CRTD PRC  BASC BCRQ MACM MSCP SETC,
200234567298,EF1234-000,BAH-038081489,04.08.2026,04.08.2026,100,0,UK Power Networks(Operations) Ltd,5,CRTD PRC  BASC BCRQ MACM SETC,
200234617918,EK8957-000,SMOE-64558,04.08.2026,04.08.2026,6,0,UK Power Networks(Operations) Ltd,5,CRTD PRC  BASC BCRQ MACM MSCP SETC,
200234617919,EK8957-000,SMOE-64558,04.08.2026,04.08.2026,6,0,UK Power Networks(Operations) Ltd,5,CRTD PRC  BASC BCRQ MACM MSCP SETC,
200234211658,CV4536-000,CSJH-24C/1XU-1XU-GB01,05.08.2026,05.08.2026,100,0,Northern Powergrid,5,CRTD MSPT PRC  BASC BCRQ MSCP SETC,
200234598676,CP8417-000,CATJ-12E/1XU-1HL-GB01,04.08.2026,05.08.2026,8,0,SP Power Systems Ltd,5,CRTD PRC  BASC BCRQ MSCP SETC,
200234601781,EK3578-000,SMOE-64543,05.08.2026,05.08.2026,8,0,UK Power Networks(Operations) Ltd,5,CRTD PRC  BASC BCRQ MACM MSCP SETC,
200234458408,EF1234-000,BAH-038081489,06.08.2026,06.08.2026,10,0,Cable Services Ltd,5,CRTD PRC  BASC BCRQ MACM SETC,
200234158412,EP9969-000,CSJA-24B2/1XU-1XU-ES01,10.08.2026,10.08.2026,63,0,TE Connectivity Solutions GmbH,5,CRTD MSPT PRC  BASC BCRQ SETC VCAL,
200234158529,EP9969-000,CSJA-24B2/1XU-1XU-ES01,10.08.2026,10.08.2026,70,0,TE Connectivity Solutions GmbH,5,CRTD MSPT PRC  BASC BCRQ SETC VCAL,
200234216447,EP9969-000,CSJA-24B2/1XU-1XU-ES01,07.08.2026,10.08.2026,58,0,TE Connectivity Solutions GmbH,5,CRTD MSPT PRC  BASC BCRQ MSCP SETC VCAL,
200234349634,EK3578-000,SMOE-64543,11.08.2026,11.08.2026,28,0,UK Power Networks(Operations) Ltd,5,CRTD PRC  BASC BCRQ MACM MSCP SETC,
200234636647,EP6011-000,SMOE-64733,11.08.2026,11.08.2026,80,0,UK Power Networks(Operations) Ltd,5,CRTD MSPT PRC  BASC BCRQ MSCP SETC,
200234476339,EP6005-000,SMOE-64742,12.08.2026,12.08.2026,10,0,UK Power Networks(Operations) Ltd,5,CRTD PRC  BASC BCRQ MACM MSCP SETC,
200234496220,EP6005-000,SMOE-64742,12.08.2026,12.08.2026,9,0,UK Power Networks(Operations) Ltd,5,CRTD PRC  BASC BCRQ MACM MSCP SETC,
200234517138,EM9877-000,CSJH-36E/1XU-3SB-GB01,13.08.2026,13.08.2026,12,0,SSE Stock Ltd,5,CRTD PRC  BASC BCRQ MACM SETC,
200234040202,EP6011-000,SMOE-64733,14.08.2026,14.08.2026,24,0,Cable Services Ltd,5,CRTD PRC  BASC BCRQ MACM SETC,
200234558308,EF1234-000,BAH-038081489,17.08.2026,17.08.2026,200,0,UK Power Networks(Operations) Ltd,5,CRTD PRC  BASC BCRQ MACM SETC,
200234558662,EF1234-000,BAH-038081489,17.08.2026,17.08.2026,11,0,Wolseley UK Limited,5,CRTD PRC  BASC BCRQ MACM SETC,
200234661387,EP6011-000,SMOE-64733,18.08.2026,18.08.2026,80,0,UK Power Networks(Operations) Ltd,5,CRTD MSPT PRC  BASC BCRQ SETC,
200234681119,EF1236-000,BAH-038081491,18.08.2026,18.08.2026,30,0,UK Power Networks(Operations) Ltd,5,CRTD PRC  BASC BCRQ MACM SETC,
200234467109,EF1236-000,BAH-038081491,19.08.2026,19.08.2026,152,0,UK Power Networks(Operations) Ltd,5,CRTD PRC  BASC BCRQ MACM MSCP SETC,
200234468311,EF1234-000,BAH-038081489,25.08.2026,25.08.2026,100,0,UK Power Networks(Operations) Ltd,5,CRTD PRC  BASC BCRQ MACM MSCP SETC,
200234489617,EF1234-000,BAH-038081489,25.08.2026,25.08.2026,10,0,Wolseley UK Limited,5,CRTD PRC  BASC BCRQ MACM MSCP SETC,
200234598671,CR0672-000,CATJ-12C/1XU-3SB-GB03,26.08.2026,26.08.2026,5,0,SP Power Systems Ltd,5,CRTD PRC  BASC BCRQ MACM MSCP SETC,
200234644577,CR0678-000,CSJT-12B/1XU-3XU-GB01,26.08.2026,26.08.2026,10,0,SP Power Systems Ltd,5,CRTD MSPT PRC  BASC BCRQ MSCP SETC,
200234275070,CR0678-000,CSJT-12B/1XU-3XU-GB01,27.08.2026,27.08.2026,30,0,SP Power Systems Ltd,5,CRTD MSPT PRC  BASC BCRQ MSCP SETC,
200234518048,CR0678-000,CSJT-12B/1XU-3XU-GB01,27.08.2026,27.08.2026,10,0,Cable Services Ltd,5,CRTD MSPT PRC  BASC BCRQ MSCP SETC,
200234655076,CR0671-000,CSJT-12B/3XU-3XU-GB01,27.08.2026,27.08.2026,1,0,Cable Services Ltd,5,CRTD MSPT PRC  BASC BCRQ SETC,
200234592649,EF1234-000,BAH-038081489,01.09.2026,01.09.2026,200,0,UK Power Networks(Operations) Ltd,5,CRTD PRC  BASC BCRQ MACM MSCP SETC,
200234671931,CR0671-000,CSJT-12B/3XU-3XU-GB01,28.08.2026,01.09.2026,100,0,SP Power Systems Ltd,5,CRTD MSPT PRC  BASC BCRQ SETC,
200234653667,EF1236-000,BAH-038081491,02.09.2026,02.09.2026,180,0,UK Power Networks(Operations) Ltd,5,CRTD PRC  BASC BCRQ MACM SETC,
200233387290,EN2828-000,CSJA-24C/1XU-1XU-DE02,02.09.2026,03.09.2026,160,0,TE Connectivity Solutions GmbH,5,CRTD MSPT PRC  BASC BCRQ SETC,
200233548301,EN2828-000,CSJA-24C/1XU-1XU-DE02,03.09.2026,03.09.2026,80,0,TE Connectivity Solutions GmbH,5,CRTD PRC  BASC BCRQ MACM SETC,
200234148201,CR0672-000,CATJ-12C/1XU-3SB-GB03,03.09.2026,03.09.2026,10,0,SP Power Systems Ltd,5,CRTD MSPT PRC  BASC BCRQ SETC,
200234211261,CR0671-000,CSJT-12B/3XU-3XU-GB01,03.09.2026,03.09.2026,35,0,SP Power Systems Ltd,5,CRTD MSPT PRC  BASC BCRQ SETC,
200234211271,CR0678-000,CSJT-12B/1XU-3XU-GB01,03.09.2026,03.09.2026,10,0,SP Power Systems Ltd,5,CRTD MSPT PRC  BASC BCRQ SETC,
200234211360,CR0676-000,CATJ-12B/3XU-3SB-GB02,03.09.2026,03.09.2026,12,0,SP Power Systems Ltd,5,CRTD MSPT PRC  BASC BCRQ SETC,
200234211371,CS4331-000,CATJ-12B/1XU-3SB-GB03,03.09.2026,03.09.2026,40,0,SP Power Systems Ltd,5,CRTD MSPT PRC  BASC BCRQ SETC,
200234220234,CP8417-000,CATJ-12E/1XU-1HL-GB01,03.09.2026,03.09.2026,12,0,SP Power Systems Ltd,5,CRTD MSPT PRC  BASC BCRQ SETC,
200234220426,BM4078-000,CATJ-36E/1XU-3SB-GB02,03.09.2026,03.09.2026,5,0,SP Power Systems Ltd,5,CRTD PRC  BASC BCRQ MACM SETC,
200234037772,EN2828-000,CSJA-24C/1XU-1XU-DE02,02.09.2026,04.09.2026,300,0,Westnetz GmbH,5,CRTD MSPT PRC  BASC BCRQ MSCP SETC,
200234037773,EN2828-000,CSJA-24C/1XU-1XU-DE02,02.09.2026,04.09.2026,300,0,Westnetz GmbH,5,CRTD MSPT PRC  BASC BCRQ SETC,
200234037997,EN2828-000,CSJA-24C/1XU-1XU-DE02,02.09.2026,04.09.2026,300,0,Westnetz GmbH,5,CRTD PRC  BASC BCRQ MACM SETC,
200234200621,EN2828-000,CSJA-24C/1XU-1XU-DE02,03.09.2026,04.09.2026,150,0,LEW Verteilnetz GmbH,5,CRTD MSPT PRC  BASC BCRQ MSCP SETC,
200233359394,EN2828-000,CSJA-24C/1XU-1XU-DE02,04.09.2026,07.09.2026,150,0,LEW Verteilnetz GmbH,5,CRTD MSPT PRC  BASC BCRQ MSCP SETC,
200234038000,EN2828-000,CSJA-24C/1XU-1XU-DE02,03.09.2026,07.09.2026,300,0,Westnetz GmbH,5,CRTD PRC  BASC BCRQ MACM SETC,
200234653674,EF1234-000,BAH-038081489,07.09.2026,07.09.2026,40,0,Cable Services Ltd,5,CRTD PRC  BASC BCRQ MACM MSCP SETC,
200233359392,EN2828-000,CSJA-24C/1XU-1XU-DE02,04.09.2026,08.09.2026,300,0,LEW Verteilnetz GmbH,5,CRTD MSPT PRC  BASC BCRQ SETC,
200234037998,EN2828-000,CSJA-24C/1XU-1XU-DE02,04.09.2026,08.09.2026,300,0,Westnetz GmbH,5,CRTD MSPT PRC  BASC BCRQ SETC,
200234200618,EN2828-000,CSJA-24C/1XU-1XU-DE02,07.09.2026,08.09.2026,300,0,LEW Verteilnetz GmbH,5,CRTD MSPT PRC  BASC BCRQ MSCP SETC,
200234211661,D41410-011,CSJA-24C/1XU-1XU-M1,07.09.2026,08.09.2026,210,0,Blumenbecker Handel i Serwis,5,CRTD MSPT PRC  BASC BCRQ MSCP SETC,
200233387277,EN2828-000,CSJA-24C/1XU-1XU-DE02,08.09.2026,09.09.2026,120,0,TE Connectivity Solutions GmbH,5,CRTD MSPT PRC  BASC BCRQ SETC,
200233946180,D41410-011,CSJA-24C/1XU-1XU-M1,08.09.2026,09.09.2026,150,0,ELNORD Adam Block,5,CRTD MSPT PRC  BASC BCRQ MSCP SETC,
200234496221,EP6005-000,SMOE-64742,09.09.2026,09.09.2026,11,0,UK Power Networks(Operations) Ltd,5,CRTD PRC  BASC BCRQ MACM MSCP SETC,
200234671932,CR0678-000,CSJT-12B/1XU-3XU-GB01,09.09.2026,09.09.2026,50,0,SP Power Systems Ltd,5,CRTD MSPT PRC  BASC BCRQ SETC,
200234527785,EP6005-000,SMOE-64742,10.09.2026,10.09.2026,20,0,UK Power Networks(Operations) Ltd,5,CRTD PRC  BASC BCRQ MACM MSCP SETC,
200234601807,EK3578-000,SMOE-64543,10.09.2026,10.09.2026,20,0,UK Power Networks(Operations) Ltd,5,CRTD PRC  BASC BCRQ MACM MSCP SETC,
200234617924,EP6005-000,SMOE-64742,10.09.2026,10.09.2026,20,0,UK Power Networks(Operations) Ltd,5,CRTD MSPT PRC  BASC BCRQ MSCP SETC,
200234688376,EP9969-000,CSJA-24B2/1XU-1XU-ES01,10.09.2026,10.09.2026,11,0,TE Connectivity Solutions GmbH,5,CRTD MSPT PRC  BASC BCRQ SETC,
200234200622,EN2828-000,CSJA-24C/1XU-1XU-DE02,10.09.2026,11.09.2026,300,0,LEW Verteilnetz GmbH,5,CRTD MSPT PRC  BASC BCRQ MSCP SETC,
200234200623,EN2828-000,CSJA-24C/1XU-1XU-DE02,10.09.2026,11.09.2026,150,0,LEW Verteilnetz GmbH,5,CRTD MSPT PRC  BASC BCRQ MSCP SETC,
200234378856,D41410-011,CSJA-24C/1XU-1XU-M1,16.09.2026,16.09.2026,6,0,GRAMPER DOO,5,CRTD MSPT PRC  BASC BCRQ MSCP SETC,
200234555666,EN2828-000,CSJA-24C/1XU-1XU-DE02,16.09.2026,16.09.2026,12,0,Prego Services GmbH,5,CRTD MSPT PRC  BASC BCRQ MSCP SETC,
200234518040,EN2828-000,CSJA-24C/1XU-1XU-DE02,17.09.2026,17.09.2026,100,0,Westnetz GmbH,5,CRTD MSPT PRC  BASC BCRQ SETC,
200234275022,CV4536-000,CSJH-24C/1XU-1XU-GB01,18.09.2026,18.09.2026,6,0,Cable Services Ltd,5,CRTD MSPT PRC  BASC BCRQ SETC,
200234460521,EN2828-000,CSJA-24C/1XU-1XU-DE02,18.09.2026,18.09.2026,12,0,Prego Services GmbH,5,CRTD PRC  BASC BCRQ MACM SETC,
200234378853,D41410-011,CSJA-24C/1XU-1XU-M1,17.09.2026,21.09.2026,180,0,Blumenbecker Handel i Serwis,5,CRTD MSPT PRC  BASC BCRQ MSCP SETC,
200234653676,EF1234-000,BAH-038081489,21.09.2026,21.09.2026,22,0,Wolseley UK Limited,5,CRTD PRC  BASC BCRQ MACM SETC,
200234610097,EN2828-000,CSJA-24C/1XU-1XU-DE02,23.09.2026,23.09.2026,15,0,Prego Services GmbH,5,CRTD MSPT PRC  BASC BCRQ SETC,
200234459982,CR0671-000,CSJT-12B/3XU-3XU-GB01,01.10.2026,01.10.2026,35,0,SP Power Systems Ltd,5,CRTD PRC  BASC BCRQ MACM SETC,
200234460041,CR0678-000,CSJT-12B/1XU-3XU-GB01,01.10.2026,01.10.2026,10,0,SP Power Systems Ltd,5,CRTD MSPT PRC  BASC BCRQ SETC,
200234040204,EP6011-000,SMOE-64733,09.10.2026,09.10.2026,24,0,Cable Services Ltd,5,CRTD PRC  CSER BASC BCRQ MACM SETC,
200234496027,EK3591-000,SMOE-64548,14.10.2026,14.10.2026,5,0,UK Power Networks(Operations) Ltd,5,CRTD PRC  BASC BCRQ MACM MSCP SETC,
200234654294,EK3591-000,SMOE-64548,14.10.2026,14.10.2026,5,0,UK Power Networks(Operations) Ltd,5,CRTD PRC  BASC BCRQ MACM SETC,
200234661395,EK3591-000,SMOE-64548,14.10.2026,14.10.2026,5,0,UK Power Networks(Operations) Ltd,5,CRTD PRC  BASC BCRQ MACM SETC,
200234313142,CR0671-000,CSJT-12B/3XU-3XU-GB01,29.10.2026,29.10.2026,35,0,SP Power Systems Ltd,5,CRTD MSPT PRC  CSER BASC BCRQ SETC,
200234518037,EN2828-000,CSJA-24C/1XU-1XU-DE02,11.11.2026,12.11.2026,300,0,Westnetz GmbH,5,CRTD MSPT PRC  BASC BCRQ SETC,
200234518038,EN2828-000,CSJA-24C/1XU-1XU-DE02,18.11.2026,19.11.2026,300,0,Westnetz GmbH,5,CRTD MSPT PRC  BASC BCRQ SETC,
200234459983,CR0671-000,CSJT-12B/3XU-3XU-GB01,26.11.2026,26.11.2026,35,0,SP Power Systems Ltd,5,CRTD MSPT PRC  BASC BCRQ SETC,
200234518039,EN2828-000,CSJA-24C/1XU-1XU-DE02,25.11.2026,26.11.2026,300,0,Westnetz GmbH,5,CRTD MSPT PRC  BASC BCRQ SETC,
200233938906,CH8130-000,CSJT-36D/1XU-1XU-GB03,29.07.2026,29.07.2026,189,40,SP Power Systems Ltd,5,REL  PRT  PCNF PRC  BASC BCRQ GMPS MACM*,COMP PREP
200234678868,CH8130-000,CSJT-36D/1XU-1XU-GB03,31.07.2026,31.07.2026,61,0,SP Power Systems Ltd,5,CRTD MSPT PRC  BASC BCRQ MSCP RELR SETC,
200233938901,CH8130-000,CSJT-36D/1XU-1XU-GB03,19.08.2026,20.08.2026,150,0,SP Power Systems Ltd,5,CRTD PRC  BASC BCRQ MACM MSCP SETC,
200234210577,CH8130-000,CSJT-36D/1XU-1XU-GB03,03.09.2026,03.09.2026,100,0,SP Power Systems Ltd,5,CRTD PRC  BASC BCRQ MACM SETC,
200234565272,EN9716-000,CSJR-24D/1XU-1XU-TH03,10.09.2026,10.09.2026,75,0,Tyco Electronics Singapore Pte Ltd,5,CRTD PRC  BASC BCRQ MACM MSCP SETC,
200234670383,EN9716-000,CSJR-24D/1XU-1XU-TH03,10.09.2026,14.09.2026,200,0,Tyco Electronics Singapore Pte Ltd,5,CRTD MSPT PRC  BASC BCRQ MSCP SETC,
200233938904,CH8130-000,CSJT-36D/1XU-1XU-GB03,16.09.2026,17.09.2026,150,0,SP Power Systems Ltd,5,CRTD PRC  BASC BCRQ MACM MSCP SETC,
200234274945,EN9716-000,CSJR-24D/1XU-1XU-TH03,16.09.2026,21.09.2026,325,0,Tyco Electronics Singapore Pte Ltd,5,CRTD MSPT PRC  BASC BCRQ SETC,
200234274947,EN9716-000,CSJR-24D/1XU-1XU-TH03,24.09.2026,28.09.2026,300,0,Tyco Electronics Singapore Pte Ltd,5,CRTD MSPT PRC  BASC BCRQ SETC,
200233931000,EK8958-000,SMOE-64559,05.08.2026,05.08.2026,2,0,UK Power Networks(Operations) Ltd,5,CRTD PRC  BASC BCRQ MACM SETC,
200233702492,EK6893-000,CSJA-12C/1XU-1XU-M-DE02,05.08.2026,06.08.2026,42,0,Krger-Werke GmbH,5,CRTD MSPT PRC  BASC BCRQ SETC,
200234476117,EF1238-000,BAH-038081493,07.08.2026,07.08.2026,50,0,UK Power Networks(Operations) Ltd,5,CRTD PRC  BASC BCRQ MACM MSCP SETC,
200234370690,EK6893-000,CSJA-12C/1XU-1XU-M-DE02,12.08.2026,12.08.2026,33,0,GE Wind Energy GmbH,5,CRTD PRC  BASC BCRQ MACM SETC,
200234459100,EF1243-000,BAH-038081498,14.08.2026,14.08.2026,2,0,SSE Stock Ltd,5,CRTD PRC  BASC BCRQ MACM SETC,
200234680918,EF1238-000,BAH-038081493,18.08.2026,18.08.2026,50,0,UK Power Networks(Operations) Ltd,5,CRTD PRC  BASC BCRQ MACM SETC,
200233996101,EK8958-000,SMOE-64559,02.09.2026,02.09.2026,3,0,UK Power Networks(Operations) Ltd,5,CRTD PRC  BASC BCRQ MACM SETC,
200234673117,EK8958-000,SMOE-64559,02.09.2026,02.09.2026,6,0,UK Power Networks(Operations) Ltd,5,CRTD PRC  BASC BCRQ MSCP SETC,
200234555938,EK6893-000,CSJA-12C/1XU-1XU-M-DE02,16.09.2026,16.09.2026,25,0,Sommer GmbH,5,CRTD MSPT PRC  BASC BCRQ MSCP SETC,
200234636747,EK8958-000,SMOE-64559,26.10.2026,26.10.2026,4,0,UK Power Networks(Operations) Ltd,5,CRTD PRC  BASC BCRQ SETC,
200234636749,EK8958-000,SMOE-64559,18.11.2026,18.11.2026,2,0,UK Power Networks(Operations) Ltd,5,CRTD PRC  BASC BCRQ SETC,
200234555939,EK6893-000,CSJA-12C/1XU-1XU-M-DE02,24.11.2026,24.11.2026,25,0,Sommer GmbH,5,CRTD MSPT PRC  BASC BCRQ SETC,
200234036402,EN6738-000,CSJH-24C/3XU-3XU-M1-SE01,29.07.2026,29.07.2026,7,0,Ahlsell Sverige AB,5,REL  PRT  PRC  BASC BCRQ GMPS MACM RESA*,COMP
200234352768,ER6985-000,CSJA-ENDSEAL-KIT-C-NL01,29.07.2026,29.07.2026,10,0,Tyco Electronics Polska Sp z o.o.,5,REL  PRT  PRC  BASC BCRQ GMPS MACM MSCP*,COMP
200234361690,ER8811-000,CSJA-24B2/1XU-1XU-PT01,03.08.2026,03.08.2026,40,0,Tyco Electronics Polska Sp z o.o.,5,CRTD PRC  BASC BCRQ MACM MSCP SETC,
200234460980,CL1172-011,CSJA-36D/1XU-1XU-M,03.08.2026,03.08.2026,24,0,Tyco Electronics Polska Sp z o.o.,5,REL  PRT  PRC  BASC BCRQ MACM SETC,
200234624959,ER8811-000,CSJA-24B2/1XU-1XU-PT01,04.08.2026,04.08.2026,82,0,Tyco Electronics Polska Sp z o.o.,5,CRTD MSPT PRC  BASC BCRQ MSCP SETC,
200233271509,CJ9877-005,CSJA-24D/1XU-1XU-M,05.08.2026,05.08.2026,90,0,Steinbacher Energie GmbH,5,CRTD PRC  BASC BCRQ MACM SETC,
200234585994,CL1172-011,CSJA-36D/1XU-1XU-M,05.08.2026,05.08.2026,2,0,Tyco Electronics Polska Sp z o.o.,5,CRTD PRC  BASC BCRQ MACM SETC,
200234518754,ER6977-000,CSJ-BUILDUP-KIT-E-NL01,07.08.2026,10.08.2026,32,0,Tyco Electronics Polska Sp z o.o.,5,CRTD PRC  BASC BCRQ MACM MSCP SETC,
200234218287,ER8811-000,CSJA-24B2/1XU-1XU-PT01,11.08.2026,11.08.2026,130,0,Tyco Electronics Polska Sp z o.o.,5,CRTD PRC  BASC BCRQ MACM MSCP SETC,
200234218289,ER8811-000,CSJA-24B2/1XU-1XU-PT01,12.08.2026,13.08.2026,300,0,Tyco Electronics Polska Sp z o.o.,5,CRTD MSPT PRC  BASC BCRQ MSCP SETC,
200234460982,CL1172-011,CSJA-36D/1XU-1XU-M,13.08.2026,13.08.2026,24,0,Tyco Electronics Polska Sp z o.o.,5,CRTD PRC  BASC BCRQ MACM SETC,
200234671032,ER6980-000,CSJA-24E/1XU-1XU-NL01,12.08.2026,13.08.2026,152,0,Tyco Electronics Polska Sp z o.o.,5,CRTD MSPT PRC  BASC BCRQ MSCP SETC,
200234193865,ER6983-000,CSJA-24F/1XU-1XU-NL01,19.08.2026,19.08.2026,15,0,Tyco Electronics Polska Sp z o.o.,5,CRTD MSPT PRC  BASC BCRQ MSCP RELR SETC,
200234218377,ER4231-000,CSJH-24B/1XU-3XU-M1-NL01,19.08.2026,19.08.2026,8,0,Tyco Electronics Polska Sp z o.o.,5,CRTD MSPT PRC  BASC BCRQ SETC,
200234555552,ER6985-000,CSJA-ENDSEAL-KIT-C-NL01,19.08.2026,19.08.2026,19,0,Tyco Electronics Polska Sp z o.o.,5,CRTD PRC  BASC BCRQ MACM SETC,
200234672195,CL1172-011,CSJA-36D/1XU-1XU-M,19.08.2026,19.08.2026,12,0,Tyco Electronics Polska Sp z o.o.,5,CRTD MSPT PRC  BASC BCRQ SETC,
200234352481,ER8811-000,CSJA-24B2/1XU-1XU-PT01,19.08.2026,20.08.2026,170,0,Tyco Electronics Polska Sp z o.o.,5,CRTD MSPT PRC  BASC BCRQ MSCP SETC,
200234536874,ER6980-000,CSJA-24E/1XU-1XU-NL01,19.08.2026,20.08.2026,152,0,Tyco Electronics Polska Sp z o.o.,5,CRTD MSPT PRC  BASC BCRQ SETC,
200234460149,ER8811-000,CSJA-24B2/1XU-1XU-PT01,21.08.2026,21.08.2026,30,0,Tyco Electronics Polska Sp z o.o.,5,CRTD PRC  BASC BCRQ MACM MSCP SETC,
200234460886,ER6976-000,CSJA-24C/1XU-1XU-NL01,21.08.2026,21.08.2026,30,0,Tyco Electronics Polska Sp z o.o.,5,CRTD MSPT PRC  BASC BCRQ SETC,
200234440565,ER6980-000,CSJA-24E/1XU-1XU-NL01,21.08.2026,24.08.2026,108,0,Tyco Electronics Polska Sp z o.o.,5,CRTD MSPT PRC  BASC BCRQ SETC,
200234505984,ER4231-000,CSJH-24B/1XU-3XU-M1-NL01,26.08.2026,27.08.2026,106,0,Tyco Electronics Polska Sp z o.o.,5,CRTD MSPT PRC  BASC BCRQ SETC,
200234536876,ER6980-000,CSJA-24E/1XU-1XU-NL01,26.08.2026,27.08.2026,152,0,Tyco Electronics Polska Sp z o.o.,5,CRTD MSPT PRC  BASC BCRQ SETC,
200234585989,ER6985-000,CSJA-ENDSEAL-KIT-C-NL01,02.09.2026,02.09.2026,22,0,Tyco Electronics Polska Sp z o.o.,5,CRTD PRC  BASC BCRQ MACM MSCP SETC,
200233271510,CJ9877-005,CSJA-24D/1XU-1XU-M,03.09.2026,03.09.2026,90,0,Steinbacher Energie GmbH,5,CRTD MSPT PRC  BASC BCRQ SETC,
200234673247,EK7899-000,CSJA-36E/1XU-1XU-JP01,03.09.2026,03.09.2026,1,0,TE Connectivity Japan G.K.,5,CRTD MSPT PRC  BASC BCRQ MSCP SETC,
200234555954,EN6738-000,CSJH-24C/3XU-3XU-M1-SE01,04.09.2026,04.09.2026,2,0,Kesko AB,5,CRTD MSPT PRC  BASC BCRQ MSCP SETC,
200234555670,EN6738-000,CSJH-24C/3XU-3XU-M1-SE01,04.09.2026,07.09.2026,1,0,Kesko AB,5,CRTD MSPT PRC  BASC BCRQ MSCP SETC,
200234585830,ER6976-000,CSJA-24C/1XU-1XU-NL01,09.09.2026,09.09.2026,80,0,Tyco Electronics Polska Sp z o.o.,5,CRTD MSPT PRC  BASC BCRQ SETC,
200234352685,ER4231-000,CSJH-24B/1XU-3XU-M1-NL01,15.09.2026,16.09.2026,200,0,Tyco Electronics Polska Sp z o.o.,5,CRTD MSPT PRC  BASC BCRQ SETC,
200234359533,ER4231-000,CSJH-24B/1XU-3XU-M1-NL01,16.09.2026,16.09.2026,4,0,Tyco Electronics Polska Sp z o.o.,5,CRTD MSPT PRC  BASC BCRQ SETC,
200234370695,ER4231-000,CSJH-24B/1XU-3XU-M1-NL01,16.09.2026,16.09.2026,4,0,Tyco Electronics Polska Sp z o.o.,5,CRTD MSPT PRC  BASC BCRQ SETC,
200234585982,ER6977-000,CSJ-BUILDUP-KIT-E-NL01,16.09.2026,16.09.2026,16,0,Tyco Electronics Polska Sp z o.o.,5,CRTD MSPT PRC  BASC BCRQ SETC,
200234585988,ER6985-000,CSJA-ENDSEAL-KIT-C-NL01,23.09.2026,23.09.2026,22,0,Tyco Electronics Polska Sp z o.o.,5,CRTD PRC  BASC BCRQ MACM SETC,
200234322886,CJ9877-005,CSJA-24D/1XU-1XU-M,30.09.2026,30.09.2026,100,0,IFK Gesellschaft Mbh,5,CRTD MSPT PRC  CSER BASC BCRQ SETC,
200234555662,ER8811-000,CSJA-24B2/1XU-1XU-PT01,30.09.2026,30.09.2026,40,0,Tyco Electronics Polska Sp z o.o.,5,CRTD MSPT PRC  BASC BCRQ MSCP SETC,
200234460150,ER8811-000,CSJA-24B2/1XU-1XU-PT01,02.10.2026,02.10.2026,30,0,Tyco Electronics Polska Sp z o.o.,5,CRTD PRC  BASC BCRQ MACM MSCP SETC,
200234460152,ER8811-000,CSJA-24B2/1XU-1XU-PT01,02.10.2026,05.10.2026,20,0,Tyco Electronics Polska Sp z o.o.,5,CRTD MSPT PRC  BASC BCRQ MSCP SETC,
200234460151,ER8811-000,CSJA-24B2/1XU-1XU-PT01,02.10.2026,06.10.2026,300,0,Tyco Electronics Polska Sp z o.o.,5,CRTD MSPT PRC  BASC BCRQ MSCP SETC,
200234646513,ER8811-000,CSJA-24B2/1XU-1XU-PT01,07.10.2026,07.10.2026,30,0,Tyco Electronics Polska Sp z o.o.,5,CRTD PRC  BASC BCRQ MACM SETC,
200234671020,ER8811-000,CSJA-24B2/1XU-1XU-PT01,07.10.2026,08.10.2026,190,0,Tyco Electronics Polska Sp z o.o.,5,CRTD MSPT PRC  BASC BCRQ SETC,
200234440573,ER4231-000,CSJH-24B/1XU-3XU-M1-NL01,13.10.2026,14.10.2026,200,0,Tyco Electronics Polska Sp z o.o.,5,CRTD MSPT PRC  BASC BCRQ SETC,
200234585990,ER6985-000,CSJA-ENDSEAL-KIT-C-NL01,14.10.2026,14.10.2026,7,0,Tyco Electronics Polska Sp z o.o.,5,CRTD PRC  BASC BCRQ MACM SETC,
200234585991,ER6985-000,CSJA-ENDSEAL-KIT-C-NL01,04.11.2026,04.11.2026,15,0,Tyco Electronics Polska Sp z o.o.,5,CRTD PRC  BASC BCRQ MACM SETC,
200234646505,ER8811-000,CSJA-24B2/1XU-1XU-PT01,04.11.2026,04.11.2026,30,0,Tyco Electronics Polska Sp z o.o.,5,CRTD PRC  BASC BCRQ MACM SETC,
200234671930,ER8811-000,CSJA-24B2/1XU-1XU-PT01,04.11.2026,04.11.2026,60,0,Tyco Electronics Polska Sp z o.o.,5,CRTD MSPT PRC  BASC BCRQ SETC,
200234671934,ER8811-000,CSJA-24B2/1XU-1XU-PT01,04.11.2026,04.11.2026,60,0,Tyco Electronics Polska Sp z o.o.,5,CRTD MSPT PRC  BASC BCRQ SETC,
200234266728,172599-000,SMOE-62546,29.07.2026,29.07.2026,5,0,SSE Stock Ltd,5,REL  PRT  PRC  BASC BCRQ GMPS MACM RESA*,COMP PREP
200234568168,172599-000,SMOE-62546,29.07.2026,29.07.2026,2,0,SSE Stock Ltd,5,REL  PRT  PRC  BASC BCRQ GMPS MACM MSCP*,COMP PREP
200234292937,EP6010-000,SMOE-64732,30.07.2026,30.07.2026,6,0,Cable Services Ltd,5,REL  PRT  PRC  BASC BCRQ GMPS MACM MSCP*,COMP PREP
200234303620,528687-000,SMOE-62542,30.07.2026,30.07.2026,40,0,SSE Stock Ltd,5,REL  PRT  PRC  BASC BCRQ MACM MSCP SETC,
200234266730,468515-000,SMOE-62534,31.07.2026,31.07.2026,12,0,SSE Stock Ltd,5,REL  PRT  PRC  BASC BCRQ MACM MSCP SETC,
200234424746,172599-000,SMOE-62546,31.07.2026,31.07.2026,10,0,SSE Stock Ltd,5,REL  PRT  PRC  BASC BCRQ MACM MSCP SETC,
200234507206,528687-000,SMOE-62542,30.07.2026,31.07.2026,20,0,SSE Stock Ltd,5,REL  PRT  PRC  BASC BCRQ MACM MSCP SETC,
200234507358,582525-000,SMOE-62533,30.07.2026,31.07.2026,20,0,SSE Stock Ltd,5,REL  PRT  PRC  BASC BCRQ MACM MSCP SETC,
200234591306,EP6010-000,SMOE-64732,03.08.2026,03.08.2026,100,0,UK Power Networks(Operations) Ltd,5,CRTD MSPT PRC  BASC BCRQ RELR SETC,
200234526950,528687-000,SMOE-62542,06.08.2026,06.08.2026,20,0,SSE Stock Ltd,5,CRTD MSPT PRC  BASC BCRQ MSCP SETC,
200234592651,582525-000,SMOE-62533,06.08.2026,06.08.2026,20,0,SSE Stock Ltd,5,CRTD MSPT PRC  BASC BCRQ MSCP SETC,
200234330241,EP6010-000,SMOE-64732,07.08.2026,07.08.2026,4,0,Cable Services Ltd,5,CRTD PRC  BASC BCRQ MACM SETC,
200234361658,468515-000,SMOE-62534,13.08.2026,13.08.2026,12,0,SSE Stock Ltd,5,CRTD PRC  BASC BCRQ MACM SETC,
200234592645,468515-000,SMOE-62534,21.08.2026,21.08.2026,12,0,SSE Stock Ltd,5,CRTD MSPT PRC  BASC BCRQ SETC,
200234568169,172599-000,SMOE-62546,24.08.2026,24.08.2026,25,0,SSE Stock Ltd,5,CRTD MSPT PRC  BASC BCRQ MSCP SETC,
200234652759,528687-000,SMOE-62542,25.08.2026,25.08.2026,17,0,SSE Stock Ltd,5,CRTD MSPT PRC  BASC BCRQ SETC,
200234681117,EP6010-000,SMOE-64732,28.08.2026,28.08.2026,1,0,Wolseley UK Limited,5,CRTD PRC  BASC BCRQ MACM SETC,
200234592646,468515-000,SMOE-62534,01.09.2026,01.09.2026,12,0,SSE Stock Ltd,5,CRTD MSPT PRC  BASC BCRQ MSCP SETC,
200234057276,F57005-000,SMOE-63191,09.09.2026,09.09.2026,3,0,Cable Services Ltd,5,CRTD MSPT PRC  BASC BCRQ SETC,
200234330069,172599-000,SMOE-62546,14.09.2026,14.09.2026,3,0,Cable Services Ltd,5,CRTD PRC  BASC BCRQ MACM SETC,
200234652767,528687-000,SMOE-62542,15.09.2026,15.09.2026,3,0,SSE Stock Ltd,5,CRTD MSPT PRC  BASC BCRQ SETC,
200234057272,F57005-000,SMOE-63191,22.09.2026,22.09.2026,7,0,Cable Services Ltd,5,CRTD MSPT PRC  BASC BCRQ SETC,
200234507333,172599-000,SMOE-62546,23.09.2026,23.09.2026,2,0,SSE Stock Ltd,5,CRTD MSPT PRC  BASC BCRQ SETC,
200234568172,172599-000,SMOE-62546,23.09.2026,23.09.2026,18,0,SSE Stock Ltd,5,CRTD MSPT PRC  BASC BCRQ SETC,
200234527592,172599-000,SMOE-62546,30.09.2026,30.09.2026,15,0,SSE Stock Ltd,5,CRTD MSPT PRC  BASC BCRQ MSCP SETC,
200234601886,F57005-000,SMOE-63191,09.10.2026,09.10.2026,15,0,Cable Services Ltd,5,CRTD MSPT PRC  BASC BCRQ SETC,
200234601887,F57005-000,SMOE-63191,11.11.2026,11.11.2026,5,0,Cable Services Ltd,5,CRTD MSPT PRC  BASC BCRQ SETC,
200234467113,484733-000,SMOE-62801,31.07.2026,31.07.2026,10,0,Cable Services Ltd,5,REL  PRT  PRC  BASC BCRQ MACM MSCP SETC,
200234468422,F88630-000,SMOE-63410,31.07.2026,31.07.2026,9,0,Cable Services Ltd,5,REL  PRT  PRC  BASC BCRQ MACM MSCP SETC,
200234476085,154225-000,SMOE-62707,06.08.2026,06.08.2026,20,0,Cable Services Ltd,5,CRTD PRC  BASC BCRQ MACM MSCP SETC,
200234527596,154225-000,SMOE-62707,06.08.2026,06.08.2026,40,0,SSE Stock Ltd,5,CRTD PRC  BASC BCRQ MACM MSCP SETC,
200234567164,154225-000,SMOE-62707,06.08.2026,06.08.2026,23,0,SSE Stock Ltd,5,CRTD PRC  BASC BCRQ MACM SETC,
200234266734,F88630-000,SMOE-63410,07.08.2026,07.08.2026,3,0,Cable Services Ltd,5,CRTD PRC  BASC BCRQ MACM SETC,
200234555951,CR0677-000,CSJT-12C/1XU-3XU-GB01,07.08.2026,07.08.2026,3,0,Wolseley UK Limited,5,CRTD MSPT PRC  BASC BCRQ MSCP SETC,
200234275102,CM9330-000,CSJA-24B/1XU-1XU-IE02,06.08.2026,11.08.2026,300,0,ESB,5,CRTD MSPT PRC  BASC BCRQ SETC,
200234476188,D48501-000,SMOE-63411,18.08.2026,18.08.2026,10,0,Cable Services Ltd,5,CRTD PRC  BASC BCRQ MACM MSCP SETC,
200234440572,ES7521-000,CSEH-12D/1XU-GB02,21.08.2026,21.08.2026,1,0,Wolseley UK Limited,5,CRTD PRC  BASC BCRQ MACM MSCP SETC,
200234636740,F88630-000,SMOE-63410,21.08.2026,21.08.2026,8,0,Cable Services Ltd,5,CRTD PRC  BASC BCRQ MACM SETC,
200234644474,CR0674-000,CATJ-12B/3XU-3SB-GB01,26.08.2026,26.08.2026,12,0,SP Power Systems Ltd,5,CRTD MSPT PRC  BASC BCRQ MSCP SETC,
200234645372,154225-000,SMOE-62707,26.08.2026,26.08.2026,40,0,SSE Stock Ltd,5,CRTD PRC  BASC BCRQ MACM SETC,
200234645478,154225-000,SMOE-62707,26.08.2026,26.08.2026,36,0,SSE Stock Ltd,5,CRTD PRC  BASC BCRQ MACM SETC,
200234275061,CR0674-000,CATJ-12B/3XU-3SB-GB01,27.08.2026,27.08.2026,12,0,SP Power Systems Ltd,5,CRTD MSPT PRC  BASC BCRQ MSCP SETC,
200234644920,CR0677-000,CSJT-12C/1XU-3XU-GB01,27.08.2026,27.08.2026,20,0,Cable Services Ltd,5,CRTD MSPT PRC  BASC BCRQ SETC,
200234148088,CR0677-000,CSJT-12C/1XU-3XU-GB01,03.09.2026,03.09.2026,10,0,SP Power Systems Ltd,5,CRTD MSPT PRC  BASC BCRQ SETC,
200234211364,CR0674-000,CATJ-12B/3XU-3SB-GB01,03.09.2026,03.09.2026,24,0,SP Power Systems Ltd,5,CRTD MSPT PRC  BASC BCRQ SETC,
200234468315,F88630-000,SMOE-63410,04.09.2026,04.09.2026,2,0,Cable Services Ltd,5,CRTD PRC  BASC BCRQ MACM SETC,
200234567168,154225-000,SMOE-62707,04.09.2026,04.09.2026,17,0,SSE Stock Ltd,5,CRTD PRC  BASC BCRQ MACM SETC,
200234567171,154225-000,SMOE-62707,04.09.2026,04.09.2026,20,0,SSE Stock Ltd,5,CRTD PRC  BASC BCRQ MACM SETC,
200234252870,515507-000,SMOE-62668,07.09.2026,07.09.2026,1,0,Cable Services Ltd,5,CRTD PRC  BASC BCRQ MACM SETC,
200234330071,515507-000,SMOE-62668,07.09.2026,07.09.2026,1,0,Cable Services Ltd,5,CRTD PRC  BASC BCRQ MACM SETC,
200234084414,CM9330-000,CSJA-24B/1XU-1XU-IE02,07.09.2026,09.09.2026,300,0,ESB,5,CRTD MSPT PRC  BASC BCRQ SETC,
200234147182,CM9341-000,CSJA-24D/1XU-1XU-IE01,07.09.2026,09.09.2026,240,0,ESB,5,CRTD MSPT PRC  BASC BCRQ SETC,
200234369656,CM9341-000,CSJA-24D/1XU-1XU-IE01,17.09.2026,21.09.2026,240,0,ESB,5,CRTD MSPT PRC  BASC BCRQ SETC,
200234370680,CM9330-000,CSJA-24B/1XU-1XU-IE02,17.09.2026,21.09.2026,200,0,ESB,5,CRTD MSPT PRC  BASC BCRQ SETC,
200234370681,CM9341-000,CSJA-24D/1XU-1XU-IE01,21.09.2026,23.09.2026,200,0,ESB,5,CRTD MSPT PRC  BASC BCRQ SETC,
200234440575,CM9330-000,CSJA-24B/1XU-1XU-IE02,24.09.2026,25.09.2026,100,0,ESB,5,CRTD PRC  BASC BCRQ MACM SETC,
200234467230,515507-000,SMOE-62668,29.09.2026,29.09.2026,12,0,Cable Services Ltd,5,CRTD MSPT PRC  BASC BCRQ MSCP SETC,
200234645846,154225-000,SMOE-62707,30.09.2026,30.09.2026,24,0,SSE Stock Ltd,5,CRTD PRC  BASC BCRQ MACM SETC,
200234645848,154225-000,SMOE-62707,30.09.2026,30.09.2026,60,0,SSE Stock Ltd,5,CRTD PRC  BASC BCRQ MACM MSCP SETC,
200234460047,CR0674-000,CATJ-12B/3XU-3SB-GB01,01.10.2026,01.10.2026,24,0,SP Power Systems Ltd,5,CRTD MSPT PRC  BASC BCRQ SETC,
200234460719,CR0677-000,CSJT-12C/1XU-3XU-GB01,01.10.2026,01.10.2026,10,0,SP Power Systems Ltd,5,CRTD PRC  BASC BCRQ MACM SETC,
200234460793,CM9334-000,CSJA-24B/1XU-1XU-IE01,23.10.2026,23.10.2026,20,0,ESB,5,CRTD MSPT PRC  BASC BCRQ SETC,
200234460794,CM9334-000,CSJA-24B/1XU-1XU-IE01,23.10.2026,23.10.2026,12,0,ESB,5,CRTD PRC  BASC BCRQ MACM SETC,
200234460785,CM9330-000,CSJA-24B/1XU-1XU-IE02,29.10.2026,30.10.2026,100,0,ESB,5,CRTD MSPT PRC  BASC BCRQ SETC,
200234556300,CR0677-000,CSJT-12C/1XU-3XU-GB01,18.11.2026,18.11.2026,20,0,SP Power Systems Ltd,5,CRTD MSPT PRC  BASC BCRQ MSCP SETC,
200234644578,CR0677-000,CSJT-12C/1XU-3XU-GB01,18.11.2026,18.11.2026,20,0,SP Power Systems Ltd,5,CRTD MSPT PRC  BASC BCRQ MSCP SETC,
200234672180,CR0677-000,CSJT-12C/1XU-3XU-GB01,18.11.2026,18.11.2026,15,0,Wolseley UK Limited,5,CRTD MSPT PRC  BASC BCRQ MSCP SETC,
200234547627,EF1235-000,BAH-038081490,04.08.2026,04.08.2026,100,0,UK Power Networks(Operations) Ltd,5,CRTD PRC  BASC BCRQ MACM MSCP SETC,
200234592648,EF1235-000,BAH-038081490,01.09.2026,01.09.2026,100,0,UK Power Networks(Operations) Ltd,5,CRTD PRC  BASC BCRQ MACM MSCP SETC,
200234303625,EK3592-000,SMOE-64549,03.08.2026,03.08.2026,12,0,UK Power Networks(Operations) Ltd,5,REL  PRT  PRC  BASC BCRQ MACM MSCP SETC,
200234601051,EF1240-000,BAH-038081495,03.08.2026,03.08.2026,50,0,UK Power Networks(Operations) Ltd,5,REL  PRC  BASC BCRQ MACM SETC,
200233702496,ES2307-000,CSJA-12C/1XU-1XU-M-DE03,05.08.2026,06.08.2026,42,0,Krger-Werke GmbH,5,CRTD MSPT PRC  BASC BCRQ SETC,
200234370689,ES2307-000,CSJA-12C/1XU-1XU-M-DE03,12.08.2026,12.08.2026,33,0,GE Wind Energy GmbH,5,CRTD MSPT PRC  BASC BCRQ SETC,
200234558657,EP6153-000,SMOE-64728,17.09.2026,17.09.2026,50,0,UK Power Networks(Operations) Ltd,5,CRTD PRC  BASC BCRQ MACM MSCP SETC,
200234653839,EK3592-000,SMOE-64549,29.09.2026,29.09.2026,12,0,UK Power Networks(Operations) Ltd,5,CRTD PRC  BASC BCRQ MACM SETC,
200234558665,693527-000,SMOE-62592,05.08.2026,05.08.2026,50,0,,,CRTD PRC  BASC BCRQ MACM MSCP SETC,
200234592914,892195-011,SHSM-12A-E-(1),06.08.2026,06.08.2026,50,0,,,CRTD PRC  BASC BCRQ MACM RELR SETC,
200234466673,693527-000,SMOE-62592,11.08.2026,11.08.2026,35,0,,,CRTD PRC  BASC BCRQ MACM SETC,
200234680932,892195-011,SHSM-12A-E-(1),20.08.2026,20.08.2026,50,0,,,CRTD PRC  BASC BCRQ MACM SETC,
200234591309,693527-000,SMOE-62592,27.08.2026,27.08.2026,10,0,,,CRTD PRC  BASC BCRQ MACM SETC,
200234592915,100219-011,SHSM-12A-L(1),03.08.2026,03.08.2026,25,0,,,REL  PRT  PRC  BASC BCRQ MACM MSCP SETC,
200234683251,100219-011,SHSM-12A-L(1),18.08.2026,18.08.2026,25,0,,,CRTD PRC  BASC BCRQ MACM SETC,
200234526944,146815-000,SMOE-61745,30.07.2026,30.07.2026,60,0,,,REL  PRT  PRC  BASC BCRQ MACM MSCP SETC,PREP
200234592916,235479-000,SMOE-62146,03.08.2026,03.08.2026,60,0,,,REL  PRT  PRC  BASC BCRQ MACM MSCP SETC,
200234652591,146815-000,SMOE-61745,17.08.2026,17.08.2026,60,0,,,CRTD PRC  BASC BCRQ MACM SETC,
200234646454,235479-000,SMOE-62146,18.08.2026,18.08.2026,120,0,,,CRTD MSPT PRC  BASC BCRQ MSCP SETC,
200234592913,889655-011,SHSM-12A-L,03.08.2026,03.08.2026,50,0,,,REL  PRT  PRC  BASC BCRQ MACM MSCP SETC,
200234652772,889655-011,SHSM-12A-L,20.08.2026,20.08.2026,50,0,,,CRTD PRC  BASC BCRQ MACM SETC,
200234591312,448535-011,SHSM-12A-M,03.08.2026,03.08.2026,50,0,,,REL  PRT  PRC  BASC BCRQ MACM MSCP SETC,
200234680928,448535-011,SHSM-12A-M,20.08.2026,20.08.2026,50,0,,,CRTD PRC  BASC BCRQ MACM SETC,
200234181971,472191-000,SMOE-61835,30.07.2026,30.07.2026,12,0,,,REL  PRT  PRC  BASC BCRQ MACM SETC,PREP
200234266732,A99313-000,SMOE-63425,31.07.2026,31.07.2026,3,0,,,REL  PRT  PRC  BASC BCRQ MACM MSCP SETC,PREP
200234353337,CJ9889-011,CSJA-24E/1XU-1XU-M2,05.08.2026,05.08.2026,30,0,Steinbacher Energie GmbH,5,CRTD MSPT PRC  BASC BCRQ SETC,
200234644711,EN5710-000,CSJA-24B/1XU-1XU-M-PT01,05.08.2026,05.08.2026,20,0,Tyco Electronics Polska Sp z o.o.,5,CRTD PRC  BASC BCRQ MACM MSCP SETC,
200234636739,A99313-000,SMOE-63425,14.08.2026,14.08.2026,8,0,,,CRTD PRC  BASC BCRQ MACM MSCP SETC,
200234468314,A99313-000,SMOE-63425,27.08.2026,27.08.2026,2,0,,,CRTD PRC  BASC BCRQ MACM SETC,
200234466672,CR3660-000,MXSU-5301-IE01,08.09.2026,08.09.2026,72,0,ESB,5,CRTD PRC  BASC BCRQ MACM MSCP SETC,
200234653846,472191-000,SMOE-61835,11.09.2026,11.09.2026,6,0,,,CRTD MSPT PRC  BASC BCRQ SETC,
200234370684,CR3646-000,CSJA-24E/1XU-1XU-IE01,18.09.2026,21.09.2026,3,0,ESB,5,CRTD PRC  BASC BCRQ MACM SETC,
200234371756,EM9873-000,CSJ-BUILDUP-KIT-D-GB02,06.08.2026,06.08.2026,1,0,Cable Services Ltd,5,CRTD PRC  BASC BCRQ MACM MSCP SETC,
200234555860,CJ7360-005,CSJA-24B/1XU-1XU-M,06.08.2026,06.08.2026,24,0,Prego Services GmbH,5,CRTD PRC  BASC BCRQ MACM MSCP SETC,
200234644927,EM9873-000,CSJ-BUILDUP-KIT-D-GB02,24.08.2026,24.08.2026,2,0,SSE Stock Ltd,5,CRTD PRC  BASC BCRQ MACM SETC,
200233785069,104551-000,SMOE-62359,03.08.2026,03.08.2026,9,0,,,REL  PRC  BASC BCRQ MACM SETC,
200234350696,936473-000,SMOE-61987,06.08.2026,06.08.2026,1,0,Cable Services Ltd,5,CRTD PRC  BASC BCRQ MACM SETC,
200234361577,EK3590-000,SMOE-64546,06.08.2026,06.08.2026,30,0,Cable Services Ltd,5,CRTD PRC  BASC BCRQ MACM SETC,
200234379581,799501-000,SHSS-12A-IND,06.08.2026,06.08.2026,10,0,Wolseley UK Limited,5,CRTD PRC  BASC BCRQ MACM MSCP SETC,
200234379596,936473-000,SMOE-61987,06.08.2026,06.08.2026,1,0,Wolseley UK Limited,5,CRTD PRC  BASC BCRQ MACM MSCP SETC,
200234181973,427805-000,SMOE-62332,07.08.2026,07.08.2026,6,0,Cable Services Ltd,5,CRTD PRC  BASC BCRQ MACM SETC,
200234330076,E25698-000,SMOE-63413,07.08.2026,07.08.2026,4,0,Cable Services Ltd,5,CRTD PRC  BASC BCRQ MACM SETC,
200234330239,CJ4598-000,SMOE-63634,07.08.2026,07.08.2026,2,0,Cable Services Ltd,5,CRTD PRC  BASC BCRQ MACM SETC,
200234370694,CU1818-000,CSJH-36E/1XU-1XU-GB03,07.08.2026,07.08.2026,6,0,Cable Services Ltd,5,CRTD PRC  BASC BCRQ MACM SETC,
200234546396,EF1233-000,BAH-038081488,10.08.2026,10.08.2026,15,0,Wolseley UK Limited,5,CRTD PRC  BASC BCRQ MACM MSCP SETC,
200234546468,799501-000,SHSS-12A-IND,10.08.2026,10.08.2026,10,0,Wolseley UK Limited,5,CRTD PRC  BASC BCRQ MACM MSCP SETC,
200234252873,427805-000,SMOE-62332,14.08.2026,14.08.2026,6,0,Cable Services Ltd,5,CRTD PRC  BASC BCRQ MACM SETC,
200234591314,799501-000,SHSS-12A-IND,14.08.2026,14.08.2026,10,0,Wolseley UK Limited,5,CRTD MSPT PRC  BASC BCRQ MSCP SETC,
200234558660,799501-000,SHSS-12A-IND,17.08.2026,17.08.2026,5,0,Cable Services Ltd,5,CRTD PRC  BASC BCRQ MACM SETC,
200234592348,EF1233-000,BAH-038081488,21.08.2026,21.08.2026,13,0,Wolseley UK Limited,5,CRTD PRC  BASC BCRQ MACM SETC,
200234556297,EN6737-000,CSJH-24B/3XU-3XU-M-SE02,26.08.2026,26.08.2026,2,0,Kesko AB,5,CRTD PRC  BASC BCRQ MACM MSCP SETC,
200234654287,799501-000,SHSS-12A-IND,28.08.2026,28.08.2026,10,0,Wolseley UK Limited,5,CRTD MSPT PRC  BASC BCRQ SETC,
200234680933,799501-000,SHSS-12A-IND,28.08.2026,28.08.2026,30,0,Wolseley UK Limited,5,CRTD MSPT PRC  BASC BCRQ SETC,
200234546460,799501-000,SHSS-12A-IND,11.09.2026,11.09.2026,10,0,Wolseley UK Limited,5,CRTD PRC  BASC BCRQ MACM SETC,
200234654282,CJ4598-000,SMOE-63634,14.09.2026,14.09.2026,2,0,Cable Services Ltd,5,CRTD MSPT PRC  BASC BCRQ MSCP SETC,
200234546473,799501-000,SHSS-12A-IND,17.09.2026,17.09.2026,20,0,Cable Services Ltd,5,CRTD PRC  BASC BCRQ MACM SETC,
200234591313,799501-000,SHSS-12A-IND,17.09.2026,17.09.2026,20,0,Cable Services Ltd,5,CRTD MSPT PRC  BASC BCRQ SETC,
200234654284,EK3590-000,SMOE-64546,21.09.2026,21.09.2026,30,0,Cable Services Ltd,5,CRTD PRC  BASC BCRQ MACM SETC,
200234361182,104551-000,SMOE-62359,23.09.2026,23.09.2026,78,0,,,CRTD PRC  BASC BCRQ MACM SETC,
200234583469,E25698-000,SMOE-63413,30.09.2026,30.09.2026,2,0,Wolseley UK Limited,5,CRTD MSPT PRC  BASC BCRQ SETC,
200234361187,104551-000,SMOE-62359,04.11.2026,09.11.2026,324,0,,,CRTD MSPT PRC  CSER BASC BCRQ MSCP SETC,
200234592351,EP6009-000,SMOE-64731,11.08.2026,11.08.2026,30,0,UK Power Networks(Operations) Ltd,5,CRTD MSPT PRC  BASC BCRQ SETC,
200234458402,EP6009-000,SMOE-64731,14.08.2026,14.08.2026,4,0,Cable Services Ltd,5,CRTD PRC  BASC BCRQ MACM SETC,
200234602077,EP6009-000,SMOE-64731,28.08.2026,28.08.2026,5,0,Wolseley UK Limited,5,CRTD MSPT PRC  BASC BCRQ SETC,
200234027495,BM4751-000,CATJ-36D/1XU-3HL-GB02,03.08.2026,04.08.2026,58,0,SP Power Systems Ltd,2,REL  PRC  BASC BCRQ MACM MSCP SETC,
200234518388,EM9879-000,CSJH-36F/1XU-1XU-GB03,07.08.2026,07.08.2026,14,0,SSE Stock Ltd,5,CRTD PRC  BASC BCRQ MACM SETC,
200234653663,BM4751-000,CATJ-36D/1XU-3HL-GB02,18.08.2026,18.08.2026,2,0,SP Power Systems Ltd,5,CRTD MSPT PRC  BASC BCRQ SETC,
200234645364,018554-000,SMOE-62831,29.09.2026,29.09.2026,10,0,UK Power Networks(Operations) Ltd,5,CRTD PRC  BASC BCRQ MACM MSCP SETC,
200234646441,017949-011,SHSM-12A-L(2),03.08.2026,03.08.2026,20,0,,,REL  PRT  PRC  BASC BCRQ MACM MSCP SETC,
200234646447,017949-011,SHSM-12A-L(2),12.08.2026,12.08.2026,20,0,,,CRTD PRC  BASC BCRQ MACM MSCP SETC,
200234527779,021021-000,SMOE-62704,03.08.2026,03.08.2026,15,0,,,REL  PRT  PRC  BASC BCRQ MACM MSCP SETC,PREP
200234646226,021021-000,SMOE-62704,16.09.2026,16.09.2026,18,0,,,CRTD MSPT PRC  BASC BCRQ MSCP SETC,
200234349632,E08081-000,SMOE-63424,05.08.2026,05.08.2026,46,0,,,CRTD PRC  BASC BCRQ MACM SETC,
200234379409,EM9870-000,SMOE-64707,03.09.2026,03.09.2026,2,0,Cable Services Ltd,5,CRTD PRC  BASC BCRQ MACM SETC,
200234670169,EM9870-000,SMOE-64707,23.11.2026,23.11.2026,1,0,SSE Stock Ltd,5,CRTD PRC  BASC BCRQ MACM SETC,
200234654464,EM9870-000,SMOE-64707,25.11.2026,25.11.2026,4,0,SSE Stock Ltd,5,CRTD PRC  BASC BCRQ MACM SETC,
200234468424,659615-011,SHSM-12B-C,05.08.2026,05.08.2026,52,0,,,CRTD PRC  BASC BCRQ MACM MSCP SETC,
200234253117,EH2733-000,SMOE-64466,14.08.2026,14.08.2026,10,0,Cable Services Ltd,5,CRTD PRC  BASC BCRQ MACM SETC,
200234591308,604807-000,SMOE-61757,14.08.2026,14.08.2026,2,0,Wolseley UK Limited,5,CRTD PRC  BASC BCRQ MACM MSCP SETC,
200234610102,EM9872-000,CSJ-ENDSEAL-KIT-D-GB06,14.08.2026,14.08.2026,6,0,SSE Stock Ltd,5,CRTD PRC  BASC BCRQ MACM MSCP SETC,
200234546476,659615-011,SHSM-12B-C,24.08.2026,24.08.2026,22,0,,,CRTD PRC  BASC BCRQ MACM SETC,
200234507210,148969-011,SHSM-12B-C(1),03.08.2026,03.08.2026,19,0,,,REL  PRT  PRC  BASC BCRQ MACM MSCP SETC,PREP
200234654277,148969-011,SHSM-12B-C(1),19.08.2026,19.08.2026,17,0,,,CRTD PRC  BASC BCRQ MACM SETC,
200234646444,405115-011,SHSM-12AB-C,12.08.2026,12.08.2026,50,0,,,CRTD PRC  BASC BCRQ MACM MSCP SETC,
200234636738,A54422-000,SMOE-63426,14.08.2026,14.08.2026,8,0,,,CRTD PRC  BASC BCRQ MACM MSCP SETC,
200234218947,ER6979-000,CSJ-BUILDUP-KIT-C-NL01,19.08.2026,19.08.2026,8,0,Tyco Electronics Polska Sp z o.o.,5,CRTD PRC  BASC BCRQ MACM SETC,
200234275017,CS7185-000,SMOE-64147,19.08.2026,19.08.2026,4,0,Tyco Electronics Polska Sp z o.o.,5,CRTD PRC  BASC BCRQ MACM SETC,
200234555554,ER6986-000,CSJA-ENDSEAL-KIT-E-NL01,19.08.2026,19.08.2026,80,0,Tyco Electronics Polska Sp z o.o.,5,CRTD PRC  BASC BCRQ MACM SETC,
200234468313,A54422-000,SMOE-63426,27.08.2026,27.08.2026,2,0,,,CRTD PRC  BASC BCRQ MACM SETC,
200234585984,ER6986-000,CSJA-ENDSEAL-KIT-E-NL01,02.09.2026,02.09.2026,62,0,Tyco Electronics Polska Sp z o.o.,5,CRTD PRC  BASC BCRQ MACM MSCP SETC,
200234275018,CS7185-000,SMOE-64147,09.09.2026,09.09.2026,4,0,Tyco Electronics Polska Sp z o.o.,5,CRTD PRC  BASC BCRQ MACM SETC,
200234585983,ER6986-000,CSJA-ENDSEAL-KIT-E-NL01,23.09.2026,23.09.2026,27,0,Tyco Electronics Polska Sp z o.o.,5,CRTD PRC  BASC BCRQ MACM SETC,
200234585985,ER6986-000,CSJA-ENDSEAL-KIT-E-NL01,14.10.2026,14.10.2026,63,0,Tyco Electronics Polska Sp z o.o.,5,CRTD MSPT PRC  BASC BCRQ SETC,
200234644593,ER6986-000,CSJA-ENDSEAL-KIT-E-NL01,28.10.2026,28.10.2026,47,0,Tyco Electronics Polska Sp z o.o.,5,CRTD MSPT PRC  BASC BCRQ SETC,
200234585986,ER6986-000,CSJA-ENDSEAL-KIT-E-NL01,04.11.2026,04.11.2026,48,0,Tyco Electronics Polska Sp z o.o.,5,CRTD MSPT PRC  BASC BCRQ SETC,
200234644716,ER6986-000,CSJA-ENDSEAL-KIT-E-NL01,11.11.2026,11.11.2026,19,0,Tyco Electronics Polska Sp z o.o.,5,CRTD MSPT PRC  BASC BCRQ SETC,
200234527587,588277-000,SMOE-62147,03.08.2026,03.08.2026,45,0,,,REL  PRT  PRC  BASC BCRQ MACM MSCP SETC,
200234654280,588277-000,SMOE-62147,17.08.2026,17.08.2026,30,0,,,CRTD MSPT PRC  BASC BCRQ SETC,
200234527588,592659-000,SMOE-61760,03.08.2026,03.08.2026,20,0,,,REL  PRT  PRC  BASC BCRQ MACM MSCP SETC,
200234683250,386253-000,SMOE-61764,18.08.2026,18.08.2026,20,0,,,CRTD PRC  BASC BCRQ MACM SETC,
200234680924,EP6006-000,SMOE-64743,24.08.2026,24.08.2026,20,0,UK Power Networks(Operations) Ltd,5,CRTD MSPT PRC  BASC BCRQ SETC,
200234460779,CM2222-000,CSJR-24C/1XU-1XU-NL01,18.08.2026,19.08.2026,100,0,Stedin Netbeheer B.V.,5,CRTD PRC  BASC BCRQ MACM SETC,
200234652770,644885-000,SMOE-62118,25.08.2026,25.08.2026,3,0,,,CRTD MSPT PRC  BASC BCRQ SETC,
200234496033,EF1231-000,BAH-038081486,27.08.2026,27.08.2026,100,0,Cable Services Ltd,5,CRTD PRC  BASC BCRQ MACM SETC,
200234220236,CH8133-000,CSJT-36E/1XU-1XU-GB02,03.09.2026,03.09.2026,40,0,SP Power Systems Ltd,5,CRTD PRC  BASC BCRQ MACM SETC,
200234655073,CS9846-000,CSJH-36E/1XU-1XU-GB02,04.09.2026,04.09.2026,12,0,Cable Services Ltd,5,CRTD MSPT PRC  BASC BCRQ MSCP SETC,
200234458404,F93254-000,SMOE-63188,11.09.2026,11.09.2026,10,0,Cable Services Ltd,5,CRTD MSPT PRC  BASC BCRQ SETC,
200234652776,518057-000,SMOE-62103,01.09.2026,01.09.2026,3,0,Northern Powergrid,5,CRTD MSPT PRC  BASC BCRQ MSCP SETC,
200234518044,BM5480-000,CSJA-36E/1XU-1XU-M-AT01,01.09.2026,02.09.2026,200,0,IFK Gesellschaft Mbh,5,CRTD MSPT PRC  BASC BCRQ SETC,
200234537328,BM5480-000,CSJA-36E/1XU-1XU-M-AT01,08.09.2026,09.09.2026,300,0,IFK Gesellschaft Mbh,5,CRTD MSPT PRC  BASC BCRQ SETC,
200234210578,BM4748-000,CATJ-36D/1XU-1HL-GB02,02.09.2026,02.09.2026,10,0,SP Power Systems Ltd,5,CRTD MSPT PRC  BASC BCRQ SETC,
200234211276,CS1219-000,CSJT-12B/1XU-1XU-GB01,03.09.2026,03.09.2026,20,0,SP Power Systems Ltd,5,CRTD MSPT PRC  BASC BCRQ SETC,
200234211368,CR0679-000,CATJ-12B/1XU-3SB-GB01,03.09.2026,03.09.2026,6,0,SP Power Systems Ltd,5,CRTD MSPT PRC  BASC BCRQ SETC,
200234211372,CH8134-000,CSJT-36F/1XU-1XU-GB01,03.09.2026,03.09.2026,20,0,SP Power Systems Ltd,5,CRTD PRC  BASC BCRQ MACM SETC,
200233986204,CR0679-000,CATJ-12B/1XU-3SB-GB01,12.10.2026,12.10.2026,20,0,SP Power Systems Ltd,5,CRTD MSPT PRC  CSER BASC BCRQ SETC,
200234644472,CS1219-000,CSJT-12B/1XU-1XU-GB01,16.10.2026,16.10.2026,2,0,Wolseley UK Limited,5,CRTD MSPT PRC  BASC BCRQ SETC,
200234313079,CS1219-000,CSJT-12B/1XU-1XU-GB01,29.10.2026,29.10.2026,20,0,SP Power Systems Ltd,5,CRTD MSPT PRC  CSER BASC BCRQ SETC,
200234592910,029181-011,SHSM-12B-S,03.08.2026,03.08.2026,201,0,,,REL  PRC  BASC BCRQ MACM MSCP SETC,
200234654150,029181-011,SHSM-12B-S,17.08.2026,17.08.2026,100,0,,,CRTD PRC  BASC BCRQ MACM SETC,
200234680934,029181-011,SHSM-12B-S,24.08.2026,24.08.2026,100,0,,,CRTD PRC  BASC BCRQ MACM MSCP SETC,
200234219003,685819-000,SMOE-62362,06.08.2026,06.08.2026,361,0,,,CRTD MSPT PRC  BASC BCRQ SETC,
200234547308,685819-000,SMOE-62362,19.08.2026,19.08.2026,107,0,,,CRTD PRC  BASC BCRQ MACM MSCP SETC,
200234645934,685819-000,SMOE-62362,10.09.2026,10.09.2026,22,0,,,CRTD MSPT PRC  BASC BCRQ MSCP SETC,
200234680927,154649-011,SHSM-12A-C,28.08.2026,28.08.2026,200,0,,,CRTD PRC  BASC BCRQ MACM MSCP SETC,
200234546058,886821-000,SMOE-62364,17.08.2026,17.08.2026,217,0,,,CRTD PRC  BASC BCRQ MACM MSCP SETC,
200234601813,886821-000,SMOE-62364,29.09.2026,29.09.2026,20,0,,,CRTD PRC  BASC BCRQ MACM SETC,
200234583464,946231-000,SMOE-61947,07.08.2026,07.08.2026,3,0,,,CRTD PRC  BASC BCRQ MACM MSCP SETC,
200234583463,894573-000,SMOE-61948,10.08.2026,10.08.2026,20,0,,,CRTD PRC  BASC BCRQ MACM MSCP SETC,
200234583458,809269-000,SMOE-61981,07.08.2026,07.08.2026,2,0,,,CRTD PRC  BASC BCRQ MACM MSCP SETC,
200234600973,296159-000,SMOE-61940,03.09.2026,04.09.2026,235,0,,,CRTD PRC  BASC BCRQ MACM MSCP SETC,
200234645856,296159-000,SMOE-61940,17.09.2026,17.09.2026,9,0,,,CRTD PRC  BASC BCRQ MACM SETC,
200234654278,643149-000,SMOE-61983,03.09.2026,03.09.2026,1,0,,,CRTD MSPT PRC  BASC BCRQ MSCP SETC,
200234645932,643149-000,SMOE-61983,17.09.2026,17.09.2026,10,0,,,CRTD MSPT PRC  BASC BCRQ SETC,
200234216038,CJ1908-000,CSJA-24C/1XU-1XU-CH01,09.09.2026,11.09.2026,150,0,Sigmaform (Schweiz) AG,5,CRTD MSPT PRC  BASC BCRQ SETC,
200233967908,A25267-011,SHSM-12B-JSCR,11.09.2026,11.09.2026,6,0,,,CRTD MSPT PRC  BASC BCRQ SETC,
200234352681,ER6384-000,CSJH-24B/3XU-3XU-M-NL01,15.09.2026,16.09.2026,150,0,Tyco Electronics Polska Sp z o.o.,5,CRTD MSPT PRC  BASC BCRQ SETC,
200234353345,ER5489-000,CSJH-24C/1XU-1XU-M1-NL01,16.09.2026,16.09.2026,30,0,Tyco Electronics Polska Sp z o.o.,5,CRTD PRC  BASC BCRQ MACM SETC,
200234378843,ER5491-000,CSJH-24E/1XU-1XU-M2-NL01,16.09.2026,16.09.2026,120,0,Tyco Electronics Polska Sp z o.o.,5,CRTD PRC  BASC BCRQ MACM SETC,
200234440574,ER5489-000,CSJH-24C/1XU-1XU-M1-NL01,14.10.2026,14.10.2026,30,0,Tyco Electronics Polska Sp z o.o.,5,CRTD PRC  BASC BCRQ MACM SETC,
200234610106,ER5489-000,CSJH-24C/1XU-1XU-M1-NL01,14.10.2026,14.10.2026,3,0,Tyco Electronics Polska Sp z o.o.,5,CRTD MSPT PRC  BASC BCRQ SETC,
200234644917,ER5489-000,CSJH-24C/1XU-1XU-M1-NL01,14.10.2026,14.10.2026,1,0,Tyco Electronics Polska Sp z o.o.,5,CRTD MSPT PRC  BASC BCRQ SETC,
200234586088,ER5489-000,CSJH-24C/1XU-1XU-M1-NL01,21.10.2026,21.10.2026,5,0,Tyco Electronics Polska Sp z o.o.,5,CRTD MSPT PRC  BASC BCRQ SETC,
200233376337,CS9849-000,SMOE-64222,18.09.2026,18.09.2026,3,0,SP Power Systems Ltd,5,CRTD PRC  BASC BCRQ MACM SETC,
200234653841,EP1200-000,RPIC-3-GB01,21.09.2026,21.09.2026,9,0,Cable Services Ltd,5,CRTD PRC  BASC BCRQ MACM SETC,
200234653848,219571-000,SMOE-62718,21.09.2026,21.09.2026,6,0,Cable Services Ltd,5,CRTD PRC  BASC BCRQ MACM SETC,
200234654279,CA2460-000,SMOE-63441,21.09.2026,21.09.2026,1,0,Cable Services Ltd,5,CRTD PRC  BASC BCRQ MACM SETC,
200234546465,CS9849-000,SMOE-64222,24.09.2026,24.09.2026,6,0,Cable Services Ltd,5,CRTD MSPT PRC  BASC BCRQ SETC,
200233376344,CS9849-000,SMOE-64222,19.11.2026,19.11.2026,3,0,SP Power Systems Ltd,5,CRTD PRC  CSER BASC BCRQ MACM SETC,
200234057269,F13246-011,SHSM-12A-JSCR,13.08.2026,13.08.2026,8,0,,,CRTD PRC  BASC BCRQ MACM SETC,
200233967779,F13246-011,SHSM-12A-JSCR,24.09.2026,24.09.2026,46,0,,,CRTD PRC  BASC BCRQ MACM SETC,
200234601883,F13246-011,SHSM-12A-JSCR,28.10.2026,28.10.2026,10,0,,,CRTD PRC  BASC BCRQ MACM SETC,
200234379003,BM8610-000,CSJH-24C/1XU-1XU-M1-DE01,23.09.2026,23.09.2026,300,0,Tyco Electronics Polska Sp z o.o.,5,CRTD MSPT PRC  BASC BCRQ SETC,
200234379004,BM8610-000,CSJH-24C/1XU-1XU-M1-DE01,23.09.2026,23.09.2026,200,0,Tyco Electronics Polska Sp z o.o.,5,CRTD MSPT PRC  BASC BCRQ SETC,
200234516970,BM8610-000,CSJH-24C/1XU-1XU-M1-DE01,05.10.2026,05.10.2026,1,0,Tyco Electronics Polska Sp z o.o.,5,CRTD MSPT PRC  BASC BCRQ SETC,
200234583314,EL6641-000,SMOE-64596,24.09.2026,24.09.2026,2,0,Cable Services Ltd,5,CRTD PRC  BASC BCRQ MACM SETC,
200234636746,EL6641-000,SMOE-64596,02.10.2026,02.10.2026,3,0,Cable Services Ltd,5,CRTD PRC  BASC BCRQ MACM SETC,
200234583316,EL6641-000,SMOE-64596,09.12.2026,09.12.2026,1,0,Cable Services Ltd,5,CRTD PRC  BASC BCRQ MACM SETC,
200234461115,EP0261-000,CSJA-36F/1XU-1XU-GB02,01.10.2026,02.10.2026,96,0,Cable Services Ltd,5,CRTD MSPT PRC  BASC BCRQ SETC,
200234458413,391677-000,SMOE-62363,13.08.2026,13.08.2026,118,0,,,CRTD PRC  BASC BCRQ MACM SETC,
200233967749,391677-000,SMOE-62363,21.09.2026,21.09.2026,8,0,,,CRTD PRC  BASC BCRQ MACM SETC,
200234601810,391677-000,SMOE-62363,29.09.2026,29.09.2026,20,0,,,CRTD MSPT PRC  BASC BCRQ SETC,
200234546057,881181-000,SMOE-61984,13.08.2026,13.08.2026,90,0,,,CRTD PRC  BASC BCRQ MACM MSCP SETC,
200233967752,881181-000,SMOE-61984,24.09.2026,24.09.2026,8,0,,,CRTD PRC  BASC BCRQ MACM SETC,
200234601812,881181-000,SMOE-61984,29.09.2026,29.09.2026,20,0,,,CRTD PRC  BASC BCRQ MACM SETC,
200234545894,044293-000,SMOE-61937,06.08.2026,06.08.2026,15,0,,,CRTD PRC  BASC BCRQ MACM MSCP SETC,
200234458409,044293-000,SMOE-61937,13.08.2026,13.08.2026,8,0,,,CRTD PRC  BASC BCRQ MACM SETC,
200233967744,044293-000,SMOE-61937,21.09.2026,21.09.2026,8,0,,,CRTD PRC  BASC BCRQ MACM SETC,
200234601808,044293-000,SMOE-61937,29.09.2026,29.09.2026,20,0,,,CRTD PRC  BASC BCRQ MACM SETC,
200234516959,ET7643-000,CSJH-24D/1XU-1XU-M1-DE01,08.10.2026,08.10.2026,100,0,Wilhelm Sieverding,5,CRTD MSPT PRC  BASC BCRQ SETC,
200234459813,ER6371-000,CSJH-24E/1XU-3XU-M5-NL01,13.10.2026,13.10.2026,20,0,Tyco Electronics Polska Sp z o.o.,5,CRTD MSPT PRC  BASC BCRQ SETC,
200234459816,ER5492-000,CSJH-24E/1XU-1XU-M4-NL01,13.10.2026,13.10.2026,30,0,Tyco Electronics Polska Sp z o.o.,5,CRTD MSPT PRC  BASC BCRQ SETC,
200234585979,ER6371-000,CSJH-24E/1XU-3XU-M5-NL01,21.10.2026,21.10.2026,20,0,Tyco Electronics Polska Sp z o.o.,5,CRTD MSPT PRC  BASC BCRQ SETC,
200234351232,EP0917-000,EPKT-17C1XI-GB01,15.10.2026,16.10.2026,32,0,NIE Networks Ltd,5,CRTD MSPT PRC  CSER BASC BCRQ SETC,
200234646502,ET0137-000,CSJH-24E/1XU-1XU-M4-NL02,18.11.2026,18.11.2026,30,0,Tyco Electronics Polska Sp z o.o.,5,CRTD MSPT PRC  BASC BCRQ SETC,
200233586494,CY4789-000,TFTA-2A-2-52(EDF)(PIC),04.08.2026,18.08.2026,25,0,Tyco Electronics Polska Sp z o.o.,5,CRTD PRC  BASC BCRQ MACM SETC,
200233938782,CY4789-000,TFTA-2A-2-52(EDF)(PIC),04.08.2026,18.08.2026,16,0,Tyco Electronics Polska Sp z o.o.,5,CRTD PRC  BASC BCRQ MACM SETC,
200233938784,CY4789-000,TFTA-2A-2-52(EDF)(PIC),04.08.2026,18.08.2026,34,0,Tyco Electronics Polska Sp z o.o.,5,CRTD PRC  BASC BCRQ MACM SETC,
200233938786,CY4789-000,TFTA-2A-2-52(EDF)(PIC),04.08.2026,18.08.2026,21,0,Tyco Electronics Polska Sp z o.o.,5,CRTD PRC  BASC BCRQ MACM SETC,
200234235340,984671-000,TFTA-5A-2-49-(EDF)-1,18.08.2026,02.09.2026,63,0,Tyco Electronics Polska Sp z o.o.,5,CRTD PRC  BASC BCRQ MACM SETC,
200233938791,CY4789-000,TFTA-2A-2-52(EDF)(PIC),25.08.2026,10.09.2026,206,0,Tyco Electronics Polska Sp z o.o.,5,CRTD PRC  BASC BCRQ MACM SETC,
200234086401,984671-000,TFTA-5A-2-49-(EDF)-1,26.08.2026,16.09.2026,63,0,Tyco Electronics Polska Sp z o.o.,5,CRTD PRC  BASC BCRQ MACM SETC,
200233938792,CY4789-000,TFTA-2A-2-52(EDF)(PIC),14.09.2026,29.09.2026,300,0,Tyco Electronics Polska Sp z o.o.,5,CRTD PRC  BASC BCRQ MACM SETC,
200234225923,CY4789-000,TFTA-2A-2-52(EDF)(PIC),15.09.2026,29.09.2026,27,0,Tyco Electronics Polska Sp z o.o.,5,CRTD PRC  BASC BCRQ MACM SETC,
200234655145,CY4789-000,TFTA-2A-2-52(EDF)(PIC),15.09.2026,29.09.2026,94,0,Tyco Electronics Polska Sp z o.o.,5,CRTD PRC  BASC BCRQ MACM SETC,
200234092753,CY4789-000,TFTA-2A-2-52(EDF)(PIC),09.09.2026,30.09.2026,178,0,Tyco Electronics Polska Sp z o.o.,5,CRTD PRC  CSER BASC BCRQ MACM SETC,
200234125952,CY4789-000,TFTA-2A-2-52(EDF)(PIC),16.09.2026,30.09.2026,30,0,Tyco Electronics Polska Sp z o.o.,5,CRTD PRC  BASC BCRQ MACM SETC,
200233938794,CY4789-000,TFTA-2A-2-52(EDF)(PIC),16.09.2026,01.10.2026,210,0,Tyco Electronics Polska Sp z o.o.,5,CRTD PRC  BASC BCRQ MACM SETC,
200234389015,CY4789-000,TFTA-2A-2-52(EDF)(PIC),17.09.2026,01.10.2026,42,0,Tyco Electronics Polska Sp z o.o.,5,CRTD PRC  BASC BCRQ MACM SETC,
200234395579,CY4789-000,TFTA-2A-2-52(EDF)(PIC),17.09.2026,01.10.2026,45,0,Tyco Electronics Polska Sp z o.o.,5,CRTD PRC  BASC BCRQ MACM SETC,
200234467178,CY4789-000,TFTA-2A-2-52(EDF)(PIC),17.09.2026,01.10.2026,23,0,Tyco Electronics Polska Sp z o.o.,5,CRTD PRC  BASC BCRQ MACM SETC,
200233938795,CY4789-000,TFTA-2A-2-52(EDF)(PIC),22.09.2026,06.10.2026,42,0,Tyco Electronics Polska Sp z o.o.,5,CRTD PRC  CSER BASC BCRQ MACM SETC,
200233954895,CY4789-000,TFTA-2A-2-52(EDF)(PIC),22.09.2026,06.10.2026,30,0,Tyco Electronics Polska Sp z o.o.,5,CRTD PRC  CSER BASC BCRQ MACM SETC,
200233955077,CY4789-000,TFTA-2A-2-52(EDF)(PIC),22.09.2026,06.10.2026,26,0,Tyco Electronics Polska Sp z o.o.,5,CRTD PRC  CSER BASC BCRQ MACM SETC,
200234229894,CY4789-000,TFTA-2A-2-52(EDF)(PIC),23.09.2026,07.10.2026,16,0,Tyco Electronics Polska Sp z o.o.,5,CRTD PRC  CSER BASC BCRQ MACM SETC,
200232791674,984671-000,TFTA-5A-2-49-(EDF)-1,01.10.2026,21.10.2026,63,0,Tyco Electronics Polska Sp z o.o.,5,CRTD PRC  CSER BASC BCRQ MACM SETC,
200234467180,CY4789-000,TFTA-2A-2-52(EDF)(PIC),08.12.2026,22.12.2026,39,0,Tyco Electronics Polska Sp z o.o.,5,CRTD PRC  BASC BCRQ MACM SETC,
200234595385,CY4789-000,TFTA-2A-2-52(EDF)(PIC),08.12.2026,22.12.2026,24,0,Tyco Electronics Polska Sp z o.o.,5,CRTD PRC  BASC BCRQ MACM SETC,
200234545319,CY4789-000,TFTA-2A-2-52(EDF)(PIC),16.12.2026,06.01.2027,33,0,Tyco Electronics Polska Sp z o.o.,5,CRTD PRC  BASC BCRQ MACM SETC,
200234545322,CY4789-000,TFTA-2A-2-52(EDF)(PIC),16.12.2026,06.01.2027,30,0,Tyco Electronics Polska Sp z o.o.,5,CRTD PRC  BASC BCRQ MACM SETC,
200234575250,CY4789-000,TFTA-2A-2-52(EDF)(PIC),06.01.2027,20.01.2027,30,0,Tyco Electronics Polska Sp z o.o.,5,CRTD PRC  BASC BCRQ MACM SETC,
200234545329,CY4789-000,TFTA-2A-2-52(EDF)(PIC),13.01.2027,27.01.2027,33,0,Tyco Electronics Polska Sp z o.o.,5,CRTD PRC  BASC BCRQ MACM SETC,
200234545333,CY4789-000,TFTA-2A-2-52(EDF)(PIC),13.01.2027,27.01.2027,21,0,Tyco Electronics Polska Sp z o.o.,5,CRTD PRC  BASC BCRQ MACM SETC,
200234669699,CY4789-000,TFTA-2A-2-52(EDF)(PIC),27.01.2027,10.02.2027,39,0,Tyco Electronics Polska Sp z o.o.,5,CRTD PRC  BASC BCRQ MACM SETC,
200234539883,984671-000,TFTA-5A-2-49-(EDF)-1,16.03.2027,01.04.2027,63,0,Tyco Electronics Polska Sp z o.o.,5,CRTD PRC  BASC BCRQ MACM SETC,
200234555504,EB0714-000,OBTC-45/21-350/220,20.07.2026,03.08.2026,50,0,,,REL  PRT  PCNF PRC  BASC BCRQ GMPS MACM*,COMP PREP
200234378619,EB0714-000,OBTC-45/21-350/220,28.07.2026,13.08.2026,200,0,,,REL  PRT  PCNF PRC  BASC BCRQ GMPS MACM*,COMP PREP
200234594457,EB0714-000,OBTC-45/21-350/220,28.07.2026,13.08.2026,300,0,,,REL  MSPT PRT  PRC  BASC BCRQ SETC,PREP
200234567246,EB0708-000,OBTC-31/14-350/220,21.07.2026,05.08.2026,300,0,,,REL  PRT  PCNF PRC  BASC BCRQ GMPS MACM*,COMP PREP
200234594052,CS2081-000,OBTC-31/14-450/400,20.07.2026,03.08.2026,35,0,,,REL  PRT  PCNF PRC  BASC BCRQ GMPS MACM*,COMP PREP
200234661535,CS2081-000,OBTC-31/14-450/400,11.08.2026,26.08.2026,88,0,,,CRTD PRC  BASC BCRQ MACM SETC,
200234594046,CS2097-000,CNTT-31/7-450,11.08.2026,26.08.2026,240,0,,,CRTD PRC  BASC BCRQ MACM SETC,
200234594047,CS2097-000,CNTT-31/7-450,08.09.2026,24.09.2026,300,0,,,CRTD PRC  BASC BCRQ MACM SETC,
200234594054,EB0711-000,OBTC-38/17-350/220,28.07.2026,12.08.2026,100,0,,,REL  MSPT PRT  PRC  BASC BCRQ GMPS SETC,PREP
200234646216,EB0711-000,OBTC-38/17-350/220,03.08.2026,18.08.2026,100,0,,,CRTD PRC  BASC BCRQ MACM SETC,
200234594053,CS4585-000,OBTC-49/21-350/220,12.08.2026,26.08.2026,10,0,,,CRTD PRC  BASC BCRQ MACM SETC,
200234550138,CS2084-000,OBTC-38/17-450/400,15.09.2026,29.09.2026,20,0,,,CRTD PRC  BASC BCRQ MACM SETC,
200234539877,CM4746-000,CTSS-49/20-100-2/U,09.09.2026,23.09.2026,63,0,Tyco Electronics Polska Sp z o.o.,5,CRTD PRC  BASC BCRQ MACM SETC,
200234506477,ES5496-000,VF-SHELL-TL-NBR-1008-3 RABS-FB-4PU,22.07.2026,24.07.2026,40,0,,,REL  PRT  PCNF PRC  BCRQ GMPS MACM RESA*,
200234654930,ES5496-000,VF-SHELL-TL-NBR-1008-3 RABS-FB-4PU,05.08.2026,07.08.2026,120,0,,,CRTD PRC  BCRQ MACM MSCP SETC,
200234683204,ES5553-000,VF-SHELL-TL-NBR-1588-3 RABS-FB-3PU,05.08.2026,07.08.2026,117,0,,,CRTD PRC  BCRQ MACM SETC,
200234683205,ES5553-000,VF-SHELL-TL-NBR-1588-3 RABS-FB-3PU,11.08.2026,14.08.2026,198,0,,,CRTD PRC  BCRQ MACM SETC,
200234654697,825430-000,BAH-018010002,13.08.2026,17.08.2026,7,0,,,CRTD MSPT PRC  BASC BCRQ SETC,
200234517068,825430-000,BAH-018010002,19.08.2026,25.08.2026,21,0,,,CRTD PRC  BASC BCRQ MACM RELR SETC,
200234594772,825430-000,BAH-018010002,24.08.2026,28.08.2026,21,0,,,CRTD MSPT PRC  BASC BCRQ RELR SETC,
200234210390,ES5472-000,VF-SHELL-TL-NBR-1672-2 VABS-FB-6PU,10.06.2026,16.06.2026,600,594,,,REL  PRT  CNF  PRC  BCRQ GMPS MACM MSCP*,
200234449796,ES5464-000,VF-SHELL-TL-NBR-1800-3 VABS-FB-2PU,24.07.2026,28.07.2026,4,6,,,REL  PRT  CNF  PRC  BCRQ GMPS MACM PDLV*,
200234283903,2107225-1,S/ENS COQUIILLE JNC 240,19.08.2026,19.08.2026,49,0,Tyco Electronics Polska Sp z o.o.,5,CRTD MSPT PRC  BASC BCRQ RELR SETC,
200234517767,2107225-1,S/ENS COQUIILLE JNC 240,16.09.2026,16.09.2026,43,0,Tyco Electronics Polska Sp z o.o.,5,CRTD MSPT PRC  BASC BCRQ SETC,
200234501105,BM7131-000,BAH-018000809,15.07.2026,17.07.2026,500,0,,,REL  PRT  PCNF PRC  BASC BCRQ GMPS MACM*,
200234550301,ES5452-000,VF-SHELL-TL-NBR-1339-3 VABS-HB-2PU,28.07.2026,30.07.2026,97,0,,,REL  PRT  PRC  BCRQ MACM SETC,
200234639391,ES5452-000,VF-SHELL-TL-NBR-1339-3 VABS-HB-2PU,05.08.2026,07.08.2026,90,0,,,CRTD PRC  BCRQ MACM SETC,
200234568428,ES5473-000,VF-SHELL-TL-NBR-1673-2 VABS-FB-3PU,27.07.2026,30.07.2026,303,0,,,REL  PRT  PCNF PRC  BCRQ GMPS MACM RESA*,
200234550418,ES5473-000,VF-SHELL-TL-NBR-1673-2 VABS-FB-3PU,03.08.2026,07.08.2026,354,0,,,CRTD PRC  BCRQ MACM SETC,
200234594271,ES5473-000,VF-SHELL-TL-NBR-1673-2 VABS-FB-3PU,31.07.2026,07.08.2026,564,0,,,CRTD PRC  BCRQ MACM SETC,
200234683210,ES5473-000,VF-SHELL-TL-NBR-1673-2 VABS-FB-3PU,10.08.2026,14.08.2026,348,0,,,CRTD PRC  BCRQ MACM SETC,
200234638357,ES5533-000,VF-SHELL-TL-NBR-1048-2 RABS-HB-4PU,29.07.2026,31.07.2026,140,0,,,REL  PRT  PCNF PRC  BCRQ GMPS MACM RESA*,
200234638359,ES5533-000,VF-SHELL-TL-NBR-1048-2 RABS-HB-4PU,12.08.2026,14.08.2026,164,0,,,CRTD PRC  BCRQ MACM SETC,
200234449752,ES5552-000,VF-SHELL-TL-NBR-1580-3 RABS-FB-4PU,23.07.2026,28.07.2026,200,0,,,REL  PRT  PCNF PRC  BCRQ GMPS MACM RESA*,
200234549051,ES5488-000,VF-SHELL-TL-NBR-1003-2 RABS-HB-4PU,27.07.2026,29.07.2026,132,0,,,REL  PRT  PCNF PRC  BCRQ GMPS MACM RESA*,
200234594765,ES5488-000,VF-SHELL-TL-NBR-1003-2 RABS-HB-4PU,05.08.2026,07.08.2026,100,0,,,CRTD PRC  BCRQ MACM SETC,
200234683202,ES5552-000,VF-SHELL-TL-NBR-1580-3 RABS-FB-4PU,11.08.2026,14.08.2026,308,0,,,CRTD PRC  BCRQ MACM SETC,
200234639255,ES5462-000,VF-SHELL-TL-NBR-1257-3 VABS-2/3-1PU,27.07.2026,29.07.2026,10,0,,,REL  PRT  PRC  BCRQ MACM MSCP SETC,
200234683206,ES5716-000,VF-SHELL-TR-NBR-1393NC-1/3B-1PU,05.08.2026,07.08.2026,23,0,,,CRTD PRC  BCRQ MACM SETC,
200234683208,ES5716-000,VF-SHELL-TR-NBR-1393NC-1/3B-1PU,11.08.2026,14.08.2026,60,0,,,CRTD PRC  BCRQ MACM SETC,
200234639337,ES5462-000,VF-SHELL-TL-NBR-1257-3 VABS-2/3-1PU,19.08.2026,21.08.2026,18,0,,,CRTD PRC  BCRQ MACM SETC,
200234340907,ES5557-000,VF-SHELL-TL-NBR-1228-2 RABS-1/3-1PU,28.07.2026,30.07.2026,50,0,,,REL  PRT  PRC  BCRQ MACM SETC,
200234627051,ES5557-000,VF-SHELL-TL-NBR-1228-2 RABS-1/3-1PU,05.08.2026,07.08.2026,35,0,,,CRTD PRC  BCRQ MACM MSCP SETC,
200234340910,ES5558-000,VF-SHELL-TL-NBR-1350-2 RABS-FB-2PU,27.07.2026,29.07.2026,28,0,,,REL  PRT  PCNF PRC  BCRQ GMPS MACM RESA*,
200234500182,ES5529-000,VF-SHELL-TL-NBR-1004-2 RABS-FB-5PU,27.07.2026,30.07.2026,280,0,,,REL  PRT  PCNF PRC  BCRQ GMPS MACM RESA*,
200234610258,ES5481-000,VF-SHELL-TL-NBR-1052-2 RABS-HB-2PU,28.07.2026,30.07.2026,16,0,,,REL  PRT  PRC  BCRQ MACM SETC,
200234594477,ES5475-000,VF-SHELL-TL-NBR-1278-2 RABS-1/3-1PU,29.07.2026,31.07.2026,20,0,,,REL  PRT  PRC  BCRQ MACM SETC,
200234549055,ES5529-000,VF-SHELL-TL-NBR-1004-2 RABS-FB-5PU,30.07.2026,04.08.2026,205,0,,,REL  PRT  PRC  BCRQ MACM SETC,
200234550174,ES5475-000,VF-SHELL-TL-NBR-1278-2 RABS-1/3-1PU,12.08.2026,14.08.2026,13,0,,,CRTD PRC  BCRQ MACM SETC,
200234638095,ES5529-000,VF-SHELL-TL-NBR-1004-2 RABS-FB-5PU,11.08.2026,14.08.2026,280,0,,,CRTD PRC  BCRQ MACM SETC,
200234639249,ES5481-000,VF-SHELL-TL-NBR-1052-2 RABS-HB-2PU,19.08.2026,21.08.2026,20,0,,,CRTD PRC  BCRQ MACM SETC,
200234594764,ES5482-000,VF-SHELL-TL-NBR-1001-2 RABS-HB-5PU,27.07.2026,29.07.2026,50,0,,,REL  PRT  PCNF PRC  BCRQ GMPS MACM RESA*,
200234603030,ES5530-000,VF-SHELL-TL-NBR-1014-2 RABS-FB-3PU,28.07.2026,31.07.2026,138,0,,,REL  PRT  PRC  BCRQ MACM MSCP SETC,
200234638089,ES5482-000,VF-SHELL-TL-NBR-1001-2 RABS-HB-5PU,12.08.2026,14.08.2026,50,0,,,CRTD PRC  BCRQ MACM SETC,
200234638228,ES5530-000,VF-SHELL-TL-NBR-1014-2 RABS-FB-3PU,18.08.2026,21.08.2026,147,0,,,CRTD PRC  BCRQ MACM SETC,
200234257508,ES5494-000,VF-SHELL-TL-NBR-1010-2 RABS-HB-1PU,17.06.2026,19.06.2026,11,0,,,REL  PRT  PCNF PRC  BCRQ GMPS MACM RESA*,
200234352858,ES5494-000,VF-SHELL-TL-NBR-1010-2 RABS-HB-1PU,13.07.2026,15.07.2026,9,0,,,REL  PRT  PRC  BCRQ MACM MSCP SETC,
200234449657,ES5494-000,VF-SHELL-TL-NBR-1010-2 RABS-HB-1PU,22.07.2026,24.07.2026,6,0,,,REL  PRT  PCNF PRC  BCRQ GMPS MACM RESA*,
200234549238,ES5494-000,VF-SHELL-TL-NBR-1010-2 RABS-HB-1PU,05.08.2026,07.08.2026,11,0,,,CRTD PRC  BCRQ MACM SETC,
200234517774,E88829-000,BAH-018040034,28.07.2026,31.07.2026,200,0,SSE Stock Ltd,5,REL  PRT  PRC  BASC BCRQ MACM SETC,
200234628415,ES5443-000,VF-SHELL-TL-NBR-1368-3 VABS-1/3-1PU,29.07.2026,31.07.2026,39,0,,,REL  PRT  PRC  BCRQ MACM SETC,
200234639375,ES5453-000,VF-SHELL-TL-NBR-1289-3 VABS-HB-2PU,29.07.2026,31.07.2026,86,0,,,REL  PRT  PRC  BCRQ MACM SETC,
200234639379,ES5453-000,VF-SHELL-TL-NBR-1289-3 VABS-HB-2PU,05.08.2026,07.08.2026,80,0,,,CRTD PRC  BCRQ MACM SETC,
200234628410,ES5440-000,VF-SHELL-TL-NBR-1365-3 VABS-HB-1PU,05.08.2026,07.08.2026,43,0,,,CRTD PRC  BCRQ MACM MSCP SETC,
200234639444,ES5440-000,VF-SHELL-TL-NBR-1365-3 VABS-HB-1PU,19.08.2026,21.08.2026,36,0,,,CRTD PRC  BCRQ MACM SETC,
200234550302,ES5499-000,VF-SHELL-TL-NBR-1358-2 RABS-FB-4PU,05.08.2026,07.08.2026,104,0,,,CRTD PRC  BCRQ MACM SETC,
200234655064,ES5499-000,VF-SHELL-TL-NBR-1358-2 RABS-FB-4PU,19.08.2026,21.08.2026,48,0,,,CRTD PRC  BCRQ MACM SETC,
200234594270,ES5471-000,VF-SHELL-TL-NBR-1671-2 VABS-FB-6PU,28.07.2026,31.07.2026,396,0,,,REL  PRT  PCNF PRC  BCRQ GMPS MACM MSCP*,
200234639446,ES5471-000,VF-SHELL-TL-NBR-1671-2 VABS-FB-6PU,25.08.2026,28.08.2026,396,0,,,CRTD PRC  BCRQ MACM SETC,
200234550175,ES5450-000,VF-SHELL-TL-NBR-1326-3 VABS-FB-1PU,28.07.2026,31.07.2026,80,0,,,REL  PRT  PRC  BCRQ MACM SETC,
200234639387,ES5450-000,VF-SHELL-TL-NBR-1326-3 VABS-FB-1PU,25.08.2026,28.08.2026,54,0,,,CRTD PRC  BCRQ MACM SETC,
200234683200,ES5551-000,VF-SHELL-TL-NBR-1581-2 RABS-FB-5PU,03.08.2026,07.08.2026,600,0,,,CRTD PRC  BCRQ MACM SETC,
200234683201,ES5551-000,VF-SHELL-TL-NBR-1581-2 RABS-FB-5PU,10.08.2026,14.08.2026,600,0,,,CRTD PRC  BCRQ MACM SETC,
200234683199,ES5550-000,VF-SHELL-TL-NBR-1584-3 RABS-FB-2PU,05.08.2026,07.08.2026,80,0,,,CRTD PRC  BCRQ MACM SETC,
200234682845,ES5446-000,VF-SHELL-TL-NBR-1349-2 VABS-HB-9PU,05.08.2026,07.08.2026,144,0,,,CRTD PRC  BCRQ MACM SETC,
200234647450,ES5537-000,VF-SHELL-TL-NBR-1589-2 RABS-HB-2PU,05.08.2026,07.08.2026,98,0,,,CRTD PRC  BCRQ MACM MSCP SETC,
200234682855,ES5508-000,VF-SHELL-TL-NBR-1341-2 RABS-FB-2PU,05.08.2026,07.08.2026,44,0,,,CRTD PRC  BCRQ MACM SETC,
200234550316,ES5472-000,VF-SHELL-TL-NBR-1672-2 VABS-FB-6PU,27.07.2026,31.07.2026,600,408,,,REL  PRT  PCNF PRC  BCRQ GMPS MACM RESA*,
200234639448,ES5472-000,VF-SHELL-TL-NBR-1672-2 VABS-FB-6PU,17.08.2026,21.08.2026,600,0,,,CRTD PRC  BCRQ MACM SETC,
200234341778,2107225-2,VF-SHELL-TL-NBR-1552-3.5HIPS-FB-3PU,23.07.2026,27.07.2026,42,0,,,REL  PRT  PCNF PRC  BCRQ GMPS MACM SETC,
200234517764,2107225-2,VF-SHELL-TL-NBR-1552-3.5HIPS-FB-3PU,02.09.2026,04.09.2026,42,0,,,CRTD PRC  BCRQ MACM SETC,
200234500992,C60966-000,BAH-018020014,15.07.2026,17.07.2026,27,0,,,REL  PRT  PCNF PRC  BASC BCRQ GMPS MACM*,
200234506402,ES5674-000,VF-SHELL-TL-NBR-RAIN COVER-FB-1PU,27.07.2026,28.07.2026,4,0,,,REL  PRT  PCNF PRC  BCRQ GMPS MACM RESA*,
200234550432,ES5674-000,VF-SHELL-TL-NBR-RAIN COVER-FB-1PU,27.07.2026,28.07.2026,21,0,,,REL  PRT  PCNF PRC  BCRQ GMPS MACM RESA*,
200234639455,ES5674-000,VF-SHELL-TL-NBR-RAIN COVER-FB-1PU,28.07.2026,29.07.2026,7,0,,,REL  PRT  PCNF PRC  BCRQ GMPS MACM RESA*,
200234682856,ES5527-000,VF-SHELL-TL-NBR-1259-3 RABS-FB-1PU,05.08.2026,07.08.2026,10,0,,,CRTD PRC  BCRQ MACM SETC,
200234594763,ES5477-000,VF-SHELL-TL-NBR-1015-2 RABS-FB-1PU,05.08.2026,10.08.2026,51,0,,,CRTD PRC  BCRQ MACM SETC,
200234639442,ES5438-000,VF-SHELL-TL-NBR-1363M-3 VABS-FB-6PU,29.07.2026,04.08.2026,198,0,,,REL  PRT  PRC  BCRQ MACM MSCP SETC,
200234639443,ES5438-000,VF-SHELL-TL-NBR-1363M-3 VABS-FB-6PU,18.08.2026,21.08.2026,192,0,,,CRTD PRC  BCRQ MACM SETC,
200234550431,ES5433-000,VF-SHELL-TL-NBR-1833-2 VABS-FB-10PU,28.07.2026,30.07.2026,62,0,,,REL  PRT  PRC  BCRQ MACM SETC,
200234500469,ES5480-000,VF-SHELL-TL-NBR-1583-3 RABS-FB-8PU,28.07.2026,31.07.2026,320,0,,,REL  PRT  PCNF PRC  BCRQ GMPS MACM SETC,
200234683211,ES5484-000,VF-SHELL-TL-NBR-1046M-2 RABS-FB-12PU,11.08.2026,14.08.2026,600,0,,,CRTD PRC  BCRQ MACM SETC,
200234550171,ES5418-000,VF-SHELL-TL-NBR-1277-3 VABS-HB-2PU,28.07.2026,31.07.2026,88,0,,,REL  PRT  PRC  BCRQ MACM SETC,
200234550173,ES5418-000,VF-SHELL-TL-NBR-1277-3 VABS-HB-2PU,12.08.2026,14.08.2026,52,0,,,CRTD PRC  BCRQ MACM SETC,
200234639342,ES5418-000,VF-SHELL-TL-NBR-1277-3 VABS-HB-2PU,18.08.2026,21.08.2026,128,0,,,CRTD PRC  BCRQ MACM SETC,
200234683214,ES5538-000,VF-SHELL-TL-NBR-1587-3 RABS-FB-1PU,11.08.2026,14.08.2026,100,0,,,CRTD PRC  BCRQ MACM SETC,
200234594770,ES5554-000,VF-SHELL-TL-NBR-1582-2 RABS-FB-5PU,30.07.2026,04.08.2026,275,0,,,REL  PRT  PRC  BCRQ MACM SETC,
200234639445,ES5554-000,VF-SHELL-TL-NBR-1582-2 RABS-FB-5PU,18.08.2026,21.08.2026,395,0,,,CRTD PRC  BCRQ MACM SETC,
200234654716,ES5516-000,VF-SHELL-TL-NBR-1362-2 RABS-HB-6PU,05.08.2026,07.08.2026,51,0,,,CRTD PRC  BCRQ MACM SETC,
200234683212,ES5490-000,VF-SHELL-TL-NBR-1248-3 RABS-2/3-1PU,12.08.2026,14.08.2026,22,0,,,CRTD PRC  BCRQ MACM SETC,
200234639361,ES5498-000,VF-SHELL-TL-NBR-1279-3 RABS-FB-1PU,12.08.2026,14.08.2026,18,0,,,CRTD PRC  BCRQ MACM SETC,
200234639253,ES5492-000,"VF-SHELL-TL-NBR-1238-3 RABS-FB-1,5PU",19.08.2026,21.08.2026,50,0,,,CRTD PRC  BCRQ MACM SETC,
200234549245,ES5506-000,VF-SHELL-TL-NBR-1227-2 RABS-HB-2PU,27.07.2026,30.07.2026,114,0,,,REL  PRT  PCNF PRC  BCRQ GMPS MACM RESA*,
200234639250,ES5506-000,VF-SHELL-TL-NBR-1227-2 RABS-HB-2PU,17.08.2026,21.08.2026,274,0,,,CRTD PRC  BCRQ MACM SETC,
200234639454,ES5431-000,VF-SHELL-TL-NBR-1823-2 VABS-FB-6PU,19.08.2026,21.08.2026,192,0,,,CRTD PRC  BCRQ MACM SETC,
200234509778,ES5497-000,VF-SHELL-TL-NBR-1247-3 RABS-2/3-1PU,12.08.2026,14.08.2026,11,0,,,CRTD PRC  BCRQ MACM SETC,
200234509784,ES5497-000,VF-SHELL-TL-NBR-1247-3 RABS-2/3-1PU,02.09.2026,04.09.2026,58,0,,,CRTD PRC  BCRQ MACM SETC,
200234509785,ES5497-000,VF-SHELL-TL-NBR-1247-3 RABS-2/3-1PU,16.09.2026,18.09.2026,53,0,,,CRTD PRC  BCRQ MACM SETC,
200234509787,ES5497-000,VF-SHELL-TL-NBR-1247-3 RABS-2/3-1PU,28.10.2026,30.10.2026,16,0,,,CRTD PRC  BCRQ MACM SETC,
200234509789,ES5497-000,VF-SHELL-TL-NBR-1247-3 RABS-2/3-1PU,11.11.2026,13.11.2026,21,0,,,CRTD PRC  BCRQ MACM SETC,
200234509790,ES5497-000,VF-SHELL-TL-NBR-1247-3 RABS-2/3-1PU,25.11.2026,27.11.2026,32,0,,,CRTD PRC  BCRQ MACM SETC,
202221786,ES5536-000,VF-SHELL-TL-NBR-1395-3 RABS-1/3-1PU,03.07.2026,03.07.2026,27,0,,,CRTD PRC  BCRQ MACM SETC,
200234353548,ES5536-000,VF-SHELL-TL-NBR-1395-3 RABS-1/3-1PU,24.07.2026,29.07.2026,41,0,,,REL  PRT  PCNF PRC  BCRQ GMPS MACM MSCP*,
200234683209,ES5411-000,VF-SHELL-TL-NBR-1802-3 VABS-FB-2PU,12.08.2026,14.08.2026,32,0,,,CRTD PRC  BCRQ MACM SETC,
200234550429,ES5427-000,VF-SHELL-TL-NBR-1811-2 VABS-FB-9PU,28.07.2026,30.07.2026,90,0,,,REL  PRT  PRC  BCRQ MACM SETC,
200234594768,ES5521-000,VF-SHELL-TL-NBR-1011-3 RABS-HB-1PU,24.07.2026,29.07.2026,34,0,,,REL  PRT  PCNF PRC  BCRQ GMPS MACM MSCP*,
200234576838,ES5445-000,VF-SHELL-TL-NBR-1348-2 VABS-1/3-2PU,19.08.2026,21.08.2026,9,0,,,CRTD PRC  BCRQ MACM SETC,
200234639339,ES5463-000,VF-SHELL-TL-NBR-1259-3 VABS-FB-1PU,19.08.2026,21.08.2026,18,0,,,CRTD PRC  BCRQ MACM SETC,
200234639393,ES5526-000,VF-SHELL-TL-NBR-1361-2 RABS-FB-18PU,19.08.2026,21.08.2026,72,0,,,CRTD PRC  BCRQ MACM SETC,
200234550428,ES5412-000,VF-SHELL-TL-NBR-1803-3 VABS-FB-2PU,28.07.2026,30.07.2026,38,0,,,REL  PRT  PRC  BCRQ MACM MSCP SETC,
200234639452,ES5412-000,VF-SHELL-TL-NBR-1803-3 VABS-FB-2PU,12.08.2026,14.08.2026,60,0,,,CRTD PRC  BCRQ MACM SETC,
200234639453,ES5412-000,VF-SHELL-TL-NBR-1803-3 VABS-FB-2PU,26.08.2026,28.08.2026,56,0,,,CRTD PRC  BCRQ MACM SETC,
200234639451,ES5399-000,VF-SHELL-TL-NBR-1801-3 VABS-FB-2PU,26.08.2026,28.08.2026,24,0,,,CRTD PRC  BCRQ MACM SETC,
200234550168,ES5509-000,VF-SHELL-TL-NBR-1245-3 RABS-2/3-1PU,29.07.2026,31.07.2026,5,0,,,REL  PRT  PRC  BCRQ MACM SETC,
200234550420,ES5401-000,VF-SHELL-TL-NBR-1793-3 VABS-FB-1PU,28.07.2026,30.07.2026,10,0,,,REL  PRT  PRC  BCRQ MACM MSCP SETC,
200234449744,ES5519-000,VF-SHELL-TL-NBR-1289-2 RABS-HB-2PU,05.08.2026,07.08.2026,4,0,,,CRTD PRC  BCRQ MACM SETC,
200234568584,ES5724-000,VF-SHELL-TR-NBR-1673C-FB-3PU 3MM,22.09.2026,25.09.2026,165,0,,,CRTD PRC  BCRQ MACM SETC,
200234340908,EB3902-000,BAH-028000577,06.08.2026,06.08.2026,50,0,ESB,5,CRTD PRC  BASC BCRQ MACM MSCP SETC,
200234627052,EB3902-000,BAH-028000577,13.08.2026,13.08.2026,35,0,ESB,5,CRTD PRC  BASC BCRQ MACM SETC,
200234423248,EB9973-000,BAH-038080982,31.07.2026,31.07.2026,10,0,Cable Services Ltd,5,REL  PRT  PRC  BASC BCRQ MACM MSCP SETC,PREP
200234460296,EB9973-000,BAH-038080982,31.07.2026,31.07.2026,70,0,SSE Stock Ltd,5,REL  PRT  PRC  BASC BCRQ MACM MSCP SETC,PREP
200234595137,EE7743-000,BAH-028000735,30.07.2026,31.07.2026,504,0,Electricity North West Ltd,5,REL  PRT  PRC  BASC BCRQ MACM MSCP SETC,
200234595141,EE7753-000,BAH-028000745,31.07.2026,31.07.2026,152,0,Electricity North West Ltd,5,REL  PRT  PRC  BASC BCRQ MACM SETC,
200234627054,EB9995-000,BAH-038081004,31.07.2026,31.07.2026,63,0,Cable Services Ltd,5,REL  PRT  PRC  BASC BCRQ MACM SETC,
200234423413,EB9973-000,BAH-038080982,05.08.2026,05.08.2026,28,0,SSE Stock Ltd,5,REL  PRT  PRC  BASC BCRQ MACM MSCP SETC,
200234518317,EB9995-000,BAH-038081004,05.08.2026,05.08.2026,200,0,SSE Stock Ltd,5,CRTD PRC  BASC BCRQ MACM MSCP SETC,
200234490487,EB9973-000,BAH-038080982,05.08.2026,06.08.2026,200,0,SSE Stock Ltd,5,REL  PRT  PRC  BASC BCRQ MACM MSCP SETC,
200234595485,EE7496-000,BAH-038081423,06.08.2026,06.08.2026,30,0,SP Power Systems Ltd,5,CRTD MSPT PRC  BASC BCRQ MSCP SETC,
200233920707,EE7493-000,BAH-038081426,10.08.2026,10.08.2026,100,0,SP Power Systems Ltd,5,CRTD PRC  BASC BCRQ MACM SETC,
200234173784,EE7493-000,BAH-038081426,10.08.2026,10.08.2026,100,0,SP Power Systems Ltd,5,CRTD PRC  BASC BCRQ MACM RELR SETC,
200234644091,EE7493-000,BAH-038081426,10.08.2026,10.08.2026,46,0,Wolseley UK Limited,5,CRTD PRC  BASC BCRQ MACM MSCP SETC,
200234460286,EB9973-000,BAH-038080982,11.08.2026,11.08.2026,140,0,SSE Stock Ltd,5,CRTD PRC  BASC BCRQ MACM SETC,
200234490488,EB9973-000,BAH-038080982,12.08.2026,12.08.2026,66,0,SSE Stock Ltd,5,CRTD MSPT PRC  BASC BCRQ SETC,
200234460347,EB9973-000,BAH-038080982,13.08.2026,13.08.2026,70,0,SSE Stock Ltd,5,CRTD PRC  BASC BCRQ MACM SETC,
200234610119,EB9995-000,BAH-038081004,13.08.2026,13.08.2026,100,0,SSE Stock Ltd,5,CRTD PRC  BASC BCRQ MACM MSCP SETC,
200234576774,EB9995-000,BAH-038081004,14.08.2026,14.08.2026,3,0,Cable Services Ltd,5,CRTD PRC  BASC BCRQ MACM SETC,
200234576844,EE7493-000,BAH-038081426,14.08.2026,14.08.2026,17,0,Wolseley UK Limited,5,CRTD PRC  BASC BCRQ MACM SETC,
200234057961,ER9706-000,BAH-038081729,20.08.2026,20.08.2026,100,0,Northern Powergrid,5,CRTD PRC  BASC BCRQ MACM RELR SETC,
200234655065,EB9995-000,BAH-038081004,26.08.2026,26.08.2026,100,0,SSE Stock Ltd,5,CRTD MSPT PRC  BASC BCRQ SETC,
200234058344,ER9706-000,BAH-038081729,27.08.2026,27.08.2026,49,0,Northern Powergrid,5,CRTD PRC  BASC BCRQ MACM SETC,
200234674043,EB9995-000,BAH-038081004,18.09.2026,18.09.2026,50,0,Wolseley UK Limited,5,CRTD MSPT PRC  BASC BCRQ SETC,
200234519786,CM0111-000,BAH-028000535,27.07.2026,27.07.2026,45,0,TE Connectivity Argentina SRL,5,REL  PRT  PRC  BASC BCRQ GMPS MACM RESA*,COMP PREP
200234610263,CM0111-000,BAH-028000535,27.07.2026,27.07.2026,3,0,TE Connectivity Argentina SRL,5,REL  PRT  PRC  BASC BCRQ GMPS MACM RESA*,COMP PREP
200234654833,CM0111-000,BAH-028000535,30.07.2026,30.07.2026,2,0,TE Connectivity Argentina SRL,5,REL  PRT  PRC  BASC BCRQ MACM MSCP SETC,
200233920353,EE7521-000,BAH-038081398,29.07.2026,30.07.2026,100,0,SP Power Systems Ltd,5,REL  PRT  PRC  BASC BCRQ MACM MSCP SETC,PREP
200234652571,EE7499-000,BAH-038081420,05.08.2026,05.08.2026,10,0,SP Power Systems Ltd,5,CRTD PRC  BASC BCRQ MACM MSCP SETC,
200234341426,EB9986-000,BAH-038080995,30.07.2026,30.07.2026,60,0,SSE Stock Ltd,5,REL  PRT  PRC  BASC BCRQ MACM MSCP SETC,
200234418662,EB9972-000,BAH-038080981,30.07.2026,30.07.2026,36,0,SSE Stock Ltd,5,REL  PRT  PRC  BASC BCRQ MACM MSCP SETC,
200234418667,ED0003-000,BAH-038081011,30.07.2026,30.07.2026,14,0,SSE Stock Ltd,5,REL  PRT  PRC  BASC BCRQ MACM MSCP SETC,
200234510162,EB9999-000,BAH-038081008,30.07.2026,30.07.2026,70,0,SSE Stock Ltd,5,REL  PRT  PRC  BASC BCRQ GMPS MACM MSCP*,COMP PREP
200234510163,EB9971-000,BAH-038080980,30.07.2026,30.07.2026,72,0,SSE Stock Ltd,5,REL  PRT  PRC  BASC BCRQ GMPS MACM MSCP*,COMP PREP
200234519512,ED0004-000,BAH-038081012,30.07.2026,30.07.2026,28,0,SSE Stock Ltd,5,REL  PRT  PRC  BASC BCRQ GMPS MACM MSCP*,COMP PREP
200234519778,EB9974-000,BAH-038080983,30.07.2026,30.07.2026,60,0,SSE Stock Ltd,5,REL  PRT  PRC  BASC BCRQ MACM MSCP SETC,
200234519838,BM4664-000,BAH-038081533,30.07.2026,30.07.2026,20,0,SSE Stock Ltd,5,REL  PRT  PRC  BASC BCRQ MACM MSCP SETC,
200234519840,EB9997-000,BAH-038081006,30.07.2026,30.07.2026,30,0,SSE Stock Ltd,5,REL  PRT  PRC  BASC BCRQ GMPS MACM MSCP*,COMP PREP
200234526873,ED0003-000,BAH-038081011,30.07.2026,30.07.2026,28,0,SSE Stock Ltd,5,REL  PRT  PRC  BASC BCRQ MACM MSCP SETC,
200234527057,ED0006-000,BAH-038081014,30.07.2026,30.07.2026,7,0,SSE Stock Ltd,5,REL  PRT  PRC  BASC BCRQ GMPS MACM MSCP*,COMP PREP
200234527571,EB9999-000,BAH-038081008,30.07.2026,30.07.2026,70,0,SSE Stock Ltd,5,REL  PRT  PRC  BASC BCRQ GMPS MACM MSCP*,COMP PREP
200234576762,EB9999-000,BAH-038081008,30.07.2026,30.07.2026,28,0,SSE Stock Ltd,5,REL  PRT  PRC  BASC BCRQ MACM MSCP SETC,
200234603033,ED0001-000,BAH-038081009,30.07.2026,30.07.2026,70,0,SSE Stock Ltd,5,REL  PRT  PRC  BASC BCRQ MACM MSCP SETC,
200234418538,ED0001-000,BAH-038081009,31.07.2026,31.07.2026,4,0,Wolseley UK Limited,5,REL  PRT  PRC  BASC BCRQ GMPS MACM SETC,COMP PREP
200234460338,EB9975-000,BAH-038080984,31.07.2026,31.07.2026,20,0,SSE Stock Ltd,5,REL  PRT  PRC  BASC BCRQ MACM MSCP SETC,PREP
200234476380,EB9988-000,BAH-038080997,03.08.2026,03.08.2026,130,0,SSE Stock Ltd,5,REL  PRT  PRC  BASC BCRQ MACM MSCP SETC,PREP
200234476378,EB9988-000,BAH-038080997,04.08.2026,04.08.2026,30,0,SSE Stock Ltd,3,REL  PRT  PRC  BASC BCRQ MACM MSCP SETC,
200234476381,EB9988-000,BAH-038080997,04.08.2026,04.08.2026,78,0,SSE Stock Ltd,5,REL  PRT  PRC  BASC BCRQ MACM MSCP SETC,
200234609799,EB9971-000,BAH-038080980,04.08.2026,04.08.2026,36,0,SSE Stock Ltd,5,REL  PRT  PRC  BASC BCRQ MACM MSCP SETC,
200234609802,EB9999-000,BAH-038081008,04.08.2026,04.08.2026,42,0,SSE Stock Ltd,5,REL  PRT  PRC  BASC BCRQ MACM MSCP SETC,
200234476173,EB9988-000,BAH-038080997,05.08.2026,05.08.2026,104,0,SSE Stock Ltd,5,REL  PRT  PRC  BASC BCRQ MACM MSCP SETC,
200234628755,EB9988-000,BAH-038080997,05.08.2026,05.08.2026,60,0,SSE Stock Ltd,5,REL  PRT  PRC  BASC BCRQ MACM MSCP SETC,
200234510164,EB9971-000,BAH-038080980,06.08.2026,06.08.2026,36,0,SSE Stock Ltd,5,CRTD PRC  BASC BCRQ MACM MSCP SETC,
200234526874,ED0004-000,BAH-038081012,06.08.2026,06.08.2026,14,0,SSE Stock Ltd,5,CRTD PRC  BASC BCRQ MACM MSCP SETC,
200234527403,EB9972-000,BAH-038080981,06.08.2026,06.08.2026,36,0,SSE Stock Ltd,5,CRTD PRC  BASC BCRQ MACM MSCP SETC,
200234583345,ED0001-000,BAH-038081009,06.08.2026,06.08.2026,70,0,SSE Stock Ltd,5,CRTD PRC  BASC BCRQ MACM MSCP SETC,
200234583417,EB9972-000,BAH-038080981,06.08.2026,06.08.2026,36,0,SSE Stock Ltd,5,CRTD PRC  BASC BCRQ MACM MSCP SETC,
200234583500,EB9997-000,BAH-038081006,06.08.2026,06.08.2026,30,0,SSE Stock Ltd,5,CRTD PRC  BASC BCRQ MACM MSCP SETC,
200234609725,EB9997-000,BAH-038081006,06.08.2026,06.08.2026,30,0,SSE Stock Ltd,5,CRTD PRC  BASC BCRQ MACM MSCP SETC,
200234342554,ED0007-000,BAH-038081015,07.08.2026,07.08.2026,4,0,Cable Services Ltd,5,CRTD PRC  BASC BCRQ MACM MSCP SETC,
200234400125,ED0003-000,BAH-038081011,07.08.2026,07.08.2026,5,0,Wolseley UK Limited,5,CRTD PRC  BASC BCRQ MACM MSCP SETC,
200234550245,EB9988-000,BAH-038080997,07.08.2026,07.08.2026,30,0,SSE Stock Ltd,3,CRTD PRC  BASC BCRQ MACM MSCP SETC,
200234517878,ED0007-000,BAH-038081015,10.08.2026,10.08.2026,10,0,SSE Stock Ltd,5,CRTD MSPT PRC  BASC BCRQ RELR SETC,
200234550253,EB9980-000,BAH-038080989,10.08.2026,10.08.2026,30,0,SSE Stock Ltd,5,CRTD PRC  BASC BCRQ MACM MSCP SETC,
200234617278,ED0007-000,BAH-038081015,10.08.2026,10.08.2026,3,0,SSE Stock Ltd,5,CRTD PRC  BASC BCRQ MACM MSCP SETC,
200234460351,EB9975-000,BAH-038080984,13.08.2026,13.08.2026,40,0,SSE Stock Ltd,5,CRTD PRC  BASC BCRQ MACM SETC,
200234476382,EB9988-000,BAH-038080997,13.08.2026,13.08.2026,130,0,SSE Stock Ltd,5,CRTD PRC  BASC BCRQ MACM SETC,
200234550256,EB9988-000,BAH-038080997,13.08.2026,13.08.2026,30,0,SSE Stock Ltd,5,CRTD PRC  BASC BCRQ MACM MSCP SETC,
200234576763,EB9999-000,BAH-038081008,13.08.2026,13.08.2026,28,0,SSE Stock Ltd,5,CRTD PRC  BASC BCRQ MACM SETC,
200234583341,ED0001-000,BAH-038081009,13.08.2026,13.08.2026,28,0,SSE Stock Ltd,5,CRTD PRC  BASC BCRQ MACM SETC,
200234583354,ED0003-000,BAH-038081011,13.08.2026,13.08.2026,14,0,SSE Stock Ltd,5,CRTD PRC  BASC BCRQ MACM SETC,
200234583434,ED0003-000,BAH-038081011,13.08.2026,13.08.2026,14,0,SSE Stock Ltd,5,CRTD PRC  BASC BCRQ MACM SETC,
200234603034,ED0001-000,BAH-038081009,13.08.2026,13.08.2026,70,0,SSE Stock Ltd,5,CRTD PRC  BASC BCRQ MACM MSCP SETC,
200234610123,BM4664-000,BAH-038081533,13.08.2026,13.08.2026,20,0,SSE Stock Ltd,5,CRTD PRC  BASC BCRQ MACM MSCP SETC,
200234550576,EB9980-000,BAH-038080989,14.08.2026,14.08.2026,2,0,Cable Services Ltd,5,CRTD PRC  BASC BCRQ MACM MSCP SETC,
200234602381,EB9975-000,BAH-038080984,19.08.2026,19.08.2026,30,0,SSE Stock Ltd,5,CRTD PRC  BASC BCRQ MACM SETC,
200234490396,EB9980-000,BAH-038080989,20.08.2026,20.08.2026,32,0,SSE Stock Ltd,5,CRTD PRC  BASC BCRQ MACM SETC,
200234517775,ED0007-000,BAH-038081015,20.08.2026,20.08.2026,10,0,SSE Stock Ltd,5,CRTD PRC  BASC BCRQ MACM SETC,
200234517886,EB9999-000,BAH-038081008,20.08.2026,20.08.2026,56,0,SSE Stock Ltd,5,CRTD PRC  BASC BCRQ MACM SETC,
200234583505,EB9997-000,BAH-038081006,20.08.2026,20.08.2026,30,0,SSE Stock Ltd,5,CRTD PRC  BASC BCRQ MACM SETC,
200234609803,EB9999-000,BAH-038081008,20.08.2026,20.08.2026,42,0,SSE Stock Ltd,5,CRTD PRC  BASC BCRQ MACM SETC,
200234673478,EB9988-000,BAH-038080997,25.08.2026,25.08.2026,60,0,SSE Stock Ltd,5,CRTD PRC  BASC BCRQ MACM SETC,
200234490393,EB9988-000,BAH-038080997,26.08.2026,26.08.2026,130,0,SSE Stock Ltd,5,CRTD PRC  BASC BCRQ MACM SETC,
200234510165,EB9971-000,BAH-038080980,26.08.2026,26.08.2026,36,0,SSE Stock Ltd,5,CRTD PRC  BASC BCRQ MACM SETC,
200234583346,ED0001-000,BAH-038081009,26.08.2026,26.08.2026,42,0,SSE Stock Ltd,5,CRTD PRC  BASC BCRQ MACM SETC,
200234610121,ED0001-000,BAH-038081009,26.08.2026,26.08.2026,70,0,SSE Stock Ltd,5,CRTD PRC  BASC BCRQ MACM SETC,
200234610130,ED0004-000,BAH-038081012,26.08.2026,26.08.2026,14,0,SSE Stock Ltd,5,CRTD PRC  BASC BCRQ MACM SETC,
200234610131,ED0004-000,BAH-038081012,26.08.2026,26.08.2026,14,0,SSE Stock Ltd,5,CRTD PRC  BASC BCRQ MACM SETC,
200234628518,EB9999-000,BAH-038081008,26.08.2026,26.08.2026,112,0,SSE Stock Ltd,5,CRTD PRC  BASC BCRQ MACM SETC,
200234654932,ED0001-000,BAH-038081009,26.08.2026,26.08.2026,84,0,SSE Stock Ltd,5,CRTD PRC  BASC BCRQ MACM SETC,
200234654935,ED0007-000,BAH-038081015,26.08.2026,26.08.2026,20,0,SSE Stock Ltd,5,CRTD PRC  BASC BCRQ MACM SETC,
200234655070,ED0003-000,BAH-038081011,26.08.2026,26.08.2026,28,0,SSE Stock Ltd,5,CRTD MSPT PRC  BASC BCRQ SETC,
200234655072,ED0004-000,BAH-038081012,26.08.2026,26.08.2026,14,0,SSE Stock Ltd,5,CRTD PRC  BASC BCRQ MACM SETC,
200234628531,ED0004-000,BAH-038081012,27.08.2026,27.08.2026,40,0,Cable Services Ltd,5,CRTD PRC  BASC BCRQ MACM SETC,
200234654923,ED0003-000,BAH-038081011,27.08.2026,27.08.2026,5,0,Wolseley UK Limited,5,CRTD PRC  BASC BCRQ MACM SETC,
200234673493,EB9988-000,BAH-038080997,27.08.2026,27.08.2026,30,0,Wolseley UK Limited,5,CRTD PRC  BASC BCRQ MACM SETC,
200234674042,ED0003-000,BAH-038081011,27.08.2026,27.08.2026,5,0,Wolseley UK Limited,5,CRTD MSPT PRC  BASC BCRQ SETC,
200234673853,ED0003-000,BAH-038081011,04.09.2026,04.09.2026,25,0,Cable Services Ltd,5,CRTD MSPT PRC  BASC BCRQ MSCP SETC,
200234673854,ED0004-000,BAH-038081012,04.09.2026,04.09.2026,20,0,Cable Services Ltd,5,CRTD PRC  BASC BCRQ MACM MSCP SETC,
200234673866,EB9988-000,BAH-038080997,04.09.2026,04.09.2026,12,0,Wolseley UK Limited,5,CRTD PRC  BASC BCRQ MACM MSCP SETC,
200234490480,EB9975-000,BAH-038080984,10.09.2026,10.09.2026,70,0,SSE Stock Ltd,5,CRTD PRC  BASC BCRQ MACM SETC,
200234654934,ED0001-000,BAH-038081009,10.09.2026,10.09.2026,56,0,SSE Stock Ltd,5,CRTD PRC  BASC BCRQ MACM SETC,
200234609717,EB9986-000,BAH-038080995,30.09.2026,30.09.2026,60,0,SSE Stock Ltd,5,CRTD MSPT PRC  BASC BCRQ SETC,
200234609646,EB9986-000,BAH-038080995,01.10.2026,01.10.2026,60,0,SSE Stock Ltd,5,CRTD PRC  BASC BCRQ MACM SETC,
200234609653,EB9986-000,BAH-038080995,01.10.2026,01.10.2026,60,0,SSE Stock Ltd,5,CRTD PRC  BASC BCRQ MACM SETC,
200234609654,EB9986-000,BAH-038080995,01.10.2026,01.10.2026,60,0,SSE Stock Ltd,5,CRTD MSPT PRC  BASC BCRQ SETC,
200234609641,EB9986-000,BAH-038080995,01.10.2026,02.10.2026,84,0,SSE Stock Ltd,5,CRTD PRC  BASC BCRQ MACM SETC,
200234418416,EP3147-000,BAH-038081651,31.07.2026,31.07.2026,4,0,Wolseley UK Limited,5,REL  PRT  PRC  BASC BCRQ MACM SETC,
200234517929,760956-000,BAH-028000332,31.07.2026,31.07.2026,60,0,Cable Services Ltd,5,CRTD MSPT PRC  BASC BCRQ MSCP RELR SETC,
200234517931,208524-000,BAH-028000337,31.07.2026,31.07.2026,40,0,Cable Services Ltd,5,REL  PRT  PRC  BASC BCRQ MACM SETC,
200234518331,EP3123-000,BAH-038081627,31.07.2026,31.07.2026,15,0,Wolseley UK Limited,5,REL  PRT  PRC  BASC BCRQ MACM SETC,
200234576775,D24151-000,BAH-028000475,31.07.2026,31.07.2026,19,0,Wolseley UK Limited,5,REL  PRT  PRC  BASC BCRQ MACM SETC,
200234609649,EP3126-000,BAH-038081630,31.07.2026,31.07.2026,70,0,Wolseley UK Limited,5,REL  PRT  PRC  BASC BCRQ MACM SETC,
200234609652,EP3143-000,BAH-038081647,31.07.2026,31.07.2026,2,0,Wolseley UK Limited,5,REL  PRT  PRC  BASC BCRQ MACM SETC,
200234577891,EP3147-000,BAH-038081651,03.08.2026,03.08.2026,40,0,UK Power Networks(Operations) Ltd,5,REL  PRT  PRC  BASC BCRQ MACM SETC,
200234609814,EP3143-000,BAH-038081647,03.08.2026,03.08.2026,25,0,UK Power Networks(Operations) Ltd,5,REL  PRT  PRC  BASC BCRQ MACM SETC,
200234628534,EP3123-000,BAH-038081627,03.08.2026,03.08.2026,130,0,UK Power Networks(Operations) Ltd,5,REL  PRT  PRC  BASC BCRQ MACM SETC,
200234610136,D24151-000,BAH-028000475,04.08.2026,04.08.2026,200,0,National Grid Electricity,5,REL  PRT  PRC  BASC BCRQ MACM MSCP SETC,
200234617419,ET3895-000,BAH-038000895,05.08.2026,05.08.2026,80,0,TE Connectivity Australia Pty Ltd,5,CRTD PRC  BASC BCRQ MACM MSCP SETC,
200234617420,ET3892-000,BAH-038000892,05.08.2026,05.08.2026,140,0,TE Connectivity Australia Pty Ltd,5,CRTD PRC  BASC BCRQ MACM MSCP SETC,
200234517493,EP3143-000,BAH-038081647,07.08.2026,07.08.2026,10,0,Cable Services Ltd,5,CRTD PRC  BASC BCRQ MACM MSCP SETC,
200234654597,EP3147-000,BAH-038081651,10.08.2026,10.08.2026,40,0,UK Power Networks(Operations) Ltd,5,CRTD PRC  BASC BCRQ MACM SETC,
200234654608,EP3123-000,BAH-038081627,10.08.2026,10.08.2026,65,0,UK Power Networks(Operations) Ltd,5,CRTD PRC  BASC BCRQ MACM SETC,
200234628478,EE7748-000,BAH-028000740,11.08.2026,11.08.2026,40,0,Electricity North West Ltd,5,CRTD PRC  BASC BCRQ MACM MSCP SETC,
200234654605,EP3147-000,BAH-038081651,11.08.2026,11.08.2026,40,0,UK Power Networks(Operations) Ltd,5,CRTD PRC  BASC BCRQ MACM SETC,
200234628413,EE7745-000,BAH-028000737,13.08.2026,13.08.2026,50,0,Electricity North West Ltd,5,CRTD PRC  BASC BCRQ MACM MSCP SETC,
200234647546,D24151-000,BAH-028000475,14.08.2026,17.08.2026,"1,000",0,National Grid Electricity,5,CRTD PRC  BASC BCRQ MACM MSCP SETC,
200234674047,EP3126-000,BAH-038081630,18.08.2026,18.08.2026,80,0,UK Power Networks(Operations) Ltd,5,CRTD PRC  BASC BCRQ MACM SETC,
200234610129,EP3126-000,BAH-038081630,21.08.2026,21.08.2026,22,0,Wolseley UK Limited,5,CRTD PRC  BASC BCRQ MACM SETC,
200234576764,EP3147-000,BAH-038081651,27.08.2026,27.08.2026,4,0,Wolseley UK Limited,5,CRTD PRC  BASC BCRQ MACM SETC,
200234576768,EP3147-000,BAH-038081651,27.08.2026,27.08.2026,8,0,Wolseley UK Limited,5,CRTD PRC  BASC BCRQ MACM SETC,
200234674037,EP3126-000,BAH-038081630,04.09.2026,04.09.2026,30,0,Cable Services Ltd,5,CRTD PRC  BASC BCRQ MACM MSCP SETC,
200234674040,EP3143-000,BAH-038081647,04.09.2026,04.09.2026,20,0,Cable Services Ltd,5,CRTD PRC  BASC BCRQ MACM MSCP SETC,
200234609862,EP3128-000,BAH-038081632,03.08.2026,03.08.2026,24,0,UK Power Networks(Operations) Ltd,5,REL  PRT  PRC  BASC BCRQ MACM SETC,
200234610057,928974-000,BAH-028000050,03.08.2026,03.08.2026,300,0,National Grid Electricity,5,REL  PRT  PRC  BASC BCRQ MACM MSCP SETC,
200234609865,EP3128-000,BAH-038081632,17.08.2026,17.08.2026,1,0,UK Power Networks(Operations) Ltd,5,CRTD PRC  BASC BCRQ MACM SETC,
200234583092,629939N001,EXRM-1009-43,04.08.2026,04.08.2026,1,0,Tyco Electronics UK Limited,5,REL  PRT  PRC  BASC BCRQ MACM MSCP SETC,
200234609806,EP3144-000,BAH-038081648,04.08.2026,04.08.2026,30,0,UK Power Networks(Operations) Ltd,5,REL  PRT  PRC  BASC BCRQ MACM MSCP SETC,
200234609811,EP3144-000,BAH-038081648,04.08.2026,04.08.2026,30,0,UK Power Networks(Operations) Ltd,5,REL  PRT  PRC  BASC BCRQ MACM MSCP SETC,
200234610065,EP3133-000,BAH-038081637,04.08.2026,04.08.2026,60,0,UK Power Networks(Operations) Ltd,5,REL  PRT  PRC  BASC BCRQ MACM MSCP SETC,
200234610117,EP3135-000,BAH-038081639,04.08.2026,04.08.2026,90,0,UK Power Networks(Operations) Ltd,5,REL  PRT  PRC  BASC BCRQ MACM MSCP SETC,
200234610118,EP3146-000,BAH-038081650,04.08.2026,04.08.2026,40,0,UK Power Networks(Operations) Ltd,5,REL  PRT  PRC  BASC BCRQ MACM MSCP SETC,
200234610135,D42206-000,BAH-028000474,04.08.2026,04.08.2026,200,0,National Grid Electricity,5,REL  PRT  PRC  BASC BCRQ MACM MSCP SETC,
200234610257,F54046-000,BAH-028000480,04.08.2026,04.08.2026,50,0,National Grid Electricity,5,REL  PRT  PRC  BASC BCRQ MACM MSCP SETC,
200234583425,D42206-000,BAH-028000474,14.08.2026,14.08.2026,14,0,Wolseley UK Limited,5,CRTD PRC  BASC BCRQ MACM SETC,
200234576767,EP3144-000,BAH-038081648,27.08.2026,27.08.2026,6,0,Wolseley UK Limited,5,CRTD PRC  BASC BCRQ MACM SETC,
200234674038,EP3133-000,BAH-038081637,04.09.2026,04.09.2026,20,0,Cable Services Ltd,5,CRTD PRC  BASC BCRQ MACM MSCP SETC,
200234674041,EP3144-000,BAH-038081648,04.09.2026,04.09.2026,30,0,Cable Services Ltd,5,CRTD PRC  BASC BCRQ MACM MSCP SETC,
200234609809,EP3144-000,BAH-038081648,11.09.2026,11.09.2026,21,0,Wolseley UK Limited,5,CRTD PRC  BASC BCRQ MACM SETC,
200233920715,EE7491-000,BAH-038081428,05.08.2026,05.08.2026,20,0,SP Power Systems Ltd,5,CRTD PRC  BASC BCRQ MACM MSCP SETC,
200233920744,EE7490-000,BAH-038081429,05.08.2026,05.08.2026,30,0,SP Power Systems Ltd,5,CRTD PRC  BASC BCRQ MACM MSCP SETC,
200234583510,ED0008-000,BAH-038081016,05.08.2026,05.08.2026,60,0,SSE Stock Ltd,5,CRTD PRC  BASC BCRQ MACM MSCP SETC,
200234583538,EF0733-000,BAH-038081483,05.08.2026,05.08.2026,90,0,SSE Stock Ltd,5,CRTD PRC  BASC BCRQ MACM MSCP SETC,
200234603031,EB9990-000,BAH-038080999,05.08.2026,05.08.2026,100,0,SSE Stock Ltd,5,CRTD PRC  BASC BCRQ MACM MSCP SETC,
200234610259,EB9977-000,BAH-038080986,05.08.2026,05.08.2026,20,0,SSE Stock Ltd,5,CRTD PRC  BASC BCRQ MACM MSCP SETC,
200234340912,EB3903-000,BAH-028000578,06.08.2026,06.08.2026,30,0,ESB,5,CRTD PRC  BASC BCRQ MACM MSCP SETC,
200234490388,ED0013-000,BAH-038081020,06.08.2026,06.08.2026,24,0,SSE Stock Ltd,5,CRTD PRC  BASC BCRQ MACM SETC,
200234519779,EB9969-000,BAH-038080978,06.08.2026,06.08.2026,36,0,SSE Stock Ltd,5,CRTD PRC  BASC BCRQ MACM MSCP SETC,
200234526876,EB9990-000,BAH-038080999,06.08.2026,06.08.2026,100,0,SSE Stock Ltd,5,CRTD PRC  BASC BCRQ MACM MSCP SETC,
200234527404,EB9976-000,BAH-038080985,06.08.2026,06.08.2026,16,0,SSE Stock Ltd,5,CRTD PRC  BASC BCRQ MACM MSCP SETC,
200234527566,EB9977-000,BAH-038080986,06.08.2026,06.08.2026,20,0,SSE Stock Ltd,5,CRTD PRC  BASC BCRQ MACM MSCP SETC,
200234527569,ED0015-000,BAH-038081022,06.08.2026,06.08.2026,30,0,SSE Stock Ltd,5,CRTD PRC  BASC BCRQ MACM MSCP SETC,
200234583350,ED0005-000,BAH-038081013,06.08.2026,06.08.2026,14,0,SSE Stock Ltd,5,CRTD PRC  BASC BCRQ MACM MSCP SETC,
200234583420,EB9968-000,BAH-038080977,06.08.2026,06.08.2026,20,0,SSE Stock Ltd,5,CRTD PRC  BASC BCRQ MACM MSCP SETC,
200234583430,EB9987-000,BAH-038080996,06.08.2026,06.08.2026,16,0,SSE Stock Ltd,5,CRTD PRC  BASC BCRQ MACM MSCP SETC,
200234342661,ED0008-000,BAH-038081016,07.08.2026,07.08.2026,3,0,Cable Services Ltd,5,CRTD PRC  BASC BCRQ MACM MSCP SETC,
200234400123,EB9976-000,BAH-038080985,07.08.2026,07.08.2026,10,0,Wolseley UK Limited,5,CRTD PRC  BASC BCRQ MACM MSCP SETC,
200234519781,EB9976-000,BAH-038080985,07.08.2026,07.08.2026,60,0,Cable Services Ltd,5,CRTD PRC  BASC BCRQ MACM MSCP SETC,
200234550254,ED0013-000,BAH-038081020,10.08.2026,10.08.2026,30,0,SSE Stock Ltd,5,CRTD PRC  BASC BCRQ MACM SETC,
200234583340,EB9990-000,BAH-038080999,13.08.2026,13.08.2026,100,0,SSE Stock Ltd,5,CRTD PRC  BASC BCRQ MACM SETC,
200234583431,EB9968-000,BAH-038080977,13.08.2026,13.08.2026,20,0,SSE Stock Ltd,5,CRTD PRC  BASC BCRQ MACM SETC,
200234610127,EF0733-000,BAH-038081483,13.08.2026,13.08.2026,24,0,SSE Stock Ltd,5,CRTD PRC  BASC BCRQ MACM MSCP SETC,
200234654927,EB9969-000,BAH-038080978,13.08.2026,13.08.2026,12,0,SSE Stock Ltd,5,CRTD PRC  BASC BCRQ MACM SETC,
200234517882,EB9987-000,BAH-038080996,20.08.2026,20.08.2026,16,0,SSE Stock Ltd,5,CRTD PRC  BASC BCRQ MACM SETC,
200234610128,EF0733-000,BAH-038081483,26.08.2026,26.08.2026,26,0,SSE Stock Ltd,5,CRTD PRC  BASC BCRQ MACM SETC,
200234610260,EB9977-000,BAH-038080986,26.08.2026,26.08.2026,20,0,SSE Stock Ltd,5,CRTD PRC  BASC BCRQ MACM SETC,
200234610261,EB9987-000,BAH-038080996,26.08.2026,26.08.2026,16,0,SSE Stock Ltd,5,CRTD PRC  BASC BCRQ MACM SETC,
200234654924,EF0733-000,BAH-038081483,26.08.2026,26.08.2026,84,0,SSE Stock Ltd,5,CRTD PRC  BASC BCRQ MACM SETC,
200234654928,ED0008-000,BAH-038081016,26.08.2026,26.08.2026,24,0,SSE Stock Ltd,5,CRTD PRC  BASC BCRQ MACM SETC,
200234628756,ED0013-000,BAH-038081020,27.08.2026,27.08.2026,4,0,Wolseley UK Limited,5,CRTD PRC  BASC BCRQ MACM SETC,
200234654931,EB9987-000,BAH-038080996,03.09.2026,03.09.2026,32,0,SSE Stock Ltd,5,CRTD PRC  BASC BCRQ MACM MSCP SETC,
200234654835,ED0005-000,BAH-038081013,04.09.2026,04.09.2026,30,0,Cable Services Ltd,5,CRTD PRC  BASC BCRQ MACM MSCP SETC,
200234673850,EB9968-000,BAH-038080977,04.09.2026,04.09.2026,6,0,Cable Services Ltd,5,CRTD PRC  BASC BCRQ MACM MSCP SETC,
200234673851,EB9976-000,BAH-038080985,04.09.2026,04.09.2026,6,0,Cable Services Ltd,5,CRTD MSPT PRC  BASC BCRQ MSCP SETC,
200234673852,EB9987-000,BAH-038080996,04.09.2026,04.09.2026,6,0,Cable Services Ltd,5,CRTD PRC  BASC BCRQ MACM MSCP SETC,
200234654925,EF0733-000,BAH-038081483,10.09.2026,10.09.2026,55,0,SSE Stock Ltd,5,CRTD PRC  BASC BCRQ MACM SETC,
200234654936,ED0008-000,BAH-038081016,10.09.2026,10.09.2026,36,0,SSE Stock Ltd,5,CRTD PRC  BASC BCRQ MACM SETC,
200234654922,EB9987-000,BAH-038080996,11.09.2026,11.09.2026,11,0,Wolseley UK Limited,5,CRTD PRC  BASC BCRQ MACM SETC,
200234655074,EB9990-000,BAH-038080999,18.09.2026,18.09.2026,24,0,Wolseley UK Limited,5,CRTD MSPT PRC  BASC BCRQ SETC,
200234655075,EB9987-000,BAH-038080996,18.09.2026,18.09.2026,10,0,Wolseley UK Limited,5,CRTD PRC  BASC BCRQ MACM SETC,
200234603032,EE7492-000,BAH-038081427,06.08.2026,06.08.2026,12,0,Wolseley UK Limited,5,CRTD PRC  BASC BCRQ MACM MSCP SETC,
200234514442,125278-000,BAH-028000048,07.08.2026,07.08.2026,150,0,Cable Services Ltd,5,CRTD PRC  BASC BCRQ MACM MSCP SETC,
200234517491,089770-000,BAH-028000477,07.08.2026,07.08.2026,40,0,Cable Services Ltd,5,CRTD PRC  BASC BCRQ MACM MSCP SETC,
200234519785,EB9989-000,BAH-038080998,07.08.2026,07.08.2026,60,0,Cable Services Ltd,5,CRTD PRC  BASC BCRQ MACM MSCP SETC,
200234576771,A96941-000,BAH-028000481,07.08.2026,07.08.2026,8,0,Wolseley UK Limited,5,CRTD PRC  BASC BCRQ MACM MSCP SETC,
200234654918,089770-000,BAH-028000477,11.08.2026,11.08.2026,300,0,National Grid Electricity,5,CRTD PRC  BASC BCRQ MACM SETC,
200234654921,A96941-000,BAH-028000481,11.08.2026,11.08.2026,50,0,National Grid Electricity,5,CRTD PRC  BASC BCRQ MACM SETC,
200234654703,EE7492-000,BAH-038081427,26.08.2026,26.08.2026,100,0,SP Power Systems Ltd,5,CRTD PRC  BASC BCRQ MACM SETC,
200234654836,A96941-000,BAH-028000481,04.09.2026,04.09.2026,30,0,Cable Services Ltd,5,CRTD PRC  BASC BCRQ MACM MSCP SETC,
200234689848,EF2689-000,BAH-028000763,07.08.2026,07.08.2026,26,0,,,CRTD MSPT PRC  BASC BCRQ MSCP SETC,
200234654607,EP3136-000,BAH-038081640,10.08.2026,10.08.2026,150,0,UK Power Networks(Operations) Ltd,5,CRTD PRC  BASC BCRQ MACM SETC,
200234647543,A63902-000,BAH-028000483,11.08.2026,11.08.2026,20,0,National Grid Electricity,5,CRTD PRC  BASC BCRQ MACM MSCP SETC,
200234647451,A63902-000,BAH-028000483,17.08.2026,17.08.2026,100,0,National Grid Electricity,5,CRTD PRC  BASC BCRQ MACM MSCP SETC,
200234654610,EP3136-000,BAH-038081640,18.08.2026,18.08.2026,150,0,UK Power Networks(Operations) Ltd,5,CRTD PRC  BASC BCRQ MACM SETC,
200234674039,EP3136-000,BAH-038081640,04.09.2026,04.09.2026,5,0,Cable Services Ltd,5,CRTD PRC  BASC BCRQ MACM MSCP SETC,
200234654919,D17565-000,BAH-028000478,11.08.2026,11.08.2026,60,0,National Grid Electricity,5,CRTD PRC  BASC BCRQ MACM SETC,
200234583427,D17565-000,BAH-028000478,14.08.2026,14.08.2026,11,0,Wolseley UK Limited,5,CRTD PRC  BASC BCRQ MACM SETC,
200234610060,D17565-000,BAH-028000478,21.08.2026,21.08.2026,1,0,Wolseley UK Limited,5,CRTD PRC  BASC BCRQ MACM SETC,
200233920459,EE7519-000,BAH-038081400,12.08.2026,12.08.2026,20,0,SP Power Systems Ltd,5,CRTD PRC  BASC BCRQ MACM SETC,
200233920463,EE7510-000,BAH-038081409,12.08.2026,12.08.2026,50,0,SP Power Systems Ltd,5,CRTD PRC  BASC BCRQ MACM SETC,
200233920475,EE7503-000,BAH-038081416,12.08.2026,12.08.2026,30,0,SP Power Systems Ltd,5,CRTD PRC  BASC BCRQ MACM SETC,
200233920702,EE7500-000,BAH-038081419,12.08.2026,12.08.2026,40,0,SP Power Systems Ltd,5,CRTD PRC  BASC BCRQ MACM SETC,
200234654701,BM0918-000,BAH-038081521,12.08.2026,12.08.2026,10,0,Tyco Electronics Polska Sp z o.o.,5,CRTD MSPT PRC  BASC BCRQ SETC,
200233570589,BM0918-000,BAH-038081521,17.08.2026,17.08.2026,100,0,Dallas Trading Co. (L.L.C.),5,CRTD PRC  BASC BCRQ MACM SETC,
200233570591,BM0918-000,BAH-038081521,20.10.2026,20.10.2026,100,0,Dallas Trading Co. (L.L.C.),5,CRTD MSPT PRC  BASC BCRQ SETC,
200234583422,ED0002-000,BAH-038081010,13.08.2026,13.08.2026,16,0,SSE Stock Ltd,5,CRTD PRC  BASC BCRQ MACM SETC,
200234610132,ED0012-000,BAH-038081019,13.08.2026,13.08.2026,30,0,SSE Stock Ltd,5,CRTD PRC  BASC BCRQ MACM MSCP SETC,
200234655066,ED0002-000,BAH-038081010,26.08.2026,26.08.2026,16,0,SSE Stock Ltd,5,CRTD PRC  BASC BCRQ MACM SETC,
200234609650,EP3137-000,BAH-038081641,14.08.2026,14.08.2026,10,0,Cable Services Ltd,5,CRTD PRC  BASC BCRQ MACM MSCP SETC,
200234610062,ER3077-000,BAH-038081689,13.08.2026,14.08.2026,100,0,Cable Services Ltd,5,CRTD PRC  BASC BCRQ MACM SETC,
200234610071,498262-000,BAH-028000049,14.08.2026,14.08.2026,39,0,Wolseley UK Limited,5,CRTD PRC  BASC BCRQ MACM MSCP SETC,
200234673849,EE7751-000,BAH-028000743,14.08.2026,14.08.2026,405,0,Electricity North West Ltd,5,CRTD MSPT PRC  BASC BCRQ MSCP SETC,
200233314458,BM0921-000,BAH-038081524,28.07.2026,28.07.2026,20,0,Dallas Trading Co. (L.L.C.),5,REL  PRT  PRC  BASC BCRQ GMPS MACM RESA*,COMP PREP
200234655062,EP3127-000,BAH-038081631,18.08.2026,18.08.2026,100,0,UK Power Networks(Operations) Ltd,5,CRTD PRC  BASC BCRQ MACM SETC,
200234610262,EP3127-000,BAH-038081631,19.08.2026,19.08.2026,100,0,UK Power Networks(Operations) Ltd,5,CRTD PRC  BASC BCRQ MACM SETC,
200233314459,BM0921-000,BAH-038081524,20.10.2026,20.10.2026,20,0,Dallas Trading Co. (L.L.C.),5,CRTD MSPT PRC  BASC BCRQ SETC,
200234577881,EE4898-000,BAH-038081250,21.08.2026,21.08.2026,10,0,Cable Services Ltd,5,CRTD PRC  BASC BCRQ MACM SETC,
200234609719,A71740-000,BAH-038080680,21.08.2026,21.08.2026,5,0,TE Connectivity Australia Pty Ltd,5,CRTD MSPT PRC  BASC BCRQ SETC,
200234609721,C86482-000,BAH-038080681,21.08.2026,21.08.2026,5,0,TE Connectivity Australia Pty Ltd,5,CRTD PRC  BASC BCRQ MACM SETC,
200234654818,646316-000,BAH-028000333,21.08.2026,21.08.2026,60,0,Cable Services Ltd,5,CRTD MSPT PRC  BASC BCRQ SETC,
200234673856,EE4898-000,BAH-038081250,04.09.2026,04.09.2026,10,0,Cable Services Ltd,5,CRTD PRC  BASC BCRQ MACM MSCP SETC,
200233637765,EP7521-000,BAH-038000859,25.08.2026,25.08.2026,160,0,NIE Networks Ltd,5,CRTD PRC  BASC BCRQ MACM SETC,
200233637775,EP7521-000,BAH-038000859,25.08.2026,25.08.2026,160,0,NIE Networks Ltd,5,CRTD PRC  BASC BCRQ MACM SETC,
200233637833,EP7519-000,BAH-038000857,25.08.2026,25.08.2026,40,0,NIE Networks Ltd,5,CRTD PRC  BASC BCRQ MACM SETC,
200233637923,EP7515-000,BAH-038000853,25.08.2026,25.08.2026,120,0,NIE Networks Ltd,5,CRTD PRC  BASC BCRQ MACM SETC,
200233637933,EP7515-000,BAH-038000853,25.08.2026,25.08.2026,120,0,NIE Networks Ltd,5,CRTD PRC  BASC BCRQ MACM SETC,
200233637962,EP7516-000,BAH-038000854,25.08.2026,25.08.2026,120,0,NIE Networks Ltd,5,CRTD PRC  BASC BCRQ MACM SETC,
200233637968,EP7516-000,BAH-038000854,25.08.2026,25.08.2026,120,0,NIE Networks Ltd,5,CRTD PRC  BASC BCRQ MACM SETC,
200233638019,EP7517-000,BAH-038000855,25.08.2026,25.08.2026,50,0,NIE Networks Ltd,5,CRTD PRC  BASC BCRQ MACM SETC,
200233638023,EP7517-000,BAH-038000855,25.08.2026,25.08.2026,50,0,NIE Networks Ltd,5,CRTD PRC  BASC BCRQ MACM SETC,
200233637766,EP7521-000,BAH-038000859,24.09.2026,24.09.2026,160,0,NIE Networks Ltd,5,CRTD PRC  BASC BCRQ MACM SETC,
200233637830,EP7519-000,BAH-038000857,24.09.2026,24.09.2026,40,0,NIE Networks Ltd,5,CRTD PRC  BASC BCRQ MACM SETC,
200233637837,EP7521-000,BAH-038000859,24.09.2026,24.09.2026,160,0,NIE Networks Ltd,5,CRTD PRC  BASC BCRQ MACM SETC,
200233637925,EP7515-000,BAH-038000853,24.09.2026,24.09.2026,120,0,NIE Networks Ltd,5,CRTD PRC  BASC BCRQ MACM SETC,
200233637935,EP7515-000,BAH-038000853,24.09.2026,24.09.2026,120,0,NIE Networks Ltd,5,CRTD PRC  BASC BCRQ MACM SETC,
200233637963,EP7516-000,BAH-038000854,24.09.2026,24.09.2026,120,0,NIE Networks Ltd,5,CRTD PRC  BASC BCRQ MACM SETC,
200233637969,EP7516-000,BAH-038000854,24.09.2026,24.09.2026,120,0,NIE Networks Ltd,5,CRTD PRC  BASC BCRQ MACM SETC,
200233638022,EP7517-000,BAH-038000855,24.09.2026,24.09.2026,50,0,NIE Networks Ltd,5,CRTD PRC  BASC BCRQ MACM SETC,
200233638025,EP7517-000,BAH-038000855,24.09.2026,24.09.2026,50,0,NIE Networks Ltd,5,CRTD PRC  BASC BCRQ MACM SETC,
200234489790,EP7519-000,BAH-038000857,16.10.2026,16.10.2026,40,0,NIE Networks Ltd,5,CRTD PRC  BASC BCRQ MACM SETC,
200234489838,EP7519-000,BAH-038000857,16.10.2026,16.10.2026,40,0,NIE Networks Ltd,5,CRTD PRC  BASC BCRQ MACM SETC,
200234489848,EP7521-000,BAH-038000859,15.10.2026,16.10.2026,200,0,NIE Networks Ltd,5,CRTD PRC  BASC BCRQ MACM SETC,
200234489902,EP7521-000,BAH-038000859,15.10.2026,16.10.2026,200,0,NIE Networks Ltd,5,CRTD PRC  BASC BCRQ MACM SETC,
200233637769,EP7521-000,BAH-038000859,23.10.2026,23.10.2026,160,0,NIE Networks Ltd,5,CRTD PRC  BASC BCRQ MACM SETC,
200233637834,EP7519-000,BAH-038000857,23.10.2026,23.10.2026,40,0,NIE Networks Ltd,5,CRTD PRC  CSER BASC BCRQ MACM SETC,
200233637838,EP7521-000,BAH-038000859,23.10.2026,23.10.2026,160,0,NIE Networks Ltd,5,CRTD MSPT PRC  BASC BCRQ SETC,
200233637927,EP7515-000,BAH-038000853,23.10.2026,23.10.2026,120,0,NIE Networks Ltd,5,CRTD PRC  CSER BASC BCRQ MACM SETC,
200233637958,EP7515-000,BAH-038000853,23.10.2026,23.10.2026,120,0,NIE Networks Ltd,5,CRTD PRC  CSER BASC BCRQ MACM SETC,
200233637964,EP7516-000,BAH-038000854,23.10.2026,23.10.2026,120,0,NIE Networks Ltd,5,CRTD PRC  CSER BASC BCRQ MACM SETC,
200233637970,EP7516-000,BAH-038000854,23.10.2026,23.10.2026,120,0,NIE Networks Ltd,5,CRTD PRC  CSER BASC BCRQ MACM SETC,
200233638026,EP7517-000,BAH-038000855,23.10.2026,23.10.2026,50,0,NIE Networks Ltd,5,CRTD PRC  CSER BASC BCRQ MACM SETC,
200233638028,EP7517-000,BAH-038000855,23.10.2026,23.10.2026,50,0,NIE Networks Ltd,5,CRTD PRC  CSER BASC BCRQ MACM SETC,
200234489788,EP7515-000,BAH-038000853,30.10.2026,30.10.2026,4,0,TE Connectivity Australia Pty Ltd,5,CRTD PRC  BASC BCRQ MACM SETC,
200234489791,EP7519-000,BAH-038000857,17.11.2026,17.11.2026,40,0,NIE Networks Ltd,5,CRTD PRC  BASC BCRQ MACM SETC,
200234489839,EP7519-000,BAH-038000857,17.11.2026,17.11.2026,40,0,NIE Networks Ltd,5,CRTD PRC  BASC BCRQ MACM SETC,
200234489849,EP7521-000,BAH-038000859,17.11.2026,17.11.2026,200,0,NIE Networks Ltd,5,CRTD MSPT PRC  BASC BCRQ SETC,
200234489903,EP7521-000,BAH-038000859,17.11.2026,17.11.2026,200,0,NIE Networks Ltd,5,CRTD MSPT PRC  BASC BCRQ SETC,
200233637770,EP7521-000,BAH-038000859,24.11.2026,24.11.2026,160,0,NIE Networks Ltd,5,CRTD MSPT PRC  BASC BCRQ SETC,
200233637831,EP7519-000,BAH-038000857,24.11.2026,24.11.2026,40,0,NIE Networks Ltd,5,CRTD PRC  CSER BASC BCRQ MACM SETC,
200233637839,EP7521-000,BAH-038000859,24.11.2026,24.11.2026,160,0,NIE Networks Ltd,5,CRTD MSPT PRC  BASC BCRQ SETC,
200233637928,EP7515-000,BAH-038000853,24.11.2026,24.11.2026,120,0,NIE Networks Ltd,5,CRTD PRC  CSER BASC BCRQ MACM SETC,
200233637959,EP7515-000,BAH-038000853,24.11.2026,24.11.2026,120,0,NIE Networks Ltd,5,CRTD PRC  CSER BASC BCRQ MACM SETC,
200233637965,EP7516-000,BAH-038000854,24.11.2026,24.11.2026,120,0,NIE Networks Ltd,5,CRTD PRC  CSER BASC BCRQ MACM SETC,
200233637972,EP7516-000,BAH-038000854,24.11.2026,24.11.2026,120,0,NIE Networks Ltd,5,CRTD PRC  CSER BASC BCRQ MACM SETC,
200233638029,EP7517-000,BAH-038000855,24.11.2026,24.11.2026,50,0,NIE Networks Ltd,5,CRTD PRC  CSER BASC BCRQ MACM SETC,
200233638030,EP7517-000,BAH-038000855,24.11.2026,24.11.2026,50,0,NIE Networks Ltd,5,CRTD PRC  CSER BASC BCRQ MACM SETC,
200234489792,EP7519-000,BAH-038000857,18.12.2026,18.12.2026,40,0,NIE Networks Ltd,5,CRTD PRC  BASC BCRQ MACM SETC,
200234489840,EP7519-000,BAH-038000857,18.12.2026,18.12.2026,40,0,NIE Networks Ltd,5,CRTD PRC  BASC BCRQ MACM SETC,
200234489851,EP7521-000,BAH-038000859,17.12.2026,18.12.2026,200,0,NIE Networks Ltd,5,CRTD MSPT PRC  BASC BCRQ SETC,
200234489905,EP7521-000,BAH-038000859,17.12.2026,18.12.2026,200,0,NIE Networks Ltd,5,CRTD MSPT PRC  BASC BCRQ SETC,
200234489733,EP7515-000,BAH-038000853,18.01.2027,18.01.2027,150,0,NIE Networks Ltd,5,CRTD PRC  BASC BCRQ MACM SETC,
200234489779,EP7515-000,BAH-038000853,18.01.2027,18.01.2027,150,0,NIE Networks Ltd,5,CRTD PRC  BASC BCRQ MACM SETC,
200234489793,EP7519-000,BAH-038000857,18.01.2027,18.01.2027,40,0,NIE Networks Ltd,5,CRTD PRC  BASC BCRQ MACM SETC,
200234489841,EP7519-000,BAH-038000857,18.01.2027,18.01.2027,40,0,NIE Networks Ltd,5,CRTD PRC  BASC BCRQ MACM SETC,
200234489854,EP7521-000,BAH-038000859,18.01.2027,18.01.2027,200,0,NIE Networks Ltd,5,CRTD MSPT PRC  BASC BCRQ SETC,
200234489906,EP7521-000,BAH-038000859,18.01.2027,18.01.2027,200,0,NIE Networks Ltd,5,CRTD MSPT PRC  BASC BCRQ SETC,
200234489734,EP7515-000,BAH-038000853,15.02.2027,15.02.2027,150,0,NIE Networks Ltd,5,CRTD PRC  BASC BCRQ MACM SETC,
200234489780,EP7515-000,BAH-038000853,15.02.2027,15.02.2027,150,0,NIE Networks Ltd,5,CRTD PRC  BASC BCRQ MACM SETC,
200234489794,EP7519-000,BAH-038000857,15.02.2027,15.02.2027,40,0,NIE Networks Ltd,5,CRTD PRC  BASC BCRQ MACM SETC,
200234489842,EP7519-000,BAH-038000857,15.02.2027,15.02.2027,40,0,NIE Networks Ltd,5,CRTD PRC  BASC BCRQ MACM SETC,
200234489897,EP7521-000,BAH-038000859,15.02.2027,15.02.2027,200,0,NIE Networks Ltd,5,CRTD MSPT PRC  BASC BCRQ SETC,
200234489908,EP7521-000,BAH-038000859,15.02.2027,15.02.2027,200,0,NIE Networks Ltd,5,CRTD MSPT PRC  BASC BCRQ SETC,
200234489735,EP7515-000,BAH-038000853,18.03.2027,18.03.2027,150,0,NIE Networks Ltd,5,CRTD PRC  BASC BCRQ MACM SETC,
200234489782,EP7515-000,BAH-038000853,18.03.2027,18.03.2027,150,0,NIE Networks Ltd,5,CRTD PRC  BASC BCRQ MACM SETC,
200234489795,EP7519-000,BAH-038000857,18.03.2027,18.03.2027,40,0,NIE Networks Ltd,5,CRTD PRC  BASC BCRQ MACM SETC,
200234489843,EP7519-000,BAH-038000857,18.03.2027,18.03.2027,40,0,NIE Networks Ltd,5,CRTD PRC  BASC BCRQ MACM SETC,
200234489899,EP7521-000,BAH-038000859,18.03.2027,18.03.2027,200,0,NIE Networks Ltd,5,CRTD MSPT PRC  BASC BCRQ SETC,
200234489909,EP7521-000,BAH-038000859,18.03.2027,18.03.2027,200,0,NIE Networks Ltd,5,CRTD MSPT PRC  BASC BCRQ SETC,
200234489736,EP7515-000,BAH-038000853,16.04.2027,16.04.2027,150,0,NIE Networks Ltd,5,CRTD MSPT PRC  BASC BCRQ SETC,
200234489783,EP7515-000,BAH-038000853,16.04.2027,16.04.2027,150,0,NIE Networks Ltd,5,CRTD MSPT PRC  BASC BCRQ SETC,
200234489796,EP7519-000,BAH-038000857,16.04.2027,16.04.2027,40,0,NIE Networks Ltd,5,CRTD PRC  BASC BCRQ MACM SETC,
200234489844,EP7519-000,BAH-038000857,16.04.2027,16.04.2027,40,0,NIE Networks Ltd,5,CRTD PRC  BASC BCRQ MACM SETC,
200234489900,EP7521-000,BAH-038000859,15.04.2027,16.04.2027,200,0,NIE Networks Ltd,5,CRTD MSPT PRC  BASC BCRQ SETC,
200234489910,EP7521-000,BAH-038000859,15.04.2027,16.04.2027,200,0,NIE Networks Ltd,5,CRTD MSPT PRC  BASC BCRQ SETC,
200234489777,EP7515-000,BAH-038000853,18.05.2027,18.05.2027,150,0,NIE Networks Ltd,5,CRTD MSPT PRC  BASC BCRQ SETC,
200234489784,EP7515-000,BAH-038000853,18.05.2027,18.05.2027,150,0,NIE Networks Ltd,5,CRTD MSPT PRC  BASC BCRQ SETC,
200234489837,EP7519-000,BAH-038000857,18.05.2027,18.05.2027,40,0,NIE Networks Ltd,5,CRTD PRC  BASC BCRQ MACM SETC,
200234489846,EP7519-000,BAH-038000857,18.05.2027,18.05.2027,40,0,NIE Networks Ltd,5,CRTD MSPT PRC  BASC BCRQ SETC,
200234489901,EP7521-000,BAH-038000859,18.05.2027,18.05.2027,200,0,NIE Networks Ltd,5,CRTD MSPT PRC  BASC BCRQ SETC,
200234489911,EP7521-000,BAH-038000859,18.05.2027,18.05.2027,200,0,NIE Networks Ltd,5,CRTD MSPT PRC  BASC BCRQ SETC,
200234509783,308845-000,EXRM-1009-16,26.08.2026,26.08.2026,30,0,Tyco Electronics (Kunshan) Ltd,5,CRTD PRC  BASC BCRQ MACM SETC,
200234509791,308845-000,EXRM-1009-16,16.09.2026,16.09.2026,58,0,Tyco Electronics (Kunshan) Ltd,5,CRTD PRC  BASC BCRQ MACM SETC,
200234576849,308845-000,EXRM-1009-16,24.09.2026,24.09.2026,41,0,Tyco Electronics (Kunshan) Ltd,5,CRTD MSPT PRC  BASC BCRQ SETC,
200234509792,308845-000,EXRM-1009-16,22.10.2026,22.10.2026,53,0,Tyco Electronics (Kunshan) Ltd,5,CRTD PRC  BASC BCRQ MACM SETC,
200234576852,308845-000,EXRM-1009-16,22.10.2026,22.10.2026,70,0,Tyco Electronics (Kunshan) Ltd,5,CRTD MSPT PRC  BASC BCRQ SETC,
200234610076,308845-000,EXRM-1009-16,12.11.2026,12.11.2026,70,0,Tyco Electronics (Kunshan) Ltd,5,CRTD MSPT PRC  BASC BCRQ SETC,
200234576841,EE7750-000,BAH-028000742,27.08.2026,27.08.2026,12,0,Wolseley UK Limited,5,CRTD PRC  BASC BCRQ MACM SETC,
200234628637,ED0014-000,BAH-038081021,27.08.2026,27.08.2026,40,0,Cable Services Ltd,5,CRTD PRC  BASC BCRQ MACM SETC,
200234673494,ED0014-000,BAH-038081021,04.09.2026,04.09.2026,20,0,Cable Services Ltd,5,CRTD PRC  BASC BCRQ MACM MSCP SETC,
200233621851,EP7520-000,BAH-038000858,24.09.2026,24.09.2026,25,0,NIE Networks Ltd,5,CRTD PRC  BASC BCRQ MACM SETC,
200233637825,EP7518-000,BAH-038000856,24.09.2026,24.09.2026,60,0,NIE Networks Ltd,5,CRTD PRC  BASC BCRQ MACM SETC,
200234568585,ER0253-000,BAH-028000868,02.10.2026,02.10.2026,75,0,TE Connectivity Australia Pty Ltd,5,CRTD MSPT PRC  BASC BCRQ SETC,
200234609651,E34722-000,BAH-028000482,02.10.2026,02.10.2026,3,0,Wolseley UK Limited,5,CRTD PRC  BASC BCRQ MACM SETC,
200234568588,ER0253-000,BAH-028000868,09.10.2026,09.10.2026,91,0,TE Connectivity Australia Pty Ltd,5,CRTD MSPT PRC  BASC BCRQ SETC,
200234568589,ER0253-000,BAH-028000868,06.11.2026,06.11.2026,57,0,TE Connectivity Australia Pty Ltd,5,CRTD MSPT PRC  BASC BCRQ SETC,
200234610058,ER0253-000,BAH-028000868,04.12.2026,04.12.2026,110,0,TE Connectivity Australia Pty Ltd,5,CRTD MSPT PRC  BASC BCRQ SETC,
200233314375,BM0920-000,BAH-038081523,20.10.2026,20.10.2026,40,0,Dallas Trading Co. (L.L.C.),5,CRTD MSPT PRC  BASC BCRQ SETC,
200234456289,ES2060-000,BCIC-1215-005,21.07.2026,28.07.2026,192,0,Tyco Electronics Polska Sp z o.o.,5,REL  PRT  PRC  BASC BCRQ MACM SETC,
200233900526,ES4498-000,BCIC-1219-PE,27.07.2026,29.07.2026,36,0,Tyco Electronics Polska Sp z o.o.,5,REL  PRT  PCNF PRC  BASC BCRQ GMPS MACM*,
200233900527,ES4498-000,BCIC-1219-PE,24.07.2026,29.07.2026,72,0,Tyco Electronics Polska Sp z o.o.,5,REL  PRT  PCNF PRC  BASC BCRQ GMPS MACM*,
200233630960,ES4498-000,BCIC-1219-PE,27.07.2026,30.07.2026,36,0,Tyco Electronics Polska Sp z o.o.,5,REL  PRT  PCNF PRC  BASC BCRQ GMPS MACM*,
200234456285,ES2060-000,BCIC-1215-005,23.07.2026,30.07.2026,96,0,Tyco Electronics Polska Sp z o.o.,5,REL  PRT  PRC  BASC BCRQ MACM SETC,
200234456761,ES4497-000,BCIC-1219,27.07.2026,30.07.2026,45,0,Tyco Electronics Polska Sp z o.o.,5,REL  PRT  PRC  BASC BCRQ MACM MSCP SETC,
200234456814,D88393-000,BCIC-1215,21.07.2026,31.07.2026,634,451,Tyco Electronics Polska Sp z o.o.,5,REL  PRT  PCNF PRC  BASC BCRQ GMPS MACM*,
200234619114,ES4498-000,BCIC-1219-PE,31.07.2026,04.08.2026,6,0,Tyco Electronics Polska Sp z o.o.,5,CRTD PRC  BASC BCRQ MACM MSCP SETC,
200233768398,ES4498-000,BCIC-1219-PE,29.07.2026,05.08.2026,252,0,Tyco Electronics Polska Sp z o.o.,5,REL  PRT  PRC  BASC BCRQ MACM MSCP SETC,
200233881008,ES4498-000,BCIC-1219-PE,30.07.2026,05.08.2026,144,0,Tyco Electronics Polska Sp z o.o.,5,CRTD PRC  BASC BCRQ MACM SETC,
200234456907,D88393-000,BCIC-1215,06.08.2026,14.08.2026,416,0,Tyco Electronics Polska Sp z o.o.,5,CRTD PRC  BASC BCRQ MACM MSCP SETC,
200234456978,D88393-000,BCIC-1215,11.08.2026,19.08.2026,345,0,Tyco Electronics Polska Sp z o.o.,5,CRTD PRC  BASC BCRQ MACM MSCP SETC,
200234456984,ES2060-000,BCIC-1215-005,19.08.2026,24.08.2026,96,0,Tyco Electronics Polska Sp z o.o.,5,CRTD PRC  BASC BCRQ MACM MSCP SETC,
200234456982,ES2060-000,BCIC-1215-005,17.08.2026,25.08.2026,192,0,Tyco Electronics Polska Sp z o.o.,5,CRTD PRC  BASC BCRQ MACM MSCP SETC,
200234507014,ES4498-000,BCIC-1219-PE,10.08.2026,26.08.2026,720,0,Tyco Electronics Polska Sp z o.o.,5,CRTD PRC  BASC BCRQ MACM MSCP SETC,
200234416280,ES4498-000,BCIC-1219-PE,24.08.2026,28.08.2026,144,0,Tyco Electronics Polska Sp z o.o.,5,CRTD PRC  BASC BCRQ MACM MSCP SETC,
200234456988,ES2060-000,BCIC-1215-005,20.08.2026,01.09.2026,240,0,Tyco Electronics Polska Sp z o.o.,5,CRTD PRC  BASC BCRQ MACM MSCP SETC,
200233900528,ES4498-000,BCIC-1219-PE,26.08.2026,02.09.2026,108,0,Tyco Electronics Polska Sp z o.o.,5,CRTD PRC  BASC BCRQ MACM SETC,
200233970815,ES4498-000,BCIC-1219-PE,27.08.2026,02.09.2026,36,0,Tyco Electronics Polska Sp z o.o.,5,CRTD PRC  BASC BCRQ MACM SETC,
200234059643,ES4498-000,BCIC-1219-PE,25.08.2026,02.09.2026,216,0,Tyco Electronics Polska Sp z o.o.,5,CRTD PRC  BASC BCRQ MACM SETC,
200234342023,ES4498-000,BCIC-1219-PE,01.09.2026,07.09.2026,108,0,Tyco Electronics Polska Sp z o.o.,5,CRTD MSPT PRC  BASC BCRQ SETC,
200234416282,ES4498-000,BCIC-1219-PE,04.09.2026,11.09.2026,180,0,Tyco Electronics Polska Sp z o.o.,5,CRTD MSPT PRC  BASC BCRQ MSCP SETC,
200234416279,ES4498-000,BCIC-1219-PE,08.09.2026,15.09.2026,180,0,Tyco Electronics Polska Sp z o.o.,5,CRTD MSPT PRC  BASC BCRQ SETC,
200234457179,CJ5734-000,BCIC-1216,24.08.2026,17.09.2026,"1,080",0,Tyco Electronics Polska Sp z o.o.,5,CRTD PRC  BASC BCRQ MACM MSCP SETC,
200234507307,ES4498-000,BCIC-1219-PE,28.08.2026,21.09.2026,900,0,Tyco Electronics Polska Sp z o.o.,5,CRTD MSPT PRC  BASC BCRQ MSCP SETC,
200234507773,ES4498-000,BCIC-1219-PE,16.09.2026,22.09.2026,108,0,Tyco Electronics Polska Sp z o.o.,5,CRTD MSPT PRC  BASC BCRQ SETC,
200234507016,ES4498-000,BCIC-1219-PE,16.09.2026,23.09.2026,180,0,Tyco Electronics Polska Sp z o.o.,5,CRTD MSPT PRC  BASC BCRQ SETC,
200234457192,ES2060-000,BCIC-1215-005,21.09.2026,28.09.2026,192,0,Tyco Electronics Polska Sp z o.o.,5,CRTD PRC  BASC BCRQ MACM MSCP SETC,
200234507775,ES4498-000,BCIC-1219-PE,28.09.2026,30.09.2026,36,0,Tyco Electronics Polska Sp z o.o.,5,CRTD MSPT PRC  BASC BCRQ SETC,
200234457190,ES2060-000,BCIC-1215-005,08.09.2026,13.10.2026,984,0,Tyco Electronics Polska Sp z o.o.,5,CRTD PRC  BASC BCRQ MACM MSCP SETC,
200234457586,D88393-000,BCIC-1215,01.10.2026,14.10.2026,554,0,Tyco Electronics Polska Sp z o.o.,5,CRTD PRC  BASC BCRQ MACM MSCP SETC,
200234457588,D88393-000,BCIC-1215,14.10.2026,27.10.2026,607,0,Tyco Electronics Polska Sp z o.o.,5,CRTD PRC  BASC BCRQ MACM MSCP SETC,
200234457591,D88393-000,BCIC-1215,22.10.2026,29.10.2026,352,0,Tyco Electronics Polska Sp z o.o.,5,CRTD PRC  BASC BCRQ MACM MSCP SETC,
200234457725,D88393-000,BCIC-1215,27.10.2026,05.11.2026,506,0,Tyco Electronics Polska Sp z o.o.,5,CRTD PRC  BASC BCRQ MACM MSCP SETC,
200234457728,D88393-000,BCIC-1215,03.11.2026,09.11.2026,207,0,Tyco Electronics Polska Sp z o.o.,5,CRTD PRC  BASC BCRQ MACM MSCP SETC,
200234575551,D88393-000,BCIC-1215,20.11.2026,27.11.2026,233,0,Tyco Electronics Polska Sp z o.o.,5,CRTD MSPT PRC  BASC BCRQ SETC,
200234457733,D88393-000,BCIC-1215,24.11.2026,30.11.2026,196,0,Tyco Electronics Polska Sp z o.o.,5,CRTD MSPT PRC  BASC BCRQ SETC,
200234457729,CJ5734-000,BCIC-1216,06.11.2026,01.12.2026,"1,080",0,Tyco Electronics Polska Sp z o.o.,5,CRTD PRC  BASC BCRQ MACM MSCP SETC,
200234576713,D88393-000,BCIC-1215,27.11.2026,02.12.2026,56,0,Tyco Electronics Polska Sp z o.o.,5,CRTD MSPT PRC  BASC BCRQ SETC,
200234457897,D88393-000,BCIC-1215,01.12.2026,07.12.2026,213,0,Tyco Electronics Polska Sp z o.o.,5,CRTD MSPT PRC  BASC BCRQ SETC,
200234507776,ES4498-000,BCIC-1219-PE,07.12.2026,09.12.2026,36,0,Tyco Electronics Polska Sp z o.o.,5,CRTD MSPT PRC  BASC BCRQ SETC,
200234507897,ES4498-000,BCIC-1219-PE,04.12.2026,09.12.2026,72,0,Tyco Electronics Polska Sp z o.o.,5,CRTD MSPT PRC  BASC BCRQ SETC,
200234507898,ES4498-000,BCIC-1219-PE,04.12.2026,09.12.2026,72,0,Tyco Electronics Polska Sp z o.o.,5,CRTD MSPT PRC  BASC BCRQ SETC,
200234627055,ES4498-000,BCIC-1219-PE,23.11.2026,09.12.2026,684,0,Tyco Electronics Polska Sp z o.o.,5,CRTD MSPT PRC  BASC BCRQ MSCP SETC,
200234628399,ES4498-000,BCIC-1219-PE,02.12.2026,09.12.2026,216,0,Tyco Electronics Polska Sp z o.o.,5,CRTD MSPT PRC  BASC BCRQ MSCP SETC,
200234457899,D88393-000,BCIC-1215,08.12.2026,14.12.2026,221,0,Tyco Electronics Polska Sp z o.o.,5,CRTD MSPT PRC  BASC BCRQ SETC,
200234457900,D88393-000,BCIC-1215,11.12.2026,18.12.2026,225,0,Tyco Electronics Polska Sp z o.o.,5,CRTD MSPT PRC  BASC BCRQ SETC,
200234674045,ES4498-000,BCIC-1219-PE,17.12.2026,22.12.2026,72,0,Tyco Electronics Polska Sp z o.o.,5,CRTD MSPT PRC  BASC BCRQ SETC,
200234457903,ES2060-000,BCIC-1215-005,20.01.2027,28.01.2027,120,0,Tyco Electronics Polska Sp z o.o.,5,CRTD PRC  BASC BCRQ MACM SETC,
200234602656,D88393-000,BCIC-1215,26.02.2027,03.03.2027,96,0,Tyco Electronics Polska Sp z o.o.,5,CRTD MSPT PRC  BASC BCRQ SETC,
200234457904,ES2060-000,BCIC-1215-005,31.03.2027,07.04.2027,144,0,Tyco Electronics Polska Sp z o.o.,5,CRTD PRC  BASC BCRQ MACM SETC,
200234674046,ES1071-000,BCIC-1215-008,23.09.2026,30.09.2026,96,0,Tyco Electronics Polska Sp z o.o.,5,CRTD MSPT PRC  BASC BCRQ SETC,
