 
=================================== 
LINEUP background update started 
28/07/2026  0:00:02.66 
=================================== 
[28/07/2026  0:00:02.66] Activating virtual environment... 
[28/07/2026  0:00:03.32] Step 0 - Marking LINEUP run as started... 
LINEUP status marked as running.
[28/07/2026  0:00:03.79] Step 1 - Backing up LINEUP config... 

===================================
LINEUP Config Backup Complete
===================================
Backup folder : C:\LINEUP\backups\2026-07-28_000004
Files copied  : 4
Old backups removed: 1

[28/07/2026  0:00:04.22] Step 2 - Running SAP capacity export... 
COOIS capacities export complete:
C:\LINEUP\data\raw\COOIS_Capacities_Latest.txt
[28/07/2026  0:00:28.65] Step 3 - Running SAP production list export... 
COOIS production list export complete:
C:\LINEUP\data\raw\COOIS_ProductionList_Latest.txt
[28/07/2026  0:02:50.75] Step 4 - Running LINEUP processing pipeline... 
LINEUP
Starting capacity parser...


===================================
LINEUP Capacity Parser Complete
===================================
Input : COOIS_Capacities_Latest.txt
Output: capacities_clean.csv
Rows  : 6230


===================================
LINEUP Production Parser Complete
===================================
Input : COOIS_ProductionList_Latest.txt
Output: production_list_clean.csv
Rows  : 2378


===================================
LINEUP Capacity Summary Complete
===================================
Input : capacities_clean.csv
Output: capacities_order_summary.csv
Rows  : 990


===================================
LINEUP Merge Complete
===================================
Production input : production_list_clean.csv
Capacity input   : capacities_order_summary.csv
Output           : master_schedule.csv
Rows             : 990
Missing metadata : 0


===================================
LINEUP Scheduling Complete
===================================
Scheduled orders : 32
Overflow orders  : 0
SAP minutes      : unchanged by default
Staffing         : explicit overrides only
Queue stability  : current + one automatic order
Insights         : assignment reasons and confidence


===================================
LINEUP Dashboard Build Complete
===================================
Input       : scheduled_orders.csv
Output      : C:\LINEUP\output\dashboard.html
Insights    : assignment reasons and confidence
Remaining   : SAP versus adjusted
Utilisation : working-calendar aware


===================================
LINEUP Schedule Report Complete
===================================
Bench utilisation: bench_utilisation.csv
Schedule summary : schedule_summary.csv


===================================
LINEUP Split Recommendations Complete
===================================
Recommendations : 1
Window          : due today or next working day only
SAP minutes     : used unchanged by default
Staffing        : explicit overrides only
Planner work    : live, held, split, forced and board orders excluded
Output          : split_recommendations.csv

[28/07/2026  0:02:51.32] Step 5 - Marking LINEUP run as successful... 
LINEUP status marked as successful.
[28/07/2026  0:02:51.62] Step 6 - Rebuilding dashboard with final status... 

===================================
LINEUP Dashboard Build Complete
===================================
Input       : scheduled_orders.csv
Output      : C:\LINEUP\output\dashboard.html
Insights    : assignment reasons and confidence
Remaining   : SAP versus adjusted
Utilisation : working-calendar aware

=================================== 
LINEUP background update finished 
28/07/2026  0:02:51.95 
=================================== 
 
=================================== 
LINEUP background update started 
28/07/2026  0:15:03.20 
=================================== 
[28/07/2026  0:15:03.20] Activating virtual environment... 
[28/07/2026  0:15:03.72] Step 0 - Marking LINEUP run as started... 
LINEUP status marked as running.
[28/07/2026  0:15:04.03] Step 1 - Backing up LINEUP config... 

===================================
LINEUP Config Backup Complete
===================================
Backup folder : C:\LINEUP\backups\2026-07-28_001504
Files copied  : 4
Old backups removed: 1

[28/07/2026  0:15:04.42] Step 2 - Running SAP capacity export... 
COOIS capacities export complete:
C:\LINEUP\data\raw\COOIS_Capacities_Latest.txt
[28/07/2026  0:15:27.11] Step 3 - Running SAP production list export... 
COOIS production list export complete:
C:\LINEUP\data\raw\COOIS_ProductionList_Latest.txt
[28/07/2026  0:17:27.91] Step 4 - Running LINEUP processing pipeline... 
LINEUP
Starting capacity parser...


===================================
LINEUP Capacity Parser Complete
===================================
Input : COOIS_Capacities_Latest.txt
Output: capacities_clean.csv
Rows  : 6230


===================================
LINEUP Production Parser Complete
===================================
Input : COOIS_ProductionList_Latest.txt
Output: production_list_clean.csv
Rows  : 2378


===================================
LINEUP Capacity Summary Complete
===================================
Input : capacities_clean.csv
Output: capacities_order_summary.csv
Rows  : 990


===================================
LINEUP Merge Complete
===================================
Production input : production_list_clean.csv
Capacity input   : capacities_order_summary.csv
Output           : master_schedule.csv
Rows             : 990
Missing metadata : 0


===================================
LINEUP Scheduling Complete
===================================
Scheduled orders : 32
Overflow orders  : 0
SAP minutes      : unchanged by default
Staffing         : explicit overrides only
Queue stability  : current + one automatic order
Insights         : assignment reasons and confidence


===================================
LINEUP Dashboard Build Complete
===================================
Input       : scheduled_orders.csv
Output      : C:\LINEUP\output\dashboard.html
Insights    : assignment reasons and confidence
Remaining   : SAP versus adjusted
Utilisation : working-calendar aware


===================================
LINEUP Schedule Report Complete
===================================
Bench utilisation: bench_utilisation.csv
Schedule summary : schedule_summary.csv


===================================
LINEUP Split Recommendations Complete
===================================
Recommendations : 1
Window          : due today or next working day only
SAP minutes     : used unchanged by default
Staffing        : explicit overrides only
Planner work    : live, held, split, forced and board orders excluded
Output          : split_recommendations.csv

[28/07/2026  0:17:28.39] Step 5 - Marking LINEUP run as successful... 
LINEUP status marked as successful.
[28/07/2026  0:17:28.69] Step 6 - Rebuilding dashboard with final status... 

===================================
LINEUP Dashboard Build Complete
===================================
Input       : scheduled_orders.csv
Output      : C:\LINEUP\output\dashboard.html
Insights    : assignment reasons and confidence
Remaining   : SAP versus adjusted
Utilisation : working-calendar aware

=================================== 
LINEUP background update finished 
28/07/2026  0:17:29.01 
=================================== 
 
=================================== 
LINEUP background update started 
28/07/2026  0:30:03.21 
=================================== 
[28/07/2026  0:30:03.21] Activating virtual environment... 
[28/07/2026  0:30:03.74] Step 0 - Marking LINEUP run as started... 
LINEUP status marked as running.
[28/07/2026  0:30:04.05] Step 1 - Backing up LINEUP config... 

===================================
LINEUP Config Backup Complete
===================================
Backup folder : C:\LINEUP\backups\2026-07-28_003004
Files copied  : 4
Old backups removed: 1

[28/07/2026  0:30:04.41] Step 2 - Running SAP capacity export... 
COOIS capacities export complete:
C:\LINEUP\data\raw\COOIS_Capacities_Latest.txt
[28/07/2026  0:30:28.39] Step 3 - Running SAP production list export... 
COOIS production list export complete:
C:\LINEUP\data\raw\COOIS_ProductionList_Latest.txt
[28/07/2026  0:32:43.49] Step 4 - Running LINEUP processing pipeline... 
LINEUP
Starting capacity parser...


===================================
LINEUP Capacity Parser Complete
===================================
Input : COOIS_Capacities_Latest.txt
Output: capacities_clean.csv
Rows  : 6230


===================================
LINEUP Production Parser Complete
===================================
Input : COOIS_ProductionList_Latest.txt
Output: production_list_clean.csv
Rows  : 2378


===================================
LINEUP Capacity Summary Complete
===================================
Input : capacities_clean.csv
Output: capacities_order_summary.csv
Rows  : 990


===================================
LINEUP Merge Complete
===================================
Production input : production_list_clean.csv
Capacity input   : capacities_order_summary.csv
Output           : master_schedule.csv
Rows             : 990
Missing metadata : 0


===================================
LINEUP Scheduling Complete
===================================
Scheduled orders : 32
Overflow orders  : 0
SAP minutes      : unchanged by default
Staffing         : explicit overrides only
Queue stability  : current + one automatic order
Insights         : assignment reasons and confidence


===================================
LINEUP Dashboard Build Complete
===================================
Input       : scheduled_orders.csv
Output      : C:\LINEUP\output\dashboard.html
Insights    : assignment reasons and confidence
Remaining   : SAP versus adjusted
Utilisation : working-calendar aware


===================================
LINEUP Schedule Report Complete
===================================
Bench utilisation: bench_utilisation.csv
Schedule summary : schedule_summary.csv


===================================
LINEUP Split Recommendations Complete
===================================
Recommendations : 1
Window          : due today or next working day only
SAP minutes     : used unchanged by default
Staffing        : explicit overrides only
Planner work    : live, held, split, forced and board orders excluded
Output          : split_recommendations.csv

[28/07/2026  0:32:44.05] Step 5 - Marking LINEUP run as successful... 
LINEUP status marked as successful.
[28/07/2026  0:32:44.36] Step 6 - Rebuilding dashboard with final status... 

===================================
LINEUP Dashboard Build Complete
===================================
Input       : scheduled_orders.csv
Output      : C:\LINEUP\output\dashboard.html
Insights    : assignment reasons and confidence
Remaining   : SAP versus adjusted
Utilisation : working-calendar aware

=================================== 
LINEUP background update finished 
28/07/2026  0:32:44.73 
=================================== 
 
=================================== 
LINEUP background update started 
28/07/2026  0:45:03.16 
=================================== 
[28/07/2026  0:45:03.17] Activating virtual environment... 
[28/07/2026  0:45:03.70] Step 0 - Marking LINEUP run as started... 
LINEUP status marked as running.
[28/07/2026  0:45:04.03] Step 1 - Backing up LINEUP config... 

===================================
LINEUP Config Backup Complete
===================================
Backup folder : C:\LINEUP\backups\2026-07-28_004504
Files copied  : 4
Old backups removed: 1

[28/07/2026  0:45:04.39] Step 2 - Running SAP capacity export... 
COOIS capacities export complete:
C:\LINEUP\data\raw\COOIS_Capacities_Latest.txt
[28/07/2026  0:45:28.30] Step 3 - Running SAP production list export... 
COOIS production list export complete:
C:\LINEUP\data\raw\COOIS_ProductionList_Latest.txt
[28/07/2026  0:47:23.65] Step 4 - Running LINEUP processing pipeline... 
LINEUP
Starting capacity parser...


===================================
LINEUP Capacity Parser Complete
===================================
Input : COOIS_Capacities_Latest.txt
Output: capacities_clean.csv
Rows  : 6230


===================================
LINEUP Production Parser Complete
===================================
Input : COOIS_ProductionList_Latest.txt
Output: production_list_clean.csv
Rows  : 2378


===================================
LINEUP Capacity Summary Complete
===================================
Input : capacities_clean.csv
Output: capacities_order_summary.csv
Rows  : 990


===================================
LINEUP Merge Complete
===================================
Production input : production_list_clean.csv
Capacity input   : capacities_order_summary.csv
Output           : master_schedule.csv
Rows             : 990
Missing metadata : 0


===================================
LINEUP Scheduling Complete
===================================
Scheduled orders : 32
Overflow orders  : 0
SAP minutes      : unchanged by default
Staffing         : explicit overrides only
Queue stability  : current + one automatic order
Insights         : assignment reasons and confidence


===================================
LINEUP Dashboard Build Complete
===================================
Input       : scheduled_orders.csv
Output      : C:\LINEUP\output\dashboard.html
Insights    : assignment reasons and confidence
Remaining   : SAP versus adjusted
Utilisation : working-calendar aware


===================================
LINEUP Schedule Report Complete
===================================
Bench utilisation: bench_utilisation.csv
Schedule summary : schedule_summary.csv


===================================
LINEUP Split Recommendations Complete
===================================
Recommendations : 1
Window          : due today or next working day only
SAP minutes     : used unchanged by default
Staffing        : explicit overrides only
Planner work    : live, held, split, forced and board orders excluded
Output          : split_recommendations.csv

[28/07/2026  0:47:24.15] Step 5 - Marking LINEUP run as successful... 
LINEUP status marked as successful.
[28/07/2026  0:47:24.45] Step 6 - Rebuilding dashboard with final status... 

===================================
LINEUP Dashboard Build Complete
===================================
Input       : scheduled_orders.csv
Output      : C:\LINEUP\output\dashboard.html
Insights    : assignment reasons and confidence
Remaining   : SAP versus adjusted
Utilisation : working-calendar aware

=================================== 
LINEUP background update finished 
28/07/2026  0:47:24.81 
=================================== 
 
=================================== 
LINEUP background update started 
28/07/2026  1:00:03.68 
=================================== 
[28/07/2026  1:00:03.68] Activating virtual environment... 
[28/07/2026  1:00:04.21] Step 0 - Marking LINEUP run as started... 
LINEUP status marked as running.
[28/07/2026  1:00:04.69] Step 1 - Backing up LINEUP config... 

===================================
LINEUP Config Backup Complete
===================================
Backup folder : C:\LINEUP\backups\2026-07-28_010005
Files copied  : 4
Old backups removed: 1

[28/07/2026  1:00:05.10] Step 2 - Running SAP capacity export... 
COOIS capacities export complete:
C:\LINEUP\data\raw\COOIS_Capacities_Latest.txt
[28/07/2026  1:00:28.96] Step 3 - Running SAP production list export... 
COOIS production list export complete:
C:\LINEUP\data\raw\COOIS_ProductionList_Latest.txt
[28/07/2026  1:03:03.67] Step 4 - Running LINEUP processing pipeline... 
LINEUP
Starting capacity parser...


===================================
LINEUP Capacity Parser Complete
===================================
Input : COOIS_Capacities_Latest.txt
Output: capacities_clean.csv
Rows  : 6230


===================================
LINEUP Production Parser Complete
===================================
Input : COOIS_ProductionList_Latest.txt
Output: production_list_clean.csv
Rows  : 2378


===================================
LINEUP Capacity Summary Complete
===================================
Input : capacities_clean.csv
Output: capacities_order_summary.csv
Rows  : 990


===================================
LINEUP Merge Complete
===================================
Production input : production_list_clean.csv
Capacity input   : capacities_order_summary.csv
Output           : master_schedule.csv
Rows             : 990
Missing metadata : 0


===================================
LINEUP Scheduling Complete
===================================
Scheduled orders : 32
Overflow orders  : 0
SAP minutes      : unchanged by default
Staffing         : explicit overrides only
Queue stability  : current + one automatic order
Insights         : assignment reasons and confidence


===================================
LINEUP Dashboard Build Complete
===================================
Input       : scheduled_orders.csv
Output      : C:\LINEUP\output\dashboard.html
Insights    : assignment reasons and confidence
Remaining   : SAP versus adjusted
Utilisation : working-calendar aware


===================================
LINEUP Schedule Report Complete
===================================
Bench utilisation: bench_utilisation.csv
Schedule summary : schedule_summary.csv


===================================
LINEUP Split Recommendations Complete
===================================
Recommendations : 1
Window          : due today or next working day only
SAP minutes     : used unchanged by default
Staffing        : explicit overrides only
Planner work    : live, held, split, forced and board orders excluded
Output          : split_recommendations.csv

[28/07/2026  1:03:04.20] Step 5 - Marking LINEUP run as successful... 
LINEUP status marked as successful.
[28/07/2026  1:03:04.54] Step 6 - Rebuilding dashboard with final status... 

===================================
LINEUP Dashboard Build Complete
===================================
Input       : scheduled_orders.csv
Output      : C:\LINEUP\output\dashboard.html
Insights    : assignment reasons and confidence
Remaining   : SAP versus adjusted
Utilisation : working-calendar aware

=================================== 
LINEUP background update finished 
28/07/2026  1:03:04.88 
=================================== 
 
=================================== 
LINEUP background update started 
28/07/2026  1:15:03.28 
=================================== 
[28/07/2026  1:15:03.28] Activating virtual environment... 
[28/07/2026  1:15:03.80] Step 0 - Marking LINEUP run as started... 
LINEUP status marked as running.
[28/07/2026  1:15:04.10] Step 1 - Backing up LINEUP config... 

===================================
LINEUP Config Backup Complete
===================================
Backup folder : C:\LINEUP\backups\2026-07-28_011504
Files copied  : 4
Old backups removed: 1

[28/07/2026  1:15:04.44] Step 2 - Running SAP capacity export... 
COOIS capacities export complete:
C:\LINEUP\data\raw\COOIS_Capacities_Latest.txt
[28/07/2026  1:15:27.97] Step 3 - Running SAP production list export... 
COOIS production list export complete:
C:\LINEUP\data\raw\COOIS_ProductionList_Latest.txt
[28/07/2026  1:17:36.83] Step 4 - Running LINEUP processing pipeline... 
LINEUP
Starting capacity parser...


===================================
LINEUP Capacity Parser Complete
===================================
Input : COOIS_Capacities_Latest.txt
Output: capacities_clean.csv
Rows  : 6230


===================================
LINEUP Production Parser Complete
===================================
Input : COOIS_ProductionList_Latest.txt
Output: production_list_clean.csv
Rows  : 2378


===================================
LINEUP Capacity Summary Complete
===================================
Input : capacities_clean.csv
Output: capacities_order_summary.csv
Rows  : 990


===================================
LINEUP Merge Complete
===================================
Production input : production_list_clean.csv
Capacity input   : capacities_order_summary.csv
Output           : master_schedule.csv
Rows             : 990
Missing metadata : 0


===================================
LINEUP Scheduling Complete
===================================
Scheduled orders : 32
Overflow orders  : 0
SAP minutes      : unchanged by default
Staffing         : explicit overrides only
Queue stability  : current + one automatic order
Insights         : assignment reasons and confidence


===================================
LINEUP Dashboard Build Complete
===================================
Input       : scheduled_orders.csv
Output      : C:\LINEUP\output\dashboard.html
Insights    : assignment reasons and confidence
Remaining   : SAP versus adjusted
Utilisation : working-calendar aware


===================================
LINEUP Schedule Report Complete
===================================
Bench utilisation: bench_utilisation.csv
Schedule summary : schedule_summary.csv


===================================
LINEUP Split Recommendations Complete
===================================
Recommendations : 1
Window          : due today or next working day only
SAP minutes     : used unchanged by default
Staffing        : explicit overrides only
Planner work    : live, held, split, forced and board orders excluded
Output          : split_recommendations.csv

[28/07/2026  1:17:37.32] Step 5 - Marking LINEUP run as successful... 
LINEUP status marked as successful.
[28/07/2026  1:17:37.62] Step 6 - Rebuilding dashboard with final status... 

===================================
LINEUP Dashboard Build Complete
===================================
Input       : scheduled_orders.csv
Output      : C:\LINEUP\output\dashboard.html
Insights    : assignment reasons and confidence
Remaining   : SAP versus adjusted
Utilisation : working-calendar aware

=================================== 
LINEUP background update finished 
28/07/2026  1:17:37.94 
=================================== 
 
=================================== 
LINEUP background update started 
28/07/2026  1:30:03.16 
=================================== 
[28/07/2026  1:30:03.16] Activating virtual environment... 
[28/07/2026  1:30:03.67] Step 0 - Marking LINEUP run as started... 
LINEUP status marked as running.
[28/07/2026  1:30:03.97] Step 1 - Backing up LINEUP config... 

===================================
LINEUP Config Backup Complete
===================================
Backup folder : C:\LINEUP\backups\2026-07-28_013004
Files copied  : 4
Old backups removed: 1

[28/07/2026  1:30:04.32] Step 2 - Running SAP capacity export... 
COOIS capacities export complete:
C:\LINEUP\data\raw\COOIS_Capacities_Latest.txt
[28/07/2026  1:30:28.51] Step 3 - Running SAP production list export... 
COOIS production list export complete:
C:\LINEUP\data\raw\COOIS_ProductionList_Latest.txt
[28/07/2026  1:33:37.39] Step 4 - Running LINEUP processing pipeline... 
LINEUP
Starting capacity parser...


===================================
LINEUP Capacity Parser Complete
===================================
Input : COOIS_Capacities_Latest.txt
Output: capacities_clean.csv
Rows  : 6230


===================================
LINEUP Production Parser Complete
===================================
Input : COOIS_ProductionList_Latest.txt
Output: production_list_clean.csv
Rows  : 2378


===================================
LINEUP Capacity Summary Complete
===================================
Input : capacities_clean.csv
Output: capacities_order_summary.csv
Rows  : 990


===================================
LINEUP Merge Complete
===================================
Production input : production_list_clean.csv
Capacity input   : capacities_order_summary.csv
Output           : master_schedule.csv
Rows             : 990
Missing metadata : 0


===================================
LINEUP Scheduling Complete
===================================
Scheduled orders : 32
Overflow orders  : 0
SAP minutes      : unchanged by default
Staffing         : explicit overrides only
Queue stability  : current + one automatic order
Insights         : assignment reasons and confidence


===================================
LINEUP Dashboard Build Complete
===================================
Input       : scheduled_orders.csv
Output      : C:\LINEUP\output\dashboard.html
Insights    : assignment reasons and confidence
Remaining   : SAP versus adjusted
Utilisation : working-calendar aware


===================================
LINEUP Schedule Report Complete
===================================
Bench utilisation: bench_utilisation.csv
Schedule summary : schedule_summary.csv


===================================
LINEUP Split Recommendations Complete
===================================
Recommendations : 1
Window          : due today or next working day only
SAP minutes     : used unchanged by default
Staffing        : explicit overrides only
Planner work    : live, held, split, forced and board orders excluded
Output          : split_recommendations.csv

[28/07/2026  1:33:37.87] Step 5 - Marking LINEUP run as successful... 
LINEUP status marked as successful.
[28/07/2026  1:33:38.17] Step 6 - Rebuilding dashboard with final status... 

===================================
LINEUP Dashboard Build Complete
===================================
Input       : scheduled_orders.csv
Output      : C:\LINEUP\output\dashboard.html
Insights    : assignment reasons and confidence
Remaining   : SAP versus adjusted
Utilisation : working-calendar aware

=================================== 
LINEUP background update finished 
28/07/2026  1:33:38.52 
=================================== 
 
=================================== 
LINEUP background update started 
28/07/2026  1:45:03.16 
=================================== 
[28/07/2026  1:45:03.16] Activating virtual environment... 
[28/07/2026  1:45:03.68] Step 0 - Marking LINEUP run as started... 
LINEUP status marked as running.
[28/07/2026  1:45:04.02] Step 1 - Backing up LINEUP config... 

===================================
LINEUP Config Backup Complete
===================================
Backup folder : C:\LINEUP\backups\2026-07-28_014504
Files copied  : 4
Old backups removed: 1

[28/07/2026  1:45:04.36] Step 2 - Running SAP capacity export... 
COOIS capacities export complete:
C:\LINEUP\data\raw\COOIS_Capacities_Latest.txt
[28/07/2026  1:45:28.24] Step 3 - Running SAP production list export... 
COOIS production list export complete:
C:\LINEUP\data\raw\COOIS_ProductionList_Latest.txt
[28/07/2026  1:47:57.66] Step 4 - Running LINEUP processing pipeline... 
LINEUP
Starting capacity parser...


===================================
LINEUP Capacity Parser Complete
===================================
Input : COOIS_Capacities_Latest.txt
Output: capacities_clean.csv
Rows  : 6227


===================================
LINEUP Production Parser Complete
===================================
Input : COOIS_ProductionList_Latest.txt
Output: production_list_clean.csv
Rows  : 2377


===================================
LINEUP Capacity Summary Complete
===================================
Input : capacities_clean.csv
Output: capacities_order_summary.csv
Rows  : 990


===================================
LINEUP Merge Complete
===================================
Production input : production_list_clean.csv
Capacity input   : capacities_order_summary.csv
Output           : master_schedule.csv
Rows             : 990
Missing metadata : 0


===================================
LINEUP Scheduling Complete
===================================
Scheduled orders : 32
Overflow orders  : 0
SAP minutes      : unchanged by default
Staffing         : explicit overrides only
Queue stability  : current + one automatic order
Insights         : assignment reasons and confidence


===================================
LINEUP Dashboard Build Complete
===================================
Input       : scheduled_orders.csv
Output      : C:\LINEUP\output\dashboard.html
Insights    : assignment reasons and confidence
Remaining   : SAP versus adjusted
Utilisation : working-calendar aware


===================================
LINEUP Schedule Report Complete
===================================
Bench utilisation: bench_utilisation.csv
Schedule summary : schedule_summary.csv


===================================
LINEUP Split Recommendations Complete
===================================
Recommendations : 1
Window          : due today or next working day only
SAP minutes     : used unchanged by default
Staffing        : explicit overrides only
Planner work    : live, held, split, forced and board orders excluded
Output          : split_recommendations.csv

[28/07/2026  1:47:58.20] Step 5 - Marking LINEUP run as successful... 
LINEUP status marked as successful.
[28/07/2026  1:47:58.52] Step 6 - Rebuilding dashboard with final status... 

===================================
LINEUP Dashboard Build Complete
===================================
Input       : scheduled_orders.csv
Output      : C:\LINEUP\output\dashboard.html
Insights    : assignment reasons and confidence
Remaining   : SAP versus adjusted
Utilisation : working-calendar aware

=================================== 
LINEUP background update finished 
28/07/2026  1:47:58.87 
=================================== 
 
=================================== 
LINEUP background update started 
28/07/2026  2:00:04.50 
=================================== 
[28/07/2026  2:00:04.52] Activating virtual environment... 
[28/07/2026  2:00:05.03] Step 0 - Marking LINEUP run as started... 
LINEUP status marked as running.
[28/07/2026  2:00:05.34] Step 1 - Backing up LINEUP config... 

===================================
LINEUP Config Backup Complete
===================================
Backup folder : C:\LINEUP\backups\2026-07-28_020005
Files copied  : 4
Old backups removed: 1

[28/07/2026  2:00:05.67] Step 2 - Running SAP capacity export... 
COOIS capacities export complete:
C:\LINEUP\data\raw\COOIS_Capacities_Latest.txt
[28/07/2026  2:00:33.72] Step 3 - Running SAP production list export... 
COOIS production list export complete:
C:\LINEUP\data\raw\COOIS_ProductionList_Latest.txt
[28/07/2026  2:03:23.94] Step 4 - Running LINEUP processing pipeline... 
LINEUP
Starting capacity parser...


===================================
LINEUP Capacity Parser Complete
===================================
Input : COOIS_Capacities_Latest.txt
Output: capacities_clean.csv
Rows  : 6227


===================================
LINEUP Production Parser Complete
===================================
Input : COOIS_ProductionList_Latest.txt
Output: production_list_clean.csv
Rows  : 2377


===================================
LINEUP Capacity Summary Complete
===================================
Input : capacities_clean.csv
Output: capacities_order_summary.csv
Rows  : 990


===================================
LINEUP Merge Complete
===================================
Production input : production_list_clean.csv
Capacity input   : capacities_order_summary.csv
Output           : master_schedule.csv
Rows             : 990
Missing metadata : 0


===================================
LINEUP Scheduling Complete
===================================
Scheduled orders : 32
Overflow orders  : 0
SAP minutes      : unchanged by default
Staffing         : explicit overrides only
Queue stability  : current + one automatic order
Insights         : assignment reasons and confidence


===================================
LINEUP Dashboard Build Complete
===================================
Input       : scheduled_orders.csv
Output      : C:\LINEUP\output\dashboard.html
Insights    : assignment reasons and confidence
Remaining   : SAP versus adjusted
Utilisation : working-calendar aware


===================================
LINEUP Schedule Report Complete
===================================
Bench utilisation: bench_utilisation.csv
Schedule summary : schedule_summary.csv


===================================
LINEUP Split Recommendations Complete
===================================
Recommendations : 1
Window          : due today or next working day only
SAP minutes     : used unchanged by default
Staffing        : explicit overrides only
Planner work    : live, held, split, forced and board orders excluded
Output          : split_recommendations.csv

[28/07/2026  2:03:24.42] Step 5 - Marking LINEUP run as successful... 
LINEUP status marked as successful.
[28/07/2026  2:03:24.75] Step 6 - Rebuilding dashboard with final status... 

===================================
LINEUP Dashboard Build Complete
===================================
Input       : scheduled_orders.csv
Output      : C:\LINEUP\output\dashboard.html
Insights    : assignment reasons and confidence
Remaining   : SAP versus adjusted
Utilisation : working-calendar aware

=================================== 
LINEUP background update finished 
28/07/2026  2:03:25.07 
=================================== 
 
=================================== 
LINEUP background update started 
28/07/2026  2:15:03.27 
=================================== 
[28/07/2026  2:15:03.27] Activating virtual environment... 
[28/07/2026  2:15:03.79] Step 0 - Marking LINEUP run as started... 
LINEUP status marked as running.
[28/07/2026  2:15:04.11] Step 1 - Backing up LINEUP config... 

===================================
LINEUP Config Backup Complete
===================================
Backup folder : C:\LINEUP\backups\2026-07-28_021504
Files copied  : 4
Old backups removed: 1

[28/07/2026  2:15:04.44] Step 2 - Running SAP capacity export... 
COOIS capacities export complete:
C:\LINEUP\data\raw\COOIS_Capacities_Latest.txt
[28/07/2026  2:15:27.50] Step 3 - Running SAP production list export... 
COOIS production list export complete:
C:\LINEUP\data\raw\COOIS_ProductionList_Latest.txt
[28/07/2026  2:17:32.73] Step 4 - Running LINEUP processing pipeline... 
LINEUP
Starting capacity parser...


===================================
LINEUP Capacity Parser Complete
===================================
Input : COOIS_Capacities_Latest.txt
Output: capacities_clean.csv
Rows  : 6227


===================================
LINEUP Production Parser Complete
===================================
Input : COOIS_ProductionList_Latest.txt
Output: production_list_clean.csv
Rows  : 2377


===================================
LINEUP Capacity Summary Complete
===================================
Input : capacities_clean.csv
Output: capacities_order_summary.csv
Rows  : 990


===================================
LINEUP Merge Complete
===================================
Production input : production_list_clean.csv
Capacity input   : capacities_order_summary.csv
Output           : master_schedule.csv
Rows             : 990
Missing metadata : 0


===================================
LINEUP Scheduling Complete
===================================
Scheduled orders : 32
Overflow orders  : 0
SAP minutes      : unchanged by default
Staffing         : explicit overrides only
Queue stability  : current + one automatic order
Insights         : assignment reasons and confidence


===================================
LINEUP Dashboard Build Complete
===================================
Input       : scheduled_orders.csv
Output      : C:\LINEUP\output\dashboard.html
Insights    : assignment reasons and confidence
Remaining   : SAP versus adjusted
Utilisation : working-calendar aware


===================================
LINEUP Schedule Report Complete
===================================
Bench utilisation: bench_utilisation.csv
Schedule summary : schedule_summary.csv


===================================
LINEUP Split Recommendations Complete
===================================
Recommendations : 1
Window          : due today or next working day only
SAP minutes     : used unchanged by default
Staffing        : explicit overrides only
Planner work    : live, held, split, forced and board orders excluded
Output          : split_recommendations.csv

[28/07/2026  2:17:33.22] Step 5 - Marking LINEUP run as successful... 
LINEUP status marked as successful.
[28/07/2026  2:17:33.53] Step 6 - Rebuilding dashboard with final status... 

===================================
LINEUP Dashboard Build Complete
===================================
Input       : scheduled_orders.csv
Output      : C:\LINEUP\output\dashboard.html
Insights    : assignment reasons and confidence
Remaining   : SAP versus adjusted
Utilisation : working-calendar aware

=================================== 
LINEUP background update finished 
28/07/2026  2:17:33.88 
=================================== 
 
=================================== 
LINEUP background update started 
28/07/2026  2:30:03.16 
=================================== 
[28/07/2026  2:30:03.16] Activating virtual environment... 
[28/07/2026  2:30:03.66] Step 0 - Marking LINEUP run as started... 
LINEUP status marked as running.
[28/07/2026  2:30:03.97] Step 1 - Backing up LINEUP config... 

===================================
LINEUP Config Backup Complete
===================================
Backup folder : C:\LINEUP\backups\2026-07-28_023004
Files copied  : 4
Old backups removed: 1

[28/07/2026  2:30:04.34] Step 2 - Running SAP capacity export... 
COOIS capacities export complete:
C:\LINEUP\data\raw\COOIS_Capacities_Latest.txt
[28/07/2026  2:30:27.92] Step 3 - Running SAP production list export... 
COOIS production list export complete:
C:\LINEUP\data\raw\COOIS_ProductionList_Latest.txt
[28/07/2026  2:32:46.68] Step 4 - Running LINEUP processing pipeline... 
LINEUP
Starting capacity parser...


===================================
LINEUP Capacity Parser Complete
===================================
Input : COOIS_Capacities_Latest.txt
Output: capacities_clean.csv
Rows  : 6227


===================================
LINEUP Production Parser Complete
===================================
Input : COOIS_ProductionList_Latest.txt
Output: production_list_clean.csv
Rows  : 2377


===================================
LINEUP Capacity Summary Complete
===================================
Input : capacities_clean.csv
Output: capacities_order_summary.csv
Rows  : 990


===================================
LINEUP Merge Complete
===================================
Production input : production_list_clean.csv
Capacity input   : capacities_order_summary.csv
Output           : master_schedule.csv
Rows             : 990
Missing metadata : 0


===================================
LINEUP Scheduling Complete
===================================
Scheduled orders : 32
Overflow orders  : 0
SAP minutes      : unchanged by default
Staffing         : explicit overrides only
Queue stability  : current + one automatic order
Insights         : assignment reasons and confidence


===================================
LINEUP Dashboard Build Complete
===================================
Input       : scheduled_orders.csv
Output      : C:\LINEUP\output\dashboard.html
Insights    : assignment reasons and confidence
Remaining   : SAP versus adjusted
Utilisation : working-calendar aware


===================================
LINEUP Schedule Report Complete
===================================
Bench utilisation: bench_utilisation.csv
Schedule summary : schedule_summary.csv


===================================
LINEUP Split Recommendations Complete
===================================
Recommendations : 1
Window          : due today or next working day only
SAP minutes     : used unchanged by default
Staffing        : explicit overrides only
Planner work    : live, held, split, forced and board orders excluded
Output          : split_recommendations.csv

[28/07/2026  2:32:47.17] Step 5 - Marking LINEUP run as successful... 
LINEUP status marked as successful.
[28/07/2026  2:32:47.50] Step 6 - Rebuilding dashboard with final status... 

===================================
LINEUP Dashboard Build Complete
===================================
Input       : scheduled_orders.csv
Output      : C:\LINEUP\output\dashboard.html
Insights    : assignment reasons and confidence
Remaining   : SAP versus adjusted
Utilisation : working-calendar aware

=================================== 
LINEUP background update finished 
28/07/2026  2:32:47.87 
=================================== 
 
=================================== 
LINEUP background update started 
28/07/2026  2:45:03.15 
=================================== 
[28/07/2026  2:45:03.16] Activating virtual environment... 
[28/07/2026  2:45:03.66] Step 0 - Marking LINEUP run as started... 
LINEUP status marked as running.
[28/07/2026  2:45:04.00] Step 1 - Backing up LINEUP config... 

===================================
LINEUP Config Backup Complete
===================================
Backup folder : C:\LINEUP\backups\2026-07-28_024504
Files copied  : 4
Old backups removed: 1

[28/07/2026  2:45:04.35] Step 2 - Running SAP capacity export... 
COOIS capacities export complete:
C:\LINEUP\data\raw\COOIS_Capacities_Latest.txt
[28/07/2026  2:45:28.17] Step 3 - Running SAP production list export... 
COOIS production list export complete:
C:\LINEUP\data\raw\COOIS_ProductionList_Latest.txt
[28/07/2026  2:47:17.23] Step 4 - Running LINEUP processing pipeline... 
LINEUP
Starting capacity parser...


===================================
LINEUP Capacity Parser Complete
===================================
Input : COOIS_Capacities_Latest.txt
Output: capacities_clean.csv
Rows  : 6227


===================================
LINEUP Production Parser Complete
===================================
Input : COOIS_ProductionList_Latest.txt
Output: production_list_clean.csv
Rows  : 2377


===================================
LINEUP Capacity Summary Complete
===================================
Input : capacities_clean.csv
Output: capacities_order_summary.csv
Rows  : 990


===================================
LINEUP Merge Complete
===================================
Production input : production_list_clean.csv
Capacity input   : capacities_order_summary.csv
Output           : master_schedule.csv
Rows             : 990
Missing metadata : 0


===================================
LINEUP Scheduling Complete
===================================
Scheduled orders : 32
Overflow orders  : 0
SAP minutes      : unchanged by default
Staffing         : explicit overrides only
Queue stability  : current + one automatic order
Insights         : assignment reasons and confidence


===================================
LINEUP Dashboard Build Complete
===================================
Input       : scheduled_orders.csv
Output      : C:\LINEUP\output\dashboard.html
Insights    : assignment reasons and confidence
Remaining   : SAP versus adjusted
Utilisation : working-calendar aware


===================================
LINEUP Schedule Report Complete
===================================
Bench utilisation: bench_utilisation.csv
Schedule summary : schedule_summary.csv


===================================
LINEUP Split Recommendations Complete
===================================
Recommendations : 1
Window          : due today or next working day only
SAP minutes     : used unchanged by default
Staffing        : explicit overrides only
Planner work    : live, held, split, forced and board orders excluded
Output          : split_recommendations.csv

[28/07/2026  2:47:17.71] Step 5 - Marking LINEUP run as successful... 
LINEUP status marked as successful.
[28/07/2026  2:47:18.02] Step 6 - Rebuilding dashboard with final status... 

===================================
LINEUP Dashboard Build Complete
===================================
Input       : scheduled_orders.csv
Output      : C:\LINEUP\output\dashboard.html
Insights    : assignment reasons and confidence
Remaining   : SAP versus adjusted
Utilisation : working-calendar aware

=================================== 
LINEUP background update finished 
28/07/2026  2:47:18.35 
=================================== 
 
=================================== 
LINEUP background update started 
28/07/2026  3:00:03.20 
=================================== 
[28/07/2026  3:00:03.20] Activating virtual environment... 
[28/07/2026  3:00:03.73] Step 0 - Marking LINEUP run as started... 
LINEUP status marked as running.
[28/07/2026  3:00:04.07] Step 1 - Backing up LINEUP config... 

===================================
LINEUP Config Backup Complete
===================================
Backup folder : C:\LINEUP\backups\2026-07-28_030004
Files copied  : 4
Old backups removed: 1

[28/07/2026  3:00:04.43] Step 2 - Running SAP capacity export... 
COOIS capacities export complete:
C:\LINEUP\data\raw\COOIS_Capacities_Latest.txt
[28/07/2026  3:00:28.45] Step 3 - Running SAP production list export... 
COOIS production list export complete:
C:\LINEUP\data\raw\COOIS_ProductionList_Latest.txt
[28/07/2026  3:03:06.52] Step 4 - Running LINEUP processing pipeline... 
LINEUP
Starting capacity parser...


===================================
LINEUP Capacity Parser Complete
===================================
Input : COOIS_Capacities_Latest.txt
Output: capacities_clean.csv
Rows  : 6227


===================================
LINEUP Production Parser Complete
===================================
Input : COOIS_ProductionList_Latest.txt
Output: production_list_clean.csv
Rows  : 2377


===================================
LINEUP Capacity Summary Complete
===================================
Input : capacities_clean.csv
Output: capacities_order_summary.csv
Rows  : 990


===================================
LINEUP Merge Complete
===================================
Production input : production_list_clean.csv
Capacity input   : capacities_order_summary.csv
Output           : master_schedule.csv
Rows             : 990
Missing metadata : 0


===================================
LINEUP Scheduling Complete
===================================
Scheduled orders : 32
Overflow orders  : 0
SAP minutes      : unchanged by default
Staffing         : explicit overrides only
Queue stability  : current + one automatic order
Insights         : assignment reasons and confidence


===================================
LINEUP Dashboard Build Complete
===================================
Input       : scheduled_orders.csv
Output      : C:\LINEUP\output\dashboard.html
Insights    : assignment reasons and confidence
Remaining   : SAP versus adjusted
Utilisation : working-calendar aware


===================================
LINEUP Schedule Report Complete
===================================
Bench utilisation: bench_utilisation.csv
Schedule summary : schedule_summary.csv


===================================
LINEUP Split Recommendations Complete
===================================
Recommendations : 1
Window          : due today or next working day only
SAP minutes     : used unchanged by default
Staffing        : explicit overrides only
Planner work    : live, held, split, forced and board orders excluded
Output          : split_recommendations.csv

[28/07/2026  3:03:07.00] Step 5 - Marking LINEUP run as successful... 
LINEUP status marked as successful.
[28/07/2026  3:03:07.30] Step 6 - Rebuilding dashboard with final status... 

===================================
LINEUP Dashboard Build Complete
===================================
Input       : scheduled_orders.csv
Output      : C:\LINEUP\output\dashboard.html
Insights    : assignment reasons and confidence
Remaining   : SAP versus adjusted
Utilisation : working-calendar aware

=================================== 
LINEUP background update finished 
28/07/2026  3:03:07.63 
=================================== 
 
=================================== 
LINEUP background update started 
28/07/2026  3:15:03.15 
=================================== 
[28/07/2026  3:15:03.16] Activating virtual environment... 
[28/07/2026  3:15:03.68] Step 0 - Marking LINEUP run as started... 
LINEUP status marked as running.
[28/07/2026  3:15:03.99] Step 1 - Backing up LINEUP config... 

===================================
LINEUP Config Backup Complete
===================================
Backup folder : C:\LINEUP\backups\2026-07-28_031504
Files copied  : 4
Old backups removed: 1

[28/07/2026  3:15:04.33] Step 2 - Running SAP capacity export... 
COOIS capacities export complete:
C:\LINEUP\data\raw\COOIS_Capacities_Latest.txt
[28/07/2026  3:15:30.55] Step 3 - Running SAP production list export... 
COOIS production list export complete:
C:\LINEUP\data\raw\COOIS_ProductionList_Latest.txt
[28/07/2026  3:17:41.63] Step 4 - Running LINEUP processing pipeline... 
LINEUP
Starting capacity parser...


===================================
LINEUP Capacity Parser Complete
===================================
Input : COOIS_Capacities_Latest.txt
Output: capacities_clean.csv
Rows  : 6227


===================================
LINEUP Production Parser Complete
===================================
Input : COOIS_ProductionList_Latest.txt
Output: production_list_clean.csv
Rows  : 2377


===================================
LINEUP Capacity Summary Complete
===================================
Input : capacities_clean.csv
Output: capacities_order_summary.csv
Rows  : 990


===================================
LINEUP Merge Complete
===================================
Production input : production_list_clean.csv
Capacity input   : capacities_order_summary.csv
Output           : master_schedule.csv
Rows             : 990
Missing metadata : 0


===================================
LINEUP Scheduling Complete
===================================
Scheduled orders : 32
Overflow orders  : 0
SAP minutes      : unchanged by default
Staffing         : explicit overrides only
Queue stability  : current + one automatic order
Insights         : assignment reasons and confidence


===================================
LINEUP Dashboard Build Complete
===================================
Input       : scheduled_orders.csv
Output      : C:\LINEUP\output\dashboard.html
Insights    : assignment reasons and confidence
Remaining   : SAP versus adjusted
Utilisation : working-calendar aware


===================================
LINEUP Schedule Report Complete
===================================
Bench utilisation: bench_utilisation.csv
Schedule summary : schedule_summary.csv


===================================
LINEUP Split Recommendations Complete
===================================
Recommendations : 1
Window          : due today or next working day only
SAP minutes     : used unchanged by default
Staffing        : explicit overrides only
Planner work    : live, held, split, forced and board orders excluded
Output          : split_recommendations.csv

[28/07/2026  3:17:42.10] Step 5 - Marking LINEUP run as successful... 
LINEUP status marked as successful.
[28/07/2026  3:17:42.43] Step 6 - Rebuilding dashboard with final status... 

===================================
LINEUP Dashboard Build Complete
===================================
Input       : scheduled_orders.csv
Output      : C:\LINEUP\output\dashboard.html
Insights    : assignment reasons and confidence
Remaining   : SAP versus adjusted
Utilisation : working-calendar aware

=================================== 
LINEUP background update finished 
28/07/2026  3:17:42.75 
=================================== 
 
=================================== 
LINEUP background update started 
28/07/2026  3:30:03.11 
=================================== 
[28/07/2026  3:30:03.11] Activating virtual environment... 
[28/07/2026  3:30:03.62] Step 0 - Marking LINEUP run as started... 
LINEUP status marked as running.
[28/07/2026  3:30:03.93] Step 1 - Backing up LINEUP config... 

===================================
LINEUP Config Backup Complete
===================================
Backup folder : C:\LINEUP\backups\2026-07-28_033004
Files copied  : 4
Old backups removed: 1

[28/07/2026  3:30:04.33] Step 2 - Running SAP capacity export... 
COOIS capacities export complete:
C:\LINEUP\data\raw\COOIS_Capacities_Latest.txt
[28/07/2026  3:30:29.17] Step 3 - Running SAP production list export... 
COOIS production list export complete:
C:\LINEUP\data\raw\COOIS_ProductionList_Latest.txt
[28/07/2026  3:33:02.04] Step 4 - Running LINEUP processing pipeline... 
LINEUP
Starting capacity parser...


===================================
LINEUP Capacity Parser Complete
===================================
Input : COOIS_Capacities_Latest.txt
Output: capacities_clean.csv
Rows  : 6227


===================================
LINEUP Production Parser Complete
===================================
Input : COOIS_ProductionList_Latest.txt
Output: production_list_clean.csv
Rows  : 2377


===================================
LINEUP Capacity Summary Complete
===================================
Input : capacities_clean.csv
Output: capacities_order_summary.csv
Rows  : 990


===================================
LINEUP Merge Complete
===================================
Production input : production_list_clean.csv
Capacity input   : capacities_order_summary.csv
Output           : master_schedule.csv
Rows             : 990
Missing metadata : 0


===================================
LINEUP Scheduling Complete
===================================
Scheduled orders : 32
Overflow orders  : 0
SAP minutes      : unchanged by default
Staffing         : explicit overrides only
Queue stability  : current + one automatic order
Insights         : assignment reasons and confidence


===================================
LINEUP Dashboard Build Complete
===================================
Input       : scheduled_orders.csv
Output      : C:\LINEUP\output\dashboard.html
Insights    : assignment reasons and confidence
Remaining   : SAP versus adjusted
Utilisation : working-calendar aware


===================================
LINEUP Schedule Report Complete
===================================
Bench utilisation: bench_utilisation.csv
Schedule summary : schedule_summary.csv


===================================
LINEUP Split Recommendations Complete
===================================
Recommendations : 1
Window          : due today or next working day only
SAP minutes     : used unchanged by default
Staffing        : explicit overrides only
Planner work    : live, held, split, forced and board orders excluded
Output          : split_recommendations.csv

[28/07/2026  3:33:02.53] Step 5 - Marking LINEUP run as successful... 
LINEUP status marked as successful.
[28/07/2026  3:33:02.83] Step 6 - Rebuilding dashboard with final status... 

===================================
LINEUP Dashboard Build Complete
===================================
Input       : scheduled_orders.csv
Output      : C:\LINEUP\output\dashboard.html
Insights    : assignment reasons and confidence
Remaining   : SAP versus adjusted
Utilisation : working-calendar aware

=================================== 
LINEUP background update finished 
28/07/2026  3:33:03.15 
=================================== 
 
=================================== 
LINEUP background update started 
28/07/2026  3:45:03.17 
=================================== 
[28/07/2026  3:45:03.17] Activating virtual environment... 
[28/07/2026  3:45:03.68] Step 0 - Marking LINEUP run as started... 
LINEUP status marked as running.
[28/07/2026  3:45:03.98] Step 1 - Backing up LINEUP config... 

===================================
LINEUP Config Backup Complete
===================================
Backup folder : C:\LINEUP\backups\2026-07-28_034504
Files copied  : 4
Old backups removed: 1

[28/07/2026  3:45:04.36] Step 2 - Running SAP capacity export... 
COOIS capacities export complete:
C:\LINEUP\data\raw\COOIS_Capacities_Latest.txt
[28/07/2026  3:45:28.32] Step 3 - Running SAP production list export... 
COOIS production list export complete:
C:\LINEUP\data\raw\COOIS_ProductionList_Latest.txt
[28/07/2026  3:47:25.24] Step 4 - Running LINEUP processing pipeline... 
LINEUP
Starting capacity parser...


===================================
LINEUP Capacity Parser Complete
===================================
Input : COOIS_Capacities_Latest.txt
Output: capacities_clean.csv
Rows  : 6227


===================================
LINEUP Production Parser Complete
===================================
Input : COOIS_ProductionList_Latest.txt
Output: production_list_clean.csv
Rows  : 2377


===================================
LINEUP Capacity Summary Complete
===================================
Input : capacities_clean.csv
Output: capacities_order_summary.csv
Rows  : 990


===================================
LINEUP Merge Complete
===================================
Production input : production_list_clean.csv
Capacity input   : capacities_order_summary.csv
Output           : master_schedule.csv
Rows             : 990
Missing metadata : 0


===================================
LINEUP Scheduling Complete
===================================
Scheduled orders : 32
Overflow orders  : 0
SAP minutes      : unchanged by default
Staffing         : explicit overrides only
Queue stability  : current + one automatic order
Insights         : assignment reasons and confidence


===================================
LINEUP Dashboard Build Complete
===================================
Input       : scheduled_orders.csv
Output      : C:\LINEUP\output\dashboard.html
Insights    : assignment reasons and confidence
Remaining   : SAP versus adjusted
Utilisation : working-calendar aware


===================================
LINEUP Schedule Report Complete
===================================
Bench utilisation: bench_utilisation.csv
Schedule summary : schedule_summary.csv


===================================
LINEUP Split Recommendations Complete
===================================
Recommendations : 1
Window          : due today or next working day only
SAP minutes     : used unchanged by default
Staffing        : explicit overrides only
Planner work    : live, held, split, forced and board orders excluded
Output          : split_recommendations.csv

[28/07/2026  3:47:25.72] Step 5 - Marking LINEUP run as successful... 
LINEUP status marked as successful.
[28/07/2026  3:47:26.06] Step 6 - Rebuilding dashboard with final status... 

===================================
LINEUP Dashboard Build Complete
===================================
Input       : scheduled_orders.csv
Output      : C:\LINEUP\output\dashboard.html
Insights    : assignment reasons and confidence
Remaining   : SAP versus adjusted
Utilisation : working-calendar aware

=================================== 
LINEUP background update finished 
28/07/2026  3:47:26.37 
=================================== 
 
=================================== 
LINEUP background update started 
28/07/2026  4:00:03.38 
=================================== 
[28/07/2026  4:00:03.39] Activating virtual environment... 
[28/07/2026  4:00:04.01] Step 0 - Marking LINEUP run as started... 
LINEUP status marked as running.
[28/07/2026  4:00:04.40] Step 1 - Backing up LINEUP config... 

===================================
LINEUP Config Backup Complete
===================================
Backup folder : C:\LINEUP\backups\2026-07-28_040004
Files copied  : 4
Old backups removed: 1

[28/07/2026  4:00:04.90] Step 2 - Running SAP capacity export... 
COOIS capacities export complete:
C:\LINEUP\data\raw\COOIS_Capacities_Latest.txt
[28/07/2026  4:00:30.15] Step 3 - Running SAP production list export... 
COOIS production list export complete:
C:\LINEUP\data\raw\COOIS_ProductionList_Latest.txt
[28/07/2026  4:03:38.20] Step 4 - Running LINEUP processing pipeline... 
LINEUP
Starting capacity parser...


===================================
LINEUP Capacity Parser Complete
===================================
Input : COOIS_Capacities_Latest.txt
Output: capacities_clean.csv
Rows  : 6227


===================================
LINEUP Production Parser Complete
===================================
Input : COOIS_ProductionList_Latest.txt
Output: production_list_clean.csv
Rows  : 2377


===================================
LINEUP Capacity Summary Complete
===================================
Input : capacities_clean.csv
Output: capacities_order_summary.csv
Rows  : 990


===================================
LINEUP Merge Complete
===================================
Production input : production_list_clean.csv
Capacity input   : capacities_order_summary.csv
Output           : master_schedule.csv
Rows             : 990
Missing metadata : 0


===================================
LINEUP Scheduling Complete
===================================
Scheduled orders : 32
Overflow orders  : 0
SAP minutes      : unchanged by default
Staffing         : explicit overrides only
Queue stability  : current + one automatic order
Insights         : assignment reasons and confidence


===================================
LINEUP Dashboard Build Complete
===================================
Input       : scheduled_orders.csv
Output      : C:\LINEUP\output\dashboard.html
Insights    : assignment reasons and confidence
Remaining   : SAP versus adjusted
Utilisation : working-calendar aware


===================================
LINEUP Schedule Report Complete
===================================
Bench utilisation: bench_utilisation.csv
Schedule summary : schedule_summary.csv


===================================
LINEUP Split Recommendations Complete
===================================
Recommendations : 1
Window          : due today or next working day only
SAP minutes     : used unchanged by default
Staffing        : explicit overrides only
Planner work    : live, held, split, forced and board orders excluded
Output          : split_recommendations.csv

[28/07/2026  4:03:38.76] Step 5 - Marking LINEUP run as successful... 
LINEUP status marked as successful.
[28/07/2026  4:03:39.09] Step 6 - Rebuilding dashboard with final status... 

===================================
LINEUP Dashboard Build Complete
===================================
Input       : scheduled_orders.csv
Output      : C:\LINEUP\output\dashboard.html
Insights    : assignment reasons and confidence
Remaining   : SAP versus adjusted
Utilisation : working-calendar aware

=================================== 
LINEUP background update finished 
28/07/2026  4:03:39.42 
=================================== 
 
=================================== 
LINEUP background update started 
28/07/2026  4:15:03.21 
=================================== 
[28/07/2026  4:15:03.21] Activating virtual environment... 
[28/07/2026  4:15:03.72] Step 0 - Marking LINEUP run as started... 
LINEUP status marked as running.
[28/07/2026  4:15:04.03] Step 1 - Backing up LINEUP config... 

===================================
LINEUP Config Backup Complete
===================================
Backup folder : C:\LINEUP\backups\2026-07-28_041504
Files copied  : 4
Old backups removed: 1

[28/07/2026  4:15:04.43] Step 2 - Running SAP capacity export... 
COOIS capacities export complete:
C:\LINEUP\data\raw\COOIS_Capacities_Latest.txt
[28/07/2026  4:15:28.15] Step 3 - Running SAP production list export... 
COOIS production list export complete:
C:\LINEUP\data\raw\COOIS_ProductionList_Latest.txt
[28/07/2026  4:17:34.73] Step 4 - Running LINEUP processing pipeline... 
LINEUP
Starting capacity parser...


===================================
LINEUP Capacity Parser Complete
===================================
Input : COOIS_Capacities_Latest.txt
Output: capacities_clean.csv
Rows  : 6224


===================================
LINEUP Production Parser Complete
===================================
Input : COOIS_ProductionList_Latest.txt
Output: production_list_clean.csv
Rows  : 2376


===================================
LINEUP Capacity Summary Complete
===================================
Input : capacities_clean.csv
Output: capacities_order_summary.csv
Rows  : 990


===================================
LINEUP Merge Complete
===================================
Production input : production_list_clean.csv
Capacity input   : capacities_order_summary.csv
Output           : master_schedule.csv
Rows             : 990
Missing metadata : 0


===================================
LINEUP Scheduling Complete
===================================
Scheduled orders : 32
Overflow orders  : 0
SAP minutes      : unchanged by default
Staffing         : explicit overrides only
Queue stability  : current + one automatic order
Insights         : assignment reasons and confidence


===================================
LINEUP Dashboard Build Complete
===================================
Input       : scheduled_orders.csv
Output      : C:\LINEUP\output\dashboard.html
Insights    : assignment reasons and confidence
Remaining   : SAP versus adjusted
Utilisation : working-calendar aware


===================================
LINEUP Schedule Report Complete
===================================
Bench utilisation: bench_utilisation.csv
Schedule summary : schedule_summary.csv


===================================
LINEUP Split Recommendations Complete
===================================
Recommendations : 1
Window          : due today or next working day only
SAP minutes     : used unchanged by default
Staffing        : explicit overrides only
Planner work    : live, held, split, forced and board orders excluded
Output          : split_recommendations.csv

[28/07/2026  4:17:35.22] Step 5 - Marking LINEUP run as successful... 
LINEUP status marked as successful.
[28/07/2026  4:17:35.54] Step 6 - Rebuilding dashboard with final status... 

===================================
LINEUP Dashboard Build Complete
===================================
Input       : scheduled_orders.csv
Output      : C:\LINEUP\output\dashboard.html
Insights    : assignment reasons and confidence
Remaining   : SAP versus adjusted
Utilisation : working-calendar aware

=================================== 
LINEUP background update finished 
28/07/2026  4:17:35.86 
=================================== 
 
=================================== 
LINEUP background update started 
28/07/2026  4:30:03.18 
=================================== 
[28/07/2026  4:30:03.18] Activating virtual environment... 
[28/07/2026  4:30:03.70] Step 0 - Marking LINEUP run as started... 
LINEUP status marked as running.
[28/07/2026  4:30:04.01] Step 1 - Backing up LINEUP config... 

===================================
LINEUP Config Backup Complete
===================================
Backup folder : C:\LINEUP\backups\2026-07-28_043004
Files copied  : 4
Old backups removed: 1

[28/07/2026  4:30:04.35] Step 2 - Running SAP capacity export... 
COOIS capacities export complete:
C:\LINEUP\data\raw\COOIS_Capacities_Latest.txt
[28/07/2026  4:30:29.57] Step 3 - Running SAP production list export... 
COOIS production list export complete:
C:\LINEUP\data\raw\COOIS_ProductionList_Latest.txt
[28/07/2026  4:32:56.58] Step 4 - Running LINEUP processing pipeline... 
LINEUP
Starting capacity parser...


===================================
LINEUP Capacity Parser Complete
===================================
Input : COOIS_Capacities_Latest.txt
Output: capacities_clean.csv
Rows  : 6224


===================================
LINEUP Production Parser Complete
===================================
Input : COOIS_ProductionList_Latest.txt
Output: production_list_clean.csv
Rows  : 2376


===================================
LINEUP Capacity Summary Complete
===================================
Input : capacities_clean.csv
Output: capacities_order_summary.csv
Rows  : 990


===================================
LINEUP Merge Complete
===================================
Production input : production_list_clean.csv
Capacity input   : capacities_order_summary.csv
Output           : master_schedule.csv
Rows             : 990
Missing metadata : 0


===================================
LINEUP Scheduling Complete
===================================
Scheduled orders : 32
Overflow orders  : 0
SAP minutes      : unchanged by default
Staffing         : explicit overrides only
Queue stability  : current + one automatic order
Insights         : assignment reasons and confidence


===================================
LINEUP Dashboard Build Complete
===================================
Input       : scheduled_orders.csv
Output      : C:\LINEUP\output\dashboard.html
Insights    : assignment reasons and confidence
Remaining   : SAP versus adjusted
Utilisation : working-calendar aware


===================================
LINEUP Schedule Report Complete
===================================
Bench utilisation: bench_utilisation.csv
Schedule summary : schedule_summary.csv


===================================
LINEUP Split Recommendations Complete
===================================
Recommendations : 1
Window          : due today or next working day only
SAP minutes     : used unchanged by default
Staffing        : explicit overrides only
Planner work    : live, held, split, forced and board orders excluded
Output          : split_recommendations.csv

[28/07/2026  4:32:57.10] Step 5 - Marking LINEUP run as successful... 
LINEUP status marked as successful.
[28/07/2026  4:32:57.47] Step 6 - Rebuilding dashboard with final status... 

===================================
LINEUP Dashboard Build Complete
===================================
Input       : scheduled_orders.csv
Output      : C:\LINEUP\output\dashboard.html
Insights    : assignment reasons and confidence
Remaining   : SAP versus adjusted
Utilisation : working-calendar aware

=================================== 
LINEUP background update finished 
28/07/2026  4:32:57.87 
=================================== 
 
=================================== 
LINEUP background update started 
28/07/2026  4:45:03.24 
=================================== 
[28/07/2026  4:45:03.24] Activating virtual environment... 
[28/07/2026  4:45:03.80] Step 0 - Marking LINEUP run as started... 
LINEUP status marked as running.
[28/07/2026  4:45:04.49] Step 1 - Backing up LINEUP config... 

===================================
LINEUP Config Backup Complete
===================================
Backup folder : C:\LINEUP\backups\2026-07-28_044504
Files copied  : 4
Old backups removed: 1

[28/07/2026  4:45:04.83] Step 2 - Running SAP capacity export... 
COOIS capacities export complete:
C:\LINEUP\data\raw\COOIS_Capacities_Latest.txt
[28/07/2026  4:45:28.91] Step 3 - Running SAP production list export... 
COOIS production list export complete:
C:\LINEUP\data\raw\COOIS_ProductionList_Latest.txt
[28/07/2026  4:47:29.65] Step 4 - Running LINEUP processing pipeline... 
LINEUP
Starting capacity parser...


===================================
LINEUP Capacity Parser Complete
===================================
Input : COOIS_Capacities_Latest.txt
Output: capacities_clean.csv
Rows  : 6224


===================================
LINEUP Production Parser Complete
===================================
Input : COOIS_ProductionList_Latest.txt
Output: production_list_clean.csv
Rows  : 2376


===================================
LINEUP Capacity Summary Complete
===================================
Input : capacities_clean.csv
Output: capacities_order_summary.csv
Rows  : 990


===================================
LINEUP Merge Complete
===================================
Production input : production_list_clean.csv
Capacity input   : capacities_order_summary.csv
Output           : master_schedule.csv
Rows             : 990
Missing metadata : 0


===================================
LINEUP Scheduling Complete
===================================
Scheduled orders : 32
Overflow orders  : 0
SAP minutes      : unchanged by default
Staffing         : explicit overrides only
Queue stability  : current + one automatic order
Insights         : assignment reasons and confidence


===================================
LINEUP Dashboard Build Complete
===================================
Input       : scheduled_orders.csv
Output      : C:\LINEUP\output\dashboard.html
Insights    : assignment reasons and confidence
Remaining   : SAP versus adjusted
Utilisation : working-calendar aware


===================================
LINEUP Schedule Report Complete
===================================
Bench utilisation: bench_utilisation.csv
Schedule summary : schedule_summary.csv


===================================
LINEUP Split Recommendations Complete
===================================
Recommendations : 1
Window          : due today or next working day only
SAP minutes     : used unchanged by default
Staffing        : explicit overrides only
Planner work    : live, held, split, forced and board orders excluded
Output          : split_recommendations.csv

[28/07/2026  4:47:30.15] Step 5 - Marking LINEUP run as successful... 
LINEUP status marked as successful.
[28/07/2026  4:47:30.46] Step 6 - Rebuilding dashboard with final status... 

===================================
LINEUP Dashboard Build Complete
===================================
Input       : scheduled_orders.csv
Output      : C:\LINEUP\output\dashboard.html
Insights    : assignment reasons and confidence
Remaining   : SAP versus adjusted
Utilisation : working-calendar aware

=================================== 
LINEUP background update finished 
28/07/2026  4:47:30.79 
=================================== 
 
=================================== 
LINEUP background update started 
28/07/2026  5:00:03.24 
=================================== 
[28/07/2026  5:00:03.24] Activating virtual environment... 
[28/07/2026  5:00:03.76] Step 0 - Marking LINEUP run as started... 
LINEUP status marked as running.
[28/07/2026  5:00:04.08] Step 1 - Backing up LINEUP config... 

===================================
LINEUP Config Backup Complete
===================================
Backup folder : C:\LINEUP\backups\2026-07-28_050004
Files copied  : 4
Old backups removed: 1

[28/07/2026  5:00:04.47] Step 2 - Running SAP capacity export... 
COOIS capacities export complete:
C:\LINEUP\data\raw\COOIS_Capacities_Latest.txt
[28/07/2026  5:00:27.45] Step 3 - Running SAP production list export... 
COOIS production list export complete:
C:\LINEUP\data\raw\COOIS_ProductionList_Latest.txt
[28/07/2026  5:02:37.88] Step 4 - Running LINEUP processing pipeline... 
LINEUP
Starting capacity parser...


===================================
LINEUP Capacity Parser Complete
===================================
Input : COOIS_Capacities_Latest.txt
Output: capacities_clean.csv
Rows  : 6224


===================================
LINEUP Production Parser Complete
===================================
Input : COOIS_ProductionList_Latest.txt
Output: production_list_clean.csv
Rows  : 2376


===================================
LINEUP Capacity Summary Complete
===================================
Input : capacities_clean.csv
Output: capacities_order_summary.csv
Rows  : 990


===================================
LINEUP Merge Complete
===================================
Production input : production_list_clean.csv
Capacity input   : capacities_order_summary.csv
Output           : master_schedule.csv
Rows             : 990
Missing metadata : 0


===================================
LINEUP Scheduling Complete
===================================
Scheduled orders : 32
Overflow orders  : 0
SAP minutes      : unchanged by default
Staffing         : explicit overrides only
Queue stability  : current + one automatic order
Insights         : assignment reasons and confidence


===================================
LINEUP Dashboard Build Complete
===================================
Input       : scheduled_orders.csv
Output      : C:\LINEUP\output\dashboard.html
Insights    : assignment reasons and confidence
Remaining   : SAP versus adjusted
Utilisation : working-calendar aware


===================================
LINEUP Schedule Report Complete
===================================
Bench utilisation: bench_utilisation.csv
Schedule summary : schedule_summary.csv


===================================
LINEUP Split Recommendations Complete
===================================
Recommendations : 1
Window          : due today or next working day only
SAP minutes     : used unchanged by default
Staffing        : explicit overrides only
Planner work    : live, held, split, forced and board orders excluded
Output          : split_recommendations.csv

[28/07/2026  5:02:38.35] Step 5 - Marking LINEUP run as successful... 
LINEUP status marked as successful.
[28/07/2026  5:02:38.65] Step 6 - Rebuilding dashboard with final status... 

===================================
LINEUP Dashboard Build Complete
===================================
Input       : scheduled_orders.csv
Output      : C:\LINEUP\output\dashboard.html
Insights    : assignment reasons and confidence
Remaining   : SAP versus adjusted
Utilisation : working-calendar aware

=================================== 
LINEUP background update finished 
28/07/2026  5:02:38.98 
=================================== 
 
=================================== 
LINEUP background update started 
28/07/2026  5:15:03.16 
=================================== 
[28/07/2026  5:15:03.16] Activating virtual environment... 
[28/07/2026  5:15:03.66] Step 0 - Marking LINEUP run as started... 
LINEUP status marked as running.
[28/07/2026  5:15:04.00] Step 1 - Backing up LINEUP config... 

===================================
LINEUP Config Backup Complete
===================================
Backup folder : C:\LINEUP\backups\2026-07-28_051504
Files copied  : 4
Old backups removed: 1

[28/07/2026  5:15:04.34] Step 2 - Running SAP capacity export... 
COOIS capacities export complete:
C:\LINEUP\data\raw\COOIS_Capacities_Latest.txt
[28/07/2026  5:15:29.22] Step 3 - Running SAP production list export... 
COOIS production list export complete:
C:\LINEUP\data\raw\COOIS_ProductionList_Latest.txt
[28/07/2026  5:17:58.56] Step 4 - Running LINEUP processing pipeline... 
LINEUP
Starting capacity parser...


===================================
LINEUP Capacity Parser Complete
===================================
Input : COOIS_Capacities_Latest.txt
Output: capacities_clean.csv
Rows  : 6224


===================================
LINEUP Production Parser Complete
===================================
Input : COOIS_ProductionList_Latest.txt
Output: production_list_clean.csv
Rows  : 2376


===================================
LINEUP Capacity Summary Complete
===================================
Input : capacities_clean.csv
Output: capacities_order_summary.csv
Rows  : 990


===================================
LINEUP Merge Complete
===================================
Production input : production_list_clean.csv
Capacity input   : capacities_order_summary.csv
Output           : master_schedule.csv
Rows             : 990
Missing metadata : 0


===================================
LINEUP Scheduling Complete
===================================
Scheduled orders : 32
Overflow orders  : 0
SAP minutes      : unchanged by default
Staffing         : explicit overrides only
Queue stability  : current + one automatic order
Insights         : assignment reasons and confidence


===================================
LINEUP Dashboard Build Complete
===================================
Input       : scheduled_orders.csv
Output      : C:\LINEUP\output\dashboard.html
Insights    : assignment reasons and confidence
Remaining   : SAP versus adjusted
Utilisation : working-calendar aware


===================================
LINEUP Schedule Report Complete
===================================
Bench utilisation: bench_utilisation.csv
Schedule summary : schedule_summary.csv


===================================
LINEUP Split Recommendations Complete
===================================
Recommendations : 1
Window          : due today or next working day only
SAP minutes     : used unchanged by default
Staffing        : explicit overrides only
Planner work    : live, held, split, forced and board orders excluded
Output          : split_recommendations.csv

[28/07/2026  5:17:59.04] Step 5 - Marking LINEUP run as successful... 
LINEUP status marked as successful.
[28/07/2026  5:17:59.37] Step 6 - Rebuilding dashboard with final status... 

===================================
LINEUP Dashboard Build Complete
===================================
Input       : scheduled_orders.csv
Output      : C:\LINEUP\output\dashboard.html
Insights    : assignment reasons and confidence
Remaining   : SAP versus adjusted
Utilisation : working-calendar aware

=================================== 
LINEUP background update finished 
28/07/2026  5:17:59.71 
=================================== 
 
=================================== 
LINEUP background update started 
28/07/2026  5:30:03.11 
=================================== 
[28/07/2026  5:30:03.11] Activating virtual environment... 
[28/07/2026  5:30:03.64] Step 0 - Marking LINEUP run as started... 
LINEUP status marked as running.
[28/07/2026  5:30:03.96] Step 1 - Backing up LINEUP config... 

===================================
LINEUP Config Backup Complete
===================================
Backup folder : C:\LINEUP\backups\2026-07-28_053004
Files copied  : 4
Old backups removed: 1

[28/07/2026  5:30:04.32] Step 2 - Running SAP capacity export... 
COOIS capacities export complete:
C:\LINEUP\data\raw\COOIS_Capacities_Latest.txt
[28/07/2026  5:30:28.85] Step 3 - Running SAP production list export... 
COOIS production list export complete:
C:\LINEUP\data\raw\COOIS_ProductionList_Latest.txt
[28/07/2026  5:33:26.75] Step 4 - Running LINEUP processing pipeline... 
LINEUP
Starting capacity parser...


===================================
LINEUP Capacity Parser Complete
===================================
Input : COOIS_Capacities_Latest.txt
Output: capacities_clean.csv
Rows  : 6224


===================================
LINEUP Production Parser Complete
===================================
Input : COOIS_ProductionList_Latest.txt
Output: production_list_clean.csv
Rows  : 2376


===================================
LINEUP Capacity Summary Complete
===================================
Input : capacities_clean.csv
Output: capacities_order_summary.csv
Rows  : 990


===================================
LINEUP Merge Complete
===================================
Production input : production_list_clean.csv
Capacity input   : capacities_order_summary.csv
Output           : master_schedule.csv
Rows             : 990
Missing metadata : 0


===================================
LINEUP Scheduling Complete
===================================
Scheduled orders : 32
Overflow orders  : 0
SAP minutes      : unchanged by default
Staffing         : explicit overrides only
Queue stability  : current + one automatic order
Insights         : assignment reasons and confidence


===================================
LINEUP Dashboard Build Complete
===================================
Input       : scheduled_orders.csv
Output      : C:\LINEUP\output\dashboard.html
Insights    : assignment reasons and confidence
Remaining   : SAP versus adjusted
Utilisation : working-calendar aware


===================================
LINEUP Schedule Report Complete
===================================
Bench utilisation: bench_utilisation.csv
Schedule summary : schedule_summary.csv


===================================
LINEUP Split Recommendations Complete
===================================
Recommendations : 1
Window          : due today or next working day only
SAP minutes     : used unchanged by default
Staffing        : explicit overrides only
Planner work    : live, held, split, forced and board orders excluded
Output          : split_recommendations.csv

[28/07/2026  5:33:27.23] Step 5 - Marking LINEUP run as successful... 
LINEUP status marked as successful.
[28/07/2026  5:33:27.54] Step 6 - Rebuilding dashboard with final status... 

===================================
LINEUP Dashboard Build Complete
===================================
Input       : scheduled_orders.csv
Output      : C:\LINEUP\output\dashboard.html
Insights    : assignment reasons and confidence
Remaining   : SAP versus adjusted
Utilisation : working-calendar aware

=================================== 
LINEUP background update finished 
28/07/2026  5:33:27.85 
=================================== 
 
=================================== 
LINEUP background update started 
28/07/2026  5:45:03.16 
=================================== 
[28/07/2026  5:45:03.17] Activating virtual environment... 
[28/07/2026  5:45:03.67] Step 0 - Marking LINEUP run as started... 
LINEUP status marked as running.
[28/07/2026  5:45:04.00] Step 1 - Backing up LINEUP config... 

===================================
LINEUP Config Backup Complete
===================================
Backup folder : C:\LINEUP\backups\2026-07-28_054504
Files copied  : 4
Old backups removed: 1

[28/07/2026  5:45:04.35] Step 2 - Running SAP capacity export... 
COOIS capacities export complete:
C:\LINEUP\data\raw\COOIS_Capacities_Latest.txt
[28/07/2026  5:45:27.56] Step 3 - Running SAP production list export... 
COOIS production list export complete:
C:\LINEUP\data\raw\COOIS_ProductionList_Latest.txt
[28/07/2026  5:47:44.90] Step 4 - Running LINEUP processing pipeline... 
LINEUP
Starting capacity parser...


===================================
LINEUP Capacity Parser Complete
===================================
Input : COOIS_Capacities_Latest.txt
Output: capacities_clean.csv
Rows  : 6224


===================================
LINEUP Production Parser Complete
===================================
Input : COOIS_ProductionList_Latest.txt
Output: production_list_clean.csv
Rows  : 2376


===================================
LINEUP Capacity Summary Complete
===================================
Input : capacities_clean.csv
Output: capacities_order_summary.csv
Rows  : 990


===================================
LINEUP Merge Complete
===================================
Production input : production_list_clean.csv
Capacity input   : capacities_order_summary.csv
Output           : master_schedule.csv
Rows             : 990
Missing metadata : 0


===================================
LINEUP Scheduling Complete
===================================
Scheduled orders : 32
Overflow orders  : 0
SAP minutes      : unchanged by default
Staffing         : explicit overrides only
Queue stability  : current + one automatic order
Insights         : assignment reasons and confidence


===================================
LINEUP Dashboard Build Complete
===================================
Input       : scheduled_orders.csv
Output      : C:\LINEUP\output\dashboard.html
Insights    : assignment reasons and confidence
Remaining   : SAP versus adjusted
Utilisation : working-calendar aware


===================================
LINEUP Schedule Report Complete
===================================
Bench utilisation: bench_utilisation.csv
Schedule summary : schedule_summary.csv


===================================
LINEUP Split Recommendations Complete
===================================
Recommendations : 1
Window          : due today or next working day only
SAP minutes     : used unchanged by default
Staffing        : explicit overrides only
Planner work    : live, held, split, forced and board orders excluded
Output          : split_recommendations.csv

[28/07/2026  5:47:45.64] Step 5 - Marking LINEUP run as successful... 
LINEUP status marked as successful.
[28/07/2026  5:47:46.01] Step 6 - Rebuilding dashboard with final status... 

===================================
LINEUP Dashboard Build Complete
===================================
Input       : scheduled_orders.csv
Output      : C:\LINEUP\output\dashboard.html
Insights    : assignment reasons and confidence
Remaining   : SAP versus adjusted
Utilisation : working-calendar aware

=================================== 
LINEUP background update finished 
28/07/2026  5:47:46.34 
=================================== 
 
=================================== 
LINEUP background update started 
28/07/2026  6:00:03.14 
=================================== 
[28/07/2026  6:00:03.14] Activating virtual environment... 
[28/07/2026  6:00:03.65] Step 0 - Marking LINEUP run as started... 
LINEUP status marked as running.
[28/07/2026  6:00:03.98] Step 1 - Backing up LINEUP config... 

===================================
LINEUP Config Backup Complete
===================================
Backup folder : C:\LINEUP\backups\2026-07-28_060004
Files copied  : 4
Old backups removed: 1

[28/07/2026  6:00:04.34] Step 2 - Running SAP capacity export... 
COOIS capacities export complete:
C:\LINEUP\data\raw\COOIS_Capacities_Latest.txt
[28/07/2026  6:00:28.48] Step 3 - Running SAP production list export... 
COOIS production list export complete:
C:\LINEUP\data\raw\COOIS_ProductionList_Latest.txt
[28/07/2026  6:03:32.33] Step 4 - Running LINEUP processing pipeline... 
LINEUP
Starting capacity parser...


===================================
LINEUP Capacity Parser Complete
===================================
Input : COOIS_Capacities_Latest.txt
Output: capacities_clean.csv
Rows  : 6224


===================================
LINEUP Production Parser Complete
===================================
Input : COOIS_ProductionList_Latest.txt
Output: production_list_clean.csv
Rows  : 2376


===================================
LINEUP Capacity Summary Complete
===================================
Input : capacities_clean.csv
Output: capacities_order_summary.csv
Rows  : 990


===================================
LINEUP Merge Complete
===================================
Production input : production_list_clean.csv
Capacity input   : capacities_order_summary.csv
Output           : master_schedule.csv
Rows             : 990
Missing metadata : 0


===================================
LINEUP Scheduling Complete
===================================
Scheduled orders : 32
Overflow orders  : 0
SAP minutes      : unchanged by default
Staffing         : explicit overrides only
Queue stability  : current + one automatic order
Insights         : assignment reasons and confidence


===================================
LINEUP Dashboard Build Complete
===================================
Input       : scheduled_orders.csv
Output      : C:\LINEUP\output\dashboard.html
Insights    : assignment reasons and confidence
Remaining   : SAP versus adjusted
Utilisation : working-calendar aware


===================================
LINEUP Schedule Report Complete
===================================
Bench utilisation: bench_utilisation.csv
Schedule summary : schedule_summary.csv


===================================
LINEUP Split Recommendations Complete
===================================
Recommendations : 1
Window          : due today or next working day only
SAP minutes     : used unchanged by default
Staffing        : explicit overrides only
Planner work    : live, held, split, forced and board orders excluded
Output          : split_recommendations.csv

[28/07/2026  6:03:32.79] Step 5 - Marking LINEUP run as successful... 
LINEUP status marked as successful.
[28/07/2026  6:03:33.09] Step 6 - Rebuilding dashboard with final status... 

===================================
LINEUP Dashboard Build Complete
===================================
Input       : scheduled_orders.csv
Output      : C:\LINEUP\output\dashboard.html
Insights    : assignment reasons and confidence
Remaining   : SAP versus adjusted
Utilisation : working-calendar aware

=================================== 
LINEUP background update finished 
28/07/2026  6:03:33.41 
=================================== 
 
=================================== 
LINEUP background update started 
28/07/2026  6:15:04.23 
=================================== 
[28/07/2026  6:15:04.24] Activating virtual environment... 
[28/07/2026  6:15:04.74] Step 0 - Marking LINEUP run as started... 
LINEUP status marked as running.
[28/07/2026  6:15:05.05] Step 1 - Backing up LINEUP config... 

===================================
LINEUP Config Backup Complete
===================================
Backup folder : C:\LINEUP\backups\2026-07-28_061505
Files copied  : 4
Old backups removed: 1

[28/07/2026  6:15:05.37] Step 2 - Running SAP capacity export... 
COOIS capacities export complete:
C:\LINEUP\data\raw\COOIS_Capacities_Latest.txt
[28/07/2026  6:15:31.33] Step 3 - Running SAP production list export... 
COOIS production list export complete:
C:\LINEUP\data\raw\COOIS_ProductionList_Latest.txt
[28/07/2026  6:17:57.74] Step 4 - Running LINEUP processing pipeline... 
LINEUP
Starting capacity parser...


===================================
LINEUP Capacity Parser Complete
===================================
Input : COOIS_Capacities_Latest.txt
Output: capacities_clean.csv
Rows  : 6224


===================================
LINEUP Production Parser Complete
===================================
Input : COOIS_ProductionList_Latest.txt
Output: production_list_clean.csv
Rows  : 2376


===================================
LINEUP Capacity Summary Complete
===================================
Input : capacities_clean.csv
Output: capacities_order_summary.csv
Rows  : 990


===================================
LINEUP Merge Complete
===================================
Production input : production_list_clean.csv
Capacity input   : capacities_order_summary.csv
Output           : master_schedule.csv
Rows             : 990
Missing metadata : 0


===================================
LINEUP Scheduling Complete
===================================
Scheduled orders : 32
Overflow orders  : 0
SAP minutes      : unchanged by default
Staffing         : explicit overrides only
Queue stability  : current + one automatic order
Insights         : assignment reasons and confidence


===================================
LINEUP Dashboard Build Complete
===================================
Input       : scheduled_orders.csv
Output      : C:\LINEUP\output\dashboard.html
Insights    : assignment reasons and confidence
Remaining   : SAP versus adjusted
Utilisation : working-calendar aware


===================================
LINEUP Schedule Report Complete
===================================
Bench utilisation: bench_utilisation.csv
Schedule summary : schedule_summary.csv


===================================
LINEUP Split Recommendations Complete
===================================
Recommendations : 1
Window          : due today or next working day only
SAP minutes     : used unchanged by default
Staffing        : explicit overrides only
Planner work    : live, held, split, forced and board orders excluded
Output          : split_recommendations.csv

[28/07/2026  6:17:58.23] Step 5 - Marking LINEUP run as successful... 
LINEUP status marked as successful.
[28/07/2026  6:17:58.56] Step 6 - Rebuilding dashboard with final status... 

===================================
LINEUP Dashboard Build Complete
===================================
Input       : scheduled_orders.csv
Output      : C:\LINEUP\output\dashboard.html
Insights    : assignment reasons and confidence
Remaining   : SAP versus adjusted
Utilisation : working-calendar aware

=================================== 
LINEUP background update finished 
28/07/2026  6:17:58.90 
=================================== 
 
=================================== 
LINEUP background update started 
28/07/2026  6:30:03.17 
=================================== 
[28/07/2026  6:30:03.18] Activating virtual environment... 
[28/07/2026  6:30:03.68] Step 0 - Marking LINEUP run as started... 
LINEUP status marked as running.
[28/07/2026  6:30:04.02] Step 1 - Backing up LINEUP config... 

===================================
LINEUP Config Backup Complete
===================================
Backup folder : C:\LINEUP\backups\2026-07-28_063004
Files copied  : 4
Old backups removed: 1

[28/07/2026  6:30:04.73] Step 2 - Running SAP capacity export... 
COOIS capacities export complete:
C:\LINEUP\data\raw\COOIS_Capacities_Latest.txt
[28/07/2026  6:30:29.41] Step 3 - Running SAP production list export... 
COOIS production list export complete:
C:\LINEUP\data\raw\COOIS_ProductionList_Latest.txt
[28/07/2026  6:33:26.73] Step 4 - Running LINEUP processing pipeline... 
LINEUP
Starting capacity parser...


===================================
LINEUP Capacity Parser Complete
===================================
Input : COOIS_Capacities_Latest.txt
Output: capacities_clean.csv
Rows  : 6224


===================================
LINEUP Production Parser Complete
===================================
Input : COOIS_ProductionList_Latest.txt
Output: production_list_clean.csv
Rows  : 2376


===================================
LINEUP Capacity Summary Complete
===================================
Input : capacities_clean.csv
Output: capacities_order_summary.csv
Rows  : 990


===================================
LINEUP Merge Complete
===================================
Production input : production_list_clean.csv
Capacity input   : capacities_order_summary.csv
Output           : master_schedule.csv
Rows             : 990
Missing metadata : 0


===================================
LINEUP Scheduling Complete
===================================
Scheduled orders : 32
Overflow orders  : 0
SAP minutes      : unchanged by default
Staffing         : explicit overrides only
Queue stability  : current + one automatic order
Insights         : assignment reasons and confidence


===================================
LINEUP Dashboard Build Complete
===================================
Input       : scheduled_orders.csv
Output      : C:\LINEUP\output\dashboard.html
Insights    : assignment reasons and confidence
Remaining   : SAP versus adjusted
Utilisation : working-calendar aware


===================================
LINEUP Schedule Report Complete
===================================
Bench utilisation: bench_utilisation.csv
Schedule summary : schedule_summary.csv


===================================
LINEUP Split Recommendations Complete
===================================
Recommendations : 1
Window          : due today or next working day only
SAP minutes     : used unchanged by default
Staffing        : explicit overrides only
Planner work    : live, held, split, forced and board orders excluded
Output          : split_recommendations.csv

[28/07/2026  6:33:27.21] Step 5 - Marking LINEUP run as successful... 
LINEUP status marked as successful.
[28/07/2026  6:33:27.53] Step 6 - Rebuilding dashboard with final status... 

===================================
LINEUP Dashboard Build Complete
===================================
Input       : scheduled_orders.csv
Output      : C:\LINEUP\output\dashboard.html
Insights    : assignment reasons and confidence
Remaining   : SAP versus adjusted
Utilisation : working-calendar aware

=================================== 
LINEUP background update finished 
28/07/2026  6:33:27.84 
=================================== 
 
=================================== 
LINEUP background update started 
28/07/2026  6:45:03.15 
=================================== 
[28/07/2026  6:45:03.15] Activating virtual environment... 
[28/07/2026  6:45:03.67] Step 0 - Marking LINEUP run as started... 
LINEUP status marked as running.
[28/07/2026  6:45:04.01] Step 1 - Backing up LINEUP config... 

===================================
LINEUP Config Backup Complete
===================================
Backup folder : C:\LINEUP\backups\2026-07-28_064504
Files copied  : 4
Old backups removed: 1

[28/07/2026  6:45:04.35] Step 2 - Running SAP capacity export... 
COOIS capacities export complete:
C:\LINEUP\data\raw\COOIS_Capacities_Latest.txt
[28/07/2026  6:45:28.86] Step 3 - Running SAP production list export... 
COOIS production list export complete:
C:\LINEUP\data\raw\COOIS_ProductionList_Latest.txt
[28/07/2026  6:48:00.66] Step 4 - Running LINEUP processing pipeline... 
LINEUP
Starting capacity parser...


===================================
LINEUP Capacity Parser Complete
===================================
Input : COOIS_Capacities_Latest.txt
Output: capacities_clean.csv
Rows  : 6224


===================================
LINEUP Production Parser Complete
===================================
Input : COOIS_ProductionList_Latest.txt
Output: production_list_clean.csv
Rows  : 2376


===================================
LINEUP Capacity Summary Complete
===================================
Input : capacities_clean.csv
Output: capacities_order_summary.csv
Rows  : 990


===================================
LINEUP Merge Complete
===================================
Production input : production_list_clean.csv
Capacity input   : capacities_order_summary.csv
Output           : master_schedule.csv
Rows             : 990
Missing metadata : 0


===================================
LINEUP Scheduling Complete
===================================
Scheduled orders : 32
Overflow orders  : 0
SAP minutes      : unchanged by default
Staffing         : explicit overrides only
Queue stability  : current + one automatic order
Insights         : assignment reasons and confidence


===================================
LINEUP Dashboard Build Complete
===================================
Input       : scheduled_orders.csv
Output      : C:\LINEUP\output\dashboard.html
Insights    : assignment reasons and confidence
Remaining   : SAP versus adjusted
Utilisation : working-calendar aware


===================================
LINEUP Schedule Report Complete
===================================
Bench utilisation: bench_utilisation.csv
Schedule summary : schedule_summary.csv


===================================
LINEUP Split Recommendations Complete
===================================
Recommendations : 1
Window          : due today or next working day only
SAP minutes     : used unchanged by default
Staffing        : explicit overrides only
Planner work    : live, held, split, forced and board orders excluded
Output          : split_recommendations.csv

[28/07/2026  6:48:01.16] Step 5 - Marking LINEUP run as successful... 
LINEUP status marked as successful.
[28/07/2026  6:48:01.45] Step 6 - Rebuilding dashboard with final status... 

===================================
LINEUP Dashboard Build Complete
===================================
Input       : scheduled_orders.csv
Output      : C:\LINEUP\output\dashboard.html
Insights    : assignment reasons and confidence
Remaining   : SAP versus adjusted
Utilisation : working-calendar aware

=================================== 
LINEUP background update finished 
28/07/2026  6:48:01.77 
=================================== 
 
=================================== 
LINEUP background update started 
28/07/2026  7:00:03.25 
=================================== 
[28/07/2026  7:00:03.26] Activating virtual environment... 
[28/07/2026  7:00:03.78] Step 0 - Marking LINEUP run as started... 
LINEUP status marked as running.
[28/07/2026  7:00:04.08] Step 1 - Backing up LINEUP config... 

===================================
LINEUP Config Backup Complete
===================================
Backup folder : C:\LINEUP\backups\2026-07-28_070004
Files copied  : 4
Old backups removed: 1

[28/07/2026  7:00:04.42] Step 2 - Running SAP capacity export... 
COOIS capacities export complete:
C:\LINEUP\data\raw\COOIS_Capacities_Latest.txt
[28/07/2026  7:00:34.97] Step 3 - Running SAP production list export... 
COOIS production list export complete:
C:\LINEUP\data\raw\COOIS_ProductionList_Latest.txt
[28/07/2026  7:03:16.79] Step 4 - Running LINEUP processing pipeline... 
LINEUP
Starting capacity parser...


===================================
LINEUP Capacity Parser Complete
===================================
Input : COOIS_Capacities_Latest.txt
Output: capacities_clean.csv
Rows  : 6224


===================================
LINEUP Production Parser Complete
===================================
Input : COOIS_ProductionList_Latest.txt
Output: production_list_clean.csv
Rows  : 2376


===================================
LINEUP Capacity Summary Complete
===================================
Input : capacities_clean.csv
Output: capacities_order_summary.csv
Rows  : 990


===================================
LINEUP Merge Complete
===================================
Production input : production_list_clean.csv
Capacity input   : capacities_order_summary.csv
Output           : master_schedule.csv
Rows             : 990
Missing metadata : 0


===================================
LINEUP Scheduling Complete
===================================
Scheduled orders : 32
Overflow orders  : 0
SAP minutes      : unchanged by default
Staffing         : explicit overrides only
Queue stability  : current + one automatic order
Insights         : assignment reasons and confidence


===================================
LINEUP Dashboard Build Complete
===================================
Input       : scheduled_orders.csv
Output      : C:\LINEUP\output\dashboard.html
Insights    : assignment reasons and confidence
Remaining   : SAP versus adjusted
Utilisation : working-calendar aware


===================================
LINEUP Schedule Report Complete
===================================
Bench utilisation: bench_utilisation.csv
Schedule summary : schedule_summary.csv


===================================
LINEUP Split Recommendations Complete
===================================
Recommendations : 1
Window          : due today or next working day only
SAP minutes     : used unchanged by default
Staffing        : explicit overrides only
Planner work    : live, held, split, forced and board orders excluded
Output          : split_recommendations.csv

[28/07/2026  7:03:17.26] Step 5 - Marking LINEUP run as successful... 
LINEUP status marked as successful.
[28/07/2026  7:03:17.56] Step 6 - Rebuilding dashboard with final status... 

===================================
LINEUP Dashboard Build Complete
===================================
Input       : scheduled_orders.csv
Output      : C:\LINEUP\output\dashboard.html
Insights    : assignment reasons and confidence
Remaining   : SAP versus adjusted
Utilisation : working-calendar aware

=================================== 
LINEUP background update finished 
28/07/2026  7:03:17.89 
=================================== 
 
=================================== 
LINEUP background update started 
28/07/2026  7:15:03.19 
=================================== 
[28/07/2026  7:15:03.19] Activating virtual environment... 
[28/07/2026  7:15:03.71] Step 0 - Marking LINEUP run as started... 
LINEUP status marked as running.
[28/07/2026  7:15:04.01] Step 1 - Backing up LINEUP config... 

===================================
LINEUP Config Backup Complete
===================================
Backup folder : C:\LINEUP\backups\2026-07-28_071504
Files copied  : 4
Old backups removed: 1

[28/07/2026  7:15:04.34] Step 2 - Running SAP capacity export... 
COOIS capacities export complete:
C:\LINEUP\data\raw\COOIS_Capacities_Latest.txt
[28/07/2026  7:15:30.41] Step 3 - Running SAP production list export... 
COOIS production list export complete:
C:\LINEUP\data\raw\COOIS_ProductionList_Latest.txt
[28/07/2026  7:17:56.52] Step 4 - Running LINEUP processing pipeline... 
LINEUP
Starting capacity parser...


===================================
LINEUP Capacity Parser Complete
===================================
Input : COOIS_Capacities_Latest.txt
Output: capacities_clean.csv
Rows  : 6224


===================================
LINEUP Production Parser Complete
===================================
Input : COOIS_ProductionList_Latest.txt
Output: production_list_clean.csv
Rows  : 2376


===================================
LINEUP Capacity Summary Complete
===================================
Input : capacities_clean.csv
Output: capacities_order_summary.csv
Rows  : 990


===================================
LINEUP Merge Complete
===================================
Production input : production_list_clean.csv
Capacity input   : capacities_order_summary.csv
Output           : master_schedule.csv
Rows             : 990
Missing metadata : 0


===================================
LINEUP Scheduling Complete
===================================
Scheduled orders : 32
Overflow orders  : 0
SAP minutes      : unchanged by default
Staffing         : explicit overrides only
Queue stability  : current + one automatic order
Insights         : assignment reasons and confidence


===================================
LINEUP Dashboard Build Complete
===================================
Input       : scheduled_orders.csv
Output      : C:\LINEUP\output\dashboard.html
Insights    : assignment reasons and confidence
Remaining   : SAP versus adjusted
Utilisation : working-calendar aware


===================================
LINEUP Schedule Report Complete
===================================
Bench utilisation: bench_utilisation.csv
Schedule summary : schedule_summary.csv


===================================
LINEUP Split Recommendations Complete
===================================
Recommendations : 1
Window          : due today or next working day only
SAP minutes     : used unchanged by default
Staffing        : explicit overrides only
Planner work    : live, held, split, forced and board orders excluded
Output          : split_recommendations.csv

[28/07/2026  7:17:57.01] Step 5 - Marking LINEUP run as successful... 
LINEUP status marked as successful.
[28/07/2026  7:17:57.34] Step 6 - Rebuilding dashboard with final status... 

===================================
LINEUP Dashboard Build Complete
===================================
Input       : scheduled_orders.csv
Output      : C:\LINEUP\output\dashboard.html
Insights    : assignment reasons and confidence
Remaining   : SAP versus adjusted
Utilisation : working-calendar aware

=================================== 
LINEUP background update finished 
28/07/2026  7:17:57.66 
=================================== 
 
=================================== 
LINEUP background update started 
28/07/2026  7:30:03.13 
=================================== 
[28/07/2026  7:30:03.13] Activating virtual environment... 
[28/07/2026  7:30:03.65] Step 0 - Marking LINEUP run as started... 
LINEUP status marked as running.
[28/07/2026  7:30:03.96] Step 1 - Backing up LINEUP config... 

===================================
LINEUP Config Backup Complete
===================================
Backup folder : C:\LINEUP\backups\2026-07-28_073004
Files copied  : 4
Old backups removed: 1

[28/07/2026  7:30:04.32] Step 2 - Running SAP capacity export... 
COOIS capacities export complete:
C:\LINEUP\data\raw\COOIS_Capacities_Latest.txt
[28/07/2026  7:30:29.31] Step 3 - Running SAP production list export... 
COOIS production list export complete:
C:\LINEUP\data\raw\COOIS_ProductionList_Latest.txt
[28/07/2026  7:33:06.62] Step 4 - Running LINEUP processing pipeline... 
LINEUP
Starting capacity parser...


===================================
LINEUP Capacity Parser Complete
===================================
Input : COOIS_Capacities_Latest.txt
Output: capacities_clean.csv
Rows  : 6224


===================================
LINEUP Production Parser Complete
===================================
Input : COOIS_ProductionList_Latest.txt
Output: production_list_clean.csv
Rows  : 2376


===================================
LINEUP Capacity Summary Complete
===================================
Input : capacities_clean.csv
Output: capacities_order_summary.csv
Rows  : 990


===================================
LINEUP Merge Complete
===================================
Production input : production_list_clean.csv
Capacity input   : capacities_order_summary.csv
Output           : master_schedule.csv
Rows             : 990
Missing metadata : 0


===================================
LINEUP Scheduling Complete
===================================
Scheduled orders : 32
Overflow orders  : 0
SAP minutes      : unchanged by default
Staffing         : explicit overrides only
Queue stability  : current + one automatic order
Insights         : assignment reasons and confidence


===================================
LINEUP Dashboard Build Complete
===================================
Input       : scheduled_orders.csv
Output      : C:\LINEUP\output\dashboard.html
Insights    : assignment reasons and confidence
Remaining   : SAP versus adjusted
Utilisation : working-calendar aware


===================================
LINEUP Schedule Report Complete
===================================
Bench utilisation: bench_utilisation.csv
Schedule summary : schedule_summary.csv


===================================
LINEUP Split Recommendations Complete
===================================
Recommendations : 1
Window          : due today or next working day only
SAP minutes     : used unchanged by default
Staffing        : explicit overrides only
Planner work    : live, held, split, forced and board orders excluded
Output          : split_recommendations.csv

[28/07/2026  7:33:07.09] Step 5 - Marking LINEUP run as successful... 
LINEUP status marked as successful.
[28/07/2026  7:33:07.42] Step 6 - Rebuilding dashboard with final status... 

===================================
LINEUP Dashboard Build Complete
===================================
Input       : scheduled_orders.csv
Output      : C:\LINEUP\output\dashboard.html
Insights    : assignment reasons and confidence
Remaining   : SAP versus adjusted
Utilisation : working-calendar aware

=================================== 
LINEUP background update finished 
28/07/2026  7:33:07.75 
=================================== 
 
=================================== 
LINEUP background update started 
28/07/2026  7:45:03.16 
=================================== 
[28/07/2026  7:45:03.16] Activating virtual environment... 
[28/07/2026  7:45:03.69] Step 0 - Marking LINEUP run as started... 
LINEUP status marked as running.
[28/07/2026  7:45:04.02] Step 1 - Backing up LINEUP config... 

===================================
LINEUP Config Backup Complete
===================================
Backup folder : C:\LINEUP\backups\2026-07-28_074504
Files copied  : 4
Old backups removed: 1

[28/07/2026  7:45:04.38] Step 2 - Running SAP capacity export... 
COOIS capacities export complete:
C:\LINEUP\data\raw\COOIS_Capacities_Latest.txt
[28/07/2026  7:45:30.56] Step 3 - Running SAP production list export... 
COOIS production list export complete:
C:\LINEUP\data\raw\COOIS_ProductionList_Latest.txt
[28/07/2026  7:47:40.04] Step 4 - Running LINEUP processing pipeline... 
LINEUP
Starting capacity parser...


===================================
LINEUP Capacity Parser Complete
===================================
Input : COOIS_Capacities_Latest.txt
Output: capacities_clean.csv
Rows  : 6224


===================================
LINEUP Production Parser Complete
===================================
Input : COOIS_ProductionList_Latest.txt
Output: production_list_clean.csv
Rows  : 2376


===================================
LINEUP Capacity Summary Complete
===================================
Input : capacities_clean.csv
Output: capacities_order_summary.csv
Rows  : 990


===================================
LINEUP Merge Complete
===================================
Production input : production_list_clean.csv
Capacity input   : capacities_order_summary.csv
Output           : master_schedule.csv
Rows             : 990
Missing metadata : 0


===================================
LINEUP Scheduling Complete
===================================
Scheduled orders : 32
Overflow orders  : 0
SAP minutes      : unchanged by default
Staffing         : explicit overrides only
Queue stability  : current + one automatic order
Insights         : assignment reasons and confidence


===================================
LINEUP Dashboard Build Complete
===================================
Input       : scheduled_orders.csv
Output      : C:\LINEUP\output\dashboard.html
Insights    : assignment reasons and confidence
Remaining   : SAP versus adjusted
Utilisation : working-calendar aware


===================================
LINEUP Schedule Report Complete
===================================
Bench utilisation: bench_utilisation.csv
Schedule summary : schedule_summary.csv


===================================
LINEUP Split Recommendations Complete
===================================
Recommendations : 1
Window          : due today or next working day only
SAP minutes     : used unchanged by default
Staffing        : explicit overrides only
Planner work    : live, held, split, forced and board orders excluded
Output          : split_recommendations.csv

[28/07/2026  7:47:40.51] Step 5 - Marking LINEUP run as successful... 
LINEUP status marked as successful.
[28/07/2026  7:47:40.81] Step 6 - Rebuilding dashboard with final status... 

===================================
LINEUP Dashboard Build Complete
===================================
Input       : scheduled_orders.csv
Output      : C:\LINEUP\output\dashboard.html
Insights    : assignment reasons and confidence
Remaining   : SAP versus adjusted
Utilisation : working-calendar aware

=================================== 
LINEUP background update finished 
28/07/2026  7:47:41.13 
=================================== 
 
=================================== 
LINEUP background update started 
28/07/2026  8:00:03.22 
=================================== 
[28/07/2026  8:00:03.22] Activating virtual environment... 
[28/07/2026  8:00:03.75] Step 0 - Marking LINEUP run as started... 
LINEUP status marked as running.
[28/07/2026  8:00:04.07] Step 1 - Backing up LINEUP config... 

===================================
LINEUP Config Backup Complete
===================================
Backup folder : C:\LINEUP\backups\2026-07-28_080004
Files copied  : 4
Old backups removed: 1

[28/07/2026  8:00:04.42] Step 2 - Running SAP capacity export... 
COOIS capacities export complete:
C:\LINEUP\data\raw\COOIS_Capacities_Latest.txt
[28/07/2026  8:00:28.45] Step 3 - Running SAP production list export... 
COOIS production list export complete:
C:\LINEUP\data\raw\COOIS_ProductionList_Latest.txt
[28/07/2026  8:03:10.22] Step 4 - Running LINEUP processing pipeline... 
LINEUP
Starting capacity parser...


===================================
LINEUP Capacity Parser Complete
===================================
Input : COOIS_Capacities_Latest.txt
Output: capacities_clean.csv
Rows  : 6224


===================================
LINEUP Production Parser Complete
===================================
Input : COOIS_ProductionList_Latest.txt
Output: production_list_clean.csv
Rows  : 2376


===================================
LINEUP Capacity Summary Complete
===================================
Input : capacities_clean.csv
Output: capacities_order_summary.csv
Rows  : 990


===================================
LINEUP Merge Complete
===================================
Production input : production_list_clean.csv
Capacity input   : capacities_order_summary.csv
Output           : master_schedule.csv
Rows             : 990
Missing metadata : 0


===================================
LINEUP Scheduling Complete
===================================
Scheduled orders : 32
Overflow orders  : 0
SAP minutes      : unchanged by default
Staffing         : explicit overrides only
Queue stability  : current + one automatic order
Insights         : assignment reasons and confidence


===================================
LINEUP Dashboard Build Complete
===================================
Input       : scheduled_orders.csv
Output      : C:\LINEUP\output\dashboard.html
Insights    : assignment reasons and confidence
Remaining   : SAP versus adjusted
Utilisation : working-calendar aware


===================================
LINEUP Schedule Report Complete
===================================
Bench utilisation: bench_utilisation.csv
Schedule summary : schedule_summary.csv


===================================
LINEUP Split Recommendations Complete
===================================
Recommendations : 1
Window          : due today or next working day only
SAP minutes     : used unchanged by default
Staffing        : explicit overrides only
Planner work    : live, held, split, forced and board orders excluded
Output          : split_recommendations.csv

[28/07/2026  8:03:10.71] Step 5 - Marking LINEUP run as successful... 
LINEUP status marked as successful.
[28/07/2026  8:03:11.03] Step 6 - Rebuilding dashboard with final status... 

===================================
LINEUP Dashboard Build Complete
===================================
Input       : scheduled_orders.csv
Output      : C:\LINEUP\output\dashboard.html
Insights    : assignment reasons and confidence
Remaining   : SAP versus adjusted
Utilisation : working-calendar aware

=================================== 
LINEUP background update finished 
28/07/2026  8:03:11.37 
=================================== 
 
=================================== 
LINEUP background update started 
28/07/2026  8:15:03.16 
=================================== 
[28/07/2026  8:15:03.16] Activating virtual environment... 
[28/07/2026  8:15:03.66] Step 0 - Marking LINEUP run as started... 
LINEUP status marked as running.
[28/07/2026  8:15:04.20] Step 1 - Backing up LINEUP config... 

===================================
LINEUP Config Backup Complete
===================================
Backup folder : C:\LINEUP\backups\2026-07-28_081504
Files copied  : 4
Old backups removed: 1

[28/07/2026  8:15:04.56] Step 2 - Running SAP capacity export... 
COOIS capacities export complete:
C:\LINEUP\data\raw\COOIS_Capacities_Latest.txt
[28/07/2026  8:15:29.56] Step 3 - Running SAP production list export... 
COOIS production list export complete:
C:\LINEUP\data\raw\COOIS_ProductionList_Latest.txt
[28/07/2026  8:17:49.64] Step 4 - Running LINEUP processing pipeline... 
LINEUP
Starting capacity parser...


===================================
LINEUP Capacity Parser Complete
===================================
Input : COOIS_Capacities_Latest.txt
Output: capacities_clean.csv
Rows  : 6222


===================================
LINEUP Production Parser Complete
===================================
Input : COOIS_ProductionList_Latest.txt
Output: production_list_clean.csv
Rows  : 2376


===================================
LINEUP Capacity Summary Complete
===================================
Input : capacities_clean.csv
Output: capacities_order_summary.csv
Rows  : 991


===================================
LINEUP Merge Complete
===================================
Production input : production_list_clean.csv
Capacity input   : capacities_order_summary.csv
Output           : master_schedule.csv
Rows             : 991
Missing metadata : 0


===================================
LINEUP Scheduling Complete
===================================
Scheduled orders : 32
Overflow orders  : 0
SAP minutes      : unchanged by default
Staffing         : explicit overrides only
Queue stability  : current + one automatic order
Insights         : assignment reasons and confidence


===================================
LINEUP Dashboard Build Complete
===================================
Input       : scheduled_orders.csv
Output      : C:\LINEUP\output\dashboard.html
Insights    : assignment reasons and confidence
Remaining   : SAP versus adjusted
Utilisation : working-calendar aware


===================================
LINEUP Schedule Report Complete
===================================
Bench utilisation: bench_utilisation.csv
Schedule summary : schedule_summary.csv


===================================
LINEUP Split Recommendations Complete
===================================
Recommendations : 1
Window          : due today or next working day only
SAP minutes     : used unchanged by default
Staffing        : explicit overrides only
Planner work    : live, held, split, forced and board orders excluded
Output          : split_recommendations.csv

[28/07/2026  8:17:50.12] Step 5 - Marking LINEUP run as successful... 
LINEUP status marked as successful.
[28/07/2026  8:17:50.43] Step 6 - Rebuilding dashboard with final status... 

===================================
LINEUP Dashboard Build Complete
===================================
Input       : scheduled_orders.csv
Output      : C:\LINEUP\output\dashboard.html
Insights    : assignment reasons and confidence
Remaining   : SAP versus adjusted
Utilisation : working-calendar aware

=================================== 
LINEUP background update finished 
28/07/2026  8:17:50.74 
=================================== 
 
=================================== 
LINEUP background update started 
28/07/2026  8:30:03.12 
=================================== 
[28/07/2026  8:30:03.13] Activating virtual environment... 
[28/07/2026  8:30:03.66] Step 0 - Marking LINEUP run as started... 
LINEUP status marked as running.
[28/07/2026  8:30:03.99] Step 1 - Backing up LINEUP config... 

===================================
LINEUP Config Backup Complete
===================================
Backup folder : C:\LINEUP\backups\2026-07-28_083004
Files copied  : 4
Old backups removed: 1

[28/07/2026  8:30:04.33] Step 2 - Running SAP capacity export... 
COOIS capacities export complete:
C:\LINEUP\data\raw\COOIS_Capacities_Latest.txt
[28/07/2026  8:30:34.15] Step 3 - Running SAP production list export... 
COOIS production list export complete:
C:\LINEUP\data\raw\COOIS_ProductionList_Latest.txt
[28/07/2026  8:33:32.58] Step 4 - Running LINEUP processing pipeline... 
LINEUP
Starting capacity parser...


===================================
LINEUP Capacity Parser Complete
===================================
Input : COOIS_Capacities_Latest.txt
Output: capacities_clean.csv
Rows  : 6219


===================================
LINEUP Production Parser Complete
===================================
Input : COOIS_ProductionList_Latest.txt
Output: production_list_clean.csv
Rows  : 2374


===================================
LINEUP Capacity Summary Complete
===================================
Input : capacities_clean.csv
Output: capacities_order_summary.csv
Rows  : 990


===================================
LINEUP Merge Complete
===================================
Production input : production_list_clean.csv
Capacity input   : capacities_order_summary.csv
Output           : master_schedule.csv
Rows             : 990
Missing metadata : 0


===================================
LINEUP Scheduling Complete
===================================
Scheduled orders : 31
Overflow orders  : 0
SAP minutes      : unchanged by default
Staffing         : explicit overrides only
Queue stability  : current + one automatic order
Insights         : assignment reasons and confidence


===================================
LINEUP Dashboard Build Complete
===================================
Input       : scheduled_orders.csv
Output      : C:\LINEUP\output\dashboard.html
Insights    : assignment reasons and confidence
Remaining   : SAP versus adjusted
Utilisation : working-calendar aware


===================================
LINEUP Schedule Report Complete
===================================
Bench utilisation: bench_utilisation.csv
Schedule summary : schedule_summary.csv


===================================
LINEUP Split Recommendations Complete
===================================
Recommendations : 1
Window          : due today or next working day only
SAP minutes     : used unchanged by default
Staffing        : explicit overrides only
Planner work    : live, held, split, forced and board orders excluded
Output          : split_recommendations.csv

[28/07/2026  8:33:33.08] Step 5 - Marking LINEUP run as successful... 
LINEUP status marked as successful.
[28/07/2026  8:33:33.38] Step 6 - Rebuilding dashboard with final status... 

===================================
LINEUP Dashboard Build Complete
===================================
Input       : scheduled_orders.csv
Output      : C:\LINEUP\output\dashboard.html
Insights    : assignment reasons and confidence
Remaining   : SAP versus adjusted
Utilisation : working-calendar aware

=================================== 
LINEUP background update finished 
28/07/2026  8:33:33.72 
=================================== 
 
=================================== 
LINEUP background update started 
28/07/2026  8:45:03.20 
=================================== 
[28/07/2026  8:45:03.20] Activating virtual environment... 
[28/07/2026  8:45:03.75] Step 0 - Marking LINEUP run as started... 
LINEUP status marked as running.
[28/07/2026  8:45:04.09] Step 1 - Backing up LINEUP config... 

===================================
LINEUP Config Backup Complete
===================================
Backup folder : C:\LINEUP\backups\2026-07-28_084504
Files copied  : 4
Old backups removed: 1

[28/07/2026  8:45:04.44] Step 2 - Running SAP capacity export... 
COOIS capacities export complete:
C:\LINEUP\data\raw\COOIS_Capacities_Latest.txt
[28/07/2026  8:45:30.28] Step 3 - Running SAP production list export... 
COOIS production list export complete:
C:\LINEUP\data\raw\COOIS_ProductionList_Latest.txt
[28/07/2026  8:47:41.94] Step 4 - Running LINEUP processing pipeline... 
LINEUP
Starting capacity parser...


===================================
LINEUP Capacity Parser Complete
===================================
Input : COOIS_Capacities_Latest.txt
Output: capacities_clean.csv
Rows  : 6210


===================================
LINEUP Production Parser Complete
===================================
Input : COOIS_ProductionList_Latest.txt
Output: production_list_clean.csv
Rows  : 2371


===================================
LINEUP Capacity Summary Complete
===================================
Input : capacities_clean.csv
Output: capacities_order_summary.csv
Rows  : 990


===================================
LINEUP Merge Complete
===================================
Production input : production_list_clean.csv
Capacity input   : capacities_order_summary.csv
Output           : master_schedule.csv
Rows             : 990
Missing metadata : 0


===================================
LINEUP Scheduling Complete
===================================
Scheduled orders : 31
Overflow orders  : 0
SAP minutes      : unchanged by default
Staffing         : explicit overrides only
Queue stability  : current + one automatic order
Insights         : assignment reasons and confidence


===================================
LINEUP Dashboard Build Complete
===================================
Input       : scheduled_orders.csv
Output      : C:\LINEUP\output\dashboard.html
Insights    : assignment reasons and confidence
Remaining   : SAP versus adjusted
Utilisation : working-calendar aware


===================================
LINEUP Schedule Report Complete
===================================
Bench utilisation: bench_utilisation.csv
Schedule summary : schedule_summary.csv


===================================
LINEUP Split Recommendations Complete
===================================
Recommendations : 1
Window          : due today or next working day only
SAP minutes     : used unchanged by default
Staffing        : explicit overrides only
Planner work    : live, held, split, forced and board orders excluded
Output          : split_recommendations.csv

[28/07/2026  8:47:42.42] Step 5 - Marking LINEUP run as successful... 
LINEUP status marked as successful.
[28/07/2026  8:47:42.73] Step 6 - Rebuilding dashboard with final status... 

===================================
LINEUP Dashboard Build Complete
===================================
Input       : scheduled_orders.csv
Output      : C:\LINEUP\output\dashboard.html
Insights    : assignment reasons and confidence
Remaining   : SAP versus adjusted
Utilisation : working-calendar aware

=================================== 
LINEUP background update finished 
28/07/2026  8:47:43.05 
=================================== 
 
=================================== 
LINEUP background update started 
28/07/2026  9:00:03.35 
=================================== 
[28/07/2026  9:00:03.35] Activating virtual environment... 
[28/07/2026  9:00:03.86] Step 0 - Marking LINEUP run as started... 
LINEUP status marked as running.
[28/07/2026  9:00:04.16] Step 1 - Backing up LINEUP config... 

===================================
LINEUP Config Backup Complete
===================================
Backup folder : C:\LINEUP\backups\2026-07-28_090004
Files copied  : 4
Old backups removed: 1

[28/07/2026  9:00:04.49] Step 2 - Running SAP capacity export... 
COOIS capacities export complete:
C:\LINEUP\data\raw\COOIS_Capacities_Latest.txt
[28/07/2026  9:00:29.24] Step 3 - Running SAP production list export... 
COOIS production list export complete:
C:\LINEUP\data\raw\COOIS_ProductionList_Latest.txt
[28/07/2026  9:03:23.36] Step 4 - Running LINEUP processing pipeline... 
LINEUP
Starting capacity parser...


===================================
LINEUP Capacity Parser Complete
===================================
Input : COOIS_Capacities_Latest.txt
Output: capacities_clean.csv
Rows  : 6199


===================================
LINEUP Production Parser Complete
===================================
Input : COOIS_ProductionList_Latest.txt
Output: production_list_clean.csv
Rows  : 2366


===================================
LINEUP Capacity Summary Complete
===================================
Input : capacities_clean.csv
Output: capacities_order_summary.csv
Rows  : 990


===================================
LINEUP Merge Complete
===================================
Production input : production_list_clean.csv
Capacity input   : capacities_order_summary.csv
Output           : master_schedule.csv
Rows             : 990
Missing metadata : 0


===================================
LINEUP Scheduling Complete
===================================
Scheduled orders : 31
Overflow orders  : 0
SAP minutes      : unchanged by default
Staffing         : explicit overrides only
Queue stability  : current + one automatic order
Insights         : assignment reasons and confidence


===================================
LINEUP Dashboard Build Complete
===================================
Input       : scheduled_orders.csv
Output      : C:\LINEUP\output\dashboard.html
Insights    : assignment reasons and confidence
Remaining   : SAP versus adjusted
Utilisation : working-calendar aware


===================================
LINEUP Schedule Report Complete
===================================
Bench utilisation: bench_utilisation.csv
Schedule summary : schedule_summary.csv


===================================
LINEUP Split Recommendations Complete
===================================
Recommendations : 1
Window          : due today or next working day only
SAP minutes     : used unchanged by default
Staffing        : explicit overrides only
Planner work    : live, held, split, forced and board orders excluded
Output          : split_recommendations.csv

[28/07/2026  9:03:23.83] Step 5 - Marking LINEUP run as successful... 
LINEUP status marked as successful.
[28/07/2026  9:03:24.17] Step 6 - Rebuilding dashboard with final status... 

===================================
LINEUP Dashboard Build Complete
===================================
Input       : scheduled_orders.csv
Output      : C:\LINEUP\output\dashboard.html
Insights    : assignment reasons and confidence
Remaining   : SAP versus adjusted
Utilisation : working-calendar aware

=================================== 
LINEUP background update finished 
28/07/2026  9:03:24.51 
=================================== 
 
=================================== 
LINEUP background update started 
28/07/2026  9:15:03.17 
=================================== 
[28/07/2026  9:15:03.18] Activating virtual environment... 
[28/07/2026  9:15:03.70] Step 0 - Marking LINEUP run as started... 
LINEUP status marked as running.
[28/07/2026  9:15:04.02] Step 1 - Backing up LINEUP config... 

===================================
LINEUP Config Backup Complete
===================================
Backup folder : C:\LINEUP\backups\2026-07-28_091504
Files copied  : 4
Old backups removed: 1

[28/07/2026  9:15:04.35] Step 2 - Running SAP capacity export... 
COOIS capacities export complete:
C:\LINEUP\data\raw\COOIS_Capacities_Latest.txt
[28/07/2026  9:15:28.61] Step 3 - Running SAP production list export... 
COOIS production list export complete:
C:\LINEUP\data\raw\COOIS_ProductionList_Latest.txt
[28/07/2026  9:17:54.86] Step 4 - Running LINEUP processing pipeline... 
LINEUP
Starting capacity parser...


===================================
LINEUP Capacity Parser Complete
===================================
Input : COOIS_Capacities_Latest.txt
Output: capacities_clean.csv
Rows  : 6193


===================================
LINEUP Production Parser Complete
===================================
Input : COOIS_ProductionList_Latest.txt
Output: production_list_clean.csv
Rows  : 2363


===================================
LINEUP Capacity Summary Complete
===================================
Input : capacities_clean.csv
Output: capacities_order_summary.csv
Rows  : 987


===================================
LINEUP Merge Complete
===================================
Production input : production_list_clean.csv
Capacity input   : capacities_order_summary.csv
Output           : master_schedule.csv
Rows             : 987
Missing metadata : 0


===================================
LINEUP Scheduling Complete
===================================
Scheduled orders : 30
Overflow orders  : 0
SAP minutes      : unchanged by default
Staffing         : explicit overrides only
Queue stability  : current + one automatic order
Insights         : assignment reasons and confidence


===================================
LINEUP Dashboard Build Complete
===================================
Input       : scheduled_orders.csv
Output      : C:\LINEUP\output\dashboard.html
Insights    : assignment reasons and confidence
Remaining   : SAP versus adjusted
Utilisation : working-calendar aware


===================================
LINEUP Schedule Report Complete
===================================
Bench utilisation: bench_utilisation.csv
Schedule summary : schedule_summary.csv


===================================
LINEUP Split Recommendations Complete
===================================
Recommendations : 1
Window          : due today or next working day only
SAP minutes     : used unchanged by default
Staffing        : explicit overrides only
Planner work    : live, held, split, forced and board orders excluded
Output          : split_recommendations.csv

[28/07/2026  9:17:55.32] Step 5 - Marking LINEUP run as successful... 
LINEUP status marked as successful.
[28/07/2026  9:17:55.64] Step 6 - Rebuilding dashboard with final status... 

===================================
LINEUP Dashboard Build Complete
===================================
Input       : scheduled_orders.csv
Output      : C:\LINEUP\output\dashboard.html
Insights    : assignment reasons and confidence
Remaining   : SAP versus adjusted
Utilisation : working-calendar aware

=================================== 
LINEUP background update finished 
28/07/2026  9:17:55.96 
=================================== 
 
=================================== 
LINEUP background update started 
28/07/2026  9:30:03.15 
=================================== 
[28/07/2026  9:30:03.15] Activating virtual environment... 
[28/07/2026  9:30:03.68] Step 0 - Marking LINEUP run as started... 
LINEUP status marked as running.
[28/07/2026  9:30:04.02] Step 1 - Backing up LINEUP config... 

===================================
LINEUP Config Backup Complete
===================================
Backup folder : C:\LINEUP\backups\2026-07-28_093004
Files copied  : 4
Old backups removed: 1

[28/07/2026  9:30:04.37] Step 2 - Running SAP capacity export... 
COOIS capacities export complete:
C:\LINEUP\data\raw\COOIS_Capacities_Latest.txt
[28/07/2026  9:30:29.31] Step 3 - Running SAP production list export... 
COOIS production list export complete:
C:\LINEUP\data\raw\COOIS_ProductionList_Latest.txt
[28/07/2026  9:33:09.94] Step 4 - Running LINEUP processing pipeline... 
LINEUP
Starting capacity parser...


===================================
LINEUP Capacity Parser Complete
===================================
Input : COOIS_Capacities_Latest.txt
Output: capacities_clean.csv
Rows  : 6195


===================================
LINEUP Production Parser Complete
===================================
Input : COOIS_ProductionList_Latest.txt
Output: production_list_clean.csv
Rows  : 2363


===================================
LINEUP Capacity Summary Complete
===================================
Input : capacities_clean.csv
Output: capacities_order_summary.csv
Rows  : 987


===================================
LINEUP Merge Complete
===================================
Production input : production_list_clean.csv
Capacity input   : capacities_order_summary.csv
Output           : master_schedule.csv
Rows             : 987
Missing metadata : 0


===================================
LINEUP Scheduling Complete
===================================
Scheduled orders : 34
Overflow orders  : 0
SAP minutes      : unchanged by default
Staffing         : explicit overrides only
Queue stability  : current + one automatic order
Insights         : assignment reasons and confidence


===================================
LINEUP Dashboard Build Complete
===================================
Input       : scheduled_orders.csv
Output      : C:\LINEUP\output\dashboard.html
Insights    : assignment reasons and confidence
Remaining   : SAP versus adjusted
Utilisation : working-calendar aware


===================================
LINEUP Schedule Report Complete
===================================
Bench utilisation: bench_utilisation.csv
Schedule summary : schedule_summary.csv


===================================
LINEUP Split Recommendations Complete
===================================
Recommendations : 1
Window          : due today or next working day only
SAP minutes     : used unchanged by default
Staffing        : explicit overrides only
Planner work    : live, held, split, forced and board orders excluded
Output          : split_recommendations.csv

[28/07/2026  9:33:10.42] Step 5 - Marking LINEUP run as successful... 
LINEUP status marked as successful.
[28/07/2026  9:33:10.75] Step 6 - Rebuilding dashboard with final status... 

===================================
LINEUP Dashboard Build Complete
===================================
Input       : scheduled_orders.csv
Output      : C:\LINEUP\output\dashboard.html
Insights    : assignment reasons and confidence
Remaining   : SAP versus adjusted
Utilisation : working-calendar aware

=================================== 
LINEUP background update finished 
28/07/2026  9:33:11.12 
=================================== 
 
=================================== 
LINEUP background update started 
28/07/2026  9:45:03.22 
=================================== 
[28/07/2026  9:45:03.22] Activating virtual environment... 
[28/07/2026  9:45:03.79] Step 0 - Marking LINEUP run as started... 
LINEUP status marked as running.
[28/07/2026  9:45:04.11] Step 1 - Backing up LINEUP config... 

===================================
LINEUP Config Backup Complete
===================================
Backup folder : C:\LINEUP\backups\2026-07-28_094504
Files copied  : 4
Old backups removed: 1

[28/07/2026  9:45:04.48] Step 2 - Running SAP capacity export... 
COOIS capacities export complete:
C:\LINEUP\data\raw\COOIS_Capacities_Latest.txt
[28/07/2026  9:45:31.43] Step 3 - Running SAP production list export... 
COOIS production list export complete:
C:\LINEUP\data\raw\COOIS_ProductionList_Latest.txt
[28/07/2026  9:47:50.68] Step 4 - Running LINEUP processing pipeline... 
LINEUP
Starting capacity parser...


===================================
LINEUP Capacity Parser Complete
===================================
Input : COOIS_Capacities_Latest.txt
Output: capacities_clean.csv
Rows  : 6195


===================================
LINEUP Production Parser Complete
===================================
Input : COOIS_ProductionList_Latest.txt
Output: production_list_clean.csv
Rows  : 2362


===================================
LINEUP Capacity Summary Complete
===================================
Input : capacities_clean.csv
Output: capacities_order_summary.csv
Rows  : 986


===================================
LINEUP Merge Complete
===================================
Production input : production_list_clean.csv
Capacity input   : capacities_order_summary.csv
Output           : master_schedule.csv
Rows             : 986
Missing metadata : 0


===================================
LINEUP Scheduling Complete
===================================
Scheduled orders : 33
Overflow orders  : 0
SAP minutes      : unchanged by default
Staffing         : explicit overrides only
Queue stability  : current + one automatic order
Insights         : assignment reasons and confidence


===================================
LINEUP Dashboard Build Complete
===================================
Input       : scheduled_orders.csv
Output      : C:\LINEUP\output\dashboard.html
Insights    : assignment reasons and confidence
Remaining   : SAP versus adjusted
Utilisation : working-calendar aware


===================================
LINEUP Schedule Report Complete
===================================
Bench utilisation: bench_utilisation.csv
Schedule summary : schedule_summary.csv


===================================
LINEUP Split Recommendations Complete
===================================
Recommendations : 1
Window          : due today or next working day only
SAP minutes     : used unchanged by default
Staffing        : explicit overrides only
Planner work    : live, held, split, forced and board orders excluded
Output          : split_recommendations.csv

[28/07/2026  9:47:51.17] Step 5 - Marking LINEUP run as successful... 
LINEUP status marked as successful.
[28/07/2026  9:47:51.49] Step 6 - Rebuilding dashboard with final status... 

===================================
LINEUP Dashboard Build Complete
===================================
Input       : scheduled_orders.csv
Output      : C:\LINEUP\output\dashboard.html
Insights    : assignment reasons and confidence
Remaining   : SAP versus adjusted
Utilisation : working-calendar aware

=================================== 
LINEUP background update finished 
28/07/2026  9:47:51.87 
=================================== 
 
=================================== 
LINEUP background update started 
28/07/2026 10:00:03.15 
=================================== 
[28/07/2026 10:00:03.15] Activating virtual environment... 
[28/07/2026 10:00:03.67] Step 0 - Marking LINEUP run as started... 
LINEUP status marked as running.
[28/07/2026 10:00:03.98] Step 1 - Backing up LINEUP config... 

===================================
LINEUP Config Backup Complete
===================================
Backup folder : C:\LINEUP\backups\2026-07-28_100004
Files copied  : 4
Old backups removed: 1

[28/07/2026 10:00:04.35] Step 2 - Running SAP capacity export... 
COOIS capacities export complete:
C:\LINEUP\data\raw\COOIS_Capacities_Latest.txt
[28/07/2026 10:00:33.53] Step 3 - Running SAP production list export... 
COOIS production list export complete:
C:\LINEUP\data\raw\COOIS_ProductionList_Latest.txt
[28/07/2026 10:04:06.18] Step 4 - Running LINEUP processing pipeline... 
LINEUP
Starting capacity parser...


===================================
LINEUP Capacity Parser Complete
===================================
Input : COOIS_Capacities_Latest.txt
Output: capacities_clean.csv
Rows  : 6195


===================================
LINEUP Production Parser Complete
===================================
Input : COOIS_ProductionList_Latest.txt
Output: production_list_clean.csv
Rows  : 2362


===================================
LINEUP Capacity Summary Complete
===================================
Input : capacities_clean.csv
Output: capacities_order_summary.csv
Rows  : 986


===================================
LINEUP Merge Complete
===================================
Production input : production_list_clean.csv
Capacity input   : capacities_order_summary.csv
Output           : master_schedule.csv
Rows             : 986
Missing metadata : 0


===================================
LINEUP Scheduling Complete
===================================
Scheduled orders : 33
Overflow orders  : 0
SAP minutes      : unchanged by default
Staffing         : explicit overrides only
Queue stability  : current + one automatic order
Insights         : assignment reasons and confidence


===================================
LINEUP Dashboard Build Complete
===================================
Input       : scheduled_orders.csv
Output      : C:\LINEUP\output\dashboard.html
Insights    : assignment reasons and confidence
Remaining   : SAP versus adjusted
Utilisation : working-calendar aware


===================================
LINEUP Schedule Report Complete
===================================
Bench utilisation: bench_utilisation.csv
Schedule summary : schedule_summary.csv


===================================
LINEUP Split Recommendations Complete
===================================
Recommendations : 1
Window          : due today or next working day only
SAP minutes     : used unchanged by default
Staffing        : explicit overrides only
Planner work    : live, held, split, forced and board orders excluded
Output          : split_recommendations.csv

[28/07/2026 10:04:06.67] Step 5 - Marking LINEUP run as successful... 
LINEUP status marked as successful.
[28/07/2026 10:04:06.98] Step 6 - Rebuilding dashboard with final status... 

===================================
LINEUP Dashboard Build Complete
===================================
Input       : scheduled_orders.csv
Output      : C:\LINEUP\output\dashboard.html
Insights    : assignment reasons and confidence
Remaining   : SAP versus adjusted
Utilisation : working-calendar aware

=================================== 
LINEUP background update finished 
28/07/2026 10:04:07.32 
=================================== 
 
=================================== 
LINEUP background update started 
28/07/2026 10:15:03.12 
=================================== 
[28/07/2026 10:15:03.13] Activating virtual environment... 
[28/07/2026 10:15:03.65] Step 0 - Marking LINEUP run as started... 
LINEUP status marked as running.
[28/07/2026 10:15:03.94] Step 1 - Backing up LINEUP config... 

===================================
LINEUP Config Backup Complete
===================================
Backup folder : C:\LINEUP\backups\2026-07-28_101504
Files copied  : 4
Old backups removed: 1

[28/07/2026 10:15:04.28] Step 2 - Running SAP capacity export... 
COOIS capacities export complete:
C:\LINEUP\data\raw\COOIS_Capacities_Latest.txt
[28/07/2026 10:15:30.08] Step 3 - Running SAP production list export... 
COOIS production list export complete:
C:\LINEUP\data\raw\COOIS_ProductionList_Latest.txt
[28/07/2026 10:17:48.45] Step 4 - Running LINEUP processing pipeline... 
LINEUP
Starting capacity parser...


===================================
LINEUP Capacity Parser Complete
===================================
Input : COOIS_Capacities_Latest.txt
Output: capacities_clean.csv
Rows  : 6197


===================================
LINEUP Production Parser Complete
===================================
Input : COOIS_ProductionList_Latest.txt
Output: production_list_clean.csv
Rows  : 2363


===================================
LINEUP Capacity Summary Complete
===================================
Input : capacities_clean.csv
Output: capacities_order_summary.csv
Rows  : 987


===================================
LINEUP Merge Complete
===================================
Production input : production_list_clean.csv
Capacity input   : capacities_order_summary.csv
Output           : master_schedule.csv
Rows             : 987
Missing metadata : 0


===================================
LINEUP Scheduling Complete
===================================
Scheduled orders : 34
Overflow orders  : 0
SAP minutes      : unchanged by default
Staffing         : explicit overrides only
Queue stability  : current + one automatic order
Insights         : assignment reasons and confidence


===================================
LINEUP Dashboard Build Complete
===================================
Input       : scheduled_orders.csv
Output      : C:\LINEUP\output\dashboard.html
Insights    : assignment reasons and confidence
Remaining   : SAP versus adjusted
Utilisation : working-calendar aware


===================================
LINEUP Schedule Report Complete
===================================
Bench utilisation: bench_utilisation.csv
Schedule summary : schedule_summary.csv


===================================
LINEUP Split Recommendations Complete
===================================
Recommendations : 1
Window          : due today or next working day only
SAP minutes     : used unchanged by default
Staffing        : explicit overrides only
Planner work    : live, held, split, forced and board orders excluded
Output          : split_recommendations.csv

[28/07/2026 10:17:48.95] Step 5 - Marking LINEUP run as successful... 
LINEUP status marked as successful.
[28/07/2026 10:17:49.27] Step 6 - Rebuilding dashboard with final status... 

===================================
LINEUP Dashboard Build Complete
===================================
Input       : scheduled_orders.csv
Output      : C:\LINEUP\output\dashboard.html
Insights    : assignment reasons and confidence
Remaining   : SAP versus adjusted
Utilisation : working-calendar aware

=================================== 
LINEUP background update finished 
28/07/2026 10:17:49.65 
=================================== 
 
=================================== 
LINEUP background update started 
28/07/2026 10:30:03.31 
=================================== 
[28/07/2026 10:30:03.32] Activating virtual environment... 
[28/07/2026 10:30:03.87] Step 0 - Marking LINEUP run as started... 
LINEUP status marked as running.
[28/07/2026 10:30:04.33] Step 1 - Backing up LINEUP config... 

===================================
LINEUP Config Backup Complete
===================================
Backup folder : C:\LINEUP\backups\2026-07-28_103004
Files copied  : 4
Old backups removed: 1

[28/07/2026 10:30:04.70] Step 2 - Running SAP capacity export... 
COOIS capacities export complete:
C:\LINEUP\data\raw\COOIS_Capacities_Latest.txt
[28/07/2026 10:30:30.33] Step 3 - Running SAP production list export... 
COOIS production list export complete:
C:\LINEUP\data\raw\COOIS_ProductionList_Latest.txt
[28/07/2026 10:32:30.08] Step 4 - Running LINEUP processing pipeline... 
LINEUP
Starting capacity parser...


===================================
LINEUP Capacity Parser Complete
===================================
Input : COOIS_Capacities_Latest.txt
Output: capacities_clean.csv
Rows  : 6203


===================================
LINEUP Production Parser Complete
===================================
Input : COOIS_ProductionList_Latest.txt
Output: production_list_clean.csv
Rows  : 2366


===================================
LINEUP Capacity Summary Complete
===================================
Input : capacities_clean.csv
Output: capacities_order_summary.csv
Rows  : 989


===================================
LINEUP Merge Complete
===================================
Production input : production_list_clean.csv
Capacity input   : capacities_order_summary.csv
Output           : master_schedule.csv
Rows             : 989
Missing metadata : 0


===================================
LINEUP Scheduling Complete
===================================
Scheduled orders : 34
Overflow orders  : 0
SAP minutes      : unchanged by default
Staffing         : explicit overrides only
Queue stability  : current + one automatic order
Insights         : assignment reasons and confidence


===================================
LINEUP Dashboard Build Complete
===================================
Input       : scheduled_orders.csv
Output      : C:\LINEUP\output\dashboard.html
Insights    : assignment reasons and confidence
Remaining   : SAP versus adjusted
Utilisation : working-calendar aware


===================================
LINEUP Schedule Report Complete
===================================
Bench utilisation: bench_utilisation.csv
Schedule summary : schedule_summary.csv


===================================
LINEUP Split Recommendations Complete
===================================
Recommendations : 1
Window          : due today or next working day only
SAP minutes     : used unchanged by default
Staffing        : explicit overrides only
Planner work    : live, held, split, forced and board orders excluded
Output          : split_recommendations.csv

[28/07/2026 10:32:30.62] Step 5 - Marking LINEUP run as successful... 
LINEUP status marked as successful.
[28/07/2026 10:32:30.94] Step 6 - Rebuilding dashboard with final status... 

===================================
LINEUP Dashboard Build Complete
===================================
Input       : scheduled_orders.csv
Output      : C:\LINEUP\output\dashboard.html
Insights    : assignment reasons and confidence
Remaining   : SAP versus adjusted
Utilisation : working-calendar aware

=================================== 
LINEUP background update finished 
28/07/2026 10:32:31.28 
=================================== 
 
=================================== 
LINEUP background update started 
28/07/2026 10:45:03.14 
=================================== 
[28/07/2026 10:45:03.14] Activating virtual environment... 
[28/07/2026 10:45:03.67] Step 0 - Marking LINEUP run as started... 
LINEUP status marked as running.
[28/07/2026 10:45:04.00] Step 1 - Backing up LINEUP config... 

===================================
LINEUP Config Backup Complete
===================================
Backup folder : C:\LINEUP\backups\2026-07-28_104504
Files copied  : 4
Old backups removed: 1

[28/07/2026 10:45:04.36] Step 2 - Running SAP capacity export... 
COOIS capacities export complete:
C:\LINEUP\data\raw\COOIS_Capacities_Latest.txt
[28/07/2026 10:45:27.91] Step 3 - Running SAP production list export... 
COOIS production list export complete:
C:\LINEUP\data\raw\COOIS_ProductionList_Latest.txt
[28/07/2026 10:47:06.68] Step 4 - Running LINEUP processing pipeline... 
LINEUP
Starting capacity parser...


===================================
LINEUP Capacity Parser Complete
===================================
Input : COOIS_Capacities_Latest.txt
Output: capacities_clean.csv
Rows  : 6215


===================================
LINEUP Production Parser Complete
===================================
Input : COOIS_ProductionList_Latest.txt
Output: production_list_clean.csv
Rows  : 2372


===================================
LINEUP Capacity Summary Complete
===================================
Input : capacities_clean.csv
Output: capacities_order_summary.csv
Rows  : 992


===================================
LINEUP Merge Complete
===================================
Production input : production_list_clean.csv
Capacity input   : capacities_order_summary.csv
Output           : master_schedule.csv
Rows             : 992
Missing metadata : 0


===================================
LINEUP Scheduling Complete
===================================
Scheduled orders : 35
Overflow orders  : 0
SAP minutes      : unchanged by default
Staffing         : explicit overrides only
Queue stability  : current + one automatic order
Insights         : assignment reasons and confidence


===================================
LINEUP Dashboard Build Complete
===================================
Input       : scheduled_orders.csv
Output      : C:\LINEUP\output\dashboard.html
Insights    : assignment reasons and confidence
Remaining   : SAP versus adjusted
Utilisation : working-calendar aware


===================================
LINEUP Schedule Report Complete
===================================
Bench utilisation: bench_utilisation.csv
Schedule summary : schedule_summary.csv


===================================
LINEUP Split Recommendations Complete
===================================
Recommendations : 1
Window          : due today or next working day only
SAP minutes     : used unchanged by default
Staffing        : explicit overrides only
Planner work    : live, held, split, forced and board orders excluded
Output          : split_recommendations.csv

[28/07/2026 10:47:07.21] Step 5 - Marking LINEUP run as successful... 
LINEUP status marked as successful.
[28/07/2026 10:47:07.54] Step 6 - Rebuilding dashboard with final status... 

===================================
LINEUP Dashboard Build Complete
===================================
Input       : scheduled_orders.csv
Output      : C:\LINEUP\output\dashboard.html
Insights    : assignment reasons and confidence
Remaining   : SAP versus adjusted
Utilisation : working-calendar aware

=================================== 
LINEUP background update finished 
28/07/2026 10:47:07.86 
=================================== 
 
=================================== 
LINEUP background update started 
28/07/2026 11:00:03.32 
=================================== 
[28/07/2026 11:00:03.32] Activating virtual environment... 
[28/07/2026 11:00:03.85] Step 0 - Marking LINEUP run as started... 
LINEUP status marked as running.
[28/07/2026 11:00:04.16] Step 1 - Backing up LINEUP config... 

===================================
LINEUP Config Backup Complete
===================================
Backup folder : C:\LINEUP\backups\2026-07-28_110004
Files copied  : 4
Old backups removed: 1

[28/07/2026 11:00:04.50] Step 2 - Running SAP capacity export... 
COOIS capacities export complete:
C:\LINEUP\data\raw\COOIS_Capacities_Latest.txt
[28/07/2026 11:00:30.27] Step 3 - Running SAP production list export... 
COOIS production list export complete:
C:\LINEUP\data\raw\COOIS_ProductionList_Latest.txt
[28/07/2026 11:03:01.83] Step 4 - Running LINEUP processing pipeline... 
LINEUP
Starting capacity parser...


===================================
LINEUP Capacity Parser Complete
===================================
Input : COOIS_Capacities_Latest.txt
Output: capacities_clean.csv
Rows  : 6202


===================================
LINEUP Production Parser Complete
===================================
Input : COOIS_ProductionList_Latest.txt
Output: production_list_clean.csv
Rows  : 2368


===================================
LINEUP Capacity Summary Complete
===================================
Input : capacities_clean.csv
Output: capacities_order_summary.csv
Rows  : 992


===================================
LINEUP Merge Complete
===================================
Production input : production_list_clean.csv
Capacity input   : capacities_order_summary.csv
Output           : master_schedule.csv
Rows             : 992
Missing metadata : 0


===================================
LINEUP Scheduling Complete
===================================
Scheduled orders : 34
Overflow orders  : 0
SAP minutes      : unchanged by default
Staffing         : explicit overrides only
Queue stability  : current + one automatic order
Insights         : assignment reasons and confidence


===================================
LINEUP Dashboard Build Complete
===================================
Input       : scheduled_orders.csv
Output      : C:\LINEUP\output\dashboard.html
Insights    : assignment reasons and confidence
Remaining   : SAP versus adjusted
Utilisation : working-calendar aware


===================================
LINEUP Schedule Report Complete
===================================
Bench utilisation: bench_utilisation.csv
Schedule summary : schedule_summary.csv


===================================
LINEUP Split Recommendations Complete
===================================
Recommendations : 0
Window          : due today or next working day only
SAP minutes     : used unchanged by default
Staffing        : explicit overrides only
Planner work    : live, held, split, forced and board orders excluded
Output          : split_recommendations.csv

[28/07/2026 11:03:02.33] Step 5 - Marking LINEUP run as successful... 
LINEUP status marked as successful.
[28/07/2026 11:03:02.63] Step 6 - Rebuilding dashboard with final status... 

===================================
LINEUP Dashboard Build Complete
===================================
Input       : scheduled_orders.csv
Output      : C:\LINEUP\output\dashboard.html
Insights    : assignment reasons and confidence
Remaining   : SAP versus adjusted
Utilisation : working-calendar aware

=================================== 
LINEUP background update finished 
28/07/2026 11:03:02.98 
=================================== 
 
=================================== 
LINEUP background update started 
28/07/2026 11:15:03.34 
=================================== 
[28/07/2026 11:15:03.34] Activating virtual environment... 
[28/07/2026 11:15:03.89] Step 0 - Marking LINEUP run as started... 
LINEUP status marked as running.
[28/07/2026 11:15:04.22] Step 1 - Backing up LINEUP config... 

===================================
LINEUP Config Backup Complete
===================================
Backup folder : C:\LINEUP\backups\2026-07-28_111504
Files copied  : 4
Old backups removed: 1

[28/07/2026 11:15:04.56] Step 2 - Running SAP capacity export... 
COOIS capacities export complete:
C:\LINEUP\data\raw\COOIS_Capacities_Latest.txt
[28/07/2026 11:15:28.44] Step 3 - Running SAP production list export... 
COOIS production list export complete:
C:\LINEUP\data\raw\COOIS_ProductionList_Latest.txt
[28/07/2026 11:17:18.73] Step 4 - Running LINEUP processing pipeline... 
LINEUP
Starting capacity parser...


===================================
LINEUP Capacity Parser Complete
===================================
Input : COOIS_Capacities_Latest.txt
Output: capacities_clean.csv
Rows  : 6186


===================================
LINEUP Production Parser Complete
===================================
Input : COOIS_ProductionList_Latest.txt
Output: production_list_clean.csv
Rows  : 2362


===================================
LINEUP Capacity Summary Complete
===================================
Input : capacities_clean.csv
Output: capacities_order_summary.csv
Rows  : 991


===================================
LINEUP Merge Complete
===================================
Production input : production_list_clean.csv
Capacity input   : capacities_order_summary.csv
Output           : master_schedule.csv
Rows             : 991
Missing metadata : 0


===================================
LINEUP Scheduling Complete
===================================
Scheduled orders : 34
Overflow orders  : 0
SAP minutes      : unchanged by default
Staffing         : explicit overrides only
Queue stability  : current + one automatic order
Insights         : assignment reasons and confidence


===================================
LINEUP Dashboard Build Complete
===================================
Input       : scheduled_orders.csv
Output      : C:\LINEUP\output\dashboard.html
Insights    : assignment reasons and confidence
Remaining   : SAP versus adjusted
Utilisation : working-calendar aware


===================================
LINEUP Schedule Report Complete
===================================
Bench utilisation: bench_utilisation.csv
Schedule summary : schedule_summary.csv


===================================
LINEUP Split Recommendations Complete
===================================
Recommendations : 0
Window          : due today or next working day only
SAP minutes     : used unchanged by default
Staffing        : explicit overrides only
Planner work    : live, held, split, forced and board orders excluded
Output          : split_recommendations.csv

[28/07/2026 11:17:19.24] Step 5 - Marking LINEUP run as successful... 
LINEUP status marked as successful.
[28/07/2026 11:17:19.56] Step 6 - Rebuilding dashboard with final status... 

===================================
LINEUP Dashboard Build Complete
===================================
Input       : scheduled_orders.csv
Output      : C:\LINEUP\output\dashboard.html
Insights    : assignment reasons and confidence
Remaining   : SAP versus adjusted
Utilisation : working-calendar aware

=================================== 
LINEUP background update finished 
28/07/2026 11:17:19.87 
=================================== 
 
=================================== 
LINEUP background update started 
28/07/2026 11:30:03.38 
=================================== 
[28/07/2026 11:30:03.38] Activating virtual environment... 
[28/07/2026 11:30:03.94] Step 0 - Marking LINEUP run as started... 
LINEUP status marked as running.
[28/07/2026 11:30:04.30] Step 1 - Backing up LINEUP config... 

===================================
LINEUP Config Backup Complete
===================================
Backup folder : C:\LINEUP\backups\2026-07-28_113004
Files copied  : 4
Old backups removed: 1

[28/07/2026 11:30:04.63] Step 2 - Running SAP capacity export... 
COOIS capacities export complete:
C:\LINEUP\data\raw\COOIS_Capacities_Latest.txt
[28/07/2026 11:30:31.94] Step 3 - Running SAP production list export... 
COOIS production list export complete:
C:\LINEUP\data\raw\COOIS_ProductionList_Latest.txt
[28/07/2026 11:32:27.53] Step 4 - Running LINEUP processing pipeline... 
LINEUP
Starting capacity parser...


===================================
LINEUP Capacity Parser Complete
===================================
Input : COOIS_Capacities_Latest.txt
Output: capacities_clean.csv
Rows  : 6182


===================================
LINEUP Production Parser Complete
===================================
Input : COOIS_ProductionList_Latest.txt
Output: production_list_clean.csv
Rows  : 2360


===================================
LINEUP Capacity Summary Complete
===================================
Input : capacities_clean.csv
Output: capacities_order_summary.csv
Rows  : 991


===================================
LINEUP Merge Complete
===================================
Production input : production_list_clean.csv
Capacity input   : capacities_order_summary.csv
Output           : master_schedule.csv
Rows             : 991
Missing metadata : 0


===================================
LINEUP Scheduling Complete
===================================
Scheduled orders : 34
Overflow orders  : 0
SAP minutes      : unchanged by default
Staffing         : explicit overrides only
Queue stability  : current + one automatic order
Insights         : assignment reasons and confidence


===================================
LINEUP Dashboard Build Complete
===================================
Input       : scheduled_orders.csv
Output      : C:\LINEUP\output\dashboard.html
Insights    : assignment reasons and confidence
Remaining   : SAP versus adjusted
Utilisation : working-calendar aware


===================================
LINEUP Schedule Report Complete
===================================
Bench utilisation: bench_utilisation.csv
Schedule summary : schedule_summary.csv


===================================
LINEUP Split Recommendations Complete
===================================
Recommendations : 0
Window          : due today or next working day only
SAP minutes     : used unchanged by default
Staffing        : explicit overrides only
Planner work    : live, held, split, forced and board orders excluded
Output          : split_recommendations.csv

[28/07/2026 11:32:28.04] Step 5 - Marking LINEUP run as successful... 
LINEUP status marked as successful.
[28/07/2026 11:32:28.35] Step 6 - Rebuilding dashboard with final status... 

===================================
LINEUP Dashboard Build Complete
===================================
Input       : scheduled_orders.csv
Output      : C:\LINEUP\output\dashboard.html
Insights    : assignment reasons and confidence
Remaining   : SAP versus adjusted
Utilisation : working-calendar aware

=================================== 
LINEUP background update finished 
28/07/2026 11:32:28.69 
=================================== 
 
=================================== 
LINEUP background update started 
28/07/2026 11:45:03.21 
=================================== 
[28/07/2026 11:45:03.22] Activating virtual environment... 
[28/07/2026 11:45:03.72] Step 0 - Marking LINEUP run as started... 
LINEUP status marked as running.
[28/07/2026 11:45:04.04] Step 1 - Backing up LINEUP config... 

===================================
LINEUP Config Backup Complete
===================================
Backup folder : C:\LINEUP\backups\2026-07-28_114504
Files copied  : 4
Old backups removed: 1

[28/07/2026 11:45:04.39] Step 2 - Running SAP capacity export... 
COOIS capacities export complete:
C:\LINEUP\data\raw\COOIS_Capacities_Latest.txt
[28/07/2026 11:45:27.12] Step 3 - Running SAP production list export... 
COOIS production list export complete:
C:\LINEUP\data\raw\COOIS_ProductionList_Latest.txt
[28/07/2026 11:47:03.85] Step 4 - Running LINEUP processing pipeline... 
LINEUP
Starting capacity parser...


===================================
LINEUP Capacity Parser Complete
===================================
Input : COOIS_Capacities_Latest.txt
Output: capacities_clean.csv
Rows  : 6197


===================================
LINEUP Production Parser Complete
===================================
Input : COOIS_ProductionList_Latest.txt
Output: production_list_clean.csv
Rows  : 2360


===================================
LINEUP Capacity Summary Complete
===================================
Input : capacities_clean.csv
Output: capacities_order_summary.csv
Rows  : 990


===================================
LINEUP Merge Complete
===================================
Production input : production_list_clean.csv
Capacity input   : capacities_order_summary.csv
Output           : master_schedule.csv
Rows             : 990
Missing metadata : 0


===================================
LINEUP Scheduling Complete
===================================
Scheduled orders : 33
Overflow orders  : 0
SAP minutes      : unchanged by default
Staffing         : explicit overrides only
Queue stability  : current + one automatic order
Insights         : assignment reasons and confidence


===================================
LINEUP Dashboard Build Complete
===================================
Input       : scheduled_orders.csv
Output      : C:\LINEUP\output\dashboard.html
Insights    : assignment reasons and confidence
Remaining   : SAP versus adjusted
Utilisation : working-calendar aware


===================================
LINEUP Schedule Report Complete
===================================
Bench utilisation: bench_utilisation.csv
Schedule summary : schedule_summary.csv


===================================
LINEUP Split Recommendations Complete
===================================
Recommendations : 0
Window          : due today or next working day only
SAP minutes     : used unchanged by default
Staffing        : explicit overrides only
Planner work    : live, held, split, forced and board orders excluded
Output          : split_recommendations.csv

[28/07/2026 11:47:04.55] Step 5 - Marking LINEUP run as successful... 
LINEUP status marked as successful.
[28/07/2026 11:47:04.88] Step 6 - Rebuilding dashboard with final status... 

===================================
LINEUP Dashboard Build Complete
===================================
Input       : scheduled_orders.csv
Output      : C:\LINEUP\output\dashboard.html
Insights    : assignment reasons and confidence
Remaining   : SAP versus adjusted
Utilisation : working-calendar aware

=================================== 
LINEUP background update finished 
28/07/2026 11:47:05.21 
=================================== 
 
=================================== 
LINEUP background update started 
28/07/2026 12:00:03.31 
=================================== 
[28/07/2026 12:00:03.31] Activating virtual environment... 
[28/07/2026 12:00:03.82] Step 0 - Marking LINEUP run as started... 
LINEUP status marked as running.
[28/07/2026 12:00:04.17] Step 1 - Backing up LINEUP config... 

===================================
LINEUP Config Backup Complete
===================================
Backup folder : C:\LINEUP\backups\2026-07-28_120004
Files copied  : 4
Old backups removed: 1

[28/07/2026 12:00:04.52] Step 2 - Running SAP capacity export... 
COOIS capacities export complete:
C:\LINEUP\data\raw\COOIS_Capacities_Latest.txt
[28/07/2026 12:00:29.31] Step 3 - Running SAP production list export... 
COOIS production list export complete:
C:\LINEUP\data\raw\COOIS_ProductionList_Latest.txt
[28/07/2026 12:03:13.56] Step 4 - Running LINEUP processing pipeline... 
LINEUP
Starting capacity parser...


===================================
LINEUP Capacity Parser Complete
===================================
Input : COOIS_Capacities_Latest.txt
Output: capacities_clean.csv
Rows  : 6195


===================================
LINEUP Production Parser Complete
===================================
Input : COOIS_ProductionList_Latest.txt
Output: production_list_clean.csv
Rows  : 2357


===================================
LINEUP Capacity Summary Complete
===================================
Input : capacities_clean.csv
Output: capacities_order_summary.csv
Rows  : 989


===================================
LINEUP Merge Complete
===================================
Production input : production_list_clean.csv
Capacity input   : capacities_order_summary.csv
Output           : master_schedule.csv
Rows             : 989
Missing metadata : 0


===================================
LINEUP Scheduling Complete
===================================
Scheduled orders : 34
Overflow orders  : 0
SAP minutes      : unchanged by default
Staffing         : explicit overrides only
Queue stability  : current + one automatic order
Insights         : assignment reasons and confidence


===================================
LINEUP Dashboard Build Complete
===================================
Input       : scheduled_orders.csv
Output      : C:\LINEUP\output\dashboard.html
Insights    : assignment reasons and confidence
Remaining   : SAP versus adjusted
Utilisation : working-calendar aware


===================================
LINEUP Schedule Report Complete
===================================
Bench utilisation: bench_utilisation.csv
Schedule summary : schedule_summary.csv


===================================
LINEUP Split Recommendations Complete
===================================
Recommendations : 0
Window          : due today or next working day only
SAP minutes     : used unchanged by default
Staffing        : explicit overrides only
Planner work    : live, held, split, forced and board orders excluded
Output          : split_recommendations.csv

[28/07/2026 12:03:14.09] Step 5 - Marking LINEUP run as successful... 
LINEUP status marked as successful.
[28/07/2026 12:03:14.44] Step 6 - Rebuilding dashboard with final status... 

===================================
LINEUP Dashboard Build Complete
===================================
Input       : scheduled_orders.csv
Output      : C:\LINEUP\output\dashboard.html
Insights    : assignment reasons and confidence
Remaining   : SAP versus adjusted
Utilisation : working-calendar aware

=================================== 
LINEUP background update finished 
28/07/2026 12:03:14.82 
=================================== 
 
=================================== 
LINEUP background update started 
28/07/2026 12:15:03.14 
=================================== 
[28/07/2026 12:15:03.14] Activating virtual environment... 
[28/07/2026 12:15:03.66] Step 0 - Marking LINEUP run as started... 
LINEUP status marked as running.
[28/07/2026 12:15:03.99] Step 1 - Backing up LINEUP config... 

===================================
LINEUP Config Backup Complete
===================================
Backup folder : C:\LINEUP\backups\2026-07-28_121504
Files copied  : 4
Old backups removed: 1

[28/07/2026 12:15:04.33] Step 2 - Running SAP capacity export... 
COOIS capacities export complete:
C:\LINEUP\data\raw\COOIS_Capacities_Latest.txt
[28/07/2026 12:15:30.34] Step 3 - Running SAP production list export... 
COOIS production list export complete:
C:\LINEUP\data\raw\COOIS_ProductionList_Latest.txt
[28/07/2026 12:17:29.74] Step 4 - Running LINEUP processing pipeline... 
LINEUP
Starting capacity parser...


===================================
LINEUP Capacity Parser Complete
===================================
Input : COOIS_Capacities_Latest.txt
Output: capacities_clean.csv
Rows  : 6185


===================================
LINEUP Production Parser Complete
===================================
Input : COOIS_ProductionList_Latest.txt
Output: production_list_clean.csv
Rows  : 2356


===================================
LINEUP Capacity Summary Complete
===================================
Input : capacities_clean.csv
Output: capacities_order_summary.csv
Rows  : 989


===================================
LINEUP Merge Complete
===================================
Production input : production_list_clean.csv
Capacity input   : capacities_order_summary.csv
Output           : master_schedule.csv
Rows             : 989
Missing metadata : 0


===================================
LINEUP Scheduling Complete
===================================
Scheduled orders : 35
Overflow orders  : 0
SAP minutes      : unchanged by default
Staffing         : explicit overrides only
Queue stability  : current + one automatic order
Insights         : assignment reasons and confidence


===================================
LINEUP Dashboard Build Complete
===================================
Input       : scheduled_orders.csv
Output      : C:\LINEUP\output\dashboard.html
Insights    : assignment reasons and confidence
Remaining   : SAP versus adjusted
Utilisation : working-calendar aware


===================================
LINEUP Schedule Report Complete
===================================
Bench utilisation: bench_utilisation.csv
Schedule summary : schedule_summary.csv


===================================
LINEUP Split Recommendations Complete
===================================
Recommendations : 0
Window          : due today or next working day only
SAP minutes     : used unchanged by default
Staffing        : explicit overrides only
Planner work    : live, held, split, forced and board orders excluded
Output          : split_recommendations.csv

[28/07/2026 12:17:30.25] Step 5 - Marking LINEUP run as successful... 
LINEUP status marked as successful.
[28/07/2026 12:17:30.55] Step 6 - Rebuilding dashboard with final status... 

===================================
LINEUP Dashboard Build Complete
===================================
Input       : scheduled_orders.csv
Output      : C:\LINEUP\output\dashboard.html
Insights    : assignment reasons and confidence
Remaining   : SAP versus adjusted
Utilisation : working-calendar aware

=================================== 
LINEUP background update finished 
28/07/2026 12:17:30.86 
=================================== 
 
=================================== 
LINEUP background update started 
28/07/2026 12:30:03.11 
=================================== 
[28/07/2026 12:30:03.11] Activating virtual environment... 
[28/07/2026 12:30:03.80] Step 0 - Marking LINEUP run as started... 
LINEUP status marked as running.
[28/07/2026 12:30:04.11] Step 1 - Backing up LINEUP config... 

===================================
LINEUP Config Backup Complete
===================================
Backup folder : C:\LINEUP\backups\2026-07-28_123004
Files copied  : 4
Old backups removed: 1

[28/07/2026 12:30:04.45] Step 2 - Running SAP capacity export... 
COOIS capacities export complete:
C:\LINEUP\data\raw\COOIS_Capacities_Latest.txt
[28/07/2026 12:30:28.14] Step 3 - Running SAP production list export... 
COOIS production list export complete:
C:\LINEUP\data\raw\COOIS_ProductionList_Latest.txt
[28/07/2026 12:32:23.03] Step 4 - Running LINEUP processing pipeline... 
LINEUP
Starting capacity parser...


===================================
LINEUP Capacity Parser Complete
===================================
Input : COOIS_Capacities_Latest.txt
Output: capacities_clean.csv
Rows  : 6182


===================================
LINEUP Production Parser Complete
===================================
Input : COOIS_ProductionList_Latest.txt
Output: production_list_clean.csv
Rows  : 2354


===================================
LINEUP Capacity Summary Complete
===================================
Input : capacities_clean.csv
Output: capacities_order_summary.csv
Rows  : 989


===================================
LINEUP Merge Complete
===================================
Production input : production_list_clean.csv
Capacity input   : capacities_order_summary.csv
Output           : master_schedule.csv
Rows             : 989
Missing metadata : 0


===================================
LINEUP Scheduling Complete
===================================
Scheduled orders : 35
Overflow orders  : 0
SAP minutes      : unchanged by default
Staffing         : explicit overrides only
Queue stability  : current + one automatic order
Insights         : assignment reasons and confidence


===================================
LINEUP Dashboard Build Complete
===================================
Input       : scheduled_orders.csv
Output      : C:\LINEUP\output\dashboard.html
Insights    : assignment reasons and confidence
Remaining   : SAP versus adjusted
Utilisation : working-calendar aware


===================================
LINEUP Schedule Report Complete
===================================
Bench utilisation: bench_utilisation.csv
Schedule summary : schedule_summary.csv


===================================
LINEUP Split Recommendations Complete
===================================
Recommendations : 0
Window          : due today or next working day only
SAP minutes     : used unchanged by default
Staffing        : explicit overrides only
Planner work    : live, held, split, forced and board orders excluded
Output          : split_recommendations.csv

[28/07/2026 12:32:23.53] Step 5 - Marking LINEUP run as successful... 
LINEUP status marked as successful.
[28/07/2026 12:32:23.85] Step 6 - Rebuilding dashboard with final status... 

===================================
LINEUP Dashboard Build Complete
===================================
Input       : scheduled_orders.csv
Output      : C:\LINEUP\output\dashboard.html
Insights    : assignment reasons and confidence
Remaining   : SAP versus adjusted
Utilisation : working-calendar aware

=================================== 
LINEUP background update finished 
28/07/2026 12:32:24.18 
=================================== 
 
=================================== 
LINEUP background update started 
28/07/2026 12:45:03.19 
=================================== 
[28/07/2026 12:45:03.20] Activating virtual environment... 
[28/07/2026 12:45:03.78] Step 0 - Marking LINEUP run as started... 
LINEUP status marked as running.
[28/07/2026 12:45:04.12] Step 1 - Backing up LINEUP config... 

===================================
LINEUP Config Backup Complete
===================================
Backup folder : C:\LINEUP\backups\2026-07-28_124504
Files copied  : 4
Old backups removed: 1

[28/07/2026 12:45:04.50] Step 2 - Running SAP capacity export... 
COOIS capacities export complete:
C:\LINEUP\data\raw\COOIS_Capacities_Latest.txt
[28/07/2026 12:45:28.62] Step 3 - Running SAP production list export... 
COOIS production list export complete:
C:\LINEUP\data\raw\COOIS_ProductionList_Latest.txt
[28/07/2026 12:47:12.35] Step 4 - Running LINEUP processing pipeline... 
LINEUP
Starting capacity parser...


===================================
LINEUP Capacity Parser Complete
===================================
Input : COOIS_Capacities_Latest.txt
Output: capacities_clean.csv
Rows  : 6178


===================================
LINEUP Production Parser Complete
===================================
Input : COOIS_ProductionList_Latest.txt
Output: production_list_clean.csv
Rows  : 2354


===================================
LINEUP Capacity Summary Complete
===================================
Input : capacities_clean.csv
Output: capacities_order_summary.csv
Rows  : 989


===================================
LINEUP Merge Complete
===================================
Production input : production_list_clean.csv
Capacity input   : capacities_order_summary.csv
Output           : master_schedule.csv
Rows             : 989
Missing metadata : 0


===================================
LINEUP Scheduling Complete
===================================
Scheduled orders : 33
Overflow orders  : 0
SAP minutes      : unchanged by default
Staffing         : explicit overrides only
Queue stability  : current + one automatic order
Insights         : assignment reasons and confidence


===================================
LINEUP Dashboard Build Complete
===================================
Input       : scheduled_orders.csv
Output      : C:\LINEUP\output\dashboard.html
Insights    : assignment reasons and confidence
Remaining   : SAP versus adjusted
Utilisation : working-calendar aware


===================================
LINEUP Schedule Report Complete
===================================
Bench utilisation: bench_utilisation.csv
Schedule summary : schedule_summary.csv


===================================
LINEUP Split Recommendations Complete
===================================
Recommendations : 0
Window          : due today or next working day only
SAP minutes     : used unchanged by default
Staffing        : explicit overrides only
Planner work    : live, held, split, forced and board orders excluded
Output          : split_recommendations.csv

[28/07/2026 12:47:12.85] Step 5 - Marking LINEUP run as successful... 
LINEUP status marked as successful.
[28/07/2026 12:47:13.15] Step 6 - Rebuilding dashboard with final status... 

===================================
LINEUP Dashboard Build Complete
===================================
Input       : scheduled_orders.csv
Output      : C:\LINEUP\output\dashboard.html
Insights    : assignment reasons and confidence
Remaining   : SAP versus adjusted
Utilisation : working-calendar aware

=================================== 
LINEUP background update finished 
28/07/2026 12:47:13.47 
=================================== 
 
=================================== 
LINEUP background update started 
28/07/2026 13:00:03.47 
=================================== 
[28/07/2026 13:00:03.47] Activating virtual environment... 
[28/07/2026 13:00:03.98] Step 0 - Marking LINEUP run as started... 
LINEUP status marked as running.
[28/07/2026 13:00:04.29] Step 1 - Backing up LINEUP config... 

===================================
LINEUP Config Backup Complete
===================================
Backup folder : C:\LINEUP\backups\2026-07-28_130004
Files copied  : 4
Old backups removed: 1

[28/07/2026 13:00:04.63] Step 2 - Running SAP capacity export... 
COOIS capacities export complete:
C:\LINEUP\data\raw\COOIS_Capacities_Latest.txt
[28/07/2026 13:00:29.03] Step 3 - Running SAP production list export... 
COOIS production list export complete:
C:\LINEUP\data\raw\COOIS_ProductionList_Latest.txt
[28/07/2026 13:03:24.18] Step 4 - Running LINEUP processing pipeline... 
LINEUP
Starting capacity parser...


===================================
LINEUP Capacity Parser Complete
===================================
Input : COOIS_Capacities_Latest.txt
Output: capacities_clean.csv
Rows  : 6174


===================================
LINEUP Production Parser Complete
===================================
Input : COOIS_ProductionList_Latest.txt
Output: production_list_clean.csv
Rows  : 2353


===================================
LINEUP Capacity Summary Complete
===================================
Input : capacities_clean.csv
Output: capacities_order_summary.csv
Rows  : 989


===================================
LINEUP Merge Complete
===================================
Production input : production_list_clean.csv
Capacity input   : capacities_order_summary.csv
Output           : master_schedule.csv
Rows             : 989
Missing metadata : 0


===================================
LINEUP Scheduling Complete
===================================
Scheduled orders : 33
Overflow orders  : 0
SAP minutes      : unchanged by default
Staffing         : explicit overrides only
Queue stability  : current + one automatic order
Insights         : assignment reasons and confidence


===================================
LINEUP Dashboard Build Complete
===================================
Input       : scheduled_orders.csv
Output      : C:\LINEUP\output\dashboard.html
Insights    : assignment reasons and confidence
Remaining   : SAP versus adjusted
Utilisation : working-calendar aware


===================================
LINEUP Schedule Report Complete
===================================
Bench utilisation: bench_utilisation.csv
Schedule summary : schedule_summary.csv


===================================
LINEUP Split Recommendations Complete
===================================
Recommendations : 0
Window          : due today or next working day only
SAP minutes     : used unchanged by default
Staffing        : explicit overrides only
Planner work    : live, held, split, forced and board orders excluded
Output          : split_recommendations.csv

[28/07/2026 13:03:24.74] Step 5 - Marking LINEUP run as successful... 
LINEUP status marked as successful.
[28/07/2026 13:03:25.05] Step 6 - Rebuilding dashboard with final status... 

===================================
LINEUP Dashboard Build Complete
===================================
Input       : scheduled_orders.csv
Output      : C:\LINEUP\output\dashboard.html
Insights    : assignment reasons and confidence
Remaining   : SAP versus adjusted
Utilisation : working-calendar aware

=================================== 
LINEUP background update finished 
28/07/2026 13:03:25.39 
=================================== 
 
=================================== 
LINEUP background update started 
28/07/2026 13:15:03.18 
=================================== 
[28/07/2026 13:15:03.19] Activating virtual environment... 
[28/07/2026 13:15:03.72] Step 0 - Marking LINEUP run as started... 
LINEUP status marked as running.
[28/07/2026 13:15:04.06] Step 1 - Backing up LINEUP config... 

===================================
LINEUP Config Backup Complete
===================================
Backup folder : C:\LINEUP\backups\2026-07-28_131504
Files copied  : 4
Old backups removed: 1

[28/07/2026 13:15:04.41] Step 2 - Running SAP capacity export... 
COOIS capacities export complete:
C:\LINEUP\data\raw\COOIS_Capacities_Latest.txt
[28/07/2026 13:15:28.37] Step 3 - Running SAP production list export... 
COOIS production list export complete:
C:\LINEUP\data\raw\COOIS_ProductionList_Latest.txt
[28/07/2026 13:17:33.09] Step 4 - Running LINEUP processing pipeline... 
LINEUP
Starting capacity parser...


===================================
LINEUP Capacity Parser Complete
===================================
Input : COOIS_Capacities_Latest.txt
Output: capacities_clean.csv
Rows  : 6162


===================================
LINEUP Production Parser Complete
===================================
Input : COOIS_ProductionList_Latest.txt
Output: production_list_clean.csv
Rows  : 2350


===================================
LINEUP Capacity Summary Complete
===================================
Input : capacities_clean.csv
Output: capacities_order_summary.csv
Rows  : 989


===================================
LINEUP Merge Complete
===================================
Production input : production_list_clean.csv
Capacity input   : capacities_order_summary.csv
Output           : master_schedule.csv
Rows             : 989
Missing metadata : 0


===================================
LINEUP Scheduling Complete
===================================
Scheduled orders : 33
Overflow orders  : 0
SAP minutes      : unchanged by default
Staffing         : explicit overrides only
Queue stability  : current + one automatic order
Insights         : assignment reasons and confidence


===================================
LINEUP Dashboard Build Complete
===================================
Input       : scheduled_orders.csv
Output      : C:\LINEUP\output\dashboard.html
Insights    : assignment reasons and confidence
Remaining   : SAP versus adjusted
Utilisation : working-calendar aware


===================================
LINEUP Schedule Report Complete
===================================
Bench utilisation: bench_utilisation.csv
Schedule summary : schedule_summary.csv


===================================
LINEUP Split Recommendations Complete
===================================
Recommendations : 0
Window          : due today or next working day only
SAP minutes     : used unchanged by default
Staffing        : explicit overrides only
Planner work    : live, held, split, forced and board orders excluded
Output          : split_recommendations.csv

[28/07/2026 13:17:33.63] Step 5 - Marking LINEUP run as successful... 
LINEUP status marked as successful.
[28/07/2026 13:17:33.94] Step 6 - Rebuilding dashboard with final status... 

===================================
LINEUP Dashboard Build Complete
===================================
Input       : scheduled_orders.csv
Output      : C:\LINEUP\output\dashboard.html
Insights    : assignment reasons and confidence
Remaining   : SAP versus adjusted
Utilisation : working-calendar aware

=================================== 
LINEUP background update finished 
28/07/2026 13:17:34.27 
=================================== 
 
=================================== 
LINEUP background update started 
28/07/2026 13:30:03.16 
=================================== 
[28/07/2026 13:30:03.16] Activating virtual environment... 
[28/07/2026 13:30:03.71] Step 0 - Marking LINEUP run as started... 
LINEUP status marked as running.
[28/07/2026 13:30:04.04] Step 1 - Backing up LINEUP config... 

===================================
LINEUP Config Backup Complete
===================================
Backup folder : C:\LINEUP\backups\2026-07-28_133004
Files copied  : 4
Old backups removed: 1

[28/07/2026 13:30:04.39] Step 2 - Running SAP capacity export... 
COOIS capacities export complete:
C:\LINEUP\data\raw\COOIS_Capacities_Latest.txt
[28/07/2026 13:30:30.99] Step 3 - Running SAP production list export... 
COOIS production list export complete:
C:\LINEUP\data\raw\COOIS_ProductionList_Latest.txt
[28/07/2026 13:32:44.65] Step 4 - Running LINEUP processing pipeline... 
LINEUP
Starting capacity parser...


===================================
LINEUP Capacity Parser Complete
===================================
Input : COOIS_Capacities_Latest.txt
Output: capacities_clean.csv
Rows  : 6162


===================================
LINEUP Production Parser Complete
===================================
Input : COOIS_ProductionList_Latest.txt
Output: production_list_clean.csv
Rows  : 2350


===================================
LINEUP Capacity Summary Complete
===================================
Input : capacities_clean.csv
Output: capacities_order_summary.csv
Rows  : 989


===================================
LINEUP Merge Complete
===================================
Production input : production_list_clean.csv
Capacity input   : capacities_order_summary.csv
Output           : master_schedule.csv
Rows             : 989
Missing metadata : 0


===================================
LINEUP Scheduling Complete
===================================
Scheduled orders : 33
Overflow orders  : 0
SAP minutes      : unchanged by default
Staffing         : explicit overrides only
Queue stability  : current + one automatic order
Insights         : assignment reasons and confidence


===================================
LINEUP Dashboard Build Complete
===================================
Input       : scheduled_orders.csv
Output      : C:\LINEUP\output\dashboard.html
Insights    : assignment reasons and confidence
Remaining   : SAP versus adjusted
Utilisation : working-calendar aware


===================================
LINEUP Schedule Report Complete
===================================
Bench utilisation: bench_utilisation.csv
Schedule summary : schedule_summary.csv


===================================
LINEUP Split Recommendations Complete
===================================
Recommendations : 0
Window          : due today or next working day only
SAP minutes     : used unchanged by default
Staffing        : explicit overrides only
Planner work    : live, held, split, forced and board orders excluded
Output          : split_recommendations.csv

[28/07/2026 13:32:45.14] Step 5 - Marking LINEUP run as successful... 
LINEUP status marked as successful.
[28/07/2026 13:32:45.47] Step 6 - Rebuilding dashboard with final status... 

===================================
LINEUP Dashboard Build Complete
===================================
Input       : scheduled_orders.csv
Output      : C:\LINEUP\output\dashboard.html
Insights    : assignment reasons and confidence
Remaining   : SAP versus adjusted
Utilisation : working-calendar aware

=================================== 
LINEUP background update finished 
28/07/2026 13:32:45.83 
=================================== 
 
=================================== 
LINEUP background update started 
28/07/2026 13:45:03.12 
=================================== 
[28/07/2026 13:45:03.14] Activating virtual environment... 
[28/07/2026 13:45:03.66] Step 0 - Marking LINEUP run as started... 
LINEUP status marked as running.
[28/07/2026 13:45:03.99] Step 1 - Backing up LINEUP config... 

===================================
LINEUP Config Backup Complete
===================================
Backup folder : C:\LINEUP\backups\2026-07-28_134504
Files copied  : 4
Old backups removed: 1

[28/07/2026 13:45:04.34] Step 2 - Running SAP capacity export... 
COOIS capacities export complete:
C:\LINEUP\data\raw\COOIS_Capacities_Latest.txt
[28/07/2026 13:45:27.90] Step 3 - Running SAP production list export... 
COOIS production list export complete:
C:\LINEUP\data\raw\COOIS_ProductionList_Latest.txt
[28/07/2026 13:47:13.20] Step 4 - Running LINEUP processing pipeline... 
LINEUP
Starting capacity parser...


===================================
LINEUP Capacity Parser Complete
===================================
Input : COOIS_Capacities_Latest.txt
Output: capacities_clean.csv
Rows  : 6162


===================================
LINEUP Production Parser Complete
===================================
Input : COOIS_ProductionList_Latest.txt
Output: production_list_clean.csv
Rows  : 2350


===================================
LINEUP Capacity Summary Complete
===================================
Input : capacities_clean.csv
Output: capacities_order_summary.csv
Rows  : 989


===================================
LINEUP Merge Complete
===================================
Production input : production_list_clean.csv
Capacity input   : capacities_order_summary.csv
Output           : master_schedule.csv
Rows             : 989
Missing metadata : 0


===================================
LINEUP Scheduling Complete
===================================
Scheduled orders : 33
Overflow orders  : 0
SAP minutes      : unchanged by default
Staffing         : explicit overrides only
Queue stability  : current + one automatic order
Insights         : assignment reasons and confidence


===================================
LINEUP Dashboard Build Complete
===================================
Input       : scheduled_orders.csv
Output      : C:\LINEUP\output\dashboard.html
Insights    : assignment reasons and confidence
Remaining   : SAP versus adjusted
Utilisation : working-calendar aware


===================================
LINEUP Schedule Report Complete
===================================
Bench utilisation: bench_utilisation.csv
Schedule summary : schedule_summary.csv


===================================
LINEUP Split Recommendations Complete
===================================
Recommendations : 0
Window          : due today or next working day only
SAP minutes     : used unchanged by default
Staffing        : explicit overrides only
Planner work    : live, held, split, forced and board orders excluded
Output          : split_recommendations.csv

[28/07/2026 13:47:13.67] Step 5 - Marking LINEUP run as successful... 
LINEUP status marked as successful.
[28/07/2026 13:47:13.99] Step 6 - Rebuilding dashboard with final status... 

===================================
LINEUP Dashboard Build Complete
===================================
Input       : scheduled_orders.csv
Output      : C:\LINEUP\output\dashboard.html
Insights    : assignment reasons and confidence
Remaining   : SAP versus adjusted
Utilisation : working-calendar aware

=================================== 
LINEUP background update finished 
28/07/2026 13:47:14.34 
=================================== 
 
=================================== 
LINEUP background update started 
28/07/2026 14:00:03.14 
=================================== 
[28/07/2026 14:00:03.14] Activating virtual environment... 
[28/07/2026 14:00:03.67] Step 0 - Marking LINEUP run as started... 
LINEUP status marked as running.
[28/07/2026 14:00:04.01] Step 1 - Backing up LINEUP config... 

===================================
LINEUP Config Backup Complete
===================================
Backup folder : C:\LINEUP\backups\2026-07-28_140004
Files copied  : 4
Old backups removed: 1

[28/07/2026 14:00:04.36] Step 2 - Running SAP capacity export... 
COOIS capacities export complete:
C:\LINEUP\data\raw\COOIS_Capacities_Latest.txt
[28/07/2026 14:00:30.73] Step 3 - Running SAP production list export... 
COOIS production list export complete:
C:\LINEUP\data\raw\COOIS_ProductionList_Latest.txt
[28/07/2026 14:03:43.31] Step 4 - Running LINEUP processing pipeline... 
LINEUP
Starting capacity parser...


===================================
LINEUP Capacity Parser Complete
===================================
Input : COOIS_Capacities_Latest.txt
Output: capacities_clean.csv
Rows  : 6161


===================================
LINEUP Production Parser Complete
===================================
Input : COOIS_ProductionList_Latest.txt
Output: production_list_clean.csv
Rows  : 2349


===================================
LINEUP Capacity Summary Complete
===================================
Input : capacities_clean.csv
Output: capacities_order_summary.csv
Rows  : 989


===================================
LINEUP Merge Complete
===================================
Production input : production_list_clean.csv
Capacity input   : capacities_order_summary.csv
Output           : master_schedule.csv
Rows             : 989
Missing metadata : 0


===================================
LINEUP Scheduling Complete
===================================
Scheduled orders : 33
Overflow orders  : 0
SAP minutes      : unchanged by default
Staffing         : explicit overrides only
Queue stability  : current + one automatic order
Insights         : assignment reasons and confidence


===================================
LINEUP Dashboard Build Complete
===================================
Input       : scheduled_orders.csv
Output      : C:\LINEUP\output\dashboard.html
Insights    : assignment reasons and confidence
Remaining   : SAP versus adjusted
Utilisation : working-calendar aware


===================================
LINEUP Schedule Report Complete
===================================
Bench utilisation: bench_utilisation.csv
Schedule summary : schedule_summary.csv


===================================
LINEUP Split Recommendations Complete
===================================
Recommendations : 0
Window          : due today or next working day only
SAP minutes     : used unchanged by default
Staffing        : explicit overrides only
Planner work    : live, held, split, forced and board orders excluded
Output          : split_recommendations.csv

[28/07/2026 14:03:43.84] Step 5 - Marking LINEUP run as successful... 
LINEUP status marked as successful.
[28/07/2026 14:03:44.16] Step 6 - Rebuilding dashboard with final status... 

===================================
LINEUP Dashboard Build Complete
===================================
Input       : scheduled_orders.csv
Output      : C:\LINEUP\output\dashboard.html
Insights    : assignment reasons and confidence
Remaining   : SAP versus adjusted
Utilisation : working-calendar aware

=================================== 
LINEUP background update finished 
28/07/2026 14:03:44.50 
=================================== 
 
=================================== 
LINEUP background update started 
28/07/2026 14:15:03.18 
=================================== 
[28/07/2026 14:15:03.18] Activating virtual environment... 
[28/07/2026 14:15:03.69] Step 0 - Marking LINEUP run as started... 
LINEUP status marked as running.
[28/07/2026 14:15:04.03] Step 1 - Backing up LINEUP config... 

===================================
LINEUP Config Backup Complete
===================================
Backup folder : C:\LINEUP\backups\2026-07-28_141504
Files copied  : 4
Old backups removed: 1

[28/07/2026 14:15:04.37] Step 2 - Running SAP capacity export... 
COOIS capacities export complete:
C:\LINEUP\data\raw\COOIS_Capacities_Latest.txt
[28/07/2026 14:15:28.96] Step 3 - Running SAP production list export... 
COOIS production list export complete:
C:\LINEUP\data\raw\COOIS_ProductionList_Latest.txt
[28/07/2026 14:17:42.27] Step 4 - Running LINEUP processing pipeline... 
LINEUP
Starting capacity parser...


===================================
LINEUP Capacity Parser Complete
===================================
Input : COOIS_Capacities_Latest.txt
Output: capacities_clean.csv
Rows  : 6163


===================================
LINEUP Production Parser Complete
===================================
Input : COOIS_ProductionList_Latest.txt
Output: production_list_clean.csv
Rows  : 2349


===================================
LINEUP Capacity Summary Complete
===================================
Input : capacities_clean.csv
Output: capacities_order_summary.csv
Rows  : 988


===================================
LINEUP Merge Complete
===================================
Production input : production_list_clean.csv
Capacity input   : capacities_order_summary.csv
Output           : master_schedule.csv
Rows             : 988
Missing metadata : 0


===================================
LINEUP Scheduling Complete
===================================
Scheduled orders : 33
Overflow orders  : 0
SAP minutes      : unchanged by default
Staffing         : explicit overrides only
Queue stability  : current + one automatic order
Insights         : assignment reasons and confidence


===================================
LINEUP Dashboard Build Complete
===================================
Input       : scheduled_orders.csv
Output      : C:\LINEUP\output\dashboard.html
Insights    : assignment reasons and confidence
Remaining   : SAP versus adjusted
Utilisation : working-calendar aware


===================================
LINEUP Schedule Report Complete
===================================
Bench utilisation: bench_utilisation.csv
Schedule summary : schedule_summary.csv


===================================
LINEUP Split Recommendations Complete
===================================
Recommendations : 0
Window          : due today or next working day only
SAP minutes     : used unchanged by default
Staffing        : explicit overrides only
Planner work    : live, held, split, forced and board orders excluded
Output          : split_recommendations.csv

[28/07/2026 14:17:42.80] Step 5 - Marking LINEUP run as successful... 
LINEUP status marked as successful.
[28/07/2026 14:17:43.11] Step 6 - Rebuilding dashboard with final status... 

===================================
LINEUP Dashboard Build Complete
===================================
Input       : scheduled_orders.csv
Output      : C:\LINEUP\output\dashboard.html
Insights    : assignment reasons and confidence
Remaining   : SAP versus adjusted
Utilisation : working-calendar aware

=================================== 
LINEUP background update finished 
28/07/2026 14:17:43.48 
=================================== 
 
=================================== 
LINEUP background update started 
28/07/2026 14:30:04.20 
=================================== 
[28/07/2026 14:30:04.20] Activating virtual environment... 
[28/07/2026 14:30:04.70] Step 0 - Marking LINEUP run as started... 
LINEUP status marked as running.
[28/07/2026 14:30:05.00] Step 1 - Backing up LINEUP config... 

===================================
LINEUP Config Backup Complete
===================================
Backup folder : C:\LINEUP\backups\2026-07-28_143005
Files copied  : 4
Old backups removed: 1

[28/07/2026 14:30:05.32] Step 2 - Running SAP capacity export... 
COOIS capacities export complete:
C:\LINEUP\data\raw\COOIS_Capacities_Latest.txt
[28/07/2026 14:30:29.19] Step 3 - Running SAP production list export... 
COOIS production list export complete:
C:\LINEUP\data\raw\COOIS_ProductionList_Latest.txt
[28/07/2026 14:32:48.09] Step 4 - Running LINEUP processing pipeline... 
LINEUP
Starting capacity parser...


===================================
LINEUP Capacity Parser Complete
===================================
Input : COOIS_Capacities_Latest.txt
Output: capacities_clean.csv
Rows  : 6160


===================================
LINEUP Production Parser Complete
===================================
Input : COOIS_ProductionList_Latest.txt
Output: production_list_clean.csv
Rows  : 2347


===================================
LINEUP Capacity Summary Complete
===================================
Input : capacities_clean.csv
Output: capacities_order_summary.csv
Rows  : 987


===================================
LINEUP Merge Complete
===================================
Production input : production_list_clean.csv
Capacity input   : capacities_order_summary.csv
Output           : master_schedule.csv
Rows             : 987
Missing metadata : 0


===================================
LINEUP Scheduling Complete
===================================
Scheduled orders : 33
Overflow orders  : 0
SAP minutes      : unchanged by default
Staffing         : explicit overrides only
Queue stability  : current + one automatic order
Insights         : assignment reasons and confidence


===================================
LINEUP Dashboard Build Complete
===================================
Input       : scheduled_orders.csv
Output      : C:\LINEUP\output\dashboard.html
Insights    : assignment reasons and confidence
Remaining   : SAP versus adjusted
Utilisation : working-calendar aware


===================================
LINEUP Schedule Report Complete
===================================
Bench utilisation: bench_utilisation.csv
Schedule summary : schedule_summary.csv


===================================
LINEUP Split Recommendations Complete
===================================
Recommendations : 0
Window          : due today or next working day only
SAP minutes     : used unchanged by default
Staffing        : explicit overrides only
Planner work    : live, held, split, forced and board orders excluded
Output          : split_recommendations.csv

[28/07/2026 14:32:48.58] Step 5 - Marking LINEUP run as successful... 
LINEUP status marked as successful.
[28/07/2026 14:32:48.88] Step 6 - Rebuilding dashboard with final status... 

===================================
LINEUP Dashboard Build Complete
===================================
Input       : scheduled_orders.csv
Output      : C:\LINEUP\output\dashboard.html
Insights    : assignment reasons and confidence
Remaining   : SAP versus adjusted
Utilisation : working-calendar aware

=================================== 
LINEUP background update finished 
28/07/2026 14:32:49.20 
=================================== 
 
=================================== 
LINEUP background update started 
28/07/2026 14:45:03.17 
=================================== 
[28/07/2026 14:45:03.17] Activating virtual environment... 
[28/07/2026 14:45:03.70] Step 0 - Marking LINEUP run as started... 
LINEUP status marked as running.
[28/07/2026 14:45:04.03] Step 1 - Backing up LINEUP config... 

===================================
LINEUP Config Backup Complete
===================================
Backup folder : C:\LINEUP\backups\2026-07-28_144504
Files copied  : 4
Old backups removed: 1

[28/07/2026 14:45:04.39] Step 2 - Running SAP capacity export... 
COOIS capacities export complete:
C:\LINEUP\data\raw\COOIS_Capacities_Latest.txt
[28/07/2026 14:45:27.80] Step 3 - Running SAP production list export... 
COOIS production list export complete:
C:\LINEUP\data\raw\COOIS_ProductionList_Latest.txt
[28/07/2026 14:47:20.55] Step 4 - Running LINEUP processing pipeline... 
LINEUP
Starting capacity parser...


===================================
LINEUP Capacity Parser Complete
===================================
Input : COOIS_Capacities_Latest.txt
Output: capacities_clean.csv
Rows  : 6214


===================================
LINEUP Production Parser Complete
===================================
Input : COOIS_ProductionList_Latest.txt
Output: production_list_clean.csv
Rows  : 2360


===================================
LINEUP Capacity Summary Complete
===================================
Input : capacities_clean.csv
Output: capacities_order_summary.csv
Rows  : 986


===================================
LINEUP Merge Complete
===================================
Production input : production_list_clean.csv
Capacity input   : capacities_order_summary.csv
Output           : master_schedule.csv
Rows             : 986
Missing metadata : 0


===================================
LINEUP Scheduling Complete
===================================
Scheduled orders : 33
Overflow orders  : 0
SAP minutes      : unchanged by default
Staffing         : explicit overrides only
Queue stability  : current + one automatic order
Insights         : assignment reasons and confidence


===================================
LINEUP Dashboard Build Complete
===================================
Input       : scheduled_orders.csv
Output      : C:\LINEUP\output\dashboard.html
Insights    : assignment reasons and confidence
Remaining   : SAP versus adjusted
Utilisation : working-calendar aware


===================================
LINEUP Schedule Report Complete
===================================
Bench utilisation: bench_utilisation.csv
Schedule summary : schedule_summary.csv


===================================
LINEUP Split Recommendations Complete
===================================
Recommendations : 0
Window          : due today or next working day only
SAP minutes     : used unchanged by default
Staffing        : explicit overrides only
Planner work    : live, held, split, forced and board orders excluded
Output          : split_recommendations.csv

[28/07/2026 14:47:21.06] Step 5 - Marking LINEUP run as successful... 
LINEUP status marked as successful.
[28/07/2026 14:47:21.39] Step 6 - Rebuilding dashboard with final status... 

===================================
LINEUP Dashboard Build Complete
===================================
Input       : scheduled_orders.csv
Output      : C:\LINEUP\output\dashboard.html
Insights    : assignment reasons and confidence
Remaining   : SAP versus adjusted
Utilisation : working-calendar aware

=================================== 
LINEUP background update finished 
28/07/2026 14:47:21.72 
=================================== 
 
=================================== 
LINEUP background update started 
28/07/2026 15:00:03.24 
=================================== 
[28/07/2026 15:00:03.24] Activating virtual environment... 
[28/07/2026 15:00:03.76] Step 0 - Marking LINEUP run as started... 
LINEUP status marked as running.
[28/07/2026 15:00:04.09] Step 1 - Backing up LINEUP config... 

===================================
LINEUP Config Backup Complete
===================================
Backup folder : C:\LINEUP\backups\2026-07-28_150004
Files copied  : 4
Old backups removed: 1

[28/07/2026 15:00:04.45] Step 2 - Running SAP capacity export... 
COOIS capacities export complete:
C:\LINEUP\data\raw\COOIS_Capacities_Latest.txt
[28/07/2026 15:00:31.24] Step 3 - Running SAP production list export... 
COOIS production list export complete:
C:\LINEUP\data\raw\COOIS_ProductionList_Latest.txt
[28/07/2026 15:03:27.87] Step 4 - Running LINEUP processing pipeline... 
LINEUP
Starting capacity parser...


===================================
LINEUP Capacity Parser Complete
===================================
Input : COOIS_Capacities_Latest.txt
Output: capacities_clean.csv
Rows  : 6215


===================================
LINEUP Production Parser Complete
===================================
Input : COOIS_ProductionList_Latest.txt
Output: production_list_clean.csv
Rows  : 2360


===================================
LINEUP Capacity Summary Complete
===================================
Input : capacities_clean.csv
Output: capacities_order_summary.csv
Rows  : 985


===================================
LINEUP Merge Complete
===================================
Production input : production_list_clean.csv
Capacity input   : capacities_order_summary.csv
Output           : master_schedule.csv
Rows             : 985
Missing metadata : 0


===================================
LINEUP Scheduling Complete
===================================
Scheduled orders : 32
Overflow orders  : 0
SAP minutes      : unchanged by default
Staffing         : explicit overrides only
Queue stability  : current + one automatic order
Insights         : assignment reasons and confidence


===================================
LINEUP Dashboard Build Complete
===================================
Input       : scheduled_orders.csv
Output      : C:\LINEUP\output\dashboard.html
Insights    : assignment reasons and confidence
Remaining   : SAP versus adjusted
Utilisation : working-calendar aware


===================================
LINEUP Schedule Report Complete
===================================
Bench utilisation: bench_utilisation.csv
Schedule summary : schedule_summary.csv


===================================
LINEUP Split Recommendations Complete
===================================
Recommendations : 0
Window          : due today or next working day only
SAP minutes     : used unchanged by default
Staffing        : explicit overrides only
Planner work    : live, held, split, forced and board orders excluded
Output          : split_recommendations.csv

[28/07/2026 15:03:28.38] Step 5 - Marking LINEUP run as successful... 
LINEUP status marked as successful.
[28/07/2026 15:03:28.69] Step 6 - Rebuilding dashboard with final status... 

===================================
LINEUP Dashboard Build Complete
===================================
Input       : scheduled_orders.csv
Output      : C:\LINEUP\output\dashboard.html
Insights    : assignment reasons and confidence
Remaining   : SAP versus adjusted
Utilisation : working-calendar aware

=================================== 
LINEUP background update finished 
28/07/2026 15:03:29.03 
=================================== 
 
=================================== 
LINEUP background update started 
28/07/2026 15:15:03.14 
=================================== 
[28/07/2026 15:15:03.14] Activating virtual environment... 
[28/07/2026 15:15:03.68] Step 0 - Marking LINEUP run as started... 
LINEUP status marked as running.
[28/07/2026 15:15:03.98] Step 1 - Backing up LINEUP config... 

===================================
LINEUP Config Backup Complete
===================================
Backup folder : C:\LINEUP\backups\2026-07-28_151504
Files copied  : 4
Old backups removed: 1

[28/07/2026 15:15:04.32] Step 2 - Running SAP capacity export... 
COOIS capacities export complete:
C:\LINEUP\data\raw\COOIS_Capacities_Latest.txt
[28/07/2026 15:15:28.08] Step 3 - Running SAP production list export... 
COOIS production list export complete:
C:\LINEUP\data\raw\COOIS_ProductionList_Latest.txt
[28/07/2026 15:17:26.41] Step 4 - Running LINEUP processing pipeline... 
LINEUP
Starting capacity parser...


===================================
LINEUP Capacity Parser Complete
===================================
Input : COOIS_Capacities_Latest.txt
Output: capacities_clean.csv
Rows  : 6243


===================================
LINEUP Production Parser Complete
===================================
Input : COOIS_ProductionList_Latest.txt
Output: production_list_clean.csv
Rows  : 2372


===================================
LINEUP Capacity Summary Complete
===================================
Input : capacities_clean.csv
Output: capacities_order_summary.csv
Rows  : 987


===================================
LINEUP Merge Complete
===================================
Production input : production_list_clean.csv
Capacity input   : capacities_order_summary.csv
Output           : master_schedule.csv
Rows             : 987
Missing metadata : 0


===================================
LINEUP Scheduling Complete
===================================
Scheduled orders : 32
Overflow orders  : 0
SAP minutes      : unchanged by default
Staffing         : explicit overrides only
Queue stability  : current + one automatic order
Insights         : assignment reasons and confidence


===================================
LINEUP Dashboard Build Complete
===================================
Input       : scheduled_orders.csv
Output      : C:\LINEUP\output\dashboard.html
Insights    : assignment reasons and confidence
Remaining   : SAP versus adjusted
Utilisation : working-calendar aware


===================================
LINEUP Schedule Report Complete
===================================
Bench utilisation: bench_utilisation.csv
Schedule summary : schedule_summary.csv


===================================
LINEUP Split Recommendations Complete
===================================
Recommendations : 0
Window          : due today or next working day only
SAP minutes     : used unchanged by default
Staffing        : explicit overrides only
Planner work    : live, held, split, forced and board orders excluded
Output          : split_recommendations.csv

[28/07/2026 15:17:26.92] Step 5 - Marking LINEUP run as successful... 
LINEUP status marked as successful.
[28/07/2026 15:17:27.28] Step 6 - Rebuilding dashboard with final status... 

===================================
LINEUP Dashboard Build Complete
===================================
Input       : scheduled_orders.csv
Output      : C:\LINEUP\output\dashboard.html
Insights    : assignment reasons and confidence
Remaining   : SAP versus adjusted
Utilisation : working-calendar aware

=================================== 
LINEUP background update finished 
28/07/2026 15:17:27.59 
=================================== 
 
=================================== 
LINEUP background update started 
28/07/2026 15:30:03.14 
=================================== 
[28/07/2026 15:30:03.14] Activating virtual environment... 
[28/07/2026 15:30:03.66] Step 0 - Marking LINEUP run as started... 
LINEUP status marked as running.
[28/07/2026 15:30:04.01] Step 1 - Backing up LINEUP config... 

===================================
LINEUP Config Backup Complete
===================================
Backup folder : C:\LINEUP\backups\2026-07-28_153004
Files copied  : 4
Old backups removed: 1

[28/07/2026 15:30:04.40] Step 2 - Running SAP capacity export... 
COOIS capacities export complete:
C:\LINEUP\data\raw\COOIS_Capacities_Latest.txt
[28/07/2026 15:30:29.43] Step 3 - Running SAP production list export... 
COOIS production list export complete:
C:\LINEUP\data\raw\COOIS_ProductionList_Latest.txt
[28/07/2026 15:32:31.94] Step 4 - Running LINEUP processing pipeline... 
LINEUP
Starting capacity parser...


===================================
LINEUP Capacity Parser Complete
===================================
Input : COOIS_Capacities_Latest.txt
Output: capacities_clean.csv
Rows  : 6282


===================================
LINEUP Production Parser Complete
===================================
Input : COOIS_ProductionList_Latest.txt
Output: production_list_clean.csv
Rows  : 2386


===================================
LINEUP Capacity Summary Complete
===================================
Input : capacities_clean.csv
Output: capacities_order_summary.csv
Rows  : 987


===================================
LINEUP Merge Complete
===================================
Production input : production_list_clean.csv
Capacity input   : capacities_order_summary.csv
Output           : master_schedule.csv
Rows             : 987
Missing metadata : 0


===================================
LINEUP Scheduling Complete
===================================
Scheduled orders : 34
Overflow orders  : 0
SAP minutes      : unchanged by default
Staffing         : explicit overrides only
Queue stability  : current + one automatic order
Insights         : assignment reasons and confidence


===================================
LINEUP Dashboard Build Complete
===================================
Input       : scheduled_orders.csv
Output      : C:\LINEUP\output\dashboard.html
Insights    : assignment reasons and confidence
Remaining   : SAP versus adjusted
Utilisation : working-calendar aware


===================================
LINEUP Schedule Report Complete
===================================
Bench utilisation: bench_utilisation.csv
Schedule summary : schedule_summary.csv


===================================
LINEUP Split Recommendations Complete
===================================
Recommendations : 0
Window          : due today or next working day only
SAP minutes     : used unchanged by default
Staffing        : explicit overrides only
Planner work    : live, held, split, forced and board orders excluded
Output          : split_recommendations.csv

[28/07/2026 15:32:32.44] Step 5 - Marking LINEUP run as successful... 
LINEUP status marked as successful.
[28/07/2026 15:32:32.76] Step 6 - Rebuilding dashboard with final status... 

===================================
LINEUP Dashboard Build Complete
===================================
Input       : scheduled_orders.csv
Output      : C:\LINEUP\output\dashboard.html
Insights    : assignment reasons and confidence
Remaining   : SAP versus adjusted
Utilisation : working-calendar aware

=================================== 
LINEUP background update finished 
28/07/2026 15:32:33.11 
=================================== 
 
=================================== 
LINEUP background update started 
28/07/2026 15:45:03.14 
=================================== 
[28/07/2026 15:45:03.14] Activating virtual environment... 
[28/07/2026 15:45:03.65] Step 0 - Marking LINEUP run as started... 
LINEUP status marked as running.
[28/07/2026 15:45:03.95] Step 1 - Backing up LINEUP config... 

===================================
LINEUP Config Backup Complete
===================================
Backup folder : C:\LINEUP\backups\2026-07-28_154504
Files copied  : 4
Old backups removed: 1

[28/07/2026 15:45:04.30] Step 2 - Running SAP capacity export... 
COOIS capacities export complete:
C:\LINEUP\data\raw\COOIS_Capacities_Latest.txt
[28/07/2026 15:45:32.15] Step 3 - Running SAP production list export... 
COOIS production list export complete:
C:\LINEUP\data\raw\COOIS_ProductionList_Latest.txt
[28/07/2026 15:47:21.53] Step 4 - Running LINEUP processing pipeline... 
LINEUP
Starting capacity parser...


===================================
LINEUP Capacity Parser Complete
===================================
Input : COOIS_Capacities_Latest.txt
Output: capacities_clean.csv
Rows  : 6282


===================================
LINEUP Production Parser Complete
===================================
Input : COOIS_ProductionList_Latest.txt
Output: production_list_clean.csv
Rows  : 2386


===================================
LINEUP Capacity Summary Complete
===================================
Input : capacities_clean.csv
Output: capacities_order_summary.csv
Rows  : 987


===================================
LINEUP Merge Complete
===================================
Production input : production_list_clean.csv
Capacity input   : capacities_order_summary.csv
Output           : master_schedule.csv
Rows             : 987
Missing metadata : 0


===================================
LINEUP Scheduling Complete
===================================
Scheduled orders : 34
Overflow orders  : 0
SAP minutes      : unchanged by default
Staffing         : explicit overrides only
Queue stability  : current + one automatic order
Insights         : assignment reasons and confidence


===================================
LINEUP Dashboard Build Complete
===================================
Input       : scheduled_orders.csv
Output      : C:\LINEUP\output\dashboard.html
Insights    : assignment reasons and confidence
Remaining   : SAP versus adjusted
Utilisation : working-calendar aware


===================================
LINEUP Schedule Report Complete
===================================
Bench utilisation: bench_utilisation.csv
Schedule summary : schedule_summary.csv


===================================
LINEUP Split Recommendations Complete
===================================
Recommendations : 0
Window          : due today or next working day only
SAP minutes     : used unchanged by default
Staffing        : explicit overrides only
Planner work    : live, held, split, forced and board orders excluded
Output          : split_recommendations.csv

[28/07/2026 15:47:22.03] Step 5 - Marking LINEUP run as successful... 
LINEUP status marked as successful.
[28/07/2026 15:47:22.34] Step 6 - Rebuilding dashboard with final status... 

===================================
LINEUP Dashboard Build Complete
===================================
Input       : scheduled_orders.csv
Output      : C:\LINEUP\output\dashboard.html
Insights    : assignment reasons and confidence
Remaining   : SAP versus adjusted
Utilisation : working-calendar aware

=================================== 
LINEUP background update finished 
28/07/2026 15:47:22.69 
=================================== 
 
=================================== 
LINEUP background update started 
28/07/2026 16:00:03.18 
=================================== 
[28/07/2026 16:00:03.18] Activating virtual environment... 
[28/07/2026 16:00:03.71] Step 0 - Marking LINEUP run as started... 
LINEUP status marked as running.
[28/07/2026 16:00:04.05] Step 1 - Backing up LINEUP config... 

===================================
LINEUP Config Backup Complete
===================================
Backup folder : C:\LINEUP\backups\2026-07-28_160004
Files copied  : 4
Old backups removed: 1

[28/07/2026 16:00:04.42] Step 2 - Running SAP capacity export... 
COOIS capacities export complete:
C:\LINEUP\data\raw\COOIS_Capacities_Latest.txt
[28/07/2026 16:00:30.25] Step 3 - Running SAP production list export... 
COOIS production list export complete:
C:\LINEUP\data\raw\COOIS_ProductionList_Latest.txt
[28/07/2026 16:03:14.66] Step 4 - Running LINEUP processing pipeline... 
LINEUP
Starting capacity parser...


===================================
LINEUP Capacity Parser Complete
===================================
Input : COOIS_Capacities_Latest.txt
Output: capacities_clean.csv
Rows  : 6279


===================================
LINEUP Production Parser Complete
===================================
Input : COOIS_ProductionList_Latest.txt
Output: production_list_clean.csv
Rows  : 2384


===================================
LINEUP Capacity Summary Complete
===================================
Input : capacities_clean.csv
Output: capacities_order_summary.csv
Rows  : 987


===================================
LINEUP Merge Complete
===================================
Production input : production_list_clean.csv
Capacity input   : capacities_order_summary.csv
Output           : master_schedule.csv
Rows             : 987
Missing metadata : 0


===================================
LINEUP Scheduling Complete
===================================
Scheduled orders : 35
Overflow orders  : 0
SAP minutes      : unchanged by default
Staffing         : explicit overrides only
Queue stability  : current + one automatic order
Insights         : assignment reasons and confidence


===================================
LINEUP Dashboard Build Complete
===================================
Input       : scheduled_orders.csv
Output      : C:\LINEUP\output\dashboard.html
Insights    : assignment reasons and confidence
Remaining   : SAP versus adjusted
Utilisation : working-calendar aware


===================================
LINEUP Schedule Report Complete
===================================
Bench utilisation: bench_utilisation.csv
Schedule summary : schedule_summary.csv


===================================
LINEUP Split Recommendations Complete
===================================
Recommendations : 0
Window          : due today or next working day only
SAP minutes     : used unchanged by default
Staffing        : explicit overrides only
Planner work    : live, held, split, forced and board orders excluded
Output          : split_recommendations.csv

[28/07/2026 16:03:15.18] Step 5 - Marking LINEUP run as successful... 
LINEUP status marked as successful.
[28/07/2026 16:03:15.49] Step 6 - Rebuilding dashboard with final status... 

===================================
LINEUP Dashboard Build Complete
===================================
Input       : scheduled_orders.csv
Output      : C:\LINEUP\output\dashboard.html
Insights    : assignment reasons and confidence
Remaining   : SAP versus adjusted
Utilisation : working-calendar aware

=================================== 
LINEUP background update finished 
28/07/2026 16:03:15.81 
=================================== 
 
=================================== 
LINEUP background update started 
28/07/2026 16:15:03.20 
=================================== 
[28/07/2026 16:15:03.20] Activating virtual environment... 
[28/07/2026 16:15:03.72] Step 0 - Marking LINEUP run as started... 
LINEUP status marked as running.
[28/07/2026 16:15:04.03] Step 1 - Backing up LINEUP config... 

===================================
LINEUP Config Backup Complete
===================================
Backup folder : C:\LINEUP\backups\2026-07-28_161504
Files copied  : 4
Old backups removed: 1

[28/07/2026 16:15:04.39] Step 2 - Running SAP capacity export... 
COOIS capacities export complete:
C:\LINEUP\data\raw\COOIS_Capacities_Latest.txt
[28/07/2026 16:15:30.78] Step 3 - Running SAP production list export... 
COOIS production list export complete:
C:\LINEUP\data\raw\COOIS_ProductionList_Latest.txt
[28/07/2026 16:17:45.26] Step 4 - Running LINEUP processing pipeline... 
LINEUP
Starting capacity parser...


===================================
LINEUP Capacity Parser Complete
===================================
Input : COOIS_Capacities_Latest.txt
Output: capacities_clean.csv
Rows  : 6282


===================================
LINEUP Production Parser Complete
===================================
Input : COOIS_ProductionList_Latest.txt
Output: production_list_clean.csv
Rows  : 2385


===================================
LINEUP Capacity Summary Complete
===================================
Input : capacities_clean.csv
Output: capacities_order_summary.csv
Rows  : 987


===================================
LINEUP Merge Complete
===================================
Production input : production_list_clean.csv
Capacity input   : capacities_order_summary.csv
Output           : master_schedule.csv
Rows             : 987
Missing metadata : 0


===================================
LINEUP Scheduling Complete
===================================
Scheduled orders : 36
Overflow orders  : 0
SAP minutes      : unchanged by default
Staffing         : explicit overrides only
Queue stability  : current + one automatic order
Insights         : assignment reasons and confidence


===================================
LINEUP Dashboard Build Complete
===================================
Input       : scheduled_orders.csv
Output      : C:\LINEUP\output\dashboard.html
Insights    : assignment reasons and confidence
Remaining   : SAP versus adjusted
Utilisation : working-calendar aware


===================================
LINEUP Schedule Report Complete
===================================
Bench utilisation: bench_utilisation.csv
Schedule summary : schedule_summary.csv


===================================
LINEUP Split Recommendations Complete
===================================
Recommendations : 0
Window          : due today or next working day only
SAP minutes     : used unchanged by default
Staffing        : explicit overrides only
Planner work    : live, held, split, forced and board orders excluded
Output          : split_recommendations.csv

[28/07/2026 16:17:45.93] Step 5 - Marking LINEUP run as successful... 
LINEUP status marked as successful.
[28/07/2026 16:17:46.25] Step 6 - Rebuilding dashboard with final status... 

===================================
LINEUP Dashboard Build Complete
===================================
Input       : scheduled_orders.csv
Output      : C:\LINEUP\output\dashboard.html
Insights    : assignment reasons and confidence
Remaining   : SAP versus adjusted
Utilisation : working-calendar aware

=================================== 
LINEUP background update finished 
28/07/2026 16:17:46.58 
=================================== 
 
=================================== 
LINEUP background update started 
28/07/2026 16:30:03.17 
=================================== 
[28/07/2026 16:30:03.17] Activating virtual environment... 
[28/07/2026 16:30:03.69] Step 0 - Marking LINEUP run as started... 
LINEUP status marked as running.
[28/07/2026 16:30:04.03] Step 1 - Backing up LINEUP config... 

===================================
LINEUP Config Backup Complete
===================================
Backup folder : C:\LINEUP\backups\2026-07-28_163004
Files copied  : 4
Old backups removed: 1

[28/07/2026 16:30:04.38] Step 2 - Running SAP capacity export... 
COOIS capacities export complete:
C:\LINEUP\data\raw\COOIS_Capacities_Latest.txt
[28/07/2026 16:30:28.81] Step 3 - Running SAP production list export... 
COOIS production list export complete:
C:\LINEUP\data\raw\COOIS_ProductionList_Latest.txt
[28/07/2026 16:32:28.45] Step 4 - Running LINEUP processing pipeline... 
LINEUP
Starting capacity parser...


===================================
LINEUP Capacity Parser Complete
===================================
Input : COOIS_Capacities_Latest.txt
Output: capacities_clean.csv
Rows  : 6283


===================================
LINEUP Production Parser Complete
===================================
Input : COOIS_ProductionList_Latest.txt
Output: production_list_clean.csv
Rows  : 2391


===================================
LINEUP Capacity Summary Complete
===================================
Input : capacities_clean.csv
Output: capacities_order_summary.csv
Rows  : 987


===================================
LINEUP Merge Complete
===================================
Production input : production_list_clean.csv
Capacity input   : capacities_order_summary.csv
Output           : master_schedule.csv
Rows             : 987
Missing metadata : 0


===================================
LINEUP Scheduling Complete
===================================
Scheduled orders : 36
Overflow orders  : 0
SAP minutes      : unchanged by default
Staffing         : explicit overrides only
Queue stability  : current + one automatic order
Insights         : assignment reasons and confidence


===================================
LINEUP Dashboard Build Complete
===================================
Input       : scheduled_orders.csv
Output      : C:\LINEUP\output\dashboard.html
Insights    : assignment reasons and confidence
Remaining   : SAP versus adjusted
Utilisation : working-calendar aware


===================================
LINEUP Schedule Report Complete
===================================
Bench utilisation: bench_utilisation.csv
Schedule summary : schedule_summary.csv


===================================
LINEUP Split Recommendations Complete
===================================
Recommendations : 0
Window          : due today or next working day only
SAP minutes     : used unchanged by default
Staffing        : explicit overrides only
Planner work    : live, held, split, forced and board orders excluded
Output          : split_recommendations.csv

[28/07/2026 16:32:28.95] Step 5 - Marking LINEUP run as successful... 
LINEUP status marked as successful.
[28/07/2026 16:32:29.27] Step 6 - Rebuilding dashboard with final status... 

===================================
LINEUP Dashboard Build Complete
===================================
Input       : scheduled_orders.csv
Output      : C:\LINEUP\output\dashboard.html
Insights    : assignment reasons and confidence
Remaining   : SAP versus adjusted
Utilisation : working-calendar aware

=================================== 
LINEUP background update finished 
28/07/2026 16:32:29.62 
=================================== 
 
=================================== 
LINEUP background update started 
28/07/2026 16:45:03.11 
=================================== 
[28/07/2026 16:45:03.13] Activating virtual environment... 
[28/07/2026 16:45:03.65] Step 0 - Marking LINEUP run as started... 
LINEUP status marked as running.
[28/07/2026 16:45:03.98] Step 1 - Backing up LINEUP config... 

===================================
LINEUP Config Backup Complete
===================================
Backup folder : C:\LINEUP\backups\2026-07-28_164504
Files copied  : 4
Old backups removed: 1

[28/07/2026 16:45:04.35] Step 2 - Running SAP capacity export... 
COOIS capacities export complete:
C:\LINEUP\data\raw\COOIS_Capacities_Latest.txt
[28/07/2026 16:45:28.47] Step 3 - Running SAP production list export... 
COOIS production list export complete:
C:\LINEUP\data\raw\COOIS_ProductionList_Latest.txt
[28/07/2026 16:47:18.69] Step 4 - Running LINEUP processing pipeline... 
LINEUP
Starting capacity parser...


===================================
LINEUP Capacity Parser Complete
===================================
Input : COOIS_Capacities_Latest.txt
Output: capacities_clean.csv
Rows  : 6283


===================================
LINEUP Production Parser Complete
===================================
Input : COOIS_ProductionList_Latest.txt
Output: production_list_clean.csv
Rows  : 2391


===================================
LINEUP Capacity Summary Complete
===================================
Input : capacities_clean.csv
Output: capacities_order_summary.csv
Rows  : 987


===================================
LINEUP Merge Complete
===================================
Production input : production_list_clean.csv
Capacity input   : capacities_order_summary.csv
Output           : master_schedule.csv
Rows             : 987
Missing metadata : 0


===================================
LINEUP Scheduling Complete
===================================
Scheduled orders : 36
Overflow orders  : 0
SAP minutes      : unchanged by default
Staffing         : explicit overrides only
Queue stability  : current + one automatic order
Insights         : assignment reasons and confidence


===================================
LINEUP Dashboard Build Complete
===================================
Input       : scheduled_orders.csv
Output      : C:\LINEUP\output\dashboard.html
Insights    : assignment reasons and confidence
Remaining   : SAP versus adjusted
Utilisation : working-calendar aware


===================================
LINEUP Schedule Report Complete
===================================
Bench utilisation: bench_utilisation.csv
Schedule summary : schedule_summary.csv


===================================
LINEUP Split Recommendations Complete
===================================
Recommendations : 0
Window          : due today or next working day only
SAP minutes     : used unchanged by default
Staffing        : explicit overrides only
Planner work    : live, held, split, forced and board orders excluded
Output          : split_recommendations.csv

[28/07/2026 16:47:19.18] Step 5 - Marking LINEUP run as successful... 
LINEUP status marked as successful.
[28/07/2026 16:47:19.51] Step 6 - Rebuilding dashboard with final status... 

===================================
LINEUP Dashboard Build Complete
===================================
Input       : scheduled_orders.csv
Output      : C:\LINEUP\output\dashboard.html
Insights    : assignment reasons and confidence
Remaining   : SAP versus adjusted
Utilisation : working-calendar aware

=================================== 
LINEUP background update finished 
28/07/2026 16:47:19.85 
=================================== 
 
=================================== 
LINEUP background update started 
28/07/2026 17:00:03.32 
=================================== 
[28/07/2026 17:00:03.33] Activating virtual environment... 
[28/07/2026 17:00:03.84] Step 0 - Marking LINEUP run as started... 
LINEUP status marked as running.
[28/07/2026 17:00:04.16] Step 1 - Backing up LINEUP config... 

===================================
LINEUP Config Backup Complete
===================================
Backup folder : C:\LINEUP\backups\2026-07-28_170004
Files copied  : 4
Old backups removed: 1

[28/07/2026 17:00:04.63] Step 2 - Running SAP capacity export... 
COOIS capacities export complete:
C:\LINEUP\data\raw\COOIS_Capacities_Latest.txt
[28/07/2026 17:00:29.07] Step 3 - Running SAP production list export... 
COOIS production list export complete:
C:\LINEUP\data\raw\COOIS_ProductionList_Latest.txt
[28/07/2026 17:02:50.46] Step 4 - Running LINEUP processing pipeline... 
LINEUP
Starting capacity parser...


===================================
LINEUP Capacity Parser Complete
===================================
Input : COOIS_Capacities_Latest.txt
Output: capacities_clean.csv
Rows  : 6280


===================================
LINEUP Production Parser Complete
===================================
Input : COOIS_ProductionList_Latest.txt
Output: production_list_clean.csv
Rows  : 2389


===================================
LINEUP Capacity Summary Complete
===================================
Input : capacities_clean.csv
Output: capacities_order_summary.csv
Rows  : 987


===================================
LINEUP Merge Complete
===================================
Production input : production_list_clean.csv
Capacity input   : capacities_order_summary.csv
Output           : master_schedule.csv
Rows             : 987
Missing metadata : 0


===================================
LINEUP Scheduling Complete
===================================
Scheduled orders : 36
Overflow orders  : 0
SAP minutes      : unchanged by default
Staffing         : explicit overrides only
Queue stability  : current + one automatic order
Insights         : assignment reasons and confidence


===================================
LINEUP Dashboard Build Complete
===================================
Input       : scheduled_orders.csv
Output      : C:\LINEUP\output\dashboard.html
Insights    : assignment reasons and confidence
Remaining   : SAP versus adjusted
Utilisation : working-calendar aware


===================================
LINEUP Schedule Report Complete
===================================
Bench utilisation: bench_utilisation.csv
Schedule summary : schedule_summary.csv


===================================
LINEUP Split Recommendations Complete
===================================
Recommendations : 0
Window          : due today or next working day only
SAP minutes     : used unchanged by default
Staffing        : explicit overrides only
Planner work    : live, held, split, forced and board orders excluded
Output          : split_recommendations.csv

[28/07/2026 17:02:50.92] Step 5 - Marking LINEUP run as successful... 
LINEUP status marked as successful.
[28/07/2026 17:02:51.21] Step 6 - Rebuilding dashboard with final status... 

===================================
LINEUP Dashboard Build Complete
===================================
Input       : scheduled_orders.csv
Output      : C:\LINEUP\output\dashboard.html
Insights    : assignment reasons and confidence
Remaining   : SAP versus adjusted
Utilisation : working-calendar aware

=================================== 
LINEUP background update finished 
28/07/2026 17:02:51.54 
=================================== 
 
=================================== 
LINEUP background update started 
28/07/2026 17:15:03.16 
=================================== 
[28/07/2026 17:15:03.16] Activating virtual environment... 
[28/07/2026 17:15:03.67] Step 0 - Marking LINEUP run as started... 
LINEUP status marked as running.
[28/07/2026 17:15:03.98] Step 1 - Backing up LINEUP config... 

===================================
LINEUP Config Backup Complete
===================================
Backup folder : C:\LINEUP\backups\2026-07-28_171504
Files copied  : 4
Old backups removed: 1

[28/07/2026 17:15:04.34] Step 2 - Running SAP capacity export... 
COOIS capacities export complete:
C:\LINEUP\data\raw\COOIS_Capacities_Latest.txt
[28/07/2026 17:15:28.25] Step 3 - Running SAP production list export... 
COOIS production list export complete:
C:\LINEUP\data\raw\COOIS_ProductionList_Latest.txt
[28/07/2026 17:17:22.50] Step 4 - Running LINEUP processing pipeline... 
LINEUP
Starting capacity parser...


===================================
LINEUP Capacity Parser Complete
===================================
Input : COOIS_Capacities_Latest.txt
Output: capacities_clean.csv
Rows  : 6284


===================================
LINEUP Production Parser Complete
===================================
Input : COOIS_ProductionList_Latest.txt
Output: production_list_clean.csv
Rows  : 2393


===================================
LINEUP Capacity Summary Complete
===================================
Input : capacities_clean.csv
Output: capacities_order_summary.csv
Rows  : 987


===================================
LINEUP Merge Complete
===================================
Production input : production_list_clean.csv
Capacity input   : capacities_order_summary.csv
Output           : master_schedule.csv
Rows             : 987
Missing metadata : 0


===================================
LINEUP Scheduling Complete
===================================
Scheduled orders : 36
Overflow orders  : 0
SAP minutes      : unchanged by default
Staffing         : explicit overrides only
Queue stability  : current + one automatic order
Insights         : assignment reasons and confidence


===================================
LINEUP Dashboard Build Complete
===================================
Input       : scheduled_orders.csv
Output      : C:\LINEUP\output\dashboard.html
Insights    : assignment reasons and confidence
Remaining   : SAP versus adjusted
Utilisation : working-calendar aware


===================================
LINEUP Schedule Report Complete
===================================
Bench utilisation: bench_utilisation.csv
Schedule summary : schedule_summary.csv


===================================
LINEUP Split Recommendations Complete
===================================
Recommendations : 0
Window          : due today or next working day only
SAP minutes     : used unchanged by default
Staffing        : explicit overrides only
Planner work    : live, held, split, forced and board orders excluded
Output          : split_recommendations.csv

[28/07/2026 17:17:22.97] Step 5 - Marking LINEUP run as successful... 
LINEUP status marked as successful.
[28/07/2026 17:17:23.28] Step 6 - Rebuilding dashboard with final status... 

===================================
LINEUP Dashboard Build Complete
===================================
Input       : scheduled_orders.csv
Output      : C:\LINEUP\output\dashboard.html
Insights    : assignment reasons and confidence
Remaining   : SAP versus adjusted
Utilisation : working-calendar aware

=================================== 
LINEUP background update finished 
28/07/2026 17:17:23.64 
=================================== 
 
=================================== 
LINEUP background update started 
28/07/2026 17:30:03.12 
=================================== 
[28/07/2026 17:30:03.13] Activating virtual environment... 
[28/07/2026 17:30:03.64] Step 0 - Marking LINEUP run as started... 
LINEUP status marked as running.
[28/07/2026 17:30:03.98] Step 1 - Backing up LINEUP config... 

===================================
LINEUP Config Backup Complete
===================================
Backup folder : C:\LINEUP\backups\2026-07-28_173004
Files copied  : 4
Old backups removed: 1

[28/07/2026 17:30:04.32] Step 2 - Running SAP capacity export... 
COOIS capacities export complete:
C:\LINEUP\data\raw\COOIS_Capacities_Latest.txt
[28/07/2026 17:30:28.00] Step 3 - Running SAP production list export... 
COOIS production list export complete:
C:\LINEUP\data\raw\COOIS_ProductionList_Latest.txt
[28/07/2026 17:32:37.64] Step 4 - Running LINEUP processing pipeline... 
LINEUP
Starting capacity parser...


===================================
LINEUP Capacity Parser Complete
===================================
Input : COOIS_Capacities_Latest.txt
Output: capacities_clean.csv
Rows  : 6292


===================================
LINEUP Production Parser Complete
===================================
Input : COOIS_ProductionList_Latest.txt
Output: production_list_clean.csv
Rows  : 2399


===================================
LINEUP Capacity Summary Complete
===================================
Input : capacities_clean.csv
Output: capacities_order_summary.csv
Rows  : 987


===================================
LINEUP Merge Complete
===================================
Production input : production_list_clean.csv
Capacity input   : capacities_order_summary.csv
Output           : master_schedule.csv
Rows             : 987
Missing metadata : 0


===================================
LINEUP Scheduling Complete
===================================
Scheduled orders : 36
Overflow orders  : 0
SAP minutes      : unchanged by default
Staffing         : explicit overrides only
Queue stability  : current + one automatic order
Insights         : assignment reasons and confidence


===================================
LINEUP Dashboard Build Complete
===================================
Input       : scheduled_orders.csv
Output      : C:\LINEUP\output\dashboard.html
Insights    : assignment reasons and confidence
Remaining   : SAP versus adjusted
Utilisation : working-calendar aware


===================================
LINEUP Schedule Report Complete
===================================
Bench utilisation: bench_utilisation.csv
Schedule summary : schedule_summary.csv


===================================
LINEUP Split Recommendations Complete
===================================
Recommendations : 0
Window          : due today or next working day only
SAP minutes     : used unchanged by default
Staffing        : explicit overrides only
Planner work    : live, held, split, forced and board orders excluded
Output          : split_recommendations.csv

[28/07/2026 17:32:38.13] Step 5 - Marking LINEUP run as successful... 
LINEUP status marked as successful.
[28/07/2026 17:32:38.46] Step 6 - Rebuilding dashboard with final status... 

===================================
LINEUP Dashboard Build Complete
===================================
Input       : scheduled_orders.csv
Output      : C:\LINEUP\output\dashboard.html
Insights    : assignment reasons and confidence
Remaining   : SAP versus adjusted
Utilisation : working-calendar aware

=================================== 
LINEUP background update finished 
28/07/2026 17:32:38.80 
=================================== 
 
=================================== 
LINEUP background update started 
28/07/2026 17:45:03.18 
=================================== 
[28/07/2026 17:45:03.18] Activating virtual environment... 
[28/07/2026 17:45:03.71] Step 0 - Marking LINEUP run as started... 
LINEUP status marked as running.
[28/07/2026 17:45:04.04] Step 1 - Backing up LINEUP config... 

===================================
LINEUP Config Backup Complete
===================================
Backup folder : C:\LINEUP\backups\2026-07-28_174504
Files copied  : 4
Old backups removed: 1

[28/07/2026 17:45:04.41] Step 2 - Running SAP capacity export... 
COOIS capacities export complete:
C:\LINEUP\data\raw\COOIS_Capacities_Latest.txt
[28/07/2026 17:45:28.77] Step 3 - Running SAP production list export... 
COOIS production list export complete:
C:\LINEUP\data\raw\COOIS_ProductionList_Latest.txt
[28/07/2026 17:47:18.10] Step 4 - Running LINEUP processing pipeline... 
LINEUP
Starting capacity parser...


===================================
LINEUP Capacity Parser Complete
===================================
Input : COOIS_Capacities_Latest.txt
Output: capacities_clean.csv
Rows  : 6311


===================================
LINEUP Production Parser Complete
===================================
Input : COOIS_ProductionList_Latest.txt
Output: production_list_clean.csv
Rows  : 2409


===================================
LINEUP Capacity Summary Complete
===================================
Input : capacities_clean.csv
Output: capacities_order_summary.csv
Rows  : 987


===================================
LINEUP Merge Complete
===================================
Production input : production_list_clean.csv
Capacity input   : capacities_order_summary.csv
Output           : master_schedule.csv
Rows             : 987
Missing metadata : 0


===================================
LINEUP Scheduling Complete
===================================
Scheduled orders : 36
Overflow orders  : 0
SAP minutes      : unchanged by default
Staffing         : explicit overrides only
Queue stability  : current + one automatic order
Insights         : assignment reasons and confidence


===================================
LINEUP Dashboard Build Complete
===================================
Input       : scheduled_orders.csv
Output      : C:\LINEUP\output\dashboard.html
Insights    : assignment reasons and confidence
Remaining   : SAP versus adjusted
Utilisation : working-calendar aware


===================================
LINEUP Schedule Report Complete
===================================
Bench utilisation: bench_utilisation.csv
Schedule summary : schedule_summary.csv


===================================
LINEUP Split Recommendations Complete
===================================
Recommendations : 0
Window          : due today or next working day only
SAP minutes     : used unchanged by default
Staffing        : explicit overrides only
Planner work    : live, held, split, forced and board orders excluded
Output          : split_recommendations.csv

[28/07/2026 17:47:18.58] Step 5 - Marking LINEUP run as successful... 
LINEUP status marked as successful.
[28/07/2026 17:47:18.89] Step 6 - Rebuilding dashboard with final status... 

===================================
LINEUP Dashboard Build Complete
===================================
Input       : scheduled_orders.csv
Output      : C:\LINEUP\output\dashboard.html
Insights    : assignment reasons and confidence
Remaining   : SAP versus adjusted
Utilisation : working-calendar aware

=================================== 
LINEUP background update finished 
28/07/2026 17:47:19.21 
=================================== 
 
=================================== 
LINEUP background update started 
28/07/2026 18:00:03.13 
=================================== 
[28/07/2026 18:00:03.13] Activating virtual environment... 
[28/07/2026 18:00:03.65] Step 0 - Marking LINEUP run as started... 
LINEUP status marked as running.
[28/07/2026 18:00:03.95] Step 1 - Backing up LINEUP config... 

===================================
LINEUP Config Backup Complete
===================================
Backup folder : C:\LINEUP\backups\2026-07-28_180004
Files copied  : 4
Old backups removed: 1

[28/07/2026 18:00:04.27] Step 2 - Running SAP capacity export... 
COOIS capacities export complete:
C:\LINEUP\data\raw\COOIS_Capacities_Latest.txt
[28/07/2026 18:00:28.55] Step 3 - Running SAP production list export... 
COOIS production list export complete:
C:\LINEUP\data\raw\COOIS_ProductionList_Latest.txt
[28/07/2026 18:03:09.90] Step 4 - Running LINEUP processing pipeline... 
LINEUP
Starting capacity parser...


===================================
LINEUP Capacity Parser Complete
===================================
Input : COOIS_Capacities_Latest.txt
Output: capacities_clean.csv
Rows  : 6313


===================================
LINEUP Production Parser Complete
===================================
Input : COOIS_ProductionList_Latest.txt
Output: production_list_clean.csv
Rows  : 2411


===================================
LINEUP Capacity Summary Complete
===================================
Input : capacities_clean.csv
Output: capacities_order_summary.csv
Rows  : 987


===================================
LINEUP Merge Complete
===================================
Production input : production_list_clean.csv
Capacity input   : capacities_order_summary.csv
Output           : master_schedule.csv
Rows             : 987
Missing metadata : 0


===================================
LINEUP Scheduling Complete
===================================
Scheduled orders : 36
Overflow orders  : 0
SAP minutes      : unchanged by default
Staffing         : explicit overrides only
Queue stability  : current + one automatic order
Insights         : assignment reasons and confidence


===================================
LINEUP Dashboard Build Complete
===================================
Input       : scheduled_orders.csv
Output      : C:\LINEUP\output\dashboard.html
Insights    : assignment reasons and confidence
Remaining   : SAP versus adjusted
Utilisation : working-calendar aware


===================================
LINEUP Schedule Report Complete
===================================
Bench utilisation: bench_utilisation.csv
Schedule summary : schedule_summary.csv


===================================
LINEUP Split Recommendations Complete
===================================
Recommendations : 0
Window          : due today or next working day only
SAP minutes     : used unchanged by default
Staffing        : explicit overrides only
Planner work    : live, held, split, forced and board orders excluded
Output          : split_recommendations.csv

[28/07/2026 18:03:10.38] Step 5 - Marking LINEUP run as successful... 
LINEUP status marked as successful.
[28/07/2026 18:03:10.70] Step 6 - Rebuilding dashboard with final status... 

===================================
LINEUP Dashboard Build Complete
===================================
Input       : scheduled_orders.csv
Output      : C:\LINEUP\output\dashboard.html
Insights    : assignment reasons and confidence
Remaining   : SAP versus adjusted
Utilisation : working-calendar aware

=================================== 
LINEUP background update finished 
28/07/2026 18:03:11.03 
=================================== 
 
=================================== 
LINEUP background update started 
28/07/2026 18:15:03.16 
=================================== 
[28/07/2026 18:15:03.16] Activating virtual environment... 
[28/07/2026 18:15:03.70] Step 0 - Marking LINEUP run as started... 
LINEUP status marked as running.
[28/07/2026 18:15:04.00] Step 1 - Backing up LINEUP config... 

===================================
LINEUP Config Backup Complete
===================================
Backup folder : C:\LINEUP\backups\2026-07-28_181504
Files copied  : 4
Old backups removed: 1

[28/07/2026 18:15:04.33] Step 2 - Running SAP capacity export... 
COOIS capacities export complete:
C:\LINEUP\data\raw\COOIS_Capacities_Latest.txt
[28/07/2026 18:15:28.37] Step 3 - Running SAP production list export... 
COOIS production list export complete:
C:\LINEUP\data\raw\COOIS_ProductionList_Latest.txt
[28/07/2026 18:17:18.73] Step 4 - Running LINEUP processing pipeline... 
LINEUP
Starting capacity parser...


===================================
LINEUP Capacity Parser Complete
===================================
Input : COOIS_Capacities_Latest.txt
Output: capacities_clean.csv
Rows  : 6322


===================================
LINEUP Production Parser Complete
===================================
Input : COOIS_ProductionList_Latest.txt
Output: production_list_clean.csv
Rows  : 2417


===================================
LINEUP Capacity Summary Complete
===================================
Input : capacities_clean.csv
Output: capacities_order_summary.csv
Rows  : 987


===================================
LINEUP Merge Complete
===================================
Production input : production_list_clean.csv
Capacity input   : capacities_order_summary.csv
Output           : master_schedule.csv
Rows             : 987
Missing metadata : 0


===================================
LINEUP Scheduling Complete
===================================
Scheduled orders : 36
Overflow orders  : 0
SAP minutes      : unchanged by default
Staffing         : explicit overrides only
Queue stability  : current + one automatic order
Insights         : assignment reasons and confidence


===================================
LINEUP Dashboard Build Complete
===================================
Input       : scheduled_orders.csv
Output      : C:\LINEUP\output\dashboard.html
Insights    : assignment reasons and confidence
Remaining   : SAP versus adjusted
Utilisation : working-calendar aware


===================================
LINEUP Schedule Report Complete
===================================
Bench utilisation: bench_utilisation.csv
Schedule summary : schedule_summary.csv


===================================
LINEUP Split Recommendations Complete
===================================
Recommendations : 0
Window          : due today or next working day only
SAP minutes     : used unchanged by default
Staffing        : explicit overrides only
Planner work    : live, held, split, forced and board orders excluded
Output          : split_recommendations.csv

[28/07/2026 18:17:19.21] Step 5 - Marking LINEUP run as successful... 
LINEUP status marked as successful.
[28/07/2026 18:17:19.52] Step 6 - Rebuilding dashboard with final status... 

===================================
LINEUP Dashboard Build Complete
===================================
Input       : scheduled_orders.csv
Output      : C:\LINEUP\output\dashboard.html
Insights    : assignment reasons and confidence
Remaining   : SAP versus adjusted
Utilisation : working-calendar aware

=================================== 
LINEUP background update finished 
28/07/2026 18:17:19.85 
=================================== 
 
=================================== 
LINEUP background update started 
28/07/2026 18:30:03.22 
=================================== 
[28/07/2026 18:30:03.22] Activating virtual environment... 
[28/07/2026 18:30:03.75] Step 0 - Marking LINEUP run as started... 
LINEUP status marked as running.
[28/07/2026 18:30:04.08] Step 1 - Backing up LINEUP config... 

===================================
LINEUP Config Backup Complete
===================================
Backup folder : C:\LINEUP\backups\2026-07-28_183004
Files copied  : 4
Old backups removed: 1

[28/07/2026 18:30:04.43] Step 2 - Running SAP capacity export... 
COOIS capacities export complete:
C:\LINEUP\data\raw\COOIS_Capacities_Latest.txt
[28/07/2026 18:30:28.90] Step 3 - Running SAP production list export... 
COOIS production list export complete:
C:\LINEUP\data\raw\COOIS_ProductionList_Latest.txt
[28/07/2026 18:32:24.83] Step 4 - Running LINEUP processing pipeline... 
LINEUP
Starting capacity parser...


===================================
LINEUP Capacity Parser Complete
===================================
Input : COOIS_Capacities_Latest.txt
Output: capacities_clean.csv
Rows  : 6329


===================================
LINEUP Production Parser Complete
===================================
Input : COOIS_ProductionList_Latest.txt
Output: production_list_clean.csv
Rows  : 2420


===================================
LINEUP Capacity Summary Complete
===================================
Input : capacities_clean.csv
Output: capacities_order_summary.csv
Rows  : 987


===================================
LINEUP Merge Complete
===================================
Production input : production_list_clean.csv
Capacity input   : capacities_order_summary.csv
Output           : master_schedule.csv
Rows             : 987
Missing metadata : 0


===================================
LINEUP Scheduling Complete
===================================
Scheduled orders : 36
Overflow orders  : 0
SAP minutes      : unchanged by default
Staffing         : explicit overrides only
Queue stability  : current + one automatic order
Insights         : assignment reasons and confidence


===================================
LINEUP Dashboard Build Complete
===================================
Input       : scheduled_orders.csv
Output      : C:\LINEUP\output\dashboard.html
Insights    : assignment reasons and confidence
Remaining   : SAP versus adjusted
Utilisation : working-calendar aware


===================================
LINEUP Schedule Report Complete
===================================
Bench utilisation: bench_utilisation.csv
Schedule summary : schedule_summary.csv


===================================
LINEUP Split Recommendations Complete
===================================
Recommendations : 0
Window          : due today or next working day only
SAP minutes     : used unchanged by default
Staffing        : explicit overrides only
Planner work    : live, held, split, forced and board orders excluded
Output          : split_recommendations.csv

[28/07/2026 18:32:25.34] Step 5 - Marking LINEUP run as successful... 
LINEUP status marked as successful.
[28/07/2026 18:32:25.67] Step 6 - Rebuilding dashboard with final status... 

===================================
LINEUP Dashboard Build Complete
===================================
Input       : scheduled_orders.csv
Output      : C:\LINEUP\output\dashboard.html
Insights    : assignment reasons and confidence
Remaining   : SAP versus adjusted
Utilisation : working-calendar aware

=================================== 
LINEUP background update finished 
28/07/2026 18:32:26.02 
=================================== 
 
=================================== 
LINEUP background update started 
28/07/2026 18:45:03.15 
=================================== 
[28/07/2026 18:45:03.15] Activating virtual environment... 
[28/07/2026 18:45:03.67] Step 0 - Marking LINEUP run as started... 
LINEUP status marked as running.
[28/07/2026 18:45:04.00] Step 1 - Backing up LINEUP config... 

===================================
LINEUP Config Backup Complete
===================================
Backup folder : C:\LINEUP\backups\2026-07-28_184504
Files copied  : 4
Old backups removed: 1

[28/07/2026 18:45:04.33] Step 2 - Running SAP capacity export... 
COOIS capacities export complete:
C:\LINEUP\data\raw\COOIS_Capacities_Latest.txt
[28/07/2026 18:45:27.67] Step 3 - Running SAP production list export... 
COOIS production list export complete:
C:\LINEUP\data\raw\COOIS_ProductionList_Latest.txt
[28/07/2026 18:47:22.16] Step 4 - Running LINEUP processing pipeline... 
LINEUP
Starting capacity parser...


===================================
LINEUP Capacity Parser Complete
===================================
Input : COOIS_Capacities_Latest.txt
Output: capacities_clean.csv
Rows  : 6335


===================================
LINEUP Production Parser Complete
===================================
Input : COOIS_ProductionList_Latest.txt
Output: production_list_clean.csv
Rows  : 2422


===================================
LINEUP Capacity Summary Complete
===================================
Input : capacities_clean.csv
Output: capacities_order_summary.csv
Rows  : 987


===================================
LINEUP Merge Complete
===================================
Production input : production_list_clean.csv
Capacity input   : capacities_order_summary.csv
Output           : master_schedule.csv
Rows             : 987
Missing metadata : 0


===================================
LINEUP Scheduling Complete
===================================
Scheduled orders : 36
Overflow orders  : 0
SAP minutes      : unchanged by default
Staffing         : explicit overrides only
Queue stability  : current + one automatic order
Insights         : assignment reasons and confidence


===================================
LINEUP Dashboard Build Complete
===================================
Input       : scheduled_orders.csv
Output      : C:\LINEUP\output\dashboard.html
Insights    : assignment reasons and confidence
Remaining   : SAP versus adjusted
Utilisation : working-calendar aware


===================================
LINEUP Schedule Report Complete
===================================
Bench utilisation: bench_utilisation.csv
Schedule summary : schedule_summary.csv


===================================
LINEUP Split Recommendations Complete
===================================
Recommendations : 0
Window          : due today or next working day only
SAP minutes     : used unchanged by default
Staffing        : explicit overrides only
Planner work    : live, held, split, forced and board orders excluded
Output          : split_recommendations.csv

[28/07/2026 18:47:22.63] Step 5 - Marking LINEUP run as successful... 
LINEUP status marked as successful.
[28/07/2026 18:47:22.95] Step 6 - Rebuilding dashboard with final status... 

===================================
LINEUP Dashboard Build Complete
===================================
Input       : scheduled_orders.csv
Output      : C:\LINEUP\output\dashboard.html
Insights    : assignment reasons and confidence
Remaining   : SAP versus adjusted
Utilisation : working-calendar aware

=================================== 
LINEUP background update finished 
28/07/2026 18:47:23.28 
=================================== 
 
=================================== 
LINEUP background update started 
28/07/2026 19:00:03.25 
=================================== 
[28/07/2026 19:00:03.25] Activating virtual environment... 
[28/07/2026 19:00:03.77] Step 0 - Marking LINEUP run as started... 
LINEUP status marked as running.
[28/07/2026 19:00:04.10] Step 1 - Backing up LINEUP config... 

===================================
LINEUP Config Backup Complete
===================================
Backup folder : C:\LINEUP\backups\2026-07-28_190004
Files copied  : 4
Old backups removed: 1

[28/07/2026 19:00:04.45] Step 2 - Running SAP capacity export... 
COOIS capacities export complete:
C:\LINEUP\data\raw\COOIS_Capacities_Latest.txt
[28/07/2026 19:00:27.96] Step 3 - Running SAP production list export... 
COOIS production list export complete:
C:\LINEUP\data\raw\COOIS_ProductionList_Latest.txt
[28/07/2026 19:02:44.44] Step 4 - Running LINEUP processing pipeline... 
LINEUP
Starting capacity parser...


===================================
LINEUP Capacity Parser Complete
===================================
Input : COOIS_Capacities_Latest.txt
Output: capacities_clean.csv
Rows  : 6333


===================================
LINEUP Production Parser Complete
===================================
Input : COOIS_ProductionList_Latest.txt
Output: production_list_clean.csv
Rows  : 2422


===================================
LINEUP Capacity Summary Complete
===================================
Input : capacities_clean.csv
Output: capacities_order_summary.csv
Rows  : 987


===================================
LINEUP Merge Complete
===================================
Production input : production_list_clean.csv
Capacity input   : capacities_order_summary.csv
Output           : master_schedule.csv
Rows             : 987
Missing metadata : 0


===================================
LINEUP Scheduling Complete
===================================
Scheduled orders : 36
Overflow orders  : 0
SAP minutes      : unchanged by default
Staffing         : explicit overrides only
Queue stability  : current + one automatic order
Insights         : assignment reasons and confidence


===================================
LINEUP Dashboard Build Complete
===================================
Input       : scheduled_orders.csv
Output      : C:\LINEUP\output\dashboard.html
Insights    : assignment reasons and confidence
Remaining   : SAP versus adjusted
Utilisation : working-calendar aware


===================================
LINEUP Schedule Report Complete
===================================
Bench utilisation: bench_utilisation.csv
Schedule summary : schedule_summary.csv


===================================
LINEUP Split Recommendations Complete
===================================
Recommendations : 0
Window          : due today or next working day only
SAP minutes     : used unchanged by default
Staffing        : explicit overrides only
Planner work    : live, held, split, forced and board orders excluded
Output          : split_recommendations.csv

[28/07/2026 19:02:44.97] Step 5 - Marking LINEUP run as successful... 
LINEUP status marked as successful.
[28/07/2026 19:02:45.31] Step 6 - Rebuilding dashboard with final status... 

===================================
LINEUP Dashboard Build Complete
===================================
Input       : scheduled_orders.csv
Output      : C:\LINEUP\output\dashboard.html
Insights    : assignment reasons and confidence
Remaining   : SAP versus adjusted
Utilisation : working-calendar aware

=================================== 
LINEUP background update finished 
28/07/2026 19:02:45.63 
=================================== 
 
=================================== 
LINEUP background update started 
28/07/2026 19:15:03.25 
=================================== 
[28/07/2026 19:15:03.25] Activating virtual environment... 
[28/07/2026 19:15:03.76] Step 0 - Marking LINEUP run as started... 
LINEUP status marked as running.
[28/07/2026 19:15:04.09] Step 1 - Backing up LINEUP config... 

===================================
LINEUP Config Backup Complete
===================================
Backup folder : C:\LINEUP\backups\2026-07-28_191504
Files copied  : 4
Old backups removed: 1

[28/07/2026 19:15:04.42] Step 2 - Running SAP capacity export... 
COOIS capacities export complete:
C:\LINEUP\data\raw\COOIS_Capacities_Latest.txt
[28/07/2026 19:15:28.02] Step 3 - Running SAP production list export... 
COOIS production list export complete:
C:\LINEUP\data\raw\COOIS_ProductionList_Latest.txt
[28/07/2026 19:17:42.26] Step 4 - Running LINEUP processing pipeline... 
LINEUP
Starting capacity parser...


===================================
LINEUP Capacity Parser Complete
===================================
Input : COOIS_Capacities_Latest.txt
Output: capacities_clean.csv
Rows  : 6337


===================================
LINEUP Production Parser Complete
===================================
Input : COOIS_ProductionList_Latest.txt
Output: production_list_clean.csv
Rows  : 2424


===================================
LINEUP Capacity Summary Complete
===================================
Input : capacities_clean.csv
Output: capacities_order_summary.csv
Rows  : 987


===================================
LINEUP Merge Complete
===================================
Production input : production_list_clean.csv
Capacity input   : capacities_order_summary.csv
Output           : master_schedule.csv
Rows             : 987
Missing metadata : 0


===================================
LINEUP Scheduling Complete
===================================
Scheduled orders : 36
Overflow orders  : 0
SAP minutes      : unchanged by default
Staffing         : explicit overrides only
Queue stability  : current + one automatic order
Insights         : assignment reasons and confidence


===================================
LINEUP Dashboard Build Complete
===================================
Input       : scheduled_orders.csv
Output      : C:\LINEUP\output\dashboard.html
Insights    : assignment reasons and confidence
Remaining   : SAP versus adjusted
Utilisation : working-calendar aware


===================================
LINEUP Schedule Report Complete
===================================
Bench utilisation: bench_utilisation.csv
Schedule summary : schedule_summary.csv


===================================
LINEUP Split Recommendations Complete
===================================
Recommendations : 0
Window          : due today or next working day only
SAP minutes     : used unchanged by default
Staffing        : explicit overrides only
Planner work    : live, held, split, forced and board orders excluded
Output          : split_recommendations.csv

[28/07/2026 19:17:42.94] Step 5 - Marking LINEUP run as successful... 
LINEUP status marked as successful.
[28/07/2026 19:17:43.25] Step 6 - Rebuilding dashboard with final status... 

===================================
LINEUP Dashboard Build Complete
===================================
Input       : scheduled_orders.csv
Output      : C:\LINEUP\output\dashboard.html
Insights    : assignment reasons and confidence
Remaining   : SAP versus adjusted
Utilisation : working-calendar aware

=================================== 
LINEUP background update finished 
28/07/2026 19:17:43.59 
=================================== 
 
=================================== 
LINEUP background update started 
28/07/2026 19:30:03.23 
=================================== 
[28/07/2026 19:30:03.23] Activating virtual environment... 
[28/07/2026 19:30:03.74] Step 0 - Marking LINEUP run as started... 
LINEUP status marked as running.
[28/07/2026 19:30:04.07] Step 1 - Backing up LINEUP config... 

===================================
LINEUP Config Backup Complete
===================================
Backup folder : C:\LINEUP\backups\2026-07-28_193004
Files copied  : 4
Old backups removed: 1

[28/07/2026 19:30:04.41] Step 2 - Running SAP capacity export... 
COOIS capacities export complete:
C:\LINEUP\data\raw\COOIS_Capacities_Latest.txt
[28/07/2026 19:30:29.14] Step 3 - Running SAP production list export... 
COOIS production list export complete:
C:\LINEUP\data\raw\COOIS_ProductionList_Latest.txt
[28/07/2026 19:33:02.38] Step 4 - Running LINEUP processing pipeline... 
LINEUP
Starting capacity parser...


===================================
LINEUP Capacity Parser Complete
===================================
Input : COOIS_Capacities_Latest.txt
Output: capacities_clean.csv
Rows  : 6343


===================================
LINEUP Production Parser Complete
===================================
Input : COOIS_ProductionList_Latest.txt
Output: production_list_clean.csv
Rows  : 2425


===================================
LINEUP Capacity Summary Complete
===================================
Input : capacities_clean.csv
Output: capacities_order_summary.csv
Rows  : 987


===================================
LINEUP Merge Complete
===================================
Production input : production_list_clean.csv
Capacity input   : capacities_order_summary.csv
Output           : master_schedule.csv
Rows             : 987
Missing metadata : 0


===================================
LINEUP Scheduling Complete
===================================
Scheduled orders : 36
Overflow orders  : 0
SAP minutes      : unchanged by default
Staffing         : explicit overrides only
Queue stability  : current + one automatic order
Insights         : assignment reasons and confidence


===================================
LINEUP Dashboard Build Complete
===================================
Input       : scheduled_orders.csv
Output      : C:\LINEUP\output\dashboard.html
Insights    : assignment reasons and confidence
Remaining   : SAP versus adjusted
Utilisation : working-calendar aware


===================================
LINEUP Schedule Report Complete
===================================
Bench utilisation: bench_utilisation.csv
Schedule summary : schedule_summary.csv


===================================
LINEUP Split Recommendations Complete
===================================
Recommendations : 0
Window          : due today or next working day only
SAP minutes     : used unchanged by default
Staffing        : explicit overrides only
Planner work    : live, held, split, forced and board orders excluded
Output          : split_recommendations.csv

[28/07/2026 19:33:02.85] Step 5 - Marking LINEUP run as successful... 
LINEUP status marked as successful.
[28/07/2026 19:33:03.16] Step 6 - Rebuilding dashboard with final status... 

===================================
LINEUP Dashboard Build Complete
===================================
Input       : scheduled_orders.csv
Output      : C:\LINEUP\output\dashboard.html
Insights    : assignment reasons and confidence
Remaining   : SAP versus adjusted
Utilisation : working-calendar aware

=================================== 
LINEUP background update finished 
28/07/2026 19:33:03.49 
=================================== 
 
=================================== 
LINEUP background update started 
28/07/2026 19:45:03.16 
=================================== 
[28/07/2026 19:45:03.16] Activating virtual environment... 
[28/07/2026 19:45:03.68] Step 0 - Marking LINEUP run as started... 
LINEUP status marked as running.
[28/07/2026 19:45:04.00] Step 1 - Backing up LINEUP config... 

===================================
LINEUP Config Backup Complete
===================================
Backup folder : C:\LINEUP\backups\2026-07-28_194504
Files copied  : 4
Old backups removed: 1

[28/07/2026 19:45:04.35] Step 2 - Running SAP capacity export... 
COOIS capacities export complete:
C:\LINEUP\data\raw\COOIS_Capacities_Latest.txt
[28/07/2026 19:45:27.74] Step 3 - Running SAP production list export... 
COOIS production list export complete:
C:\LINEUP\data\raw\COOIS_ProductionList_Latest.txt
[28/07/2026 19:47:32.00] Step 4 - Running LINEUP processing pipeline... 
LINEUP
Starting capacity parser...


===================================
LINEUP Capacity Parser Complete
===================================
Input : COOIS_Capacities_Latest.txt
Output: capacities_clean.csv
Rows  : 6338


===================================
LINEUP Production Parser Complete
===================================
Input : COOIS_ProductionList_Latest.txt
Output: production_list_clean.csv
Rows  : 2426


===================================
LINEUP Capacity Summary Complete
===================================
Input : capacities_clean.csv
Output: capacities_order_summary.csv
Rows  : 987


===================================
LINEUP Merge Complete
===================================
Production input : production_list_clean.csv
Capacity input   : capacities_order_summary.csv
Output           : master_schedule.csv
Rows             : 987
Missing metadata : 0


===================================
LINEUP Scheduling Complete
===================================
Scheduled orders : 36
Overflow orders  : 0
SAP minutes      : unchanged by default
Staffing         : explicit overrides only
Queue stability  : current + one automatic order
Insights         : assignment reasons and confidence


===================================
LINEUP Dashboard Build Complete
===================================
Input       : scheduled_orders.csv
Output      : C:\LINEUP\output\dashboard.html
Insights    : assignment reasons and confidence
Remaining   : SAP versus adjusted
Utilisation : working-calendar aware


===================================
LINEUP Schedule Report Complete
===================================
Bench utilisation: bench_utilisation.csv
Schedule summary : schedule_summary.csv


===================================
LINEUP Split Recommendations Complete
===================================
Recommendations : 0
Window          : due today or next working day only
SAP minutes     : used unchanged by default
Staffing        : explicit overrides only
Planner work    : live, held, split, forced and board orders excluded
Output          : split_recommendations.csv

[28/07/2026 19:47:32.48] Step 5 - Marking LINEUP run as successful... 
LINEUP status marked as successful.
[28/07/2026 19:47:32.81] Step 6 - Rebuilding dashboard with final status... 

===================================
LINEUP Dashboard Build Complete
===================================
Input       : scheduled_orders.csv
Output      : C:\LINEUP\output\dashboard.html
Insights    : assignment reasons and confidence
Remaining   : SAP versus adjusted
Utilisation : working-calendar aware

=================================== 
LINEUP background update finished 
28/07/2026 19:47:33.13 
=================================== 
 
=================================== 
LINEUP background update started 
28/07/2026 20:00:03.17 
=================================== 
[28/07/2026 20:00:03.17] Activating virtual environment... 
[28/07/2026 20:00:03.69] Step 0 - Marking LINEUP run as started... 
LINEUP status marked as running.
[28/07/2026 20:00:04.01] Step 1 - Backing up LINEUP config... 

===================================
LINEUP Config Backup Complete
===================================
Backup folder : C:\LINEUP\backups\2026-07-28_200004
Files copied  : 4
Old backups removed: 1

[28/07/2026 20:00:04.37] Step 2 - Running SAP capacity export... 
COOIS capacities export complete:
C:\LINEUP\data\raw\COOIS_Capacities_Latest.txt
[28/07/2026 20:00:29.44] Step 3 - Running SAP production list export... 
COOIS production list export complete:
C:\LINEUP\data\raw\COOIS_ProductionList_Latest.txt
[28/07/2026 20:04:24.15] Step 4 - Running LINEUP processing pipeline... 
LINEUP
Starting capacity parser...


===================================
LINEUP Capacity Parser Complete
===================================
Input : COOIS_Capacities_Latest.txt
Output: capacities_clean.csv
Rows  : 6341


===================================
LINEUP Production Parser Complete
===================================
Input : COOIS_ProductionList_Latest.txt
Output: production_list_clean.csv
Rows  : 2429


===================================
LINEUP Capacity Summary Complete
===================================
Input : capacities_clean.csv
Output: capacities_order_summary.csv
Rows  : 987


===================================
LINEUP Merge Complete
===================================
Production input : production_list_clean.csv
Capacity input   : capacities_order_summary.csv
Output           : master_schedule.csv
Rows             : 987
Missing metadata : 0


===================================
LINEUP Scheduling Complete
===================================
Scheduled orders : 36
Overflow orders  : 0
SAP minutes      : unchanged by default
Staffing         : explicit overrides only
Queue stability  : current + one automatic order
Insights         : assignment reasons and confidence


===================================
LINEUP Dashboard Build Complete
===================================
Input       : scheduled_orders.csv
Output      : C:\LINEUP\output\dashboard.html
Insights    : assignment reasons and confidence
Remaining   : SAP versus adjusted
Utilisation : working-calendar aware


===================================
LINEUP Schedule Report Complete
===================================
Bench utilisation: bench_utilisation.csv
Schedule summary : schedule_summary.csv


===================================
LINEUP Split Recommendations Complete
===================================
Recommendations : 0
Window          : due today or next working day only
SAP minutes     : used unchanged by default
Staffing        : explicit overrides only
Planner work    : live, held, split, forced and board orders excluded
Output          : split_recommendations.csv

[28/07/2026 20:04:24.62] Step 5 - Marking LINEUP run as successful... 
LINEUP status marked as successful.
[28/07/2026 20:04:24.92] Step 6 - Rebuilding dashboard with final status... 

===================================
LINEUP Dashboard Build Complete
===================================
Input       : scheduled_orders.csv
Output      : C:\LINEUP\output\dashboard.html
Insights    : assignment reasons and confidence
Remaining   : SAP versus adjusted
Utilisation : working-calendar aware

=================================== 
LINEUP background update finished 
28/07/2026 20:04:25.28 
=================================== 
 
=================================== 
LINEUP background update started 
28/07/2026 20:15:03.20 
=================================== 
[28/07/2026 20:15:03.20] Activating virtual environment... 
[28/07/2026 20:15:03.71] Step 0 - Marking LINEUP run as started... 
LINEUP status marked as running.
[28/07/2026 20:15:04.01] Step 1 - Backing up LINEUP config... 

===================================
LINEUP Config Backup Complete
===================================
Backup folder : C:\LINEUP\backups\2026-07-28_201504
Files copied  : 4
Old backups removed: 1

[28/07/2026 20:15:04.36] Step 2 - Running SAP capacity export... 
COOIS capacities export complete:
C:\LINEUP\data\raw\COOIS_Capacities_Latest.txt
[28/07/2026 20:15:28.87] Step 3 - Running SAP production list export... 
COOIS production list export complete:
C:\LINEUP\data\raw\COOIS_ProductionList_Latest.txt
[28/07/2026 20:18:01.94] Step 4 - Running LINEUP processing pipeline... 
LINEUP
Starting capacity parser...


===================================
LINEUP Capacity Parser Complete
===================================
Input : COOIS_Capacities_Latest.txt
Output: capacities_clean.csv
Rows  : 6341


===================================
LINEUP Production Parser Complete
===================================
Input : COOIS_ProductionList_Latest.txt
Output: production_list_clean.csv
Rows  : 2429


===================================
LINEUP Capacity Summary Complete
===================================
Input : capacities_clean.csv
Output: capacities_order_summary.csv
Rows  : 987


===================================
LINEUP Merge Complete
===================================
Production input : production_list_clean.csv
Capacity input   : capacities_order_summary.csv
Output           : master_schedule.csv
Rows             : 987
Missing metadata : 0


===================================
LINEUP Scheduling Complete
===================================
Scheduled orders : 36
Overflow orders  : 0
SAP minutes      : unchanged by default
Staffing         : explicit overrides only
Queue stability  : current + one automatic order
Insights         : assignment reasons and confidence


===================================
LINEUP Dashboard Build Complete
===================================
Input       : scheduled_orders.csv
Output      : C:\LINEUP\output\dashboard.html
Insights    : assignment reasons and confidence
Remaining   : SAP versus adjusted
Utilisation : working-calendar aware


===================================
LINEUP Schedule Report Complete
===================================
Bench utilisation: bench_utilisation.csv
Schedule summary : schedule_summary.csv


===================================
LINEUP Split Recommendations Complete
===================================
Recommendations : 0
Window          : due today or next working day only
SAP minutes     : used unchanged by default
Staffing        : explicit overrides only
Planner work    : live, held, split, forced and board orders excluded
Output          : split_recommendations.csv

[28/07/2026 20:18:02.45] Step 5 - Marking LINEUP run as successful... 
LINEUP status marked as successful.
[28/07/2026 20:18:02.77] Step 6 - Rebuilding dashboard with final status... 

===================================
LINEUP Dashboard Build Complete
===================================
Input       : scheduled_orders.csv
Output      : C:\LINEUP\output\dashboard.html
Insights    : assignment reasons and confidence
Remaining   : SAP versus adjusted
Utilisation : working-calendar aware

=================================== 
LINEUP background update finished 
28/07/2026 20:18:03.12 
=================================== 
 
=================================== 
LINEUP background update started 
28/07/2026 20:30:03.13 
=================================== 
[28/07/2026 20:30:03.13] Activating virtual environment... 
[28/07/2026 20:30:03.65] Step 0 - Marking LINEUP run as started... 
LINEUP status marked as running.
[28/07/2026 20:30:03.96] Step 1 - Backing up LINEUP config... 

===================================
LINEUP Config Backup Complete
===================================
Backup folder : C:\LINEUP\backups\2026-07-28_203004
Files copied  : 4
Old backups removed: 1

[28/07/2026 20:30:04.29] Step 2 - Running SAP capacity export... 
COOIS capacities export complete:
C:\LINEUP\data\raw\COOIS_Capacities_Latest.txt
[28/07/2026 20:30:29.47] Step 3 - Running SAP production list export... 
COOIS production list export complete:
C:\LINEUP\data\raw\COOIS_ProductionList_Latest.txt
[28/07/2026 20:33:04.23] Step 4 - Running LINEUP processing pipeline... 
LINEUP
Starting capacity parser...


===================================
LINEUP Capacity Parser Complete
===================================
Input : COOIS_Capacities_Latest.txt
Output: capacities_clean.csv
Rows  : 6340


===================================
LINEUP Production Parser Complete
===================================
Input : COOIS_ProductionList_Latest.txt
Output: production_list_clean.csv
Rows  : 2428


===================================
LINEUP Capacity Summary Complete
===================================
Input : capacities_clean.csv
Output: capacities_order_summary.csv
Rows  : 987


===================================
LINEUP Merge Complete
===================================
Production input : production_list_clean.csv
Capacity input   : capacities_order_summary.csv
Output           : master_schedule.csv
Rows             : 987
Missing metadata : 0


===================================
LINEUP Scheduling Complete
===================================
Scheduled orders : 36
Overflow orders  : 0
SAP minutes      : unchanged by default
Staffing         : explicit overrides only
Queue stability  : current + one automatic order
Insights         : assignment reasons and confidence


===================================
LINEUP Dashboard Build Complete
===================================
Input       : scheduled_orders.csv
Output      : C:\LINEUP\output\dashboard.html
Insights    : assignment reasons and confidence
Remaining   : SAP versus adjusted
Utilisation : working-calendar aware


===================================
LINEUP Schedule Report Complete
===================================
Bench utilisation: bench_utilisation.csv
Schedule summary : schedule_summary.csv


===================================
LINEUP Split Recommendations Complete
===================================
Recommendations : 0
Window          : due today or next working day only
SAP minutes     : used unchanged by default
Staffing        : explicit overrides only
Planner work    : live, held, split, forced and board orders excluded
Output          : split_recommendations.csv

[28/07/2026 20:33:04.72] Step 5 - Marking LINEUP run as successful... 
LINEUP status marked as successful.
[28/07/2026 20:33:05.03] Step 6 - Rebuilding dashboard with final status... 

===================================
LINEUP Dashboard Build Complete
===================================
Input       : scheduled_orders.csv
Output      : C:\LINEUP\output\dashboard.html
Insights    : assignment reasons and confidence
Remaining   : SAP versus adjusted
Utilisation : working-calendar aware

=================================== 
LINEUP background update finished 
28/07/2026 20:33:05.38 
=================================== 
 
=================================== 
LINEUP background update started 
28/07/2026 20:45:03.19 
=================================== 
[28/07/2026 20:45:03.19] Activating virtual environment... 
[28/07/2026 20:45:03.72] Step 0 - Marking LINEUP run as started... 
LINEUP status marked as running.
[28/07/2026 20:45:04.03] Step 1 - Backing up LINEUP config... 

===================================
LINEUP Config Backup Complete
===================================
Backup folder : C:\LINEUP\backups\2026-07-28_204504
Files copied  : 4
Old backups removed: 1

[28/07/2026 20:45:04.36] Step 2 - Running SAP capacity export... 
COOIS capacities export complete:
C:\LINEUP\data\raw\COOIS_Capacities_Latest.txt
[28/07/2026 20:45:28.42] Step 3 - Running SAP production list export... 
COOIS production list export complete:
C:\LINEUP\data\raw\COOIS_ProductionList_Latest.txt
[28/07/2026 20:47:50.81] Step 4 - Running LINEUP processing pipeline... 
LINEUP
Starting capacity parser...


===================================
LINEUP Capacity Parser Complete
===================================
Input : COOIS_Capacities_Latest.txt
Output: capacities_clean.csv
Rows  : 6340


===================================
LINEUP Production Parser Complete
===================================
Input : COOIS_ProductionList_Latest.txt
Output: production_list_clean.csv
Rows  : 2428


===================================
LINEUP Capacity Summary Complete
===================================
Input : capacities_clean.csv
Output: capacities_order_summary.csv
Rows  : 987


===================================
LINEUP Merge Complete
===================================
Production input : production_list_clean.csv
Capacity input   : capacities_order_summary.csv
Output           : master_schedule.csv
Rows             : 987
Missing metadata : 0


===================================
LINEUP Scheduling Complete
===================================
Scheduled orders : 36
Overflow orders  : 0
SAP minutes      : unchanged by default
Staffing         : explicit overrides only
Queue stability  : current + one automatic order
Insights         : assignment reasons and confidence


===================================
LINEUP Dashboard Build Complete
===================================
Input       : scheduled_orders.csv
Output      : C:\LINEUP\output\dashboard.html
Insights    : assignment reasons and confidence
Remaining   : SAP versus adjusted
Utilisation : working-calendar aware


===================================
LINEUP Schedule Report Complete
===================================
Bench utilisation: bench_utilisation.csv
Schedule summary : schedule_summary.csv


===================================
LINEUP Split Recommendations Complete
===================================
Recommendations : 0
Window          : due today or next working day only
SAP minutes     : used unchanged by default
Staffing        : explicit overrides only
Planner work    : live, held, split, forced and board orders excluded
Output          : split_recommendations.csv

[28/07/2026 20:47:51.32] Step 5 - Marking LINEUP run as successful... 
LINEUP status marked as successful.
[28/07/2026 20:47:51.66] Step 6 - Rebuilding dashboard with final status... 

===================================
LINEUP Dashboard Build Complete
===================================
Input       : scheduled_orders.csv
Output      : C:\LINEUP\output\dashboard.html
Insights    : assignment reasons and confidence
Remaining   : SAP versus adjusted
Utilisation : working-calendar aware

=================================== 
LINEUP background update finished 
28/07/2026 20:47:52.00 
=================================== 
 
=================================== 
LINEUP background update started 
28/07/2026 21:00:03.36 
=================================== 
[28/07/2026 21:00:03.36] Activating virtual environment... 
[28/07/2026 21:00:03.93] Step 0 - Marking LINEUP run as started... 
LINEUP status marked as running.
[28/07/2026 21:00:04.36] Step 1 - Backing up LINEUP config... 

===================================
LINEUP Config Backup Complete
===================================
Backup folder : C:\LINEUP\backups\2026-07-28_210004
Files copied  : 4
Old backups removed: 1

[28/07/2026 21:00:04.78] Step 2 - Running SAP capacity export... 
COOIS capacities export complete:
C:\LINEUP\data\raw\COOIS_Capacities_Latest.txt
[28/07/2026 21:00:30.28] Step 3 - Running SAP production list export... 
COOIS production list export complete:
C:\LINEUP\data\raw\COOIS_ProductionList_Latest.txt
[28/07/2026 21:03:44.45] Step 4 - Running LINEUP processing pipeline... 
LINEUP
Starting capacity parser...


===================================
LINEUP Capacity Parser Complete
===================================
Input : COOIS_Capacities_Latest.txt
Output: capacities_clean.csv
Rows  : 6340


===================================
LINEUP Production Parser Complete
===================================
Input : COOIS_ProductionList_Latest.txt
Output: production_list_clean.csv
Rows  : 2428


===================================
LINEUP Capacity Summary Complete
===================================
Input : capacities_clean.csv
Output: capacities_order_summary.csv
Rows  : 987


===================================
LINEUP Merge Complete
===================================
Production input : production_list_clean.csv
Capacity input   : capacities_order_summary.csv
Output           : master_schedule.csv
Rows             : 987
Missing metadata : 0


===================================
LINEUP Scheduling Complete
===================================
Scheduled orders : 36
Overflow orders  : 0
SAP minutes      : unchanged by default
Staffing         : explicit overrides only
Queue stability  : current + one automatic order
Insights         : assignment reasons and confidence


===================================
LINEUP Dashboard Build Complete
===================================
Input       : scheduled_orders.csv
Output      : C:\LINEUP\output\dashboard.html
Insights    : assignment reasons and confidence
Remaining   : SAP versus adjusted
Utilisation : working-calendar aware


===================================
LINEUP Schedule Report Complete
===================================
Bench utilisation: bench_utilisation.csv
Schedule summary : schedule_summary.csv


===================================
LINEUP Split Recommendations Complete
===================================
Recommendations : 0
Window          : due today or next working day only
SAP minutes     : used unchanged by default
Staffing        : explicit overrides only
Planner work    : live, held, split, forced and board orders excluded
Output          : split_recommendations.csv

[28/07/2026 21:03:44.93] Step 5 - Marking LINEUP run as successful... 
LINEUP status marked as successful.
[28/07/2026 21:03:45.22] Step 6 - Rebuilding dashboard with final status... 

===================================
LINEUP Dashboard Build Complete
===================================
Input       : scheduled_orders.csv
Output      : C:\LINEUP\output\dashboard.html
Insights    : assignment reasons and confidence
Remaining   : SAP versus adjusted
Utilisation : working-calendar aware

=================================== 
LINEUP background update finished 
28/07/2026 21:03:45.59 
=================================== 
 
=================================== 
LINEUP background update started 
28/07/2026 21:15:03.38 
=================================== 
[28/07/2026 21:15:03.38] Activating virtual environment... 
[28/07/2026 21:15:03.91] Step 0 - Marking LINEUP run as started... 
LINEUP status marked as running.
[28/07/2026 21:15:04.22] Step 1 - Backing up LINEUP config... 

===================================
LINEUP Config Backup Complete
===================================
Backup folder : C:\LINEUP\backups\2026-07-28_211504
Files copied  : 4
Old backups removed: 1

[28/07/2026 21:15:04.56] Step 2 - Running SAP capacity export... 
COOIS capacities export complete:
C:\LINEUP\data\raw\COOIS_Capacities_Latest.txt
[28/07/2026 21:15:28.80] Step 3 - Running SAP production list export... 
COOIS production list export complete:
C:\LINEUP\data\raw\COOIS_ProductionList_Latest.txt
[28/07/2026 21:17:51.95] Step 4 - Running LINEUP processing pipeline... 
LINEUP
Starting capacity parser...


===================================
LINEUP Capacity Parser Complete
===================================
Input : COOIS_Capacities_Latest.txt
Output: capacities_clean.csv
Rows  : 6340


===================================
LINEUP Production Parser Complete
===================================
Input : COOIS_ProductionList_Latest.txt
Output: production_list_clean.csv
Rows  : 2428


===================================
LINEUP Capacity Summary Complete
===================================
Input : capacities_clean.csv
Output: capacities_order_summary.csv
Rows  : 987


===================================
LINEUP Merge Complete
===================================
Production input : production_list_clean.csv
Capacity input   : capacities_order_summary.csv
Output           : master_schedule.csv
Rows             : 987
Missing metadata : 0


===================================
LINEUP Scheduling Complete
===================================
Scheduled orders : 36
Overflow orders  : 0
SAP minutes      : unchanged by default
Staffing         : explicit overrides only
Queue stability  : current + one automatic order
Insights         : assignment reasons and confidence


===================================
LINEUP Dashboard Build Complete
===================================
Input       : scheduled_orders.csv
Output      : C:\LINEUP\output\dashboard.html
Insights    : assignment reasons and confidence
Remaining   : SAP versus adjusted
Utilisation : working-calendar aware


===================================
LINEUP Schedule Report Complete
===================================
Bench utilisation: bench_utilisation.csv
Schedule summary : schedule_summary.csv


===================================
LINEUP Split Recommendations Complete
===================================
Recommendations : 0
Window          : due today or next working day only
SAP minutes     : used unchanged by default
Staffing        : explicit overrides only
Planner work    : live, held, split, forced and board orders excluded
Output          : split_recommendations.csv

[28/07/2026 21:17:52.44] Step 5 - Marking LINEUP run as successful... 
LINEUP status marked as successful.
[28/07/2026 21:17:52.76] Step 6 - Rebuilding dashboard with final status... 

===================================
LINEUP Dashboard Build Complete
===================================
Input       : scheduled_orders.csv
Output      : C:\LINEUP\output\dashboard.html
Insights    : assignment reasons and confidence
Remaining   : SAP versus adjusted
Utilisation : working-calendar aware

=================================== 
LINEUP background update finished 
28/07/2026 21:17:53.12 
=================================== 
 
=================================== 
LINEUP background update started 
28/07/2026 21:30:03.20 
=================================== 
[28/07/2026 21:30:03.21] Activating virtual environment... 
[28/07/2026 21:30:03.73] Step 0 - Marking LINEUP run as started... 
LINEUP status marked as running.
[28/07/2026 21:30:04.07] Step 1 - Backing up LINEUP config... 

===================================
LINEUP Config Backup Complete
===================================
Backup folder : C:\LINEUP\backups\2026-07-28_213004
Files copied  : 4
Old backups removed: 1

[28/07/2026 21:30:04.44] Step 2 - Running SAP capacity export... 
COOIS capacities export complete:
C:\LINEUP\data\raw\COOIS_Capacities_Latest.txt
[28/07/2026 21:30:30.10] Step 3 - Running SAP production list export... 
COOIS production list export complete:
C:\LINEUP\data\raw\COOIS_ProductionList_Latest.txt
[28/07/2026 21:32:51.31] Step 4 - Running LINEUP processing pipeline... 
LINEUP
Starting capacity parser...


===================================
LINEUP Capacity Parser Complete
===================================
Input : COOIS_Capacities_Latest.txt
Output: capacities_clean.csv
Rows  : 6340


===================================
LINEUP Production Parser Complete
===================================
Input : COOIS_ProductionList_Latest.txt
Output: production_list_clean.csv
Rows  : 2428


===================================
LINEUP Capacity Summary Complete
===================================
Input : capacities_clean.csv
Output: capacities_order_summary.csv
Rows  : 987


===================================
LINEUP Merge Complete
===================================
Production input : production_list_clean.csv
Capacity input   : capacities_order_summary.csv
Output           : master_schedule.csv
Rows             : 987
Missing metadata : 0


===================================
LINEUP Scheduling Complete
===================================
Scheduled orders : 36
Overflow orders  : 0
SAP minutes      : unchanged by default
Staffing         : explicit overrides only
Queue stability  : current + one automatic order
Insights         : assignment reasons and confidence


===================================
LINEUP Dashboard Build Complete
===================================
Input       : scheduled_orders.csv
Output      : C:\LINEUP\output\dashboard.html
Insights    : assignment reasons and confidence
Remaining   : SAP versus adjusted
Utilisation : working-calendar aware


===================================
LINEUP Schedule Report Complete
===================================
Bench utilisation: bench_utilisation.csv
Schedule summary : schedule_summary.csv


===================================
LINEUP Split Recommendations Complete
===================================
Recommendations : 0
Window          : due today or next working day only
SAP minutes     : used unchanged by default
Staffing        : explicit overrides only
Planner work    : live, held, split, forced and board orders excluded
Output          : split_recommendations.csv

[28/07/2026 21:32:51.81] Step 5 - Marking LINEUP run as successful... 
LINEUP status marked as successful.
[28/07/2026 21:32:52.18] Step 6 - Rebuilding dashboard with final status... 

===================================
LINEUP Dashboard Build Complete
===================================
Input       : scheduled_orders.csv
Output      : C:\LINEUP\output\dashboard.html
Insights    : assignment reasons and confidence
Remaining   : SAP versus adjusted
Utilisation : working-calendar aware

=================================== 
LINEUP background update finished 
28/07/2026 21:32:52.52 
=================================== 
 
=================================== 
LINEUP background update started 
28/07/2026 21:45:03.27 
=================================== 
[28/07/2026 21:45:03.27] Activating virtual environment... 
[28/07/2026 21:45:03.80] Step 0 - Marking LINEUP run as started... 
LINEUP status marked as running.
[28/07/2026 21:45:04.13] Step 1 - Backing up LINEUP config... 

===================================
LINEUP Config Backup Complete
===================================
Backup folder : C:\LINEUP\backups\2026-07-28_214504
Files copied  : 4
Old backups removed: 1

[28/07/2026 21:45:04.49] Step 2 - Running SAP capacity export... 
COOIS capacities export complete:
C:\LINEUP\data\raw\COOIS_Capacities_Latest.txt
[28/07/2026 21:45:28.16] Step 3 - Running SAP production list export... 
COOIS production list export complete:
C:\LINEUP\data\raw\COOIS_ProductionList_Latest.txt
[28/07/2026 21:47:33.03] Step 4 - Running LINEUP processing pipeline... 
LINEUP
Starting capacity parser...


===================================
LINEUP Capacity Parser Complete
===================================
Input : COOIS_Capacities_Latest.txt
Output: capacities_clean.csv
Rows  : 6340


===================================
LINEUP Production Parser Complete
===================================
Input : COOIS_ProductionList_Latest.txt
Output: production_list_clean.csv
Rows  : 2428


===================================
LINEUP Capacity Summary Complete
===================================
Input : capacities_clean.csv
Output: capacities_order_summary.csv
Rows  : 987


===================================
LINEUP Merge Complete
===================================
Production input : production_list_clean.csv
Capacity input   : capacities_order_summary.csv
Output           : master_schedule.csv
Rows             : 987
Missing metadata : 0


===================================
LINEUP Scheduling Complete
===================================
Scheduled orders : 36
Overflow orders  : 0
SAP minutes      : unchanged by default
Staffing         : explicit overrides only
Queue stability  : current + one automatic order
Insights         : assignment reasons and confidence


===================================
LINEUP Dashboard Build Complete
===================================
Input       : scheduled_orders.csv
Output      : C:\LINEUP\output\dashboard.html
Insights    : assignment reasons and confidence
Remaining   : SAP versus adjusted
Utilisation : working-calendar aware


===================================
LINEUP Schedule Report Complete
===================================
Bench utilisation: bench_utilisation.csv
Schedule summary : schedule_summary.csv


===================================
LINEUP Split Recommendations Complete
===================================
Recommendations : 0
Window          : due today or next working day only
SAP minutes     : used unchanged by default
Staffing        : explicit overrides only
Planner work    : live, held, split, forced and board orders excluded
Output          : split_recommendations.csv

[28/07/2026 21:47:33.51] Step 5 - Marking LINEUP run as successful... 
LINEUP status marked as successful.
[28/07/2026 21:47:33.83] Step 6 - Rebuilding dashboard with final status... 

===================================
LINEUP Dashboard Build Complete
===================================
Input       : scheduled_orders.csv
Output      : C:\LINEUP\output\dashboard.html
Insights    : assignment reasons and confidence
Remaining   : SAP versus adjusted
Utilisation : working-calendar aware

=================================== 
LINEUP background update finished 
28/07/2026 21:47:34.14 
=================================== 
 
=================================== 
LINEUP background update started 
28/07/2026 22:00:03.49 
=================================== 
[28/07/2026 22:00:03.50] Activating virtual environment... 
[28/07/2026 22:00:04.04] Step 0 - Marking LINEUP run as started... 
LINEUP status marked as running.
[28/07/2026 22:00:04.40] Step 1 - Backing up LINEUP config... 

===================================
LINEUP Config Backup Complete
===================================
Backup folder : C:\LINEUP\backups\2026-07-28_220004
Files copied  : 4
Old backups removed: 1

[28/07/2026 22:00:04.80] Step 2 - Running SAP capacity export... 
COOIS capacities export complete:
C:\LINEUP\data\raw\COOIS_Capacities_Latest.txt
[28/07/2026 22:00:29.66] Step 3 - Running SAP production list export... 
COOIS production list export complete:
C:\LINEUP\data\raw\COOIS_ProductionList_Latest.txt
[28/07/2026 22:03:49.72] Step 4 - Running LINEUP processing pipeline... 
LINEUP
Starting capacity parser...


===================================
LINEUP Capacity Parser Complete
===================================
Input : COOIS_Capacities_Latest.txt
Output: capacities_clean.csv
Rows  : 6340


===================================
LINEUP Production Parser Complete
===================================
Input : COOIS_ProductionList_Latest.txt
Output: production_list_clean.csv
Rows  : 2428


===================================
LINEUP Capacity Summary Complete
===================================
Input : capacities_clean.csv
Output: capacities_order_summary.csv
Rows  : 987


===================================
LINEUP Merge Complete
===================================
Production input : production_list_clean.csv
Capacity input   : capacities_order_summary.csv
Output           : master_schedule.csv
Rows             : 987
Missing metadata : 0


===================================
LINEUP Scheduling Complete
===================================
Scheduled orders : 36
Overflow orders  : 0
SAP minutes      : unchanged by default
Staffing         : explicit overrides only
Queue stability  : current + one automatic order
Insights         : assignment reasons and confidence


===================================
LINEUP Dashboard Build Complete
===================================
Input       : scheduled_orders.csv
Output      : C:\LINEUP\output\dashboard.html
Insights    : assignment reasons and confidence
Remaining   : SAP versus adjusted
Utilisation : working-calendar aware


===================================
LINEUP Schedule Report Complete
===================================
Bench utilisation: bench_utilisation.csv
Schedule summary : schedule_summary.csv


===================================
LINEUP Split Recommendations Complete
===================================
Recommendations : 0
Window          : due today or next working day only
SAP minutes     : used unchanged by default
Staffing        : explicit overrides only
Planner work    : live, held, split, forced and board orders excluded
Output          : split_recommendations.csv

[28/07/2026 22:03:50.20] Step 5 - Marking LINEUP run as successful... 
LINEUP status marked as successful.
[28/07/2026 22:03:50.51] Step 6 - Rebuilding dashboard with final status... 

===================================
LINEUP Dashboard Build Complete
===================================
Input       : scheduled_orders.csv
Output      : C:\LINEUP\output\dashboard.html
Insights    : assignment reasons and confidence
Remaining   : SAP versus adjusted
Utilisation : working-calendar aware

=================================== 
LINEUP background update finished 
28/07/2026 22:03:50.83 
=================================== 
 
=================================== 
LINEUP background update started 
28/07/2026 22:15:03.41 
=================================== 
[28/07/2026 22:15:03.42] Activating virtual environment... 
[28/07/2026 22:15:04.00] Step 0 - Marking LINEUP run as started... 
LINEUP status marked as running.
[28/07/2026 22:15:04.37] Step 1 - Backing up LINEUP config... 

===================================
LINEUP Config Backup Complete
===================================
Backup folder : C:\LINEUP\backups\2026-07-28_221504
Files copied  : 4
Old backups removed: 1

[28/07/2026 22:15:04.76] Step 2 - Running SAP capacity export... 
COOIS capacities export complete:
C:\LINEUP\data\raw\COOIS_Capacities_Latest.txt
[28/07/2026 22:15:30.04] Step 3 - Running SAP production list export... 
COOIS production list export complete:
C:\LINEUP\data\raw\COOIS_ProductionList_Latest.txt
[28/07/2026 22:18:28.88] Step 4 - Running LINEUP processing pipeline... 
LINEUP
Starting capacity parser...


===================================
LINEUP Capacity Parser Complete
===================================
Input : COOIS_Capacities_Latest.txt
Output: capacities_clean.csv
Rows  : 6340


===================================
LINEUP Production Parser Complete
===================================
Input : COOIS_ProductionList_Latest.txt
Output: production_list_clean.csv
Rows  : 2428


===================================
LINEUP Capacity Summary Complete
===================================
Input : capacities_clean.csv
Output: capacities_order_summary.csv
Rows  : 987


===================================
LINEUP Merge Complete
===================================
Production input : production_list_clean.csv
Capacity input   : capacities_order_summary.csv
Output           : master_schedule.csv
Rows             : 987
Missing metadata : 0


===================================
LINEUP Scheduling Complete
===================================
Scheduled orders : 36
Overflow orders  : 0
SAP minutes      : unchanged by default
Staffing         : explicit overrides only
Queue stability  : current + one automatic order
Insights         : assignment reasons and confidence


===================================
LINEUP Dashboard Build Complete
===================================
Input       : scheduled_orders.csv
Output      : C:\LINEUP\output\dashboard.html
Insights    : assignment reasons and confidence
Remaining   : SAP versus adjusted
Utilisation : working-calendar aware


===================================
LINEUP Schedule Report Complete
===================================
Bench utilisation: bench_utilisation.csv
Schedule summary : schedule_summary.csv


===================================
LINEUP Split Recommendations Complete
===================================
Recommendations : 0
Window          : due today or next working day only
SAP minutes     : used unchanged by default
Staffing        : explicit overrides only
Planner work    : live, held, split, forced and board orders excluded
Output          : split_recommendations.csv

[28/07/2026 22:18:29.36] Step 5 - Marking LINEUP run as successful... 
LINEUP status marked as successful.
[28/07/2026 22:18:29.68] Step 6 - Rebuilding dashboard with final status... 

===================================
LINEUP Dashboard Build Complete
===================================
Input       : scheduled_orders.csv
Output      : C:\LINEUP\output\dashboard.html
Insights    : assignment reasons and confidence
Remaining   : SAP versus adjusted
Utilisation : working-calendar aware

=================================== 
LINEUP background update finished 
28/07/2026 22:18:30.00 
=================================== 
 
=================================== 
LINEUP background update started 
28/07/2026 22:30:03.13 
=================================== 
[28/07/2026 22:30:03.13] Activating virtual environment... 
[28/07/2026 22:30:03.66] Step 0 - Marking LINEUP run as started... 
LINEUP status marked as running.
[28/07/2026 22:30:03.99] Step 1 - Backing up LINEUP config... 

===================================
LINEUP Config Backup Complete
===================================
Backup folder : C:\LINEUP\backups\2026-07-28_223004
Files copied  : 4
Old backups removed: 1

[28/07/2026 22:30:04.38] Step 2 - Running SAP capacity export... 
COOIS capacities export complete:
C:\LINEUP\data\raw\COOIS_Capacities_Latest.txt
[28/07/2026 22:30:29.63] Step 3 - Running SAP production list export... 
COOIS production list export complete:
C:\LINEUP\data\raw\COOIS_ProductionList_Latest.txt
[28/07/2026 22:33:23.27] Step 4 - Running LINEUP processing pipeline... 
LINEUP
Starting capacity parser...


===================================
LINEUP Capacity Parser Complete
===================================
Input : COOIS_Capacities_Latest.txt
Output: capacities_clean.csv
Rows  : 6340


===================================
LINEUP Production Parser Complete
===================================
Input : COOIS_ProductionList_Latest.txt
Output: production_list_clean.csv
Rows  : 2428


===================================
LINEUP Capacity Summary Complete
===================================
Input : capacities_clean.csv
Output: capacities_order_summary.csv
Rows  : 987


===================================
LINEUP Merge Complete
===================================
Production input : production_list_clean.csv
Capacity input   : capacities_order_summary.csv
Output           : master_schedule.csv
Rows             : 987
Missing metadata : 0


===================================
LINEUP Scheduling Complete
===================================
Scheduled orders : 36
Overflow orders  : 0
SAP minutes      : unchanged by default
Staffing         : explicit overrides only
Queue stability  : current + one automatic order
Insights         : assignment reasons and confidence


===================================
LINEUP Dashboard Build Complete
===================================
Input       : scheduled_orders.csv
Output      : C:\LINEUP\output\dashboard.html
Insights    : assignment reasons and confidence
Remaining   : SAP versus adjusted
Utilisation : working-calendar aware


===================================
LINEUP Schedule Report Complete
===================================
Bench utilisation: bench_utilisation.csv
Schedule summary : schedule_summary.csv


===================================
LINEUP Split Recommendations Complete
===================================
Recommendations : 0
Window          : due today or next working day only
SAP minutes     : used unchanged by default
Staffing        : explicit overrides only
Planner work    : live, held, split, forced and board orders excluded
Output          : split_recommendations.csv

[28/07/2026 22:33:23.75] Step 5 - Marking LINEUP run as successful... 
LINEUP status marked as successful.
[28/07/2026 22:33:24.08] Step 6 - Rebuilding dashboard with final status... 

===================================
LINEUP Dashboard Build Complete
===================================
Input       : scheduled_orders.csv
Output      : C:\LINEUP\output\dashboard.html
Insights    : assignment reasons and confidence
Remaining   : SAP versus adjusted
Utilisation : working-calendar aware

=================================== 
LINEUP background update finished 
28/07/2026 22:33:24.43 
=================================== 
 
=================================== 
LINEUP background update started 
28/07/2026 22:45:03.14 
=================================== 
[28/07/2026 22:45:03.14] Activating virtual environment... 
[28/07/2026 22:45:03.65] Step 0 - Marking LINEUP run as started... 
LINEUP status marked as running.
[28/07/2026 22:45:03.97] Step 1 - Backing up LINEUP config... 

===================================
LINEUP Config Backup Complete
===================================
Backup folder : C:\LINEUP\backups\2026-07-28_224504
Files copied  : 4
Old backups removed: 1

[28/07/2026 22:45:04.32] Step 2 - Running SAP capacity export... 
COOIS capacities export complete:
C:\LINEUP\data\raw\COOIS_Capacities_Latest.txt
[28/07/2026 22:45:29.95] Step 3 - Running SAP production list export... 
COOIS production list export complete:
C:\LINEUP\data\raw\COOIS_ProductionList_Latest.txt
[28/07/2026 22:47:57.85] Step 4 - Running LINEUP processing pipeline... 
LINEUP
Starting capacity parser...


===================================
LINEUP Capacity Parser Complete
===================================
Input : COOIS_Capacities_Latest.txt
Output: capacities_clean.csv
Rows  : 6340


===================================
LINEUP Production Parser Complete
===================================
Input : COOIS_ProductionList_Latest.txt
Output: production_list_clean.csv
Rows  : 2428


===================================
LINEUP Capacity Summary Complete
===================================
Input : capacities_clean.csv
Output: capacities_order_summary.csv
Rows  : 987


===================================
LINEUP Merge Complete
===================================
Production input : production_list_clean.csv
Capacity input   : capacities_order_summary.csv
Output           : master_schedule.csv
Rows             : 987
Missing metadata : 0


===================================
LINEUP Scheduling Complete
===================================
Scheduled orders : 36
Overflow orders  : 0
SAP minutes      : unchanged by default
Staffing         : explicit overrides only
Queue stability  : current + one automatic order
Insights         : assignment reasons and confidence


===================================
LINEUP Dashboard Build Complete
===================================
Input       : scheduled_orders.csv
Output      : C:\LINEUP\output\dashboard.html
Insights    : assignment reasons and confidence
Remaining   : SAP versus adjusted
Utilisation : working-calendar aware


===================================
LINEUP Schedule Report Complete
===================================
Bench utilisation: bench_utilisation.csv
Schedule summary : schedule_summary.csv


===================================
LINEUP Split Recommendations Complete
===================================
Recommendations : 0
Window          : due today or next working day only
SAP minutes     : used unchanged by default
Staffing        : explicit overrides only
Planner work    : live, held, split, forced and board orders excluded
Output          : split_recommendations.csv

[28/07/2026 22:47:58.33] Step 5 - Marking LINEUP run as successful... 
LINEUP status marked as successful.
[28/07/2026 22:47:58.62] Step 6 - Rebuilding dashboard with final status... 

===================================
LINEUP Dashboard Build Complete
===================================
Input       : scheduled_orders.csv
Output      : C:\LINEUP\output\dashboard.html
Insights    : assignment reasons and confidence
Remaining   : SAP versus adjusted
Utilisation : working-calendar aware

=================================== 
LINEUP background update finished 
28/07/2026 22:47:58.97 
=================================== 
 
=================================== 
LINEUP background update started 
28/07/2026 23:00:03.27 
=================================== 
[28/07/2026 23:00:03.27] Activating virtual environment... 
[28/07/2026 23:00:03.78] Step 0 - Marking LINEUP run as started... 
LINEUP status marked as running.
[28/07/2026 23:00:04.08] Step 1 - Backing up LINEUP config... 

===================================
LINEUP Config Backup Complete
===================================
Backup folder : C:\LINEUP\backups\2026-07-28_230004
Files copied  : 4
Old backups removed: 1

[28/07/2026 23:00:04.42] Step 2 - Running SAP capacity export... 
COOIS capacities export complete:
C:\LINEUP\data\raw\COOIS_Capacities_Latest.txt
[28/07/2026 23:00:28.52] Step 3 - Running SAP production list export... 
COOIS production list export complete:
C:\LINEUP\data\raw\COOIS_ProductionList_Latest.txt
[28/07/2026 23:03:36.66] Step 4 - Running LINEUP processing pipeline... 
LINEUP
Starting capacity parser...


===================================
LINEUP Capacity Parser Complete
===================================
Input : COOIS_Capacities_Latest.txt
Output: capacities_clean.csv
Rows  : 6340


===================================
LINEUP Production Parser Complete
===================================
Input : COOIS_ProductionList_Latest.txt
Output: production_list_clean.csv
Rows  : 2428


===================================
LINEUP Capacity Summary Complete
===================================
Input : capacities_clean.csv
Output: capacities_order_summary.csv
Rows  : 987


===================================
LINEUP Merge Complete
===================================
Production input : production_list_clean.csv
Capacity input   : capacities_order_summary.csv
Output           : master_schedule.csv
Rows             : 987
Missing metadata : 0


===================================
LINEUP Scheduling Complete
===================================
Scheduled orders : 36
Overflow orders  : 0
SAP minutes      : unchanged by default
Staffing         : explicit overrides only
Queue stability  : current + one automatic order
Insights         : assignment reasons and confidence


===================================
LINEUP Dashboard Build Complete
===================================
Input       : scheduled_orders.csv
Output      : C:\LINEUP\output\dashboard.html
Insights    : assignment reasons and confidence
Remaining   : SAP versus adjusted
Utilisation : working-calendar aware


===================================
LINEUP Schedule Report Complete
===================================
Bench utilisation: bench_utilisation.csv
Schedule summary : schedule_summary.csv


===================================
LINEUP Split Recommendations Complete
===================================
Recommendations : 0
Window          : due today or next working day only
SAP minutes     : used unchanged by default
Staffing        : explicit overrides only
Planner work    : live, held, split, forced and board orders excluded
Output          : split_recommendations.csv

[28/07/2026 23:03:37.14] Step 5 - Marking LINEUP run as successful... 
LINEUP status marked as successful.
[28/07/2026 23:03:37.46] Step 6 - Rebuilding dashboard with final status... 

===================================
LINEUP Dashboard Build Complete
===================================
Input       : scheduled_orders.csv
Output      : C:\LINEUP\output\dashboard.html
Insights    : assignment reasons and confidence
Remaining   : SAP versus adjusted
Utilisation : working-calendar aware

=================================== 
LINEUP background update finished 
28/07/2026 23:03:37.80 
=================================== 
 
=================================== 
LINEUP background update started 
28/07/2026 23:15:03.12 
=================================== 
[28/07/2026 23:15:03.12] Activating virtual environment... 
[28/07/2026 23:15:03.66] Step 0 - Marking LINEUP run as started... 
LINEUP status marked as running.
[28/07/2026 23:15:03.98] Step 1 - Backing up LINEUP config... 

===================================
LINEUP Config Backup Complete
===================================
Backup folder : C:\LINEUP\backups\2026-07-28_231504
Files copied  : 4
Old backups removed: 1

[28/07/2026 23:15:04.32] Step 2 - Running SAP capacity export... 
COOIS capacities export complete:
C:\LINEUP\data\raw\COOIS_Capacities_Latest.txt
[28/07/2026 23:15:28.71] Step 3 - Running SAP production list export... 
COOIS production list export complete:
C:\LINEUP\data\raw\COOIS_ProductionList_Latest.txt
[28/07/2026 23:18:34.42] Step 4 - Running LINEUP processing pipeline... 
LINEUP
Starting capacity parser...


===================================
LINEUP Capacity Parser Complete
===================================
Input : COOIS_Capacities_Latest.txt
Output: capacities_clean.csv
Rows  : 6340


===================================
LINEUP Production Parser Complete
===================================
Input : COOIS_ProductionList_Latest.txt
Output: production_list_clean.csv
Rows  : 2428


===================================
LINEUP Capacity Summary Complete
===================================
Input : capacities_clean.csv
Output: capacities_order_summary.csv
Rows  : 987


===================================
LINEUP Merge Complete
===================================
Production input : production_list_clean.csv
Capacity input   : capacities_order_summary.csv
Output           : master_schedule.csv
Rows             : 987
Missing metadata : 0


===================================
LINEUP Scheduling Complete
===================================
Scheduled orders : 36
Overflow orders  : 0
SAP minutes      : unchanged by default
Staffing         : explicit overrides only
Queue stability  : current + one automatic order
Insights         : assignment reasons and confidence


===================================
LINEUP Dashboard Build Complete
===================================
Input       : scheduled_orders.csv
Output      : C:\LINEUP\output\dashboard.html
Insights    : assignment reasons and confidence
Remaining   : SAP versus adjusted
Utilisation : working-calendar aware


===================================
LINEUP Schedule Report Complete
===================================
Bench utilisation: bench_utilisation.csv
Schedule summary : schedule_summary.csv


===================================
LINEUP Split Recommendations Complete
===================================
Recommendations : 0
Window          : due today or next working day only
SAP minutes     : used unchanged by default
Staffing        : explicit overrides only
Planner work    : live, held, split, forced and board orders excluded
Output          : split_recommendations.csv

[28/07/2026 23:18:34.90] Step 5 - Marking LINEUP run as successful... 
LINEUP status marked as successful.
[28/07/2026 23:18:35.20] Step 6 - Rebuilding dashboard with final status... 

===================================
LINEUP Dashboard Build Complete
===================================
Input       : scheduled_orders.csv
Output      : C:\LINEUP\output\dashboard.html
Insights    : assignment reasons and confidence
Remaining   : SAP versus adjusted
Utilisation : working-calendar aware

=================================== 
LINEUP background update finished 
28/07/2026 23:18:35.51 
=================================== 
 
=================================== 
LINEUP background update started 
28/07/2026 23:30:03.14 
=================================== 
[28/07/2026 23:30:03.14] Activating virtual environment... 
[28/07/2026 23:30:03.66] Step 0 - Marking LINEUP run as started... 
LINEUP status marked as running.
[28/07/2026 23:30:03.98] Step 1 - Backing up LINEUP config... 

===================================
LINEUP Config Backup Complete
===================================
Backup folder : C:\LINEUP\backups\2026-07-28_233004
Files copied  : 4
Old backups removed: 1

[28/07/2026 23:30:04.34] Step 2 - Running SAP capacity export... 
COOIS capacities export complete:
C:\LINEUP\data\raw\COOIS_Capacities_Latest.txt
[28/07/2026 23:30:30.50] Step 3 - Running SAP production list export... 
COOIS production list export complete:
C:\LINEUP\data\raw\COOIS_ProductionList_Latest.txt
[28/07/2026 23:33:37.89] Step 4 - Running LINEUP processing pipeline... 
LINEUP
Starting capacity parser...


===================================
LINEUP Capacity Parser Complete
===================================
Input : COOIS_Capacities_Latest.txt
Output: capacities_clean.csv
Rows  : 6340


===================================
LINEUP Production Parser Complete
===================================
Input : COOIS_ProductionList_Latest.txt
Output: production_list_clean.csv
Rows  : 2428


===================================
LINEUP Capacity Summary Complete
===================================
Input : capacities_clean.csv
Output: capacities_order_summary.csv
Rows  : 987


===================================
LINEUP Merge Complete
===================================
Production input : production_list_clean.csv
Capacity input   : capacities_order_summary.csv
Output           : master_schedule.csv
Rows             : 987
Missing metadata : 0


===================================
LINEUP Scheduling Complete
===================================
Scheduled orders : 36
Overflow orders  : 0
SAP minutes      : unchanged by default
Staffing         : explicit overrides only
Queue stability  : current + one automatic order
Insights         : assignment reasons and confidence


===================================
LINEUP Dashboard Build Complete
===================================
Input       : scheduled_orders.csv
Output      : C:\LINEUP\output\dashboard.html
Insights    : assignment reasons and confidence
Remaining   : SAP versus adjusted
Utilisation : working-calendar aware


===================================
LINEUP Schedule Report Complete
===================================
Bench utilisation: bench_utilisation.csv
Schedule summary : schedule_summary.csv


===================================
LINEUP Split Recommendations Complete
===================================
Recommendations : 0
Window          : due today or next working day only
SAP minutes     : used unchanged by default
Staffing        : explicit overrides only
Planner work    : live, held, split, forced and board orders excluded
Output          : split_recommendations.csv

[28/07/2026 23:33:38.37] Step 5 - Marking LINEUP run as successful... 
LINEUP status marked as successful.
[28/07/2026 23:33:38.68] Step 6 - Rebuilding dashboard with final status... 

===================================
LINEUP Dashboard Build Complete
===================================
Input       : scheduled_orders.csv
Output      : C:\LINEUP\output\dashboard.html
Insights    : assignment reasons and confidence
Remaining   : SAP versus adjusted
Utilisation : working-calendar aware

=================================== 
LINEUP background update finished 
28/07/2026 23:33:39.00 
=================================== 
 
=================================== 
LINEUP background update started 
28/07/2026 23:45:03.13 
=================================== 
[28/07/2026 23:45:03.14] Activating virtual environment... 
[28/07/2026 23:45:03.64] Step 0 - Marking LINEUP run as started... 
LINEUP status marked as running.
[28/07/2026 23:45:03.96] Step 1 - Backing up LINEUP config... 

===================================
LINEUP Config Backup Complete
===================================
Backup folder : C:\LINEUP\backups\2026-07-28_234504
Files copied  : 4
Old backups removed: 1

[28/07/2026 23:45:04.28] Step 2 - Running SAP capacity export... 
COOIS capacities export complete:
C:\LINEUP\data\raw\COOIS_Capacities_Latest.txt
[28/07/2026 23:45:27.67] Step 3 - Running SAP production list export... 
COOIS production list export complete:
C:\LINEUP\data\raw\COOIS_ProductionList_Latest.txt
[28/07/2026 23:47:42.64] Step 4 - Running LINEUP processing pipeline... 
LINEUP
Starting capacity parser...


===================================
LINEUP Capacity Parser Complete
===================================
Input : COOIS_Capacities_Latest.txt
Output: capacities_clean.csv
Rows  : 6340


===================================
LINEUP Production Parser Complete
===================================
Input : COOIS_ProductionList_Latest.txt
Output: production_list_clean.csv
Rows  : 2428


===================================
LINEUP Capacity Summary Complete
===================================
Input : capacities_clean.csv
Output: capacities_order_summary.csv
Rows  : 987


===================================
LINEUP Merge Complete
===================================
Production input : production_list_clean.csv
Capacity input   : capacities_order_summary.csv
Output           : master_schedule.csv
Rows             : 987
Missing metadata : 0


===================================
LINEUP Scheduling Complete
===================================
Scheduled orders : 36
Overflow orders  : 0
SAP minutes      : unchanged by default
Staffing         : explicit overrides only
Queue stability  : current + one automatic order
Insights         : assignment reasons and confidence


===================================
LINEUP Dashboard Build Complete
===================================
Input       : scheduled_orders.csv
Output      : C:\LINEUP\output\dashboard.html
Insights    : assignment reasons and confidence
Remaining   : SAP versus adjusted
Utilisation : working-calendar aware


===================================
LINEUP Schedule Report Complete
===================================
Bench utilisation: bench_utilisation.csv
Schedule summary : schedule_summary.csv


===================================
LINEUP Split Recommendations Complete
===================================
Recommendations : 0
Window          : due today or next working day only
SAP minutes     : used unchanged by default
Staffing        : explicit overrides only
Planner work    : live, held, split, forced and board orders excluded
Output          : split_recommendations.csv

[28/07/2026 23:47:43.11] Step 5 - Marking LINEUP run as successful... 
LINEUP status marked as successful.
[28/07/2026 23:47:43.44] Step 6 - Rebuilding dashboard with final status... 

===================================
LINEUP Dashboard Build Complete
===================================
Input       : scheduled_orders.csv
Output      : C:\LINEUP\output\dashboard.html
Insights    : assignment reasons and confidence
Remaining   : SAP versus adjusted
Utilisation : working-calendar aware

=================================== 
LINEUP background update finished 
28/07/2026 23:47:43.79 
=================================== 
