 
=================================== 
LINEUP background update started 
23/07/2026  0:00:02.81 
=================================== 
[23/07/2026  0:00:02.82] Activating virtual environment... 
[23/07/2026  0:00:03.53] Step 0 - Marking LINEUP run as started... 
LINEUP status marked as running.
[23/07/2026  0:00:03.90] Step 1 - Backing up LINEUP config... 

===================================
LINEUP Config Backup Complete
===================================
Backup folder : C:\LINEUP\backups\2026-07-23_000004
Files copied  : 4
Old backups removed: 1

[23/07/2026  0:00:04.29] Step 2 - Running SAP capacity export... 
COOIS capacities export complete:
C:\LINEUP\data\raw\COOIS_Capacities_Latest.txt
[23/07/2026  0:00:29.98] Step 3 - Running SAP production list export... 
COOIS production list export complete:
C:\LINEUP\data\raw\COOIS_ProductionList_Latest.txt
[23/07/2026  0:03:31.40] Step 4 - Running LINEUP processing pipeline... 
LINEUP
Starting capacity parser...


===================================
LINEUP Capacity Parser Complete
===================================
Input : COOIS_Capacities_Latest.txt
Output: capacities_clean.csv
Rows  : 6400


===================================
LINEUP Production Parser Complete
===================================
Input : COOIS_ProductionList_Latest.txt
Output: production_list_clean.csv
Rows  : 2438


===================================
LINEUP Capacity Summary Complete
===================================
Input : capacities_clean.csv
Output: capacities_order_summary.csv
Rows  : 790


===================================
LINEUP Merge Complete
===================================
Production input : production_list_clean.csv
Capacity input   : capacities_order_summary.csv
Output           : master_schedule.csv
Rows             : 790
Missing metadata : 0


===================================
LINEUP Scheduling Complete
===================================
Scheduled orders : 34
Overflow orders  : 0
SAP minutes      : unchanged by default
Staffing         : explicit overrides only
Queue stability  : current + one automatic order
Insights         : assignment reasons and confidence


===================================
LINEUP Dashboard Build Complete
===================================
Input       : scheduled_orders.csv
Output      : C:\LINEUP\output\dashboard.html
Insights    : assignment reasons and confidence
Remaining   : SAP versus adjusted
Utilisation : working-calendar aware


===================================
LINEUP Schedule Report Complete
===================================
Bench utilisation: bench_utilisation.csv
Schedule summary : schedule_summary.csv


===================================
LINEUP Split Recommendations Complete
===================================
Recommendations : 0
Window          : due today or next working day only
SAP minutes     : used unchanged by default
Staffing        : explicit overrides only
Planner work    : live, held, split, forced and board orders excluded
Output          : split_recommendations.csv

[23/07/2026  0:03:31.98] Step 5 - Marking LINEUP run as successful... 
LINEUP status marked as successful.
[23/07/2026  0:03:32.29] Step 6 - Rebuilding dashboard with final status... 

===================================
LINEUP Dashboard Build Complete
===================================
Input       : scheduled_orders.csv
Output      : C:\LINEUP\output\dashboard.html
Insights    : assignment reasons and confidence
Remaining   : SAP versus adjusted
Utilisation : working-calendar aware

=================================== 
LINEUP background update finished 
23/07/2026  0:03:32.61 
=================================== 
 
=================================== 
LINEUP background update started 
23/07/2026  0:15:03.14 
=================================== 
[23/07/2026  0:15:03.14] Activating virtual environment... 
[23/07/2026  0:15:03.64] Step 0 - Marking LINEUP run as started... 
LINEUP status marked as running.
[23/07/2026  0:15:03.98] Step 1 - Backing up LINEUP config... 

===================================
LINEUP Config Backup Complete
===================================
Backup folder : C:\LINEUP\backups\2026-07-23_001504
Files copied  : 4
Old backups removed: 1

[23/07/2026  0:15:04.32] Step 2 - Running SAP capacity export... 
COOIS capacities export complete:
C:\LINEUP\data\raw\COOIS_Capacities_Latest.txt
[23/07/2026  0:15:28.98] Step 3 - Running SAP production list export... 
COOIS production list export complete:
C:\LINEUP\data\raw\COOIS_ProductionList_Latest.txt
[23/07/2026  0:17:34.73] Step 4 - Running LINEUP processing pipeline... 
LINEUP
Starting capacity parser...


===================================
LINEUP Capacity Parser Complete
===================================
Input : COOIS_Capacities_Latest.txt
Output: capacities_clean.csv
Rows  : 6400


===================================
LINEUP Production Parser Complete
===================================
Input : COOIS_ProductionList_Latest.txt
Output: production_list_clean.csv
Rows  : 2438


===================================
LINEUP Capacity Summary Complete
===================================
Input : capacities_clean.csv
Output: capacities_order_summary.csv
Rows  : 790


===================================
LINEUP Merge Complete
===================================
Production input : production_list_clean.csv
Capacity input   : capacities_order_summary.csv
Output           : master_schedule.csv
Rows             : 790
Missing metadata : 0


===================================
LINEUP Scheduling Complete
===================================
Scheduled orders : 34
Overflow orders  : 0
SAP minutes      : unchanged by default
Staffing         : explicit overrides only
Queue stability  : current + one automatic order
Insights         : assignment reasons and confidence


===================================
LINEUP Dashboard Build Complete
===================================
Input       : scheduled_orders.csv
Output      : C:\LINEUP\output\dashboard.html
Insights    : assignment reasons and confidence
Remaining   : SAP versus adjusted
Utilisation : working-calendar aware


===================================
LINEUP Schedule Report Complete
===================================
Bench utilisation: bench_utilisation.csv
Schedule summary : schedule_summary.csv


===================================
LINEUP Split Recommendations Complete
===================================
Recommendations : 0
Window          : due today or next working day only
SAP minutes     : used unchanged by default
Staffing        : explicit overrides only
Planner work    : live, held, split, forced and board orders excluded
Output          : split_recommendations.csv

[23/07/2026  0:17:35.28] Step 5 - Marking LINEUP run as successful... 
LINEUP status marked as successful.
[23/07/2026  0:17:35.61] Step 6 - Rebuilding dashboard with final status... 

===================================
LINEUP Dashboard Build Complete
===================================
Input       : scheduled_orders.csv
Output      : C:\LINEUP\output\dashboard.html
Insights    : assignment reasons and confidence
Remaining   : SAP versus adjusted
Utilisation : working-calendar aware

=================================== 
LINEUP background update finished 
23/07/2026  0:17:35.94 
=================================== 
 
=================================== 
LINEUP background update started 
23/07/2026  0:30:03.08 
=================================== 
[23/07/2026  0:30:03.08] Activating virtual environment... 
[23/07/2026  0:30:03.59] Step 0 - Marking LINEUP run as started... 
LINEUP status marked as running.
[23/07/2026  0:30:03.90] Step 1 - Backing up LINEUP config... 

===================================
LINEUP Config Backup Complete
===================================
Backup folder : C:\LINEUP\backups\2026-07-23_003004
Files copied  : 4
Old backups removed: 1

[23/07/2026  0:30:04.23] Step 2 - Running SAP capacity export... 
COOIS capacities export complete:
C:\LINEUP\data\raw\COOIS_Capacities_Latest.txt
[23/07/2026  0:30:29.58] Step 3 - Running SAP production list export... 
COOIS production list export complete:
C:\LINEUP\data\raw\COOIS_ProductionList_Latest.txt
[23/07/2026  0:32:33.73] Step 4 - Running LINEUP processing pipeline... 
LINEUP
Starting capacity parser...


===================================
LINEUP Capacity Parser Complete
===================================
Input : COOIS_Capacities_Latest.txt
Output: capacities_clean.csv
Rows  : 6400


===================================
LINEUP Production Parser Complete
===================================
Input : COOIS_ProductionList_Latest.txt
Output: production_list_clean.csv
Rows  : 2438


===================================
LINEUP Capacity Summary Complete
===================================
Input : capacities_clean.csv
Output: capacities_order_summary.csv
Rows  : 790


===================================
LINEUP Merge Complete
===================================
Production input : production_list_clean.csv
Capacity input   : capacities_order_summary.csv
Output           : master_schedule.csv
Rows             : 790
Missing metadata : 0


===================================
LINEUP Scheduling Complete
===================================
Scheduled orders : 34
Overflow orders  : 0
SAP minutes      : unchanged by default
Staffing         : explicit overrides only
Queue stability  : current + one automatic order
Insights         : assignment reasons and confidence


===================================
LINEUP Dashboard Build Complete
===================================
Input       : scheduled_orders.csv
Output      : C:\LINEUP\output\dashboard.html
Insights    : assignment reasons and confidence
Remaining   : SAP versus adjusted
Utilisation : working-calendar aware


===================================
LINEUP Schedule Report Complete
===================================
Bench utilisation: bench_utilisation.csv
Schedule summary : schedule_summary.csv


===================================
LINEUP Split Recommendations Complete
===================================
Recommendations : 0
Window          : due today or next working day only
SAP minutes     : used unchanged by default
Staffing        : explicit overrides only
Planner work    : live, held, split, forced and board orders excluded
Output          : split_recommendations.csv

[23/07/2026  0:32:34.21] Step 5 - Marking LINEUP run as successful... 
LINEUP status marked as successful.
[23/07/2026  0:32:34.53] Step 6 - Rebuilding dashboard with final status... 

===================================
LINEUP Dashboard Build Complete
===================================
Input       : scheduled_orders.csv
Output      : C:\LINEUP\output\dashboard.html
Insights    : assignment reasons and confidence
Remaining   : SAP versus adjusted
Utilisation : working-calendar aware

=================================== 
LINEUP background update finished 
23/07/2026  0:32:34.84 
=================================== 
 
=================================== 
LINEUP background update started 
23/07/2026  0:45:03.22 
=================================== 
[23/07/2026  0:45:03.22] Activating virtual environment... 
[23/07/2026  0:45:03.90] Step 0 - Marking LINEUP run as started... 
LINEUP status marked as running.
[23/07/2026  0:45:04.24] Step 1 - Backing up LINEUP config... 

===================================
LINEUP Config Backup Complete
===================================
Backup folder : C:\LINEUP\backups\2026-07-23_004504
Files copied  : 4
Old backups removed: 1

[23/07/2026  0:45:04.57] Step 2 - Running SAP capacity export... 
COOIS capacities export complete:
C:\LINEUP\data\raw\COOIS_Capacities_Latest.txt
[23/07/2026  0:45:28.92] Step 3 - Running SAP production list export... 
COOIS production list export complete:
C:\LINEUP\data\raw\COOIS_ProductionList_Latest.txt
[23/07/2026  0:47:24.62] Step 4 - Running LINEUP processing pipeline... 
LINEUP
Starting capacity parser...


===================================
LINEUP Capacity Parser Complete
===================================
Input : COOIS_Capacities_Latest.txt
Output: capacities_clean.csv
Rows  : 6400


===================================
LINEUP Production Parser Complete
===================================
Input : COOIS_ProductionList_Latest.txt
Output: production_list_clean.csv
Rows  : 2438


===================================
LINEUP Capacity Summary Complete
===================================
Input : capacities_clean.csv
Output: capacities_order_summary.csv
Rows  : 790


===================================
LINEUP Merge Complete
===================================
Production input : production_list_clean.csv
Capacity input   : capacities_order_summary.csv
Output           : master_schedule.csv
Rows             : 790
Missing metadata : 0


===================================
LINEUP Scheduling Complete
===================================
Scheduled orders : 34
Overflow orders  : 0
SAP minutes      : unchanged by default
Staffing         : explicit overrides only
Queue stability  : current + one automatic order
Insights         : assignment reasons and confidence


===================================
LINEUP Dashboard Build Complete
===================================
Input       : scheduled_orders.csv
Output      : C:\LINEUP\output\dashboard.html
Insights    : assignment reasons and confidence
Remaining   : SAP versus adjusted
Utilisation : working-calendar aware


===================================
LINEUP Schedule Report Complete
===================================
Bench utilisation: bench_utilisation.csv
Schedule summary : schedule_summary.csv


===================================
LINEUP Split Recommendations Complete
===================================
Recommendations : 0
Window          : due today or next working day only
SAP minutes     : used unchanged by default
Staffing        : explicit overrides only
Planner work    : live, held, split, forced and board orders excluded
Output          : split_recommendations.csv

[23/07/2026  0:47:25.07] Step 5 - Marking LINEUP run as successful... 
LINEUP status marked as successful.
[23/07/2026  0:47:25.40] Step 6 - Rebuilding dashboard with final status... 

===================================
LINEUP Dashboard Build Complete
===================================
Input       : scheduled_orders.csv
Output      : C:\LINEUP\output\dashboard.html
Insights    : assignment reasons and confidence
Remaining   : SAP versus adjusted
Utilisation : working-calendar aware

=================================== 
LINEUP background update finished 
23/07/2026  0:47:25.77 
=================================== 
 
=================================== 
LINEUP background update started 
23/07/2026  1:00:03.42 
=================================== 
[23/07/2026  1:00:03.42] Activating virtual environment... 
[23/07/2026  1:00:03.97] Step 0 - Marking LINEUP run as started... 
LINEUP status marked as running.
[23/07/2026  1:00:04.33] Step 1 - Backing up LINEUP config... 

===================================
LINEUP Config Backup Complete
===================================
Backup folder : C:\LINEUP\backups\2026-07-23_010004
Files copied  : 4
Old backups removed: 1

[23/07/2026  1:00:04.68] Step 2 - Running SAP capacity export... 
COOIS capacities export complete:
C:\LINEUP\data\raw\COOIS_Capacities_Latest.txt
[23/07/2026  1:00:29.29] Step 3 - Running SAP production list export... 
COOIS production list export complete:
C:\LINEUP\data\raw\COOIS_ProductionList_Latest.txt
[23/07/2026  1:03:46.97] Step 4 - Running LINEUP processing pipeline... 
LINEUP
Starting capacity parser...


===================================
LINEUP Capacity Parser Complete
===================================
Input : COOIS_Capacities_Latest.txt
Output: capacities_clean.csv
Rows  : 6400


===================================
LINEUP Production Parser Complete
===================================
Input : COOIS_ProductionList_Latest.txt
Output: production_list_clean.csv
Rows  : 2438


===================================
LINEUP Capacity Summary Complete
===================================
Input : capacities_clean.csv
Output: capacities_order_summary.csv
Rows  : 790


===================================
LINEUP Merge Complete
===================================
Production input : production_list_clean.csv
Capacity input   : capacities_order_summary.csv
Output           : master_schedule.csv
Rows             : 790
Missing metadata : 0


===================================
LINEUP Scheduling Complete
===================================
Scheduled orders : 34
Overflow orders  : 0
SAP minutes      : unchanged by default
Staffing         : explicit overrides only
Queue stability  : current + one automatic order
Insights         : assignment reasons and confidence


===================================
LINEUP Dashboard Build Complete
===================================
Input       : scheduled_orders.csv
Output      : C:\LINEUP\output\dashboard.html
Insights    : assignment reasons and confidence
Remaining   : SAP versus adjusted
Utilisation : working-calendar aware


===================================
LINEUP Schedule Report Complete
===================================
Bench utilisation: bench_utilisation.csv
Schedule summary : schedule_summary.csv


===================================
LINEUP Split Recommendations Complete
===================================
Recommendations : 0
Window          : due today or next working day only
SAP minutes     : used unchanged by default
Staffing        : explicit overrides only
Planner work    : live, held, split, forced and board orders excluded
Output          : split_recommendations.csv

[23/07/2026  1:03:47.48] Step 5 - Marking LINEUP run as successful... 
LINEUP status marked as successful.
[23/07/2026  1:03:47.79] Step 6 - Rebuilding dashboard with final status... 

===================================
LINEUP Dashboard Build Complete
===================================
Input       : scheduled_orders.csv
Output      : C:\LINEUP\output\dashboard.html
Insights    : assignment reasons and confidence
Remaining   : SAP versus adjusted
Utilisation : working-calendar aware

=================================== 
LINEUP background update finished 
23/07/2026  1:03:48.15 
=================================== 
 
=================================== 
LINEUP background update started 
23/07/2026  1:15:03.24 
=================================== 
[23/07/2026  1:15:03.24] Activating virtual environment... 
[23/07/2026  1:15:03.76] Step 0 - Marking LINEUP run as started... 
LINEUP status marked as running.
[23/07/2026  1:15:04.11] Step 1 - Backing up LINEUP config... 

===================================
LINEUP Config Backup Complete
===================================
Backup folder : C:\LINEUP\backups\2026-07-23_011504
Files copied  : 4
Old backups removed: 1

[23/07/2026  1:15:04.43] Step 2 - Running SAP capacity export... 
COOIS capacities export complete:
C:\LINEUP\data\raw\COOIS_Capacities_Latest.txt
[23/07/2026  1:15:30.71] Step 3 - Running SAP production list export... 
COOIS production list export complete:
C:\LINEUP\data\raw\COOIS_ProductionList_Latest.txt
[23/07/2026  1:17:49.68] Step 4 - Running LINEUP processing pipeline... 
LINEUP
Starting capacity parser...


===================================
LINEUP Capacity Parser Complete
===================================
Input : COOIS_Capacities_Latest.txt
Output: capacities_clean.csv
Rows  : 6400


===================================
LINEUP Production Parser Complete
===================================
Input : COOIS_ProductionList_Latest.txt
Output: production_list_clean.csv
Rows  : 2438


===================================
LINEUP Capacity Summary Complete
===================================
Input : capacities_clean.csv
Output: capacities_order_summary.csv
Rows  : 790


===================================
LINEUP Merge Complete
===================================
Production input : production_list_clean.csv
Capacity input   : capacities_order_summary.csv
Output           : master_schedule.csv
Rows             : 790
Missing metadata : 0


===================================
LINEUP Scheduling Complete
===================================
Scheduled orders : 34
Overflow orders  : 0
SAP minutes      : unchanged by default
Staffing         : explicit overrides only
Queue stability  : current + one automatic order
Insights         : assignment reasons and confidence


===================================
LINEUP Dashboard Build Complete
===================================
Input       : scheduled_orders.csv
Output      : C:\LINEUP\output\dashboard.html
Insights    : assignment reasons and confidence
Remaining   : SAP versus adjusted
Utilisation : working-calendar aware


===================================
LINEUP Schedule Report Complete
===================================
Bench utilisation: bench_utilisation.csv
Schedule summary : schedule_summary.csv


===================================
LINEUP Split Recommendations Complete
===================================
Recommendations : 0
Window          : due today or next working day only
SAP minutes     : used unchanged by default
Staffing        : explicit overrides only
Planner work    : live, held, split, forced and board orders excluded
Output          : split_recommendations.csv

[23/07/2026  1:17:50.18] Step 5 - Marking LINEUP run as successful... 
LINEUP status marked as successful.
[23/07/2026  1:17:50.49] Step 6 - Rebuilding dashboard with final status... 

===================================
LINEUP Dashboard Build Complete
===================================
Input       : scheduled_orders.csv
Output      : C:\LINEUP\output\dashboard.html
Insights    : assignment reasons and confidence
Remaining   : SAP versus adjusted
Utilisation : working-calendar aware

=================================== 
LINEUP background update finished 
23/07/2026  1:17:50.82 
=================================== 
 
=================================== 
LINEUP background update started 
23/07/2026  1:30:03.14 
=================================== 
[23/07/2026  1:30:03.15] Activating virtual environment... 
[23/07/2026  1:30:03.67] Step 0 - Marking LINEUP run as started... 
LINEUP status marked as running.
[23/07/2026  1:30:03.99] Step 1 - Backing up LINEUP config... 

===================================
LINEUP Config Backup Complete
===================================
Backup folder : C:\LINEUP\backups\2026-07-23_013004
Files copied  : 4
Old backups removed: 1

[23/07/2026  1:30:04.35] Step 2 - Running SAP capacity export... 
COOIS capacities export complete:
C:\LINEUP\data\raw\COOIS_Capacities_Latest.txt
[23/07/2026  1:30:28.50] Step 3 - Running SAP production list export... 
COOIS production list export complete:
C:\LINEUP\data\raw\COOIS_ProductionList_Latest.txt
[23/07/2026  1:32:55.34] Step 4 - Running LINEUP processing pipeline... 
LINEUP
Starting capacity parser...


===================================
LINEUP Capacity Parser Complete
===================================
Input : COOIS_Capacities_Latest.txt
Output: capacities_clean.csv
Rows  : 6400


===================================
LINEUP Production Parser Complete
===================================
Input : COOIS_ProductionList_Latest.txt
Output: production_list_clean.csv
Rows  : 2438


===================================
LINEUP Capacity Summary Complete
===================================
Input : capacities_clean.csv
Output: capacities_order_summary.csv
Rows  : 790


===================================
LINEUP Merge Complete
===================================
Production input : production_list_clean.csv
Capacity input   : capacities_order_summary.csv
Output           : master_schedule.csv
Rows             : 790
Missing metadata : 0


===================================
LINEUP Scheduling Complete
===================================
Scheduled orders : 34
Overflow orders  : 0
SAP minutes      : unchanged by default
Staffing         : explicit overrides only
Queue stability  : current + one automatic order
Insights         : assignment reasons and confidence


===================================
LINEUP Dashboard Build Complete
===================================
Input       : scheduled_orders.csv
Output      : C:\LINEUP\output\dashboard.html
Insights    : assignment reasons and confidence
Remaining   : SAP versus adjusted
Utilisation : working-calendar aware


===================================
LINEUP Schedule Report Complete
===================================
Bench utilisation: bench_utilisation.csv
Schedule summary : schedule_summary.csv


===================================
LINEUP Split Recommendations Complete
===================================
Recommendations : 0
Window          : due today or next working day only
SAP minutes     : used unchanged by default
Staffing        : explicit overrides only
Planner work    : live, held, split, forced and board orders excluded
Output          : split_recommendations.csv

[23/07/2026  1:32:55.81] Step 5 - Marking LINEUP run as successful... 
LINEUP status marked as successful.
[23/07/2026  1:32:56.11] Step 6 - Rebuilding dashboard with final status... 

===================================
LINEUP Dashboard Build Complete
===================================
Input       : scheduled_orders.csv
Output      : C:\LINEUP\output\dashboard.html
Insights    : assignment reasons and confidence
Remaining   : SAP versus adjusted
Utilisation : working-calendar aware

=================================== 
LINEUP background update finished 
23/07/2026  1:32:56.43 
=================================== 
 
=================================== 
LINEUP background update started 
23/07/2026  1:45:04.08 
=================================== 
[23/07/2026  1:45:04.08] Activating virtual environment... 
[23/07/2026  1:45:04.60] Step 0 - Marking LINEUP run as started... 
LINEUP status marked as running.
[23/07/2026  1:45:04.90] Step 1 - Backing up LINEUP config... 

===================================
LINEUP Config Backup Complete
===================================
Backup folder : C:\LINEUP\backups\2026-07-23_014505
Files copied  : 4
Old backups removed: 1

[23/07/2026  1:45:05.22] Step 2 - Running SAP capacity export... 
COOIS capacities export complete:
C:\LINEUP\data\raw\COOIS_Capacities_Latest.txt
[23/07/2026  1:45:28.57] Step 3 - Running SAP production list export... 
COOIS production list export complete:
C:\LINEUP\data\raw\COOIS_ProductionList_Latest.txt
[23/07/2026  1:47:17.21] Step 4 - Running LINEUP processing pipeline... 
LINEUP
Starting capacity parser...


===================================
LINEUP Capacity Parser Complete
===================================
Input : COOIS_Capacities_Latest.txt
Output: capacities_clean.csv
Rows  : 6400


===================================
LINEUP Production Parser Complete
===================================
Input : COOIS_ProductionList_Latest.txt
Output: production_list_clean.csv
Rows  : 2438


===================================
LINEUP Capacity Summary Complete
===================================
Input : capacities_clean.csv
Output: capacities_order_summary.csv
Rows  : 790


===================================
LINEUP Merge Complete
===================================
Production input : production_list_clean.csv
Capacity input   : capacities_order_summary.csv
Output           : master_schedule.csv
Rows             : 790
Missing metadata : 0


===================================
LINEUP Scheduling Complete
===================================
Scheduled orders : 34
Overflow orders  : 0
SAP minutes      : unchanged by default
Staffing         : explicit overrides only
Queue stability  : current + one automatic order
Insights         : assignment reasons and confidence


===================================
LINEUP Dashboard Build Complete
===================================
Input       : scheduled_orders.csv
Output      : C:\LINEUP\output\dashboard.html
Insights    : assignment reasons and confidence
Remaining   : SAP versus adjusted
Utilisation : working-calendar aware


===================================
LINEUP Schedule Report Complete
===================================
Bench utilisation: bench_utilisation.csv
Schedule summary : schedule_summary.csv


===================================
LINEUP Split Recommendations Complete
===================================
Recommendations : 0
Window          : due today or next working day only
SAP minutes     : used unchanged by default
Staffing        : explicit overrides only
Planner work    : live, held, split, forced and board orders excluded
Output          : split_recommendations.csv

[23/07/2026  1:47:17.67] Step 5 - Marking LINEUP run as successful... 
LINEUP status marked as successful.
[23/07/2026  1:47:17.97] Step 6 - Rebuilding dashboard with final status... 

===================================
LINEUP Dashboard Build Complete
===================================
Input       : scheduled_orders.csv
Output      : C:\LINEUP\output\dashboard.html
Insights    : assignment reasons and confidence
Remaining   : SAP versus adjusted
Utilisation : working-calendar aware

=================================== 
LINEUP background update finished 
23/07/2026  1:47:18.29 
=================================== 
 
=================================== 
LINEUP background update started 
23/07/2026  2:00:04.02 
=================================== 
[23/07/2026  2:00:04.03] Activating virtual environment... 
[23/07/2026  2:00:04.53] Step 0 - Marking LINEUP run as started... 
LINEUP status marked as running.
[23/07/2026  2:00:04.85] Step 1 - Backing up LINEUP config... 

===================================
LINEUP Config Backup Complete
===================================
Backup folder : C:\LINEUP\backups\2026-07-23_020005
Files copied  : 4
Old backups removed: 1

[23/07/2026  2:00:05.18] Step 2 - Running SAP capacity export... 
COOIS capacities export complete:
C:\LINEUP\data\raw\COOIS_Capacities_Latest.txt
[23/07/2026  2:00:33.37] Step 3 - Running SAP production list export... 
COOIS production list export complete:
C:\LINEUP\data\raw\COOIS_ProductionList_Latest.txt
[23/07/2026  2:03:34.87] Step 4 - Running LINEUP processing pipeline... 
LINEUP
Starting capacity parser...


===================================
LINEUP Capacity Parser Complete
===================================
Input : COOIS_Capacities_Latest.txt
Output: capacities_clean.csv
Rows  : 6400


===================================
LINEUP Production Parser Complete
===================================
Input : COOIS_ProductionList_Latest.txt
Output: production_list_clean.csv
Rows  : 2438


===================================
LINEUP Capacity Summary Complete
===================================
Input : capacities_clean.csv
Output: capacities_order_summary.csv
Rows  : 790


===================================
LINEUP Merge Complete
===================================
Production input : production_list_clean.csv
Capacity input   : capacities_order_summary.csv
Output           : master_schedule.csv
Rows             : 790
Missing metadata : 0


===================================
LINEUP Scheduling Complete
===================================
Scheduled orders : 34
Overflow orders  : 0
SAP minutes      : unchanged by default
Staffing         : explicit overrides only
Queue stability  : current + one automatic order
Insights         : assignment reasons and confidence


===================================
LINEUP Dashboard Build Complete
===================================
Input       : scheduled_orders.csv
Output      : C:\LINEUP\output\dashboard.html
Insights    : assignment reasons and confidence
Remaining   : SAP versus adjusted
Utilisation : working-calendar aware


===================================
LINEUP Schedule Report Complete
===================================
Bench utilisation: bench_utilisation.csv
Schedule summary : schedule_summary.csv


===================================
LINEUP Split Recommendations Complete
===================================
Recommendations : 0
Window          : due today or next working day only
SAP minutes     : used unchanged by default
Staffing        : explicit overrides only
Planner work    : live, held, split, forced and board orders excluded
Output          : split_recommendations.csv

[23/07/2026  2:03:35.37] Step 5 - Marking LINEUP run as successful... 
LINEUP status marked as successful.
[23/07/2026  2:03:35.70] Step 6 - Rebuilding dashboard with final status... 

===================================
LINEUP Dashboard Build Complete
===================================
Input       : scheduled_orders.csv
Output      : C:\LINEUP\output\dashboard.html
Insights    : assignment reasons and confidence
Remaining   : SAP versus adjusted
Utilisation : working-calendar aware

=================================== 
LINEUP background update finished 
23/07/2026  2:03:36.05 
=================================== 
 
=================================== 
LINEUP background update started 
23/07/2026  2:15:03.19 
=================================== 
[23/07/2026  2:15:03.19] Activating virtual environment... 
[23/07/2026  2:15:03.69] Step 0 - Marking LINEUP run as started... 
LINEUP status marked as running.
[23/07/2026  2:15:04.01] Step 1 - Backing up LINEUP config... 

===================================
LINEUP Config Backup Complete
===================================
Backup folder : C:\LINEUP\backups\2026-07-23_021504
Files copied  : 4
Old backups removed: 1

[23/07/2026  2:15:04.35] Step 2 - Running SAP capacity export... 
COOIS capacities export complete:
C:\LINEUP\data\raw\COOIS_Capacities_Latest.txt
[23/07/2026  2:15:27.88] Step 3 - Running SAP production list export... 
COOIS production list export complete:
C:\LINEUP\data\raw\COOIS_ProductionList_Latest.txt
[23/07/2026  2:17:31.71] Step 4 - Running LINEUP processing pipeline... 
LINEUP
Starting capacity parser...


===================================
LINEUP Capacity Parser Complete
===================================
Input : COOIS_Capacities_Latest.txt
Output: capacities_clean.csv
Rows  : 6400


===================================
LINEUP Production Parser Complete
===================================
Input : COOIS_ProductionList_Latest.txt
Output: production_list_clean.csv
Rows  : 2438


===================================
LINEUP Capacity Summary Complete
===================================
Input : capacities_clean.csv
Output: capacities_order_summary.csv
Rows  : 790


===================================
LINEUP Merge Complete
===================================
Production input : production_list_clean.csv
Capacity input   : capacities_order_summary.csv
Output           : master_schedule.csv
Rows             : 790
Missing metadata : 0


===================================
LINEUP Scheduling Complete
===================================
Scheduled orders : 34
Overflow orders  : 0
SAP minutes      : unchanged by default
Staffing         : explicit overrides only
Queue stability  : current + one automatic order
Insights         : assignment reasons and confidence


===================================
LINEUP Dashboard Build Complete
===================================
Input       : scheduled_orders.csv
Output      : C:\LINEUP\output\dashboard.html
Insights    : assignment reasons and confidence
Remaining   : SAP versus adjusted
Utilisation : working-calendar aware


===================================
LINEUP Schedule Report Complete
===================================
Bench utilisation: bench_utilisation.csv
Schedule summary : schedule_summary.csv


===================================
LINEUP Split Recommendations Complete
===================================
Recommendations : 0
Window          : due today or next working day only
SAP minutes     : used unchanged by default
Staffing        : explicit overrides only
Planner work    : live, held, split, forced and board orders excluded
Output          : split_recommendations.csv

[23/07/2026  2:17:32.36] Step 5 - Marking LINEUP run as successful... 
LINEUP status marked as successful.
[23/07/2026  2:17:32.69] Step 6 - Rebuilding dashboard with final status... 

===================================
LINEUP Dashboard Build Complete
===================================
Input       : scheduled_orders.csv
Output      : C:\LINEUP\output\dashboard.html
Insights    : assignment reasons and confidence
Remaining   : SAP versus adjusted
Utilisation : working-calendar aware

=================================== 
LINEUP background update finished 
23/07/2026  2:17:33.04 
=================================== 
 
=================================== 
LINEUP background update started 
23/07/2026  2:30:03.10 
=================================== 
[23/07/2026  2:30:03.10] Activating virtual environment... 
[23/07/2026  2:30:03.62] Step 0 - Marking LINEUP run as started... 
LINEUP status marked as running.
[23/07/2026  2:30:03.94] Step 1 - Backing up LINEUP config... 

===================================
LINEUP Config Backup Complete
===================================
Backup folder : C:\LINEUP\backups\2026-07-23_023004
Files copied  : 4
Old backups removed: 1

[23/07/2026  2:30:04.27] Step 2 - Running SAP capacity export... 
COOIS capacities export complete:
C:\LINEUP\data\raw\COOIS_Capacities_Latest.txt
[23/07/2026  2:30:30.74] Step 3 - Running SAP production list export... 
COOIS production list export complete:
C:\LINEUP\data\raw\COOIS_ProductionList_Latest.txt
[23/07/2026  2:32:42.88] Step 4 - Running LINEUP processing pipeline... 
LINEUP
Starting capacity parser...


===================================
LINEUP Capacity Parser Complete
===================================
Input : COOIS_Capacities_Latest.txt
Output: capacities_clean.csv
Rows  : 6400


===================================
LINEUP Production Parser Complete
===================================
Input : COOIS_ProductionList_Latest.txt
Output: production_list_clean.csv
Rows  : 2438


===================================
LINEUP Capacity Summary Complete
===================================
Input : capacities_clean.csv
Output: capacities_order_summary.csv
Rows  : 790


===================================
LINEUP Merge Complete
===================================
Production input : production_list_clean.csv
Capacity input   : capacities_order_summary.csv
Output           : master_schedule.csv
Rows             : 790
Missing metadata : 0


===================================
LINEUP Scheduling Complete
===================================
Scheduled orders : 34
Overflow orders  : 0
SAP minutes      : unchanged by default
Staffing         : explicit overrides only
Queue stability  : current + one automatic order
Insights         : assignment reasons and confidence


===================================
LINEUP Dashboard Build Complete
===================================
Input       : scheduled_orders.csv
Output      : C:\LINEUP\output\dashboard.html
Insights    : assignment reasons and confidence
Remaining   : SAP versus adjusted
Utilisation : working-calendar aware


===================================
LINEUP Schedule Report Complete
===================================
Bench utilisation: bench_utilisation.csv
Schedule summary : schedule_summary.csv


===================================
LINEUP Split Recommendations Complete
===================================
Recommendations : 0
Window          : due today or next working day only
SAP minutes     : used unchanged by default
Staffing        : explicit overrides only
Planner work    : live, held, split, forced and board orders excluded
Output          : split_recommendations.csv

[23/07/2026  2:32:43.38] Step 5 - Marking LINEUP run as successful... 
LINEUP status marked as successful.
[23/07/2026  2:32:43.70] Step 6 - Rebuilding dashboard with final status... 

===================================
LINEUP Dashboard Build Complete
===================================
Input       : scheduled_orders.csv
Output      : C:\LINEUP\output\dashboard.html
Insights    : assignment reasons and confidence
Remaining   : SAP versus adjusted
Utilisation : working-calendar aware

=================================== 
LINEUP background update finished 
23/07/2026  2:32:44.05 
=================================== 
 
=================================== 
LINEUP background update started 
23/07/2026  2:45:03.12 
=================================== 
[23/07/2026  2:45:03.12] Activating virtual environment... 
[23/07/2026  2:45:03.65] Step 0 - Marking LINEUP run as started... 
LINEUP status marked as running.
[23/07/2026  2:45:03.94] Step 1 - Backing up LINEUP config... 

===================================
LINEUP Config Backup Complete
===================================
Backup folder : C:\LINEUP\backups\2026-07-23_024504
Files copied  : 4
Old backups removed: 1

[23/07/2026  2:45:04.28] Step 2 - Running SAP capacity export... 
COOIS capacities export complete:
C:\LINEUP\data\raw\COOIS_Capacities_Latest.txt
[23/07/2026  2:45:28.21] Step 3 - Running SAP production list export... 
COOIS production list export complete:
C:\LINEUP\data\raw\COOIS_ProductionList_Latest.txt
[23/07/2026  2:47:32.81] Step 4 - Running LINEUP processing pipeline... 
LINEUP
Starting capacity parser...


===================================
LINEUP Capacity Parser Complete
===================================
Input : COOIS_Capacities_Latest.txt
Output: capacities_clean.csv
Rows  : 6400


===================================
LINEUP Production Parser Complete
===================================
Input : COOIS_ProductionList_Latest.txt
Output: production_list_clean.csv
Rows  : 2438


===================================
LINEUP Capacity Summary Complete
===================================
Input : capacities_clean.csv
Output: capacities_order_summary.csv
Rows  : 790


===================================
LINEUP Merge Complete
===================================
Production input : production_list_clean.csv
Capacity input   : capacities_order_summary.csv
Output           : master_schedule.csv
Rows             : 790
Missing metadata : 0


===================================
LINEUP Scheduling Complete
===================================
Scheduled orders : 34
Overflow orders  : 0
SAP minutes      : unchanged by default
Staffing         : explicit overrides only
Queue stability  : current + one automatic order
Insights         : assignment reasons and confidence


===================================
LINEUP Dashboard Build Complete
===================================
Input       : scheduled_orders.csv
Output      : C:\LINEUP\output\dashboard.html
Insights    : assignment reasons and confidence
Remaining   : SAP versus adjusted
Utilisation : working-calendar aware


===================================
LINEUP Schedule Report Complete
===================================
Bench utilisation: bench_utilisation.csv
Schedule summary : schedule_summary.csv


===================================
LINEUP Split Recommendations Complete
===================================
Recommendations : 0
Window          : due today or next working day only
SAP minutes     : used unchanged by default
Staffing        : explicit overrides only
Planner work    : live, held, split, forced and board orders excluded
Output          : split_recommendations.csv

[23/07/2026  2:47:33.28] Step 5 - Marking LINEUP run as successful... 
LINEUP status marked as successful.
[23/07/2026  2:47:33.59] Step 6 - Rebuilding dashboard with final status... 

===================================
LINEUP Dashboard Build Complete
===================================
Input       : scheduled_orders.csv
Output      : C:\LINEUP\output\dashboard.html
Insights    : assignment reasons and confidence
Remaining   : SAP versus adjusted
Utilisation : working-calendar aware

=================================== 
LINEUP background update finished 
23/07/2026  2:47:33.92 
=================================== 
 
=================================== 
LINEUP background update started 
23/07/2026  3:00:03.22 
=================================== 
[23/07/2026  3:00:03.22] Activating virtual environment... 
[23/07/2026  3:00:03.76] Step 0 - Marking LINEUP run as started... 
LINEUP status marked as running.
[23/07/2026  3:00:04.08] Step 1 - Backing up LINEUP config... 

===================================
LINEUP Config Backup Complete
===================================
Backup folder : C:\LINEUP\backups\2026-07-23_030004
Files copied  : 4
Old backups removed: 1

[23/07/2026  3:00:04.41] Step 2 - Running SAP capacity export... 
COOIS capacities export complete:
C:\LINEUP\data\raw\COOIS_Capacities_Latest.txt
[23/07/2026  3:00:37.04] Step 3 - Running SAP production list export... 
COOIS production list export complete:
C:\LINEUP\data\raw\COOIS_ProductionList_Latest.txt
[23/07/2026  3:03:32.11] Step 4 - Running LINEUP processing pipeline... 
LINEUP
Starting capacity parser...


===================================
LINEUP Capacity Parser Complete
===================================
Input : COOIS_Capacities_Latest.txt
Output: capacities_clean.csv
Rows  : 6400


===================================
LINEUP Production Parser Complete
===================================
Input : COOIS_ProductionList_Latest.txt
Output: production_list_clean.csv
Rows  : 2438


===================================
LINEUP Capacity Summary Complete
===================================
Input : capacities_clean.csv
Output: capacities_order_summary.csv
Rows  : 790


===================================
LINEUP Merge Complete
===================================
Production input : production_list_clean.csv
Capacity input   : capacities_order_summary.csv
Output           : master_schedule.csv
Rows             : 790
Missing metadata : 0


===================================
LINEUP Scheduling Complete
===================================
Scheduled orders : 34
Overflow orders  : 0
SAP minutes      : unchanged by default
Staffing         : explicit overrides only
Queue stability  : current + one automatic order
Insights         : assignment reasons and confidence


===================================
LINEUP Dashboard Build Complete
===================================
Input       : scheduled_orders.csv
Output      : C:\LINEUP\output\dashboard.html
Insights    : assignment reasons and confidence
Remaining   : SAP versus adjusted
Utilisation : working-calendar aware


===================================
LINEUP Schedule Report Complete
===================================
Bench utilisation: bench_utilisation.csv
Schedule summary : schedule_summary.csv


===================================
LINEUP Split Recommendations Complete
===================================
Recommendations : 0
Window          : due today or next working day only
SAP minutes     : used unchanged by default
Staffing        : explicit overrides only
Planner work    : live, held, split, forced and board orders excluded
Output          : split_recommendations.csv

[23/07/2026  3:03:32.57] Step 5 - Marking LINEUP run as successful... 
LINEUP status marked as successful.
[23/07/2026  3:03:32.88] Step 6 - Rebuilding dashboard with final status... 

===================================
LINEUP Dashboard Build Complete
===================================
Input       : scheduled_orders.csv
Output      : C:\LINEUP\output\dashboard.html
Insights    : assignment reasons and confidence
Remaining   : SAP versus adjusted
Utilisation : working-calendar aware

=================================== 
LINEUP background update finished 
23/07/2026  3:03:33.20 
=================================== 
 
=================================== 
LINEUP background update started 
23/07/2026  3:15:03.33 
=================================== 
[23/07/2026  3:15:03.33] Activating virtual environment... 
[23/07/2026  3:15:03.88] Step 0 - Marking LINEUP run as started... 
LINEUP status marked as running.
[23/07/2026  3:15:04.23] Step 1 - Backing up LINEUP config... 

===================================
LINEUP Config Backup Complete
===================================
Backup folder : C:\LINEUP\backups\2026-07-23_031504
Files copied  : 4
Old backups removed: 1

[23/07/2026  3:15:04.59] Step 2 - Running SAP capacity export... 
COOIS capacities export complete:
C:\LINEUP\data\raw\COOIS_Capacities_Latest.txt
[23/07/2026  3:15:34.19] Step 3 - Running SAP production list export... 
COOIS production list export complete:
C:\LINEUP\data\raw\COOIS_ProductionList_Latest.txt
[23/07/2026  3:17:42.82] Step 4 - Running LINEUP processing pipeline... 
LINEUP
Starting capacity parser...


===================================
LINEUP Capacity Parser Complete
===================================
Input : COOIS_Capacities_Latest.txt
Output: capacities_clean.csv
Rows  : 6400


===================================
LINEUP Production Parser Complete
===================================
Input : COOIS_ProductionList_Latest.txt
Output: production_list_clean.csv
Rows  : 2438


===================================
LINEUP Capacity Summary Complete
===================================
Input : capacities_clean.csv
Output: capacities_order_summary.csv
Rows  : 790


===================================
LINEUP Merge Complete
===================================
Production input : production_list_clean.csv
Capacity input   : capacities_order_summary.csv
Output           : master_schedule.csv
Rows             : 790
Missing metadata : 0


===================================
LINEUP Scheduling Complete
===================================
Scheduled orders : 34
Overflow orders  : 0
SAP minutes      : unchanged by default
Staffing         : explicit overrides only
Queue stability  : current + one automatic order
Insights         : assignment reasons and confidence


===================================
LINEUP Dashboard Build Complete
===================================
Input       : scheduled_orders.csv
Output      : C:\LINEUP\output\dashboard.html
Insights    : assignment reasons and confidence
Remaining   : SAP versus adjusted
Utilisation : working-calendar aware


===================================
LINEUP Schedule Report Complete
===================================
Bench utilisation: bench_utilisation.csv
Schedule summary : schedule_summary.csv


===================================
LINEUP Split Recommendations Complete
===================================
Recommendations : 0
Window          : due today or next working day only
SAP minutes     : used unchanged by default
Staffing        : explicit overrides only
Planner work    : live, held, split, forced and board orders excluded
Output          : split_recommendations.csv

[23/07/2026  3:17:43.29] Step 5 - Marking LINEUP run as successful... 
LINEUP status marked as successful.
[23/07/2026  3:17:43.62] Step 6 - Rebuilding dashboard with final status... 

===================================
LINEUP Dashboard Build Complete
===================================
Input       : scheduled_orders.csv
Output      : C:\LINEUP\output\dashboard.html
Insights    : assignment reasons and confidence
Remaining   : SAP versus adjusted
Utilisation : working-calendar aware

=================================== 
LINEUP background update finished 
23/07/2026  3:17:43.93 
=================================== 
 
=================================== 
LINEUP background update started 
23/07/2026  3:30:03.33 
=================================== 
[23/07/2026  3:30:03.34] Activating virtual environment... 
[23/07/2026  3:30:04.00] Step 0 - Marking LINEUP run as started... 
LINEUP status marked as running.
[23/07/2026  3:30:04.33] Step 1 - Backing up LINEUP config... 

===================================
LINEUP Config Backup Complete
===================================
Backup folder : C:\LINEUP\backups\2026-07-23_033004
Files copied  : 4
Old backups removed: 1

[23/07/2026  3:30:04.66] Step 2 - Running SAP capacity export... 
COOIS capacities export complete:
C:\LINEUP\data\raw\COOIS_Capacities_Latest.txt
[23/07/2026  3:30:30.45] Step 3 - Running SAP production list export... 
COOIS production list export complete:
C:\LINEUP\data\raw\COOIS_ProductionList_Latest.txt
[23/07/2026  3:33:07.83] Step 4 - Running LINEUP processing pipeline... 
LINEUP
Starting capacity parser...


===================================
LINEUP Capacity Parser Complete
===================================
Input : COOIS_Capacities_Latest.txt
Output: capacities_clean.csv
Rows  : 6400


===================================
LINEUP Production Parser Complete
===================================
Input : COOIS_ProductionList_Latest.txt
Output: production_list_clean.csv
Rows  : 2438


===================================
LINEUP Capacity Summary Complete
===================================
Input : capacities_clean.csv
Output: capacities_order_summary.csv
Rows  : 790


===================================
LINEUP Merge Complete
===================================
Production input : production_list_clean.csv
Capacity input   : capacities_order_summary.csv
Output           : master_schedule.csv
Rows             : 790
Missing metadata : 0


===================================
LINEUP Scheduling Complete
===================================
Scheduled orders : 34
Overflow orders  : 0
SAP minutes      : unchanged by default
Staffing         : explicit overrides only
Queue stability  : current + one automatic order
Insights         : assignment reasons and confidence


===================================
LINEUP Dashboard Build Complete
===================================
Input       : scheduled_orders.csv
Output      : C:\LINEUP\output\dashboard.html
Insights    : assignment reasons and confidence
Remaining   : SAP versus adjusted
Utilisation : working-calendar aware


===================================
LINEUP Schedule Report Complete
===================================
Bench utilisation: bench_utilisation.csv
Schedule summary : schedule_summary.csv


===================================
LINEUP Split Recommendations Complete
===================================
Recommendations : 0
Window          : due today or next working day only
SAP minutes     : used unchanged by default
Staffing        : explicit overrides only
Planner work    : live, held, split, forced and board orders excluded
Output          : split_recommendations.csv

[23/07/2026  3:33:08.30] Step 5 - Marking LINEUP run as successful... 
LINEUP status marked as successful.
[23/07/2026  3:33:08.61] Step 6 - Rebuilding dashboard with final status... 

===================================
LINEUP Dashboard Build Complete
===================================
Input       : scheduled_orders.csv
Output      : C:\LINEUP\output\dashboard.html
Insights    : assignment reasons and confidence
Remaining   : SAP versus adjusted
Utilisation : working-calendar aware

=================================== 
LINEUP background update finished 
23/07/2026  3:33:08.93 
=================================== 
 
=================================== 
LINEUP background update started 
23/07/2026  3:45:03.12 
=================================== 
[23/07/2026  3:45:03.12] Activating virtual environment... 
[23/07/2026  3:45:03.63] Step 0 - Marking LINEUP run as started... 
LINEUP status marked as running.
[23/07/2026  3:45:03.96] Step 1 - Backing up LINEUP config... 

===================================
LINEUP Config Backup Complete
===================================
Backup folder : C:\LINEUP\backups\2026-07-23_034504
Files copied  : 4
Old backups removed: 1

[23/07/2026  3:45:04.32] Step 2 - Running SAP capacity export... 
COOIS capacities export complete:
C:\LINEUP\data\raw\COOIS_Capacities_Latest.txt
[23/07/2026  3:45:29.81] Step 3 - Running SAP production list export... 
COOIS production list export complete:
C:\LINEUP\data\raw\COOIS_ProductionList_Latest.txt
[23/07/2026  3:47:40.32] Step 4 - Running LINEUP processing pipeline... 
LINEUP
Starting capacity parser...


===================================
LINEUP Capacity Parser Complete
===================================
Input : COOIS_Capacities_Latest.txt
Output: capacities_clean.csv
Rows  : 6400


===================================
LINEUP Production Parser Complete
===================================
Input : COOIS_ProductionList_Latest.txt
Output: production_list_clean.csv
Rows  : 2438


===================================
LINEUP Capacity Summary Complete
===================================
Input : capacities_clean.csv
Output: capacities_order_summary.csv
Rows  : 790


===================================
LINEUP Merge Complete
===================================
Production input : production_list_clean.csv
Capacity input   : capacities_order_summary.csv
Output           : master_schedule.csv
Rows             : 790
Missing metadata : 0


===================================
LINEUP Scheduling Complete
===================================
Scheduled orders : 34
Overflow orders  : 0
SAP minutes      : unchanged by default
Staffing         : explicit overrides only
Queue stability  : current + one automatic order
Insights         : assignment reasons and confidence


===================================
LINEUP Dashboard Build Complete
===================================
Input       : scheduled_orders.csv
Output      : C:\LINEUP\output\dashboard.html
Insights    : assignment reasons and confidence
Remaining   : SAP versus adjusted
Utilisation : working-calendar aware


===================================
LINEUP Schedule Report Complete
===================================
Bench utilisation: bench_utilisation.csv
Schedule summary : schedule_summary.csv


===================================
LINEUP Split Recommendations Complete
===================================
Recommendations : 0
Window          : due today or next working day only
SAP minutes     : used unchanged by default
Staffing        : explicit overrides only
Planner work    : live, held, split, forced and board orders excluded
Output          : split_recommendations.csv

[23/07/2026  3:47:40.79] Step 5 - Marking LINEUP run as successful... 
LINEUP status marked as successful.
[23/07/2026  3:47:41.10] Step 6 - Rebuilding dashboard with final status... 

===================================
LINEUP Dashboard Build Complete
===================================
Input       : scheduled_orders.csv
Output      : C:\LINEUP\output\dashboard.html
Insights    : assignment reasons and confidence
Remaining   : SAP versus adjusted
Utilisation : working-calendar aware

=================================== 
LINEUP background update finished 
23/07/2026  3:47:41.45 
=================================== 
 
=================================== 
LINEUP background update started 
23/07/2026  4:00:03.27 
=================================== 
[23/07/2026  4:00:03.27] Activating virtual environment... 
[23/07/2026  4:00:03.88] Step 0 - Marking LINEUP run as started... 
LINEUP status marked as running.
[23/07/2026  4:00:04.29] Step 1 - Backing up LINEUP config... 

===================================
LINEUP Config Backup Complete
===================================
Backup folder : C:\LINEUP\backups\2026-07-23_040004
Files copied  : 4
Old backups removed: 1

[23/07/2026  4:00:04.67] Step 2 - Running SAP capacity export... 
COOIS capacities export complete:
C:\LINEUP\data\raw\COOIS_Capacities_Latest.txt
[23/07/2026  4:00:32.54] Step 3 - Running SAP production list export... 
COOIS production list export complete:
C:\LINEUP\data\raw\COOIS_ProductionList_Latest.txt
[23/07/2026  4:04:02.02] Step 4 - Running LINEUP processing pipeline... 
LINEUP
Starting capacity parser...


===================================
LINEUP Capacity Parser Complete
===================================
Input : COOIS_Capacities_Latest.txt
Output: capacities_clean.csv
Rows  : 6400


===================================
LINEUP Production Parser Complete
===================================
Input : COOIS_ProductionList_Latest.txt
Output: production_list_clean.csv
Rows  : 2438


===================================
LINEUP Capacity Summary Complete
===================================
Input : capacities_clean.csv
Output: capacities_order_summary.csv
Rows  : 790


===================================
LINEUP Merge Complete
===================================
Production input : production_list_clean.csv
Capacity input   : capacities_order_summary.csv
Output           : master_schedule.csv
Rows             : 790
Missing metadata : 0


===================================
LINEUP Scheduling Complete
===================================
Scheduled orders : 34
Overflow orders  : 0
SAP minutes      : unchanged by default
Staffing         : explicit overrides only
Queue stability  : current + one automatic order
Insights         : assignment reasons and confidence


===================================
LINEUP Dashboard Build Complete
===================================
Input       : scheduled_orders.csv
Output      : C:\LINEUP\output\dashboard.html
Insights    : assignment reasons and confidence
Remaining   : SAP versus adjusted
Utilisation : working-calendar aware


===================================
LINEUP Schedule Report Complete
===================================
Bench utilisation: bench_utilisation.csv
Schedule summary : schedule_summary.csv


===================================
LINEUP Split Recommendations Complete
===================================
Recommendations : 0
Window          : due today or next working day only
SAP minutes     : used unchanged by default
Staffing        : explicit overrides only
Planner work    : live, held, split, forced and board orders excluded
Output          : split_recommendations.csv

[23/07/2026  4:04:02.55] Step 5 - Marking LINEUP run as successful... 
LINEUP status marked as successful.
[23/07/2026  4:04:02.89] Step 6 - Rebuilding dashboard with final status... 

===================================
LINEUP Dashboard Build Complete
===================================
Input       : scheduled_orders.csv
Output      : C:\LINEUP\output\dashboard.html
Insights    : assignment reasons and confidence
Remaining   : SAP versus adjusted
Utilisation : working-calendar aware

=================================== 
LINEUP background update finished 
23/07/2026  4:04:03.24 
=================================== 
 
=================================== 
LINEUP background update started 
23/07/2026  4:15:03.25 
=================================== 
[23/07/2026  4:15:03.25] Activating virtual environment... 
[23/07/2026  4:15:03.77] Step 0 - Marking LINEUP run as started... 
LINEUP status marked as running.
[23/07/2026  4:15:04.09] Step 1 - Backing up LINEUP config... 

===================================
LINEUP Config Backup Complete
===================================
Backup folder : C:\LINEUP\backups\2026-07-23_041504
Files copied  : 4
Old backups removed: 1

[23/07/2026  4:15:04.45] Step 2 - Running SAP capacity export... 
COOIS capacities export complete:
C:\LINEUP\data\raw\COOIS_Capacities_Latest.txt
[23/07/2026  4:15:28.54] Step 3 - Running SAP production list export... 
COOIS production list export complete:
C:\LINEUP\data\raw\COOIS_ProductionList_Latest.txt
[23/07/2026  4:17:47.29] Step 4 - Running LINEUP processing pipeline... 
LINEUP
Starting capacity parser...


===================================
LINEUP Capacity Parser Complete
===================================
Input : COOIS_Capacities_Latest.txt
Output: capacities_clean.csv
Rows  : 6400


===================================
LINEUP Production Parser Complete
===================================
Input : COOIS_ProductionList_Latest.txt
Output: production_list_clean.csv
Rows  : 2438


===================================
LINEUP Capacity Summary Complete
===================================
Input : capacities_clean.csv
Output: capacities_order_summary.csv
Rows  : 790


===================================
LINEUP Merge Complete
===================================
Production input : production_list_clean.csv
Capacity input   : capacities_order_summary.csv
Output           : master_schedule.csv
Rows             : 790
Missing metadata : 0


===================================
LINEUP Scheduling Complete
===================================
Scheduled orders : 34
Overflow orders  : 0
SAP minutes      : unchanged by default
Staffing         : explicit overrides only
Queue stability  : current + one automatic order
Insights         : assignment reasons and confidence


===================================
LINEUP Dashboard Build Complete
===================================
Input       : scheduled_orders.csv
Output      : C:\LINEUP\output\dashboard.html
Insights    : assignment reasons and confidence
Remaining   : SAP versus adjusted
Utilisation : working-calendar aware


===================================
LINEUP Schedule Report Complete
===================================
Bench utilisation: bench_utilisation.csv
Schedule summary : schedule_summary.csv


===================================
LINEUP Split Recommendations Complete
===================================
Recommendations : 0
Window          : due today or next working day only
SAP minutes     : used unchanged by default
Staffing        : explicit overrides only
Planner work    : live, held, split, forced and board orders excluded
Output          : split_recommendations.csv

[23/07/2026  4:17:47.76] Step 5 - Marking LINEUP run as successful... 
LINEUP status marked as successful.
[23/07/2026  4:17:48.06] Step 6 - Rebuilding dashboard with final status... 

===================================
LINEUP Dashboard Build Complete
===================================
Input       : scheduled_orders.csv
Output      : C:\LINEUP\output\dashboard.html
Insights    : assignment reasons and confidence
Remaining   : SAP versus adjusted
Utilisation : working-calendar aware

=================================== 
LINEUP background update finished 
23/07/2026  4:17:48.40 
=================================== 
 
=================================== 
LINEUP background update started 
23/07/2026  4:30:03.12 
=================================== 
[23/07/2026  4:30:03.12] Activating virtual environment... 
[23/07/2026  4:30:03.62] Step 0 - Marking LINEUP run as started... 
LINEUP status marked as running.
[23/07/2026  4:30:03.93] Step 1 - Backing up LINEUP config... 

===================================
LINEUP Config Backup Complete
===================================
Backup folder : C:\LINEUP\backups\2026-07-23_043004
Files copied  : 4
Old backups removed: 1

[23/07/2026  4:30:04.27] Step 2 - Running SAP capacity export... 
COOIS capacities export complete:
C:\LINEUP\data\raw\COOIS_Capacities_Latest.txt
[23/07/2026  4:30:28.39] Step 3 - Running SAP production list export... 
COOIS production list export complete:
C:\LINEUP\data\raw\COOIS_ProductionList_Latest.txt
[23/07/2026  4:33:00.97] Step 4 - Running LINEUP processing pipeline... 
LINEUP
Starting capacity parser...


===================================
LINEUP Capacity Parser Complete
===================================
Input : COOIS_Capacities_Latest.txt
Output: capacities_clean.csv
Rows  : 6400


===================================
LINEUP Production Parser Complete
===================================
Input : COOIS_ProductionList_Latest.txt
Output: production_list_clean.csv
Rows  : 2438


===================================
LINEUP Capacity Summary Complete
===================================
Input : capacities_clean.csv
Output: capacities_order_summary.csv
Rows  : 790


===================================
LINEUP Merge Complete
===================================
Production input : production_list_clean.csv
Capacity input   : capacities_order_summary.csv
Output           : master_schedule.csv
Rows             : 790
Missing metadata : 0


===================================
LINEUP Scheduling Complete
===================================
Scheduled orders : 34
Overflow orders  : 0
SAP minutes      : unchanged by default
Staffing         : explicit overrides only
Queue stability  : current + one automatic order
Insights         : assignment reasons and confidence


===================================
LINEUP Dashboard Build Complete
===================================
Input       : scheduled_orders.csv
Output      : C:\LINEUP\output\dashboard.html
Insights    : assignment reasons and confidence
Remaining   : SAP versus adjusted
Utilisation : working-calendar aware


===================================
LINEUP Schedule Report Complete
===================================
Bench utilisation: bench_utilisation.csv
Schedule summary : schedule_summary.csv


===================================
LINEUP Split Recommendations Complete
===================================
Recommendations : 0
Window          : due today or next working day only
SAP minutes     : used unchanged by default
Staffing        : explicit overrides only
Planner work    : live, held, split, forced and board orders excluded
Output          : split_recommendations.csv

[23/07/2026  4:33:01.47] Step 5 - Marking LINEUP run as successful... 
LINEUP status marked as successful.
[23/07/2026  4:33:01.79] Step 6 - Rebuilding dashboard with final status... 

===================================
LINEUP Dashboard Build Complete
===================================
Input       : scheduled_orders.csv
Output      : C:\LINEUP\output\dashboard.html
Insights    : assignment reasons and confidence
Remaining   : SAP versus adjusted
Utilisation : working-calendar aware

=================================== 
LINEUP background update finished 
23/07/2026  4:33:02.13 
=================================== 
 
=================================== 
LINEUP background update started 
23/07/2026  4:45:03.15 
=================================== 
[23/07/2026  4:45:03.15] Activating virtual environment... 
[23/07/2026  4:45:03.66] Step 0 - Marking LINEUP run as started... 
LINEUP status marked as running.
[23/07/2026  4:45:03.97] Step 1 - Backing up LINEUP config... 

===================================
LINEUP Config Backup Complete
===================================
Backup folder : C:\LINEUP\backups\2026-07-23_044504
Files copied  : 4
Old backups removed: 1

[23/07/2026  4:45:04.29] Step 2 - Running SAP capacity export... 
COOIS capacities export complete:
C:\LINEUP\data\raw\COOIS_Capacities_Latest.txt
[23/07/2026  4:45:27.85] Step 3 - Running SAP production list export... 
COOIS production list export complete:
C:\LINEUP\data\raw\COOIS_ProductionList_Latest.txt
[23/07/2026  4:47:44.20] Step 4 - Running LINEUP processing pipeline... 
LINEUP
Starting capacity parser...


===================================
LINEUP Capacity Parser Complete
===================================
Input : COOIS_Capacities_Latest.txt
Output: capacities_clean.csv
Rows  : 6400


===================================
LINEUP Production Parser Complete
===================================
Input : COOIS_ProductionList_Latest.txt
Output: production_list_clean.csv
Rows  : 2438


===================================
LINEUP Capacity Summary Complete
===================================
Input : capacities_clean.csv
Output: capacities_order_summary.csv
Rows  : 790


===================================
LINEUP Merge Complete
===================================
Production input : production_list_clean.csv
Capacity input   : capacities_order_summary.csv
Output           : master_schedule.csv
Rows             : 790
Missing metadata : 0


===================================
LINEUP Scheduling Complete
===================================
Scheduled orders : 34
Overflow orders  : 0
SAP minutes      : unchanged by default
Staffing         : explicit overrides only
Queue stability  : current + one automatic order
Insights         : assignment reasons and confidence


===================================
LINEUP Dashboard Build Complete
===================================
Input       : scheduled_orders.csv
Output      : C:\LINEUP\output\dashboard.html
Insights    : assignment reasons and confidence
Remaining   : SAP versus adjusted
Utilisation : working-calendar aware


===================================
LINEUP Schedule Report Complete
===================================
Bench utilisation: bench_utilisation.csv
Schedule summary : schedule_summary.csv


===================================
LINEUP Split Recommendations Complete
===================================
Recommendations : 0
Window          : due today or next working day only
SAP minutes     : used unchanged by default
Staffing        : explicit overrides only
Planner work    : live, held, split, forced and board orders excluded
Output          : split_recommendations.csv

[23/07/2026  4:47:44.67] Step 5 - Marking LINEUP run as successful... 
LINEUP status marked as successful.
[23/07/2026  4:47:44.99] Step 6 - Rebuilding dashboard with final status... 

===================================
LINEUP Dashboard Build Complete
===================================
Input       : scheduled_orders.csv
Output      : C:\LINEUP\output\dashboard.html
Insights    : assignment reasons and confidence
Remaining   : SAP versus adjusted
Utilisation : working-calendar aware

=================================== 
LINEUP background update finished 
23/07/2026  4:47:45.30 
=================================== 
 
=================================== 
LINEUP background update started 
23/07/2026  5:00:03.25 
=================================== 
[23/07/2026  5:00:03.25] Activating virtual environment... 
[23/07/2026  5:00:03.76] Step 0 - Marking LINEUP run as started... 
LINEUP status marked as running.
[23/07/2026  5:00:04.06] Step 1 - Backing up LINEUP config... 

===================================
LINEUP Config Backup Complete
===================================
Backup folder : C:\LINEUP\backups\2026-07-23_050004
Files copied  : 4
Old backups removed: 1

[23/07/2026  5:00:04.39] Step 2 - Running SAP capacity export... 
COOIS capacities export complete:
C:\LINEUP\data\raw\COOIS_Capacities_Latest.txt
[23/07/2026  5:00:26.74] Step 3 - Running SAP production list export... 
COOIS production list export complete:
C:\LINEUP\data\raw\COOIS_ProductionList_Latest.txt
[23/07/2026  5:02:31.03] Step 4 - Running LINEUP processing pipeline... 
LINEUP
Starting capacity parser...


===================================
LINEUP Capacity Parser Complete
===================================
Input : COOIS_Capacities_Latest.txt
Output: capacities_clean.csv
Rows  : 6396


===================================
LINEUP Production Parser Complete
===================================
Input : COOIS_ProductionList_Latest.txt
Output: production_list_clean.csv
Rows  : 2437


===================================
LINEUP Capacity Summary Complete
===================================
Input : capacities_clean.csv
Output: capacities_order_summary.csv
Rows  : 790


===================================
LINEUP Merge Complete
===================================
Production input : production_list_clean.csv
Capacity input   : capacities_order_summary.csv
Output           : master_schedule.csv
Rows             : 790
Missing metadata : 0


===================================
LINEUP Scheduling Complete
===================================
Scheduled orders : 34
Overflow orders  : 0
SAP minutes      : unchanged by default
Staffing         : explicit overrides only
Queue stability  : current + one automatic order
Insights         : assignment reasons and confidence


===================================
LINEUP Dashboard Build Complete
===================================
Input       : scheduled_orders.csv
Output      : C:\LINEUP\output\dashboard.html
Insights    : assignment reasons and confidence
Remaining   : SAP versus adjusted
Utilisation : working-calendar aware


===================================
LINEUP Schedule Report Complete
===================================
Bench utilisation: bench_utilisation.csv
Schedule summary : schedule_summary.csv


===================================
LINEUP Split Recommendations Complete
===================================
Recommendations : 0
Window          : due today or next working day only
SAP minutes     : used unchanged by default
Staffing        : explicit overrides only
Planner work    : live, held, split, forced and board orders excluded
Output          : split_recommendations.csv

[23/07/2026  5:02:31.50] Step 5 - Marking LINEUP run as successful... 
LINEUP status marked as successful.
[23/07/2026  5:02:31.81] Step 6 - Rebuilding dashboard with final status... 

===================================
LINEUP Dashboard Build Complete
===================================
Input       : scheduled_orders.csv
Output      : C:\LINEUP\output\dashboard.html
Insights    : assignment reasons and confidence
Remaining   : SAP versus adjusted
Utilisation : working-calendar aware

=================================== 
LINEUP background update finished 
23/07/2026  5:02:32.13 
=================================== 
 
=================================== 
LINEUP background update started 
23/07/2026  5:15:03.17 
=================================== 
[23/07/2026  5:15:03.17] Activating virtual environment... 
[23/07/2026  5:15:03.67] Step 0 - Marking LINEUP run as started... 
LINEUP status marked as running.
[23/07/2026  5:15:04.00] Step 1 - Backing up LINEUP config... 

===================================
LINEUP Config Backup Complete
===================================
Backup folder : C:\LINEUP\backups\2026-07-23_051504
Files copied  : 4
Old backups removed: 1

[23/07/2026  5:15:04.35] Step 2 - Running SAP capacity export... 
COOIS capacities export complete:
C:\LINEUP\data\raw\COOIS_Capacities_Latest.txt
[23/07/2026  5:15:28.48] Step 3 - Running SAP production list export... 
COOIS production list export complete:
C:\LINEUP\data\raw\COOIS_ProductionList_Latest.txt
[23/07/2026  5:18:10.26] Step 4 - Running LINEUP processing pipeline... 
LINEUP
Starting capacity parser...


===================================
LINEUP Capacity Parser Complete
===================================
Input : COOIS_Capacities_Latest.txt
Output: capacities_clean.csv
Rows  : 6396


===================================
LINEUP Production Parser Complete
===================================
Input : COOIS_ProductionList_Latest.txt
Output: production_list_clean.csv
Rows  : 2437


===================================
LINEUP Capacity Summary Complete
===================================
Input : capacities_clean.csv
Output: capacities_order_summary.csv
Rows  : 790


===================================
LINEUP Merge Complete
===================================
Production input : production_list_clean.csv
Capacity input   : capacities_order_summary.csv
Output           : master_schedule.csv
Rows             : 790
Missing metadata : 0


===================================
LINEUP Scheduling Complete
===================================
Scheduled orders : 34
Overflow orders  : 0
SAP minutes      : unchanged by default
Staffing         : explicit overrides only
Queue stability  : current + one automatic order
Insights         : assignment reasons and confidence


===================================
LINEUP Dashboard Build Complete
===================================
Input       : scheduled_orders.csv
Output      : C:\LINEUP\output\dashboard.html
Insights    : assignment reasons and confidence
Remaining   : SAP versus adjusted
Utilisation : working-calendar aware


===================================
LINEUP Schedule Report Complete
===================================
Bench utilisation: bench_utilisation.csv
Schedule summary : schedule_summary.csv


===================================
LINEUP Split Recommendations Complete
===================================
Recommendations : 0
Window          : due today or next working day only
SAP minutes     : used unchanged by default
Staffing        : explicit overrides only
Planner work    : live, held, split, forced and board orders excluded
Output          : split_recommendations.csv

[23/07/2026  5:18:10.72] Step 5 - Marking LINEUP run as successful... 
LINEUP status marked as successful.
[23/07/2026  5:18:11.04] Step 6 - Rebuilding dashboard with final status... 

===================================
LINEUP Dashboard Build Complete
===================================
Input       : scheduled_orders.csv
Output      : C:\LINEUP\output\dashboard.html
Insights    : assignment reasons and confidence
Remaining   : SAP versus adjusted
Utilisation : working-calendar aware

=================================== 
LINEUP background update finished 
23/07/2026  5:18:11.40 
=================================== 
 
=================================== 
LINEUP background update started 
23/07/2026  5:30:03.20 
=================================== 
[23/07/2026  5:30:03.21] Activating virtual environment... 
[23/07/2026  5:30:04.02] Step 0 - Marking LINEUP run as started... 
LINEUP status marked as running.
[23/07/2026  5:30:04.32] Step 1 - Backing up LINEUP config... 

===================================
LINEUP Config Backup Complete
===================================
Backup folder : C:\LINEUP\backups\2026-07-23_053004
Files copied  : 4
Old backups removed: 1

[23/07/2026  5:30:04.63] Step 2 - Running SAP capacity export... 
COOIS capacities export complete:
C:\LINEUP\data\raw\COOIS_Capacities_Latest.txt
[23/07/2026  5:30:29.73] Step 3 - Running SAP production list export... 
COOIS production list export complete:
C:\LINEUP\data\raw\COOIS_ProductionList_Latest.txt
[23/07/2026  5:33:33.23] Step 4 - Running LINEUP processing pipeline... 
LINEUP
Starting capacity parser...


===================================
LINEUP Capacity Parser Complete
===================================
Input : COOIS_Capacities_Latest.txt
Output: capacities_clean.csv
Rows  : 6396


===================================
LINEUP Production Parser Complete
===================================
Input : COOIS_ProductionList_Latest.txt
Output: production_list_clean.csv
Rows  : 2437


===================================
LINEUP Capacity Summary Complete
===================================
Input : capacities_clean.csv
Output: capacities_order_summary.csv
Rows  : 790


===================================
LINEUP Merge Complete
===================================
Production input : production_list_clean.csv
Capacity input   : capacities_order_summary.csv
Output           : master_schedule.csv
Rows             : 790
Missing metadata : 0


===================================
LINEUP Scheduling Complete
===================================
Scheduled orders : 34
Overflow orders  : 0
SAP minutes      : unchanged by default
Staffing         : explicit overrides only
Queue stability  : current + one automatic order
Insights         : assignment reasons and confidence


===================================
LINEUP Dashboard Build Complete
===================================
Input       : scheduled_orders.csv
Output      : C:\LINEUP\output\dashboard.html
Insights    : assignment reasons and confidence
Remaining   : SAP versus adjusted
Utilisation : working-calendar aware


===================================
LINEUP Schedule Report Complete
===================================
Bench utilisation: bench_utilisation.csv
Schedule summary : schedule_summary.csv


===================================
LINEUP Split Recommendations Complete
===================================
Recommendations : 0
Window          : due today or next working day only
SAP minutes     : used unchanged by default
Staffing        : explicit overrides only
Planner work    : live, held, split, forced and board orders excluded
Output          : split_recommendations.csv

[23/07/2026  5:33:33.70] Step 5 - Marking LINEUP run as successful... 
LINEUP status marked as successful.
[23/07/2026  5:33:34.00] Step 6 - Rebuilding dashboard with final status... 

===================================
LINEUP Dashboard Build Complete
===================================
Input       : scheduled_orders.csv
Output      : C:\LINEUP\output\dashboard.html
Insights    : assignment reasons and confidence
Remaining   : SAP versus adjusted
Utilisation : working-calendar aware

=================================== 
LINEUP background update finished 
23/07/2026  5:33:34.36 
=================================== 
 
=================================== 
LINEUP background update started 
23/07/2026  5:45:03.17 
=================================== 
[23/07/2026  5:45:03.17] Activating virtual environment... 
[23/07/2026  5:45:03.69] Step 0 - Marking LINEUP run as started... 
LINEUP status marked as running.
[23/07/2026  5:45:04.02] Step 1 - Backing up LINEUP config... 

===================================
LINEUP Config Backup Complete
===================================
Backup folder : C:\LINEUP\backups\2026-07-23_054504
Files copied  : 4
Old backups removed: 1

[23/07/2026  5:45:04.35] Step 2 - Running SAP capacity export... 
COOIS capacities export complete:
C:\LINEUP\data\raw\COOIS_Capacities_Latest.txt
[23/07/2026  5:45:28.01] Step 3 - Running SAP production list export... 
COOIS production list export complete:
C:\LINEUP\data\raw\COOIS_ProductionList_Latest.txt
[23/07/2026  5:47:37.47] Step 4 - Running LINEUP processing pipeline... 
LINEUP
Starting capacity parser...


===================================
LINEUP Capacity Parser Complete
===================================
Input : COOIS_Capacities_Latest.txt
Output: capacities_clean.csv
Rows  : 6396


===================================
LINEUP Production Parser Complete
===================================
Input : COOIS_ProductionList_Latest.txt
Output: production_list_clean.csv
Rows  : 2437


===================================
LINEUP Capacity Summary Complete
===================================
Input : capacities_clean.csv
Output: capacities_order_summary.csv
Rows  : 790


===================================
LINEUP Merge Complete
===================================
Production input : production_list_clean.csv
Capacity input   : capacities_order_summary.csv
Output           : master_schedule.csv
Rows             : 790
Missing metadata : 0


===================================
LINEUP Scheduling Complete
===================================
Scheduled orders : 34
Overflow orders  : 0
SAP minutes      : unchanged by default
Staffing         : explicit overrides only
Queue stability  : current + one automatic order
Insights         : assignment reasons and confidence


===================================
LINEUP Dashboard Build Complete
===================================
Input       : scheduled_orders.csv
Output      : C:\LINEUP\output\dashboard.html
Insights    : assignment reasons and confidence
Remaining   : SAP versus adjusted
Utilisation : working-calendar aware


===================================
LINEUP Schedule Report Complete
===================================
Bench utilisation: bench_utilisation.csv
Schedule summary : schedule_summary.csv


===================================
LINEUP Split Recommendations Complete
===================================
Recommendations : 0
Window          : due today or next working day only
SAP minutes     : used unchanged by default
Staffing        : explicit overrides only
Planner work    : live, held, split, forced and board orders excluded
Output          : split_recommendations.csv

[23/07/2026  5:47:37.93] Step 5 - Marking LINEUP run as successful... 
LINEUP status marked as successful.
[23/07/2026  5:47:38.34] Step 6 - Rebuilding dashboard with final status... 

===================================
LINEUP Dashboard Build Complete
===================================
Input       : scheduled_orders.csv
Output      : C:\LINEUP\output\dashboard.html
Insights    : assignment reasons and confidence
Remaining   : SAP versus adjusted
Utilisation : working-calendar aware

=================================== 
LINEUP background update finished 
23/07/2026  5:47:38.91 
=================================== 
 
=================================== 
LINEUP background update started 
23/07/2026  6:00:03.19 
=================================== 
[23/07/2026  6:00:03.19] Activating virtual environment... 
[23/07/2026  6:00:03.70] Step 0 - Marking LINEUP run as started... 
LINEUP status marked as running.
[23/07/2026  6:00:03.99] Step 1 - Backing up LINEUP config... 

===================================
LINEUP Config Backup Complete
===================================
Backup folder : C:\LINEUP\backups\2026-07-23_060004
Files copied  : 4
Old backups removed: 1

[23/07/2026  6:00:04.34] Step 2 - Running SAP capacity export... 
COOIS capacities export complete:
C:\LINEUP\data\raw\COOIS_Capacities_Latest.txt
[23/07/2026  6:00:30.34] Step 3 - Running SAP production list export... 
COOIS production list export complete:
C:\LINEUP\data\raw\COOIS_ProductionList_Latest.txt
[23/07/2026  6:03:43.32] Step 4 - Running LINEUP processing pipeline... 
LINEUP
Starting capacity parser...


===================================
LINEUP Capacity Parser Complete
===================================
Input : COOIS_Capacities_Latest.txt
Output: capacities_clean.csv
Rows  : 6396


===================================
LINEUP Production Parser Complete
===================================
Input : COOIS_ProductionList_Latest.txt
Output: production_list_clean.csv
Rows  : 2437


===================================
LINEUP Capacity Summary Complete
===================================
Input : capacities_clean.csv
Output: capacities_order_summary.csv
Rows  : 790


===================================
LINEUP Merge Complete
===================================
Production input : production_list_clean.csv
Capacity input   : capacities_order_summary.csv
Output           : master_schedule.csv
Rows             : 790
Missing metadata : 0


===================================
LINEUP Scheduling Complete
===================================
Scheduled orders : 34
Overflow orders  : 0
SAP minutes      : unchanged by default
Staffing         : explicit overrides only
Queue stability  : current + one automatic order
Insights         : assignment reasons and confidence


===================================
LINEUP Dashboard Build Complete
===================================
Input       : scheduled_orders.csv
Output      : C:\LINEUP\output\dashboard.html
Insights    : assignment reasons and confidence
Remaining   : SAP versus adjusted
Utilisation : working-calendar aware


===================================
LINEUP Schedule Report Complete
===================================
Bench utilisation: bench_utilisation.csv
Schedule summary : schedule_summary.csv


===================================
LINEUP Split Recommendations Complete
===================================
Recommendations : 0
Window          : due today or next working day only
SAP minutes     : used unchanged by default
Staffing        : explicit overrides only
Planner work    : live, held, split, forced and board orders excluded
Output          : split_recommendations.csv

[23/07/2026  6:03:43.97] Step 5 - Marking LINEUP run as successful... 
LINEUP status marked as successful.
[23/07/2026  6:03:44.28] Step 6 - Rebuilding dashboard with final status... 

===================================
LINEUP Dashboard Build Complete
===================================
Input       : scheduled_orders.csv
Output      : C:\LINEUP\output\dashboard.html
Insights    : assignment reasons and confidence
Remaining   : SAP versus adjusted
Utilisation : working-calendar aware

=================================== 
LINEUP background update finished 
23/07/2026  6:03:44.61 
=================================== 
 
=================================== 
LINEUP background update started 
23/07/2026  6:15:03.19 
=================================== 
[23/07/2026  6:15:03.19] Activating virtual environment... 
[23/07/2026  6:15:03.73] Step 0 - Marking LINEUP run as started... 
LINEUP status marked as running.
[23/07/2026  6:15:04.06] Step 1 - Backing up LINEUP config... 

===================================
LINEUP Config Backup Complete
===================================
Backup folder : C:\LINEUP\backups\2026-07-23_061504
Files copied  : 4
Old backups removed: 1

[23/07/2026  6:15:04.40] Step 2 - Running SAP capacity export... 
COOIS capacities export complete:
C:\LINEUP\data\raw\COOIS_Capacities_Latest.txt
[23/07/2026  6:15:29.64] Step 3 - Running SAP production list export... 
COOIS production list export complete:
C:\LINEUP\data\raw\COOIS_ProductionList_Latest.txt
[23/07/2026  6:18:40.36] Step 4 - Running LINEUP processing pipeline... 
LINEUP
Starting capacity parser...


===================================
LINEUP Capacity Parser Complete
===================================
Input : COOIS_Capacities_Latest.txt
Output: capacities_clean.csv
Rows  : 6396


===================================
LINEUP Production Parser Complete
===================================
Input : COOIS_ProductionList_Latest.txt
Output: production_list_clean.csv
Rows  : 2437


===================================
LINEUP Capacity Summary Complete
===================================
Input : capacities_clean.csv
Output: capacities_order_summary.csv
Rows  : 790


===================================
LINEUP Merge Complete
===================================
Production input : production_list_clean.csv
Capacity input   : capacities_order_summary.csv
Output           : master_schedule.csv
Rows             : 790
Missing metadata : 0


===================================
LINEUP Scheduling Complete
===================================
Scheduled orders : 34
Overflow orders  : 0
SAP minutes      : unchanged by default
Staffing         : explicit overrides only
Queue stability  : current + one automatic order
Insights         : assignment reasons and confidence


===================================
LINEUP Dashboard Build Complete
===================================
Input       : scheduled_orders.csv
Output      : C:\LINEUP\output\dashboard.html
Insights    : assignment reasons and confidence
Remaining   : SAP versus adjusted
Utilisation : working-calendar aware


===================================
LINEUP Schedule Report Complete
===================================
Bench utilisation: bench_utilisation.csv
Schedule summary : schedule_summary.csv


===================================
LINEUP Split Recommendations Complete
===================================
Recommendations : 0
Window          : due today or next working day only
SAP minutes     : used unchanged by default
Staffing        : explicit overrides only
Planner work    : live, held, split, forced and board orders excluded
Output          : split_recommendations.csv

[23/07/2026  6:18:40.83] Step 5 - Marking LINEUP run as successful... 
LINEUP status marked as successful.
[23/07/2026  6:18:41.14] Step 6 - Rebuilding dashboard with final status... 

===================================
LINEUP Dashboard Build Complete
===================================
Input       : scheduled_orders.csv
Output      : C:\LINEUP\output\dashboard.html
Insights    : assignment reasons and confidence
Remaining   : SAP versus adjusted
Utilisation : working-calendar aware

=================================== 
LINEUP background update finished 
23/07/2026  6:18:41.46 
=================================== 
 
=================================== 
LINEUP background update started 
23/07/2026  6:30:03.10 
=================================== 
[23/07/2026  6:30:03.10] Activating virtual environment... 
[23/07/2026  6:30:03.65] Step 0 - Marking LINEUP run as started... 
LINEUP status marked as running.
[23/07/2026  6:30:03.96] Step 1 - Backing up LINEUP config... 

===================================
LINEUP Config Backup Complete
===================================
Backup folder : C:\LINEUP\backups\2026-07-23_063004
Files copied  : 4
Old backups removed: 1

[23/07/2026  6:30:04.31] Step 2 - Running SAP capacity export... 
COOIS capacities export complete:
C:\LINEUP\data\raw\COOIS_Capacities_Latest.txt
[23/07/2026  6:30:31.29] Step 3 - Running SAP production list export... 
COOIS production list export complete:
C:\LINEUP\data\raw\COOIS_ProductionList_Latest.txt
[23/07/2026  6:33:52.87] Step 4 - Running LINEUP processing pipeline... 
LINEUP
Starting capacity parser...


===================================
LINEUP Capacity Parser Complete
===================================
Input : COOIS_Capacities_Latest.txt
Output: capacities_clean.csv
Rows  : 6396


===================================
LINEUP Production Parser Complete
===================================
Input : COOIS_ProductionList_Latest.txt
Output: production_list_clean.csv
Rows  : 2437


===================================
LINEUP Capacity Summary Complete
===================================
Input : capacities_clean.csv
Output: capacities_order_summary.csv
Rows  : 790


===================================
LINEUP Merge Complete
===================================
Production input : production_list_clean.csv
Capacity input   : capacities_order_summary.csv
Output           : master_schedule.csv
Rows             : 790
Missing metadata : 0


===================================
LINEUP Scheduling Complete
===================================
Scheduled orders : 34
Overflow orders  : 0
SAP minutes      : unchanged by default
Staffing         : explicit overrides only
Queue stability  : current + one automatic order
Insights         : assignment reasons and confidence


===================================
LINEUP Dashboard Build Complete
===================================
Input       : scheduled_orders.csv
Output      : C:\LINEUP\output\dashboard.html
Insights    : assignment reasons and confidence
Remaining   : SAP versus adjusted
Utilisation : working-calendar aware


===================================
LINEUP Schedule Report Complete
===================================
Bench utilisation: bench_utilisation.csv
Schedule summary : schedule_summary.csv


===================================
LINEUP Split Recommendations Complete
===================================
Recommendations : 0
Window          : due today or next working day only
SAP minutes     : used unchanged by default
Staffing        : explicit overrides only
Planner work    : live, held, split, forced and board orders excluded
Output          : split_recommendations.csv

[23/07/2026  6:33:53.34] Step 5 - Marking LINEUP run as successful... 
LINEUP status marked as successful.
[23/07/2026  6:33:53.63] Step 6 - Rebuilding dashboard with final status... 

===================================
LINEUP Dashboard Build Complete
===================================
Input       : scheduled_orders.csv
Output      : C:\LINEUP\output\dashboard.html
Insights    : assignment reasons and confidence
Remaining   : SAP versus adjusted
Utilisation : working-calendar aware

=================================== 
LINEUP background update finished 
23/07/2026  6:33:53.97 
=================================== 
 
=================================== 
LINEUP background update started 
23/07/2026  6:45:03.12 
=================================== 
[23/07/2026  6:45:03.12] Activating virtual environment... 
[23/07/2026  6:45:03.65] Step 0 - Marking LINEUP run as started... 
LINEUP status marked as running.
[23/07/2026  6:45:03.96] Step 1 - Backing up LINEUP config... 

===================================
LINEUP Config Backup Complete
===================================
Backup folder : C:\LINEUP\backups\2026-07-23_064504
Files copied  : 4
Old backups removed: 1

[23/07/2026  6:45:04.28] Step 2 - Running SAP capacity export... 
COOIS capacities export complete:
C:\LINEUP\data\raw\COOIS_Capacities_Latest.txt
[23/07/2026  6:45:34.04] Step 3 - Running SAP production list export... 
COOIS production list export complete:
C:\LINEUP\data\raw\COOIS_ProductionList_Latest.txt
[23/07/2026  6:48:24.41] Step 4 - Running LINEUP processing pipeline... 
LINEUP
Starting capacity parser...


===================================
LINEUP Capacity Parser Complete
===================================
Input : COOIS_Capacities_Latest.txt
Output: capacities_clean.csv
Rows  : 6396


===================================
LINEUP Production Parser Complete
===================================
Input : COOIS_ProductionList_Latest.txt
Output: production_list_clean.csv
Rows  : 2437


===================================
LINEUP Capacity Summary Complete
===================================
Input : capacities_clean.csv
Output: capacities_order_summary.csv
Rows  : 790


===================================
LINEUP Merge Complete
===================================
Production input : production_list_clean.csv
Capacity input   : capacities_order_summary.csv
Output           : master_schedule.csv
Rows             : 790
Missing metadata : 0


===================================
LINEUP Scheduling Complete
===================================
Scheduled orders : 34
Overflow orders  : 0
SAP minutes      : unchanged by default
Staffing         : explicit overrides only
Queue stability  : current + one automatic order
Insights         : assignment reasons and confidence


===================================
LINEUP Dashboard Build Complete
===================================
Input       : scheduled_orders.csv
Output      : C:\LINEUP\output\dashboard.html
Insights    : assignment reasons and confidence
Remaining   : SAP versus adjusted
Utilisation : working-calendar aware


===================================
LINEUP Schedule Report Complete
===================================
Bench utilisation: bench_utilisation.csv
Schedule summary : schedule_summary.csv


===================================
LINEUP Split Recommendations Complete
===================================
Recommendations : 0
Window          : due today or next working day only
SAP minutes     : used unchanged by default
Staffing        : explicit overrides only
Planner work    : live, held, split, forced and board orders excluded
Output          : split_recommendations.csv

[23/07/2026  6:48:24.88] Step 5 - Marking LINEUP run as successful... 
LINEUP status marked as successful.
[23/07/2026  6:48:25.17] Step 6 - Rebuilding dashboard with final status... 

===================================
LINEUP Dashboard Build Complete
===================================
Input       : scheduled_orders.csv
Output      : C:\LINEUP\output\dashboard.html
Insights    : assignment reasons and confidence
Remaining   : SAP versus adjusted
Utilisation : working-calendar aware

=================================== 
LINEUP background update finished 
23/07/2026  6:48:25.51 
=================================== 
 
=================================== 
LINEUP background update started 
23/07/2026  7:00:03.40 
=================================== 
[23/07/2026  7:00:03.40] Activating virtual environment... 
[23/07/2026  7:00:03.91] Step 0 - Marking LINEUP run as started... 
LINEUP status marked as running.
[23/07/2026  7:00:04.23] Step 1 - Backing up LINEUP config... 

===================================
LINEUP Config Backup Complete
===================================
Backup folder : C:\LINEUP\backups\2026-07-23_070004
Files copied  : 4
Old backups removed: 1

[23/07/2026  7:00:04.57] Step 2 - Running SAP capacity export... 
COOIS capacities export complete:
C:\LINEUP\data\raw\COOIS_Capacities_Latest.txt
[23/07/2026  7:00:37.30] Step 3 - Running SAP production list export... 
COOIS production list export complete:
C:\LINEUP\data\raw\COOIS_ProductionList_Latest.txt
[23/07/2026  7:04:21.83] Step 4 - Running LINEUP processing pipeline... 
LINEUP
Starting capacity parser...


===================================
LINEUP Capacity Parser Complete
===================================
Input : COOIS_Capacities_Latest.txt
Output: capacities_clean.csv
Rows  : 6396


===================================
LINEUP Production Parser Complete
===================================
Input : COOIS_ProductionList_Latest.txt
Output: production_list_clean.csv
Rows  : 2437


===================================
LINEUP Capacity Summary Complete
===================================
Input : capacities_clean.csv
Output: capacities_order_summary.csv
Rows  : 790


===================================
LINEUP Merge Complete
===================================
Production input : production_list_clean.csv
Capacity input   : capacities_order_summary.csv
Output           : master_schedule.csv
Rows             : 790
Missing metadata : 0


===================================
LINEUP Scheduling Complete
===================================
Scheduled orders : 34
Overflow orders  : 0
SAP minutes      : unchanged by default
Staffing         : explicit overrides only
Queue stability  : current + one automatic order
Insights         : assignment reasons and confidence


===================================
LINEUP Dashboard Build Complete
===================================
Input       : scheduled_orders.csv
Output      : C:\LINEUP\output\dashboard.html
Insights    : assignment reasons and confidence
Remaining   : SAP versus adjusted
Utilisation : working-calendar aware


===================================
LINEUP Schedule Report Complete
===================================
Bench utilisation: bench_utilisation.csv
Schedule summary : schedule_summary.csv


===================================
LINEUP Split Recommendations Complete
===================================
Recommendations : 0
Window          : due today or next working day only
SAP minutes     : used unchanged by default
Staffing        : explicit overrides only
Planner work    : live, held, split, forced and board orders excluded
Output          : split_recommendations.csv

[23/07/2026  7:04:22.29] Step 5 - Marking LINEUP run as successful... 
LINEUP status marked as successful.
[23/07/2026  7:04:22.59] Step 6 - Rebuilding dashboard with final status... 

===================================
LINEUP Dashboard Build Complete
===================================
Input       : scheduled_orders.csv
Output      : C:\LINEUP\output\dashboard.html
Insights    : assignment reasons and confidence
Remaining   : SAP versus adjusted
Utilisation : working-calendar aware

=================================== 
LINEUP background update finished 
23/07/2026  7:04:22.92 
=================================== 
 
=================================== 
LINEUP background update started 
23/07/2026  7:15:03.21 
=================================== 
[23/07/2026  7:15:03.21] Activating virtual environment... 
[23/07/2026  7:15:03.74] Step 0 - Marking LINEUP run as started... 
LINEUP status marked as running.
[23/07/2026  7:15:04.08] Step 1 - Backing up LINEUP config... 

===================================
LINEUP Config Backup Complete
===================================
Backup folder : C:\LINEUP\backups\2026-07-23_071504
Files copied  : 4
Old backups removed: 1

[23/07/2026  7:15:04.47] Step 2 - Running SAP capacity export... 
COOIS capacities export complete:
C:\LINEUP\data\raw\COOIS_Capacities_Latest.txt
[23/07/2026  7:15:35.15] Step 3 - Running SAP production list export... 
COOIS production list export complete:
C:\LINEUP\data\raw\COOIS_ProductionList_Latest.txt
[23/07/2026  7:18:29.66] Step 4 - Running LINEUP processing pipeline... 
LINEUP
Starting capacity parser...


===================================
LINEUP Capacity Parser Complete
===================================
Input : COOIS_Capacities_Latest.txt
Output: capacities_clean.csv
Rows  : 6396


===================================
LINEUP Production Parser Complete
===================================
Input : COOIS_ProductionList_Latest.txt
Output: production_list_clean.csv
Rows  : 2437


===================================
LINEUP Capacity Summary Complete
===================================
Input : capacities_clean.csv
Output: capacities_order_summary.csv
Rows  : 790


===================================
LINEUP Merge Complete
===================================
Production input : production_list_clean.csv
Capacity input   : capacities_order_summary.csv
Output           : master_schedule.csv
Rows             : 790
Missing metadata : 0


===================================
LINEUP Scheduling Complete
===================================
Scheduled orders : 34
Overflow orders  : 0
SAP minutes      : unchanged by default
Staffing         : explicit overrides only
Queue stability  : current + one automatic order
Insights         : assignment reasons and confidence


===================================
LINEUP Dashboard Build Complete
===================================
Input       : scheduled_orders.csv
Output      : C:\LINEUP\output\dashboard.html
Insights    : assignment reasons and confidence
Remaining   : SAP versus adjusted
Utilisation : working-calendar aware


===================================
LINEUP Schedule Report Complete
===================================
Bench utilisation: bench_utilisation.csv
Schedule summary : schedule_summary.csv


===================================
LINEUP Split Recommendations Complete
===================================
Recommendations : 0
Window          : due today or next working day only
SAP minutes     : used unchanged by default
Staffing        : explicit overrides only
Planner work    : live, held, split, forced and board orders excluded
Output          : split_recommendations.csv

[23/07/2026  7:18:30.32] Step 5 - Marking LINEUP run as successful... 
LINEUP status marked as successful.
[23/07/2026  7:18:30.64] Step 6 - Rebuilding dashboard with final status... 

===================================
LINEUP Dashboard Build Complete
===================================
Input       : scheduled_orders.csv
Output      : C:\LINEUP\output\dashboard.html
Insights    : assignment reasons and confidence
Remaining   : SAP versus adjusted
Utilisation : working-calendar aware

=================================== 
LINEUP background update finished 
23/07/2026  7:18:30.96 
=================================== 
 
=================================== 
LINEUP background update started 
23/07/2026  7:30:03.13 
=================================== 
[23/07/2026  7:30:03.13] Activating virtual environment... 
[23/07/2026  7:30:03.66] Step 0 - Marking LINEUP run as started... 
LINEUP status marked as running.
[23/07/2026  7:30:03.99] Step 1 - Backing up LINEUP config... 

===================================
LINEUP Config Backup Complete
===================================
Backup folder : C:\LINEUP\backups\2026-07-23_073004
Files copied  : 4
Old backups removed: 1

[23/07/2026  7:30:04.35] Step 2 - Running SAP capacity export... 
COOIS capacities export complete:
C:\LINEUP\data\raw\COOIS_Capacities_Latest.txt
[23/07/2026  7:30:27.80] Step 3 - Running SAP production list export... 
COOIS production list export complete:
C:\LINEUP\data\raw\COOIS_ProductionList_Latest.txt
[23/07/2026  7:32:42.44] Step 4 - Running LINEUP processing pipeline... 
LINEUP
Starting capacity parser...


===================================
LINEUP Capacity Parser Complete
===================================
Input : COOIS_Capacities_Latest.txt
Output: capacities_clean.csv
Rows  : 6396


===================================
LINEUP Production Parser Complete
===================================
Input : COOIS_ProductionList_Latest.txt
Output: production_list_clean.csv
Rows  : 2437


===================================
LINEUP Capacity Summary Complete
===================================
Input : capacities_clean.csv
Output: capacities_order_summary.csv
Rows  : 790


===================================
LINEUP Merge Complete
===================================
Production input : production_list_clean.csv
Capacity input   : capacities_order_summary.csv
Output           : master_schedule.csv
Rows             : 790
Missing metadata : 0


===================================
LINEUP Scheduling Complete
===================================
Scheduled orders : 34
Overflow orders  : 0
SAP minutes      : unchanged by default
Staffing         : explicit overrides only
Queue stability  : current + one automatic order
Insights         : assignment reasons and confidence


===================================
LINEUP Dashboard Build Complete
===================================
Input       : scheduled_orders.csv
Output      : C:\LINEUP\output\dashboard.html
Insights    : assignment reasons and confidence
Remaining   : SAP versus adjusted
Utilisation : working-calendar aware


===================================
LINEUP Schedule Report Complete
===================================
Bench utilisation: bench_utilisation.csv
Schedule summary : schedule_summary.csv


===================================
LINEUP Split Recommendations Complete
===================================
Recommendations : 0
Window          : due today or next working day only
SAP minutes     : used unchanged by default
Staffing        : explicit overrides only
Planner work    : live, held, split, forced and board orders excluded
Output          : split_recommendations.csv

[23/07/2026  7:32:43.09] Step 5 - Marking LINEUP run as successful... 
LINEUP status marked as successful.
[23/07/2026  7:32:43.38] Step 6 - Rebuilding dashboard with final status... 

===================================
LINEUP Dashboard Build Complete
===================================
Input       : scheduled_orders.csv
Output      : C:\LINEUP\output\dashboard.html
Insights    : assignment reasons and confidence
Remaining   : SAP versus adjusted
Utilisation : working-calendar aware

=================================== 
LINEUP background update finished 
23/07/2026  7:32:43.71 
=================================== 
 
=================================== 
LINEUP background update started 
23/07/2026  7:45:03.11 
=================================== 
[23/07/2026  7:45:03.12] Activating virtual environment... 
[23/07/2026  7:45:03.62] Step 0 - Marking LINEUP run as started... 
LINEUP status marked as running.
[23/07/2026  7:45:03.93] Step 1 - Backing up LINEUP config... 

===================================
LINEUP Config Backup Complete
===================================
Backup folder : C:\LINEUP\backups\2026-07-23_074504
Files copied  : 4
Old backups removed: 1

[23/07/2026  7:45:04.31] Step 2 - Running SAP capacity export... 
COOIS capacities export complete:
C:\LINEUP\data\raw\COOIS_Capacities_Latest.txt
[23/07/2026  7:45:30.21] Step 3 - Running SAP production list export... 
COOIS production list export complete:
C:\LINEUP\data\raw\COOIS_ProductionList_Latest.txt
[23/07/2026  7:47:40.37] Step 4 - Running LINEUP processing pipeline... 
LINEUP
Starting capacity parser...


===================================
LINEUP Capacity Parser Complete
===================================
Input : COOIS_Capacities_Latest.txt
Output: capacities_clean.csv
Rows  : 6396


===================================
LINEUP Production Parser Complete
===================================
Input : COOIS_ProductionList_Latest.txt
Output: production_list_clean.csv
Rows  : 2438


===================================
LINEUP Capacity Summary Complete
===================================
Input : capacities_clean.csv
Output: capacities_order_summary.csv
Rows  : 790


===================================
LINEUP Merge Complete
===================================
Production input : production_list_clean.csv
Capacity input   : capacities_order_summary.csv
Output           : master_schedule.csv
Rows             : 790
Missing metadata : 0


===================================
LINEUP Scheduling Complete
===================================
Scheduled orders : 34
Overflow orders  : 0
SAP minutes      : unchanged by default
Staffing         : explicit overrides only
Queue stability  : current + one automatic order
Insights         : assignment reasons and confidence


===================================
LINEUP Dashboard Build Complete
===================================
Input       : scheduled_orders.csv
Output      : C:\LINEUP\output\dashboard.html
Insights    : assignment reasons and confidence
Remaining   : SAP versus adjusted
Utilisation : working-calendar aware


===================================
LINEUP Schedule Report Complete
===================================
Bench utilisation: bench_utilisation.csv
Schedule summary : schedule_summary.csv


===================================
LINEUP Split Recommendations Complete
===================================
Recommendations : 0
Window          : due today or next working day only
SAP minutes     : used unchanged by default
Staffing        : explicit overrides only
Planner work    : live, held, split, forced and board orders excluded
Output          : split_recommendations.csv

[23/07/2026  7:47:40.86] Step 5 - Marking LINEUP run as successful... 
LINEUP status marked as successful.
[23/07/2026  7:47:41.16] Step 6 - Rebuilding dashboard with final status... 

===================================
LINEUP Dashboard Build Complete
===================================
Input       : scheduled_orders.csv
Output      : C:\LINEUP\output\dashboard.html
Insights    : assignment reasons and confidence
Remaining   : SAP versus adjusted
Utilisation : working-calendar aware

=================================== 
LINEUP background update finished 
23/07/2026  7:47:41.48 
=================================== 
 
=================================== 
LINEUP background update started 
23/07/2026  8:00:03.19 
=================================== 
[23/07/2026  8:00:03.19] Activating virtual environment... 
[23/07/2026  8:00:03.71] Step 0 - Marking LINEUP run as started... 
LINEUP status marked as running.
[23/07/2026  8:00:04.03] Step 1 - Backing up LINEUP config... 

===================================
LINEUP Config Backup Complete
===================================
Backup folder : C:\LINEUP\backups\2026-07-23_080004
Files copied  : 4
Old backups removed: 1

[23/07/2026  8:00:04.38] Step 2 - Running SAP capacity export... 
COOIS capacities export complete:
C:\LINEUP\data\raw\COOIS_Capacities_Latest.txt
[23/07/2026  8:00:35.85] Step 3 - Running SAP production list export... 
COOIS production list export complete:
C:\LINEUP\data\raw\COOIS_ProductionList_Latest.txt
[23/07/2026  8:03:36.30] Step 4 - Running LINEUP processing pipeline... 
LINEUP
Starting capacity parser...


===================================
LINEUP Capacity Parser Complete
===================================
Input : COOIS_Capacities_Latest.txt
Output: capacities_clean.csv
Rows  : 6385


===================================
LINEUP Production Parser Complete
===================================
Input : COOIS_ProductionList_Latest.txt
Output: production_list_clean.csv
Rows  : 2434


===================================
LINEUP Capacity Summary Complete
===================================
Input : capacities_clean.csv
Output: capacities_order_summary.csv
Rows  : 789


===================================
LINEUP Merge Complete
===================================
Production input : production_list_clean.csv
Capacity input   : capacities_order_summary.csv
Output           : master_schedule.csv
Rows             : 789
Missing metadata : 0


===================================
LINEUP Scheduling Complete
===================================
Scheduled orders : 33
Overflow orders  : 0
SAP minutes      : unchanged by default
Staffing         : explicit overrides only
Queue stability  : current + one automatic order
Insights         : assignment reasons and confidence


===================================
LINEUP Dashboard Build Complete
===================================
Input       : scheduled_orders.csv
Output      : C:\LINEUP\output\dashboard.html
Insights    : assignment reasons and confidence
Remaining   : SAP versus adjusted
Utilisation : working-calendar aware


===================================
LINEUP Schedule Report Complete
===================================
Bench utilisation: bench_utilisation.csv
Schedule summary : schedule_summary.csv


===================================
LINEUP Split Recommendations Complete
===================================
Recommendations : 0
Window          : due today or next working day only
SAP minutes     : used unchanged by default
Staffing        : explicit overrides only
Planner work    : live, held, split, forced and board orders excluded
Output          : split_recommendations.csv

[23/07/2026  8:03:36.75] Step 5 - Marking LINEUP run as successful... 
LINEUP status marked as successful.
[23/07/2026  8:03:37.06] Step 6 - Rebuilding dashboard with final status... 

===================================
LINEUP Dashboard Build Complete
===================================
Input       : scheduled_orders.csv
Output      : C:\LINEUP\output\dashboard.html
Insights    : assignment reasons and confidence
Remaining   : SAP versus adjusted
Utilisation : working-calendar aware

=================================== 
LINEUP background update finished 
23/07/2026  8:03:37.38 
=================================== 
 
=================================== 
LINEUP background update started 
23/07/2026  8:15:03.07 
=================================== 
[23/07/2026  8:15:03.08] Activating virtual environment... 
[23/07/2026  8:15:03.59] Step 0 - Marking LINEUP run as started... 
LINEUP status marked as running.
[23/07/2026  8:15:03.91] Step 1 - Backing up LINEUP config... 

===================================
LINEUP Config Backup Complete
===================================
Backup folder : C:\LINEUP\backups\2026-07-23_081504
Files copied  : 4
Old backups removed: 1

[23/07/2026  8:15:04.24] Step 2 - Running SAP capacity export... 
COOIS capacities export complete:
C:\LINEUP\data\raw\COOIS_Capacities_Latest.txt
[23/07/2026  8:15:34.56] Step 3 - Running SAP production list export... 
COOIS production list export complete:
C:\LINEUP\data\raw\COOIS_ProductionList_Latest.txt
[23/07/2026  8:18:06.99] Step 4 - Running LINEUP processing pipeline... 
LINEUP
Starting capacity parser...


===================================
LINEUP Capacity Parser Complete
===================================
Input : COOIS_Capacities_Latest.txt
Output: capacities_clean.csv
Rows  : 6386


===================================
LINEUP Production Parser Complete
===================================
Input : COOIS_ProductionList_Latest.txt
Output: production_list_clean.csv
Rows  : 2434


===================================
LINEUP Capacity Summary Complete
===================================
Input : capacities_clean.csv
Output: capacities_order_summary.csv
Rows  : 802


===================================
LINEUP Merge Complete
===================================
Production input : production_list_clean.csv
Capacity input   : capacities_order_summary.csv
Output           : master_schedule.csv
Rows             : 802
Missing metadata : 0


===================================
LINEUP Scheduling Complete
===================================
Scheduled orders : 33
Overflow orders  : 0
SAP minutes      : unchanged by default
Staffing         : explicit overrides only
Queue stability  : current + one automatic order
Insights         : assignment reasons and confidence


===================================
LINEUP Dashboard Build Complete
===================================
Input       : scheduled_orders.csv
Output      : C:\LINEUP\output\dashboard.html
Insights    : assignment reasons and confidence
Remaining   : SAP versus adjusted
Utilisation : working-calendar aware


===================================
LINEUP Schedule Report Complete
===================================
Bench utilisation: bench_utilisation.csv
Schedule summary : schedule_summary.csv


===================================
LINEUP Split Recommendations Complete
===================================
Recommendations : 0
Window          : due today or next working day only
SAP minutes     : used unchanged by default
Staffing        : explicit overrides only
Planner work    : live, held, split, forced and board orders excluded
Output          : split_recommendations.csv

[23/07/2026  8:18:07.46] Step 5 - Marking LINEUP run as successful... 
LINEUP status marked as successful.
[23/07/2026  8:18:07.77] Step 6 - Rebuilding dashboard with final status... 

===================================
LINEUP Dashboard Build Complete
===================================
Input       : scheduled_orders.csv
Output      : C:\LINEUP\output\dashboard.html
Insights    : assignment reasons and confidence
Remaining   : SAP versus adjusted
Utilisation : working-calendar aware

=================================== 
LINEUP background update finished 
23/07/2026  8:18:08.09 
=================================== 
 
=================================== 
LINEUP background update started 
23/07/2026  8:30:03.18 
=================================== 
[23/07/2026  8:30:03.19] Activating virtual environment... 
[23/07/2026  8:30:03.69] Step 0 - Marking LINEUP run as started... 
LINEUP status marked as running.
[23/07/2026  8:30:04.01] Step 1 - Backing up LINEUP config... 

===================================
LINEUP Config Backup Complete
===================================
Backup folder : C:\LINEUP\backups\2026-07-23_083004
Files copied  : 4
Old backups removed: 1

[23/07/2026  8:30:04.37] Step 2 - Running SAP capacity export... 
COOIS capacities export complete:
C:\LINEUP\data\raw\COOIS_Capacities_Latest.txt
[23/07/2026  8:30:32.16] Step 3 - Running SAP production list export... 
COOIS production list export complete:
C:\LINEUP\data\raw\COOIS_ProductionList_Latest.txt
[23/07/2026  8:33:29.14] Step 4 - Running LINEUP processing pipeline... 
LINEUP
Starting capacity parser...


===================================
LINEUP Capacity Parser Complete
===================================
Input : COOIS_Capacities_Latest.txt
Output: capacities_clean.csv
Rows  : 6379


===================================
LINEUP Production Parser Complete
===================================
Input : COOIS_ProductionList_Latest.txt
Output: production_list_clean.csv
Rows  : 2432


===================================
LINEUP Capacity Summary Complete
===================================
Input : capacities_clean.csv
Output: capacities_order_summary.csv
Rows  : 823


===================================
LINEUP Merge Complete
===================================
Production input : production_list_clean.csv
Capacity input   : capacities_order_summary.csv
Output           : master_schedule.csv
Rows             : 823
Missing metadata : 0


===================================
LINEUP Scheduling Complete
===================================
Scheduled orders : 31
Overflow orders  : 0
SAP minutes      : unchanged by default
Staffing         : explicit overrides only
Queue stability  : current + one automatic order
Insights         : assignment reasons and confidence


===================================
LINEUP Dashboard Build Complete
===================================
Input       : scheduled_orders.csv
Output      : C:\LINEUP\output\dashboard.html
Insights    : assignment reasons and confidence
Remaining   : SAP versus adjusted
Utilisation : working-calendar aware


===================================
LINEUP Schedule Report Complete
===================================
Bench utilisation: bench_utilisation.csv
Schedule summary : schedule_summary.csv


===================================
LINEUP Split Recommendations Complete
===================================
Recommendations : 0
Window          : due today or next working day only
SAP minutes     : used unchanged by default
Staffing        : explicit overrides only
Planner work    : live, held, split, forced and board orders excluded
Output          : split_recommendations.csv

[23/07/2026  8:33:29.61] Step 5 - Marking LINEUP run as successful... 
LINEUP status marked as successful.
[23/07/2026  8:33:29.93] Step 6 - Rebuilding dashboard with final status... 

===================================
LINEUP Dashboard Build Complete
===================================
Input       : scheduled_orders.csv
Output      : C:\LINEUP\output\dashboard.html
Insights    : assignment reasons and confidence
Remaining   : SAP versus adjusted
Utilisation : working-calendar aware

=================================== 
LINEUP background update finished 
23/07/2026  8:33:30.27 
=================================== 
 
=================================== 
LINEUP background update started 
23/07/2026  8:45:03.16 
=================================== 
[23/07/2026  8:45:03.16] Activating virtual environment... 
[23/07/2026  8:45:03.67] Step 0 - Marking LINEUP run as started... 
LINEUP status marked as running.
[23/07/2026  8:45:04.00] Step 1 - Backing up LINEUP config... 

===================================
LINEUP Config Backup Complete
===================================
Backup folder : C:\LINEUP\backups\2026-07-23_084504
Files copied  : 4
Old backups removed: 1

[23/07/2026  8:45:04.34] Step 2 - Running SAP capacity export... 
COOIS capacities export complete:
C:\LINEUP\data\raw\COOIS_Capacities_Latest.txt
[23/07/2026  8:45:31.34] Step 3 - Running SAP production list export... 
COOIS production list export complete:
C:\LINEUP\data\raw\COOIS_ProductionList_Latest.txt
[23/07/2026  8:47:58.01] Step 4 - Running LINEUP processing pipeline... 
LINEUP
Starting capacity parser...


===================================
LINEUP Capacity Parser Complete
===================================
Input : COOIS_Capacities_Latest.txt
Output: capacities_clean.csv
Rows  : 6375


===================================
LINEUP Production Parser Complete
===================================
Input : COOIS_ProductionList_Latest.txt
Output: production_list_clean.csv
Rows  : 2430


===================================
LINEUP Capacity Summary Complete
===================================
Input : capacities_clean.csv
Output: capacities_order_summary.csv
Rows  : 822


===================================
LINEUP Merge Complete
===================================
Production input : production_list_clean.csv
Capacity input   : capacities_order_summary.csv
Output           : master_schedule.csv
Rows             : 822
Missing metadata : 0


===================================
LINEUP Scheduling Complete
===================================
Scheduled orders : 30
Overflow orders  : 0
SAP minutes      : unchanged by default
Staffing         : explicit overrides only
Queue stability  : current + one automatic order
Insights         : assignment reasons and confidence


===================================
LINEUP Dashboard Build Complete
===================================
Input       : scheduled_orders.csv
Output      : C:\LINEUP\output\dashboard.html
Insights    : assignment reasons and confidence
Remaining   : SAP versus adjusted
Utilisation : working-calendar aware


===================================
LINEUP Schedule Report Complete
===================================
Bench utilisation: bench_utilisation.csv
Schedule summary : schedule_summary.csv


===================================
LINEUP Split Recommendations Complete
===================================
Recommendations : 0
Window          : due today or next working day only
SAP minutes     : used unchanged by default
Staffing        : explicit overrides only
Planner work    : live, held, split, forced and board orders excluded
Output          : split_recommendations.csv

[23/07/2026  8:47:58.48] Step 5 - Marking LINEUP run as successful... 
LINEUP status marked as successful.
[23/07/2026  8:47:58.77] Step 6 - Rebuilding dashboard with final status... 

===================================
LINEUP Dashboard Build Complete
===================================
Input       : scheduled_orders.csv
Output      : C:\LINEUP\output\dashboard.html
Insights    : assignment reasons and confidence
Remaining   : SAP versus adjusted
Utilisation : working-calendar aware

=================================== 
LINEUP background update finished 
23/07/2026  8:47:59.12 
=================================== 
 
=================================== 
LINEUP background update started 
23/07/2026  9:00:03.22 
=================================== 
[23/07/2026  9:00:03.22] Activating virtual environment... 
[23/07/2026  9:00:03.75] Step 0 - Marking LINEUP run as started... 
LINEUP status marked as running.
[23/07/2026  9:00:04.07] Step 1 - Backing up LINEUP config... 

===================================
LINEUP Config Backup Complete
===================================
Backup folder : C:\LINEUP\backups\2026-07-23_090004
Files copied  : 4
Old backups removed: 1

[23/07/2026  9:00:04.41] Step 2 - Running SAP capacity export... 
COOIS capacities export complete:
C:\LINEUP\data\raw\COOIS_Capacities_Latest.txt
[23/07/2026  9:00:31.58] Step 3 - Running SAP production list export... 
COOIS production list export complete:
C:\LINEUP\data\raw\COOIS_ProductionList_Latest.txt
[23/07/2026  9:03:41.95] Step 4 - Running LINEUP processing pipeline... 
LINEUP
Starting capacity parser...


===================================
LINEUP Capacity Parser Complete
===================================
Input : COOIS_Capacities_Latest.txt
Output: capacities_clean.csv
Rows  : 6368


===================================
LINEUP Production Parser Complete
===================================
Input : COOIS_ProductionList_Latest.txt
Output: production_list_clean.csv
Rows  : 2428


===================================
LINEUP Capacity Summary Complete
===================================
Input : capacities_clean.csv
Output: capacities_order_summary.csv
Rows  : 853


===================================
LINEUP Merge Complete
===================================
Production input : production_list_clean.csv
Capacity input   : capacities_order_summary.csv
Output           : master_schedule.csv
Rows             : 853
Missing metadata : 0


===================================
LINEUP Scheduling Complete
===================================
Scheduled orders : 30
Overflow orders  : 0
SAP minutes      : unchanged by default
Staffing         : explicit overrides only
Queue stability  : current + one automatic order
Insights         : assignment reasons and confidence


===================================
LINEUP Dashboard Build Complete
===================================
Input       : scheduled_orders.csv
Output      : C:\LINEUP\output\dashboard.html
Insights    : assignment reasons and confidence
Remaining   : SAP versus adjusted
Utilisation : working-calendar aware


===================================
LINEUP Schedule Report Complete
===================================
Bench utilisation: bench_utilisation.csv
Schedule summary : schedule_summary.csv


===================================
LINEUP Split Recommendations Complete
===================================
Recommendations : 0
Window          : due today or next working day only
SAP minutes     : used unchanged by default
Staffing        : explicit overrides only
Planner work    : live, held, split, forced and board orders excluded
Output          : split_recommendations.csv

[23/07/2026  9:03:42.41] Step 5 - Marking LINEUP run as successful... 
LINEUP status marked as successful.
[23/07/2026  9:03:42.72] Step 6 - Rebuilding dashboard with final status... 

===================================
LINEUP Dashboard Build Complete
===================================
Input       : scheduled_orders.csv
Output      : C:\LINEUP\output\dashboard.html
Insights    : assignment reasons and confidence
Remaining   : SAP versus adjusted
Utilisation : working-calendar aware

=================================== 
LINEUP background update finished 
23/07/2026  9:03:43.04 
=================================== 
 
=================================== 
LINEUP background update started 
23/07/2026  9:15:03.13 
=================================== 
[23/07/2026  9:15:03.13] Activating virtual environment... 
[23/07/2026  9:15:03.63] Step 0 - Marking LINEUP run as started... 
LINEUP status marked as running.
[23/07/2026  9:15:03.93] Step 1 - Backing up LINEUP config... 

===================================
LINEUP Config Backup Complete
===================================
Backup folder : C:\LINEUP\backups\2026-07-23_091504
Files copied  : 4
Old backups removed: 1

[23/07/2026  9:15:04.28] Step 2 - Running SAP capacity export... 
COOIS capacities export complete:
C:\LINEUP\data\raw\COOIS_Capacities_Latest.txt
[23/07/2026  9:15:31.52] Step 3 - Running SAP production list export... 
COOIS production list export complete:
C:\LINEUP\data\raw\COOIS_ProductionList_Latest.txt
[23/07/2026  9:17:59.66] Step 4 - Running LINEUP processing pipeline... 
LINEUP
Starting capacity parser...


===================================
LINEUP Capacity Parser Complete
===================================
Input : COOIS_Capacities_Latest.txt
Output: capacities_clean.csv
Rows  : 6362


===================================
LINEUP Production Parser Complete
===================================
Input : COOIS_ProductionList_Latest.txt
Output: production_list_clean.csv
Rows  : 2426


===================================
LINEUP Capacity Summary Complete
===================================
Input : capacities_clean.csv
Output: capacities_order_summary.csv
Rows  : 888


===================================
LINEUP Merge Complete
===================================
Production input : production_list_clean.csv
Capacity input   : capacities_order_summary.csv
Output           : master_schedule.csv
Rows             : 888
Missing metadata : 0


===================================
LINEUP Scheduling Complete
===================================
Scheduled orders : 30
Overflow orders  : 0
SAP minutes      : unchanged by default
Staffing         : explicit overrides only
Queue stability  : current + one automatic order
Insights         : assignment reasons and confidence


===================================
LINEUP Dashboard Build Complete
===================================
Input       : scheduled_orders.csv
Output      : C:\LINEUP\output\dashboard.html
Insights    : assignment reasons and confidence
Remaining   : SAP versus adjusted
Utilisation : working-calendar aware


===================================
LINEUP Schedule Report Complete
===================================
Bench utilisation: bench_utilisation.csv
Schedule summary : schedule_summary.csv


===================================
LINEUP Split Recommendations Complete
===================================
Recommendations : 0
Window          : due today or next working day only
SAP minutes     : used unchanged by default
Staffing        : explicit overrides only
Planner work    : live, held, split, forced and board orders excluded
Output          : split_recommendations.csv

[23/07/2026  9:18:00.15] Step 5 - Marking LINEUP run as successful... 
LINEUP status marked as successful.
[23/07/2026  9:18:00.48] Step 6 - Rebuilding dashboard with final status... 

===================================
LINEUP Dashboard Build Complete
===================================
Input       : scheduled_orders.csv
Output      : C:\LINEUP\output\dashboard.html
Insights    : assignment reasons and confidence
Remaining   : SAP versus adjusted
Utilisation : working-calendar aware

=================================== 
LINEUP background update finished 
23/07/2026  9:18:00.80 
=================================== 
 
=================================== 
LINEUP background update started 
23/07/2026  9:30:03.32 
=================================== 
[23/07/2026  9:30:03.32] Activating virtual environment... 
[23/07/2026  9:30:03.82] Step 0 - Marking LINEUP run as started... 
LINEUP status marked as running.
[23/07/2026  9:30:04.16] Step 1 - Backing up LINEUP config... 

===================================
LINEUP Config Backup Complete
===================================
Backup folder : C:\LINEUP\backups\2026-07-23_093004
Files copied  : 4
Old backups removed: 1

[23/07/2026  9:30:04.52] Step 2 - Running SAP capacity export... 
COOIS capacities export complete:
C:\LINEUP\data\raw\COOIS_Capacities_Latest.txt
[23/07/2026  9:31:03.41] Step 3 - Running SAP production list export... 
COOIS production list export complete:
C:\LINEUP\data\raw\COOIS_ProductionList_Latest.txt
[23/07/2026  9:33:52.97] Step 4 - Running LINEUP processing pipeline... 
LINEUP
Starting capacity parser...


===================================
LINEUP Capacity Parser Complete
===================================
Input : COOIS_Capacities_Latest.txt
Output: capacities_clean.csv
Rows  : 6360


===================================
LINEUP Production Parser Complete
===================================
Input : COOIS_ProductionList_Latest.txt
Output: production_list_clean.csv
Rows  : 2424


===================================
LINEUP Capacity Summary Complete
===================================
Input : capacities_clean.csv
Output: capacities_order_summary.csv
Rows  : 928


===================================
LINEUP Merge Complete
===================================
Production input : production_list_clean.csv
Capacity input   : capacities_order_summary.csv
Output           : master_schedule.csv
Rows             : 927
Missing metadata : 1


===================================
LINEUP Scheduling Complete
===================================
Scheduled orders : 33
Overflow orders  : 0
SAP minutes      : unchanged by default
Staffing         : explicit overrides only
Queue stability  : current + one automatic order
Insights         : assignment reasons and confidence


===================================
LINEUP Dashboard Build Complete
===================================
Input       : scheduled_orders.csv
Output      : C:\LINEUP\output\dashboard.html
Insights    : assignment reasons and confidence
Remaining   : SAP versus adjusted
Utilisation : working-calendar aware


===================================
LINEUP Schedule Report Complete
===================================
Bench utilisation: bench_utilisation.csv
Schedule summary : schedule_summary.csv


===================================
LINEUP Split Recommendations Complete
===================================
Recommendations : 0
Window          : due today or next working day only
SAP minutes     : used unchanged by default
Staffing        : explicit overrides only
Planner work    : live, held, split, forced and board orders excluded
Output          : split_recommendations.csv

[23/07/2026  9:33:53.44] Step 5 - Marking LINEUP run as successful... 
LINEUP status marked as successful.
[23/07/2026  9:33:53.76] Step 6 - Rebuilding dashboard with final status... 

===================================
LINEUP Dashboard Build Complete
===================================
Input       : scheduled_orders.csv
Output      : C:\LINEUP\output\dashboard.html
Insights    : assignment reasons and confidence
Remaining   : SAP versus adjusted
Utilisation : working-calendar aware

=================================== 
LINEUP background update finished 
23/07/2026  9:33:54.09 
=================================== 
 
=================================== 
LINEUP background update started 
23/07/2026  9:45:03.12 
=================================== 
[23/07/2026  9:45:03.12] Activating virtual environment... 
[23/07/2026  9:45:03.63] Step 0 - Marking LINEUP run as started... 
LINEUP status marked as running.
[23/07/2026  9:45:03.96] Step 1 - Backing up LINEUP config... 

===================================
LINEUP Config Backup Complete
===================================
Backup folder : C:\LINEUP\backups\2026-07-23_094504
Files copied  : 4
Old backups removed: 1

[23/07/2026  9:45:04.30] Step 2 - Running SAP capacity export... 
COOIS capacities export complete:
C:\LINEUP\data\raw\COOIS_Capacities_Latest.txt
[23/07/2026  9:45:37.78] Step 3 - Running SAP production list export... 
COOIS production list export complete:
C:\LINEUP\data\raw\COOIS_ProductionList_Latest.txt
[23/07/2026  9:47:52.31] Step 4 - Running LINEUP processing pipeline... 
LINEUP
Starting capacity parser...


===================================
LINEUP Capacity Parser Complete
===================================
Input : COOIS_Capacities_Latest.txt
Output: capacities_clean.csv
Rows  : 6353


===================================
LINEUP Production Parser Complete
===================================
Input : COOIS_ProductionList_Latest.txt
Output: production_list_clean.csv
Rows  : 2422


===================================
LINEUP Capacity Summary Complete
===================================
Input : capacities_clean.csv
Output: capacities_order_summary.csv
Rows  : 936


===================================
LINEUP Merge Complete
===================================
Production input : production_list_clean.csv
Capacity input   : capacities_order_summary.csv
Output           : master_schedule.csv
Rows             : 936
Missing metadata : 0


===================================
LINEUP Scheduling Complete
===================================
Scheduled orders : 33
Overflow orders  : 0
SAP minutes      : unchanged by default
Staffing         : explicit overrides only
Queue stability  : current + one automatic order
Insights         : assignment reasons and confidence


===================================
LINEUP Dashboard Build Complete
===================================
Input       : scheduled_orders.csv
Output      : C:\LINEUP\output\dashboard.html
Insights    : assignment reasons and confidence
Remaining   : SAP versus adjusted
Utilisation : working-calendar aware


===================================
LINEUP Schedule Report Complete
===================================
Bench utilisation: bench_utilisation.csv
Schedule summary : schedule_summary.csv


===================================
LINEUP Split Recommendations Complete
===================================
Recommendations : 0
Window          : due today or next working day only
SAP minutes     : used unchanged by default
Staffing        : explicit overrides only
Planner work    : live, held, split, forced and board orders excluded
Output          : split_recommendations.csv

[23/07/2026  9:47:52.79] Step 5 - Marking LINEUP run as successful... 
LINEUP status marked as successful.
[23/07/2026  9:47:53.09] Step 6 - Rebuilding dashboard with final status... 

===================================
LINEUP Dashboard Build Complete
===================================
Input       : scheduled_orders.csv
Output      : C:\LINEUP\output\dashboard.html
Insights    : assignment reasons and confidence
Remaining   : SAP versus adjusted
Utilisation : working-calendar aware

=================================== 
LINEUP background update finished 
23/07/2026  9:47:53.42 
=================================== 
 
=================================== 
LINEUP background update started 
23/07/2026 10:00:04.14 
=================================== 
[23/07/2026 10:00:04.14] Activating virtual environment... 
[23/07/2026 10:00:04.64] Step 0 - Marking LINEUP run as started... 
LINEUP status marked as running.
[23/07/2026 10:00:04.95] Step 1 - Backing up LINEUP config... 

===================================
LINEUP Config Backup Complete
===================================
Backup folder : C:\LINEUP\backups\2026-07-23_100005
Files copied  : 4
Old backups removed: 1

[23/07/2026 10:00:05.26] Step 2 - Running SAP capacity export... 
COOIS capacities export complete:
C:\LINEUP\data\raw\COOIS_Capacities_Latest.txt
[23/07/2026 10:00:57.45] Step 3 - Running SAP production list export... 
COOIS production list export complete:
C:\LINEUP\data\raw\COOIS_ProductionList_Latest.txt
[23/07/2026 10:04:59.78] Step 4 - Running LINEUP processing pipeline... 
LINEUP
Starting capacity parser...


===================================
LINEUP Capacity Parser Complete
===================================
Input : COOIS_Capacities_Latest.txt
Output: capacities_clean.csv
Rows  : 6343


===================================
LINEUP Production Parser Complete
===================================
Input : COOIS_ProductionList_Latest.txt
Output: production_list_clean.csv
Rows  : 2417


===================================
LINEUP Capacity Summary Complete
===================================
Input : capacities_clean.csv
Output: capacities_order_summary.csv
Rows  : 934


===================================
LINEUP Merge Complete
===================================
Production input : production_list_clean.csv
Capacity input   : capacities_order_summary.csv
Output           : master_schedule.csv
Rows             : 934
Missing metadata : 0


===================================
LINEUP Scheduling Complete
===================================
Scheduled orders : 31
Overflow orders  : 0
SAP minutes      : unchanged by default
Staffing         : explicit overrides only
Queue stability  : current + one automatic order
Insights         : assignment reasons and confidence


===================================
LINEUP Dashboard Build Complete
===================================
Input       : scheduled_orders.csv
Output      : C:\LINEUP\output\dashboard.html
Insights    : assignment reasons and confidence
Remaining   : SAP versus adjusted
Utilisation : working-calendar aware


===================================
LINEUP Schedule Report Complete
===================================
Bench utilisation: bench_utilisation.csv
Schedule summary : schedule_summary.csv


===================================
LINEUP Split Recommendations Complete
===================================
Recommendations : 0
Window          : due today or next working day only
SAP minutes     : used unchanged by default
Staffing        : explicit overrides only
Planner work    : live, held, split, forced and board orders excluded
Output          : split_recommendations.csv

[23/07/2026 10:05:00.26] Step 5 - Marking LINEUP run as successful... 
LINEUP status marked as successful.
[23/07/2026 10:05:00.56] Step 6 - Rebuilding dashboard with final status... 

===================================
LINEUP Dashboard Build Complete
===================================
Input       : scheduled_orders.csv
Output      : C:\LINEUP\output\dashboard.html
Insights    : assignment reasons and confidence
Remaining   : SAP versus adjusted
Utilisation : working-calendar aware

=================================== 
LINEUP background update finished 
23/07/2026 10:05:00.95 
=================================== 
 
=================================== 
LINEUP background update started 
23/07/2026 10:15:03.51 
=================================== 
[23/07/2026 10:15:03.51] Activating virtual environment... 
[23/07/2026 10:15:04.03] Step 0 - Marking LINEUP run as started... 
LINEUP status marked as running.
[23/07/2026 10:15:04.36] Step 1 - Backing up LINEUP config... 

===================================
LINEUP Config Backup Complete
===================================
Backup folder : C:\LINEUP\backups\2026-07-23_101504
Files copied  : 4
Old backups removed: 1

[23/07/2026 10:15:04.68] Step 2 - Running SAP capacity export... 
COOIS capacities export complete:
C:\LINEUP\data\raw\COOIS_Capacities_Latest.txt
[23/07/2026 10:32:19.55] Step 3 - Running SAP production list export... 
[23/07/2026 10:32:21.24] ERROR: SAP production list export failed. 
LINEUP status marked as failed.

===================================
LINEUP Dashboard Build Complete
===================================
Input       : scheduled_orders.csv
Output      : C:\LINEUP\output\dashboard.html
Insights    : assignment reasons and confidence
Remaining   : SAP versus adjusted
Utilisation : working-calendar aware

 
=================================== 
LINEUP background update started 
23/07/2026 10:45:03.18 
=================================== 
[23/07/2026 10:45:03.18] Activating virtual environment... 
[23/07/2026 10:45:03.68] Step 0 - Marking LINEUP run as started... 
LINEUP status marked as running.
[23/07/2026 10:45:04.01] Step 1 - Backing up LINEUP config... 

===================================
LINEUP Config Backup Complete
===================================
Backup folder : C:\LINEUP\backups\2026-07-23_104504
Files copied  : 4
Old backups removed: 1

[23/07/2026 10:45:04.35] Step 2 - Running SAP capacity export... 
[23/07/2026 11:02:01.43] ERROR: SAP capacity export failed. 
LINEUP status marked as failed.

===================================
LINEUP Dashboard Build Complete
===================================
Input       : scheduled_orders.csv
Output      : C:\LINEUP\output\dashboard.html
Insights    : assignment reasons and confidence
Remaining   : SAP versus adjusted
Utilisation : working-calendar aware

 
=================================== 
LINEUP background update started 
23/07/2026 11:02:17.21 
=================================== 
[23/07/2026 11:02:17.21] Activating virtual environment... 
[23/07/2026 11:02:17.73] Step 0 - Marking LINEUP run as started... 
LINEUP status marked as running.
[23/07/2026 11:02:18.06] Step 1 - Backing up LINEUP config... 

===================================
LINEUP Config Backup Complete
===================================
Backup folder : C:\LINEUP\backups\2026-07-23_110218
Files copied  : 4
Old backups removed: 1

[23/07/2026 11:02:18.41] Step 2 - Running SAP capacity export... 
COOIS capacities export complete:
C:\LINEUP\data\raw\COOIS_Capacities_Latest.txt
[23/07/2026 11:02:51.98] Step 3 - Running SAP production list export... 
COOIS production list export complete:
C:\LINEUP\data\raw\COOIS_ProductionList_Latest.txt
[23/07/2026 11:05:44.51] Step 4 - Running LINEUP processing pipeline... 
LINEUP
Starting capacity parser...


===================================
LINEUP Capacity Parser Complete
===================================
Input : COOIS_Capacities_Latest.txt
Output: capacities_clean.csv
Rows  : 6332


===================================
LINEUP Production Parser Complete
===================================
Input : COOIS_ProductionList_Latest.txt
Output: production_list_clean.csv
Rows  : 2415


===================================
LINEUP Capacity Summary Complete
===================================
Input : capacities_clean.csv
Output: capacities_order_summary.csv
Rows  : 936


===================================
LINEUP Merge Complete
===================================
Production input : production_list_clean.csv
Capacity input   : capacities_order_summary.csv
Output           : master_schedule.csv
Rows             : 936
Missing metadata : 0


===================================
LINEUP Scheduling Complete
===================================
Scheduled orders : 31
Overflow orders  : 0
SAP minutes      : unchanged by default
Staffing         : explicit overrides only
Queue stability  : current + one automatic order
Insights         : assignment reasons and confidence


===================================
LINEUP Dashboard Build Complete
===================================
Input       : scheduled_orders.csv
Output      : C:\LINEUP\output\dashboard.html
Insights    : assignment reasons and confidence
Remaining   : SAP versus adjusted
Utilisation : working-calendar aware


===================================
LINEUP Schedule Report Complete
===================================
Bench utilisation: bench_utilisation.csv
Schedule summary : schedule_summary.csv


===================================
LINEUP Split Recommendations Complete
===================================
Recommendations : 0
Window          : due today or next working day only
SAP minutes     : used unchanged by default
Staffing        : explicit overrides only
Planner work    : live, held, split, forced and board orders excluded
Output          : split_recommendations.csv

[23/07/2026 11:05:44.98] Step 5 - Marking LINEUP run as successful... 
LINEUP status marked as successful.
[23/07/2026 11:05:45.29] Step 6 - Rebuilding dashboard with final status... 

===================================
LINEUP Dashboard Build Complete
===================================
Input       : scheduled_orders.csv
Output      : C:\LINEUP\output\dashboard.html
Insights    : assignment reasons and confidence
Remaining   : SAP versus adjusted
Utilisation : working-calendar aware

=================================== 
LINEUP background update finished 
23/07/2026 11:05:45.65 
=================================== 
 
=================================== 
LINEUP background update started 
23/07/2026 11:15:03.26 
=================================== 
[23/07/2026 11:15:03.26] Activating virtual environment... 
[23/07/2026 11:15:03.76] Step 0 - Marking LINEUP run as started... 
LINEUP status marked as running.
[23/07/2026 11:15:04.06] Step 1 - Backing up LINEUP config... 

===================================
LINEUP Config Backup Complete
===================================
Backup folder : C:\LINEUP\backups\2026-07-23_111504
Files copied  : 4
Old backups removed: 1

[23/07/2026 11:15:04.38] Step 2 - Running SAP capacity export... 
COOIS capacities export complete:
C:\LINEUP\data\raw\COOIS_Capacities_Latest.txt
[23/07/2026 11:15:35.85] Step 3 - Running SAP production list export... 
COOIS production list export complete:
C:\LINEUP\data\raw\COOIS_ProductionList_Latest.txt
[23/07/2026 11:18:14.44] Step 4 - Running LINEUP processing pipeline... 
LINEUP
Starting capacity parser...


===================================
LINEUP Capacity Parser Complete
===================================
Input : COOIS_Capacities_Latest.txt
Output: capacities_clean.csv
Rows  : 6325


===================================
LINEUP Production Parser Complete
===================================
Input : COOIS_ProductionList_Latest.txt
Output: production_list_clean.csv
Rows  : 2413


===================================
LINEUP Capacity Summary Complete
===================================
Input : capacities_clean.csv
Output: capacities_order_summary.csv
Rows  : 937


===================================
LINEUP Merge Complete
===================================
Production input : production_list_clean.csv
Capacity input   : capacities_order_summary.csv
Output           : master_schedule.csv
Rows             : 937
Missing metadata : 0


===================================
LINEUP Scheduling Complete
===================================
Scheduled orders : 34
Overflow orders  : 0
SAP minutes      : unchanged by default
Staffing         : explicit overrides only
Queue stability  : current + one automatic order
Insights         : assignment reasons and confidence


===================================
LINEUP Dashboard Build Complete
===================================
Input       : scheduled_orders.csv
Output      : C:\LINEUP\output\dashboard.html
Insights    : assignment reasons and confidence
Remaining   : SAP versus adjusted
Utilisation : working-calendar aware


===================================
LINEUP Schedule Report Complete
===================================
Bench utilisation: bench_utilisation.csv
Schedule summary : schedule_summary.csv


===================================
LINEUP Split Recommendations Complete
===================================
Recommendations : 0
Window          : due today or next working day only
SAP minutes     : used unchanged by default
Staffing        : explicit overrides only
Planner work    : live, held, split, forced and board orders excluded
Output          : split_recommendations.csv

[23/07/2026 11:18:14.91] Step 5 - Marking LINEUP run as successful... 
LINEUP status marked as successful.
[23/07/2026 11:18:15.24] Step 6 - Rebuilding dashboard with final status... 

===================================
LINEUP Dashboard Build Complete
===================================
Input       : scheduled_orders.csv
Output      : C:\LINEUP\output\dashboard.html
Insights    : assignment reasons and confidence
Remaining   : SAP versus adjusted
Utilisation : working-calendar aware

=================================== 
LINEUP background update finished 
23/07/2026 11:18:15.59 
=================================== 
 
=================================== 
LINEUP background update started 
23/07/2026 11:30:03.25 
=================================== 
[23/07/2026 11:30:03.25] Activating virtual environment... 
[23/07/2026 11:30:03.76] Step 0 - Marking LINEUP run as started... 
LINEUP status marked as running.
[23/07/2026 11:30:04.12] Step 1 - Backing up LINEUP config... 

===================================
LINEUP Config Backup Complete
===================================
Backup folder : C:\LINEUP\backups\2026-07-23_113004
Files copied  : 4
Old backups removed: 1

[23/07/2026 11:30:04.47] Step 2 - Running SAP capacity export... 
COOIS capacities export complete:
C:\LINEUP\data\raw\COOIS_Capacities_Latest.txt
[23/07/2026 11:30:38.41] Step 3 - Running SAP production list export... 
COOIS production list export complete:
C:\LINEUP\data\raw\COOIS_ProductionList_Latest.txt
[23/07/2026 11:32:51.96] Step 4 - Running LINEUP processing pipeline... 
LINEUP
Starting capacity parser...


===================================
LINEUP Capacity Parser Complete
===================================
Input : COOIS_Capacities_Latest.txt
Output: capacities_clean.csv
Rows  : 6318


===================================
LINEUP Production Parser Complete
===================================
Input : COOIS_ProductionList_Latest.txt
Output: production_list_clean.csv
Rows  : 2410


===================================
LINEUP Capacity Summary Complete
===================================
Input : capacities_clean.csv
Output: capacities_order_summary.csv
Rows  : 938


===================================
LINEUP Merge Complete
===================================
Production input : production_list_clean.csv
Capacity input   : capacities_order_summary.csv
Output           : master_schedule.csv
Rows             : 938
Missing metadata : 0


===================================
LINEUP Scheduling Complete
===================================
Scheduled orders : 33
Overflow orders  : 0
SAP minutes      : unchanged by default
Staffing         : explicit overrides only
Queue stability  : current + one automatic order
Insights         : assignment reasons and confidence


===================================
LINEUP Dashboard Build Complete
===================================
Input       : scheduled_orders.csv
Output      : C:\LINEUP\output\dashboard.html
Insights    : assignment reasons and confidence
Remaining   : SAP versus adjusted
Utilisation : working-calendar aware


===================================
LINEUP Schedule Report Complete
===================================
Bench utilisation: bench_utilisation.csv
Schedule summary : schedule_summary.csv


===================================
LINEUP Split Recommendations Complete
===================================
Recommendations : 0
Window          : due today or next working day only
SAP minutes     : used unchanged by default
Staffing        : explicit overrides only
Planner work    : live, held, split, forced and board orders excluded
Output          : split_recommendations.csv

[23/07/2026 11:32:52.42] Step 5 - Marking LINEUP run as successful... 
LINEUP status marked as successful.
[23/07/2026 11:32:52.72] Step 6 - Rebuilding dashboard with final status... 

===================================
LINEUP Dashboard Build Complete
===================================
Input       : scheduled_orders.csv
Output      : C:\LINEUP\output\dashboard.html
Insights    : assignment reasons and confidence
Remaining   : SAP versus adjusted
Utilisation : working-calendar aware

=================================== 
LINEUP background update finished 
23/07/2026 11:32:53.05 
=================================== 
 
=================================== 
LINEUP background update started 
23/07/2026 11:45:03.08 
=================================== 
[23/07/2026 11:45:03.08] Activating virtual environment... 
[23/07/2026 11:45:03.58] Step 0 - Marking LINEUP run as started... 
LINEUP status marked as running.
[23/07/2026 11:45:03.92] Step 1 - Backing up LINEUP config... 

===================================
LINEUP Config Backup Complete
===================================
Backup folder : C:\LINEUP\backups\2026-07-23_114504
Files copied  : 4
Old backups removed: 1

[23/07/2026 11:45:04.23] Step 2 - Running SAP capacity export... 
COOIS capacities export complete:
C:\LINEUP\data\raw\COOIS_Capacities_Latest.txt
[23/07/2026 11:45:32.66] Step 3 - Running SAP production list export... 
COOIS production list export complete:
C:\LINEUP\data\raw\COOIS_ProductionList_Latest.txt
[23/07/2026 11:47:56.53] Step 4 - Running LINEUP processing pipeline... 
LINEUP
Starting capacity parser...


===================================
LINEUP Capacity Parser Complete
===================================
Input : COOIS_Capacities_Latest.txt
Output: capacities_clean.csv
Rows  : 6310


===================================
LINEUP Production Parser Complete
===================================
Input : COOIS_ProductionList_Latest.txt
Output: production_list_clean.csv
Rows  : 2407


===================================
LINEUP Capacity Summary Complete
===================================
Input : capacities_clean.csv
Output: capacities_order_summary.csv
Rows  : 940


===================================
LINEUP Merge Complete
===================================
Production input : production_list_clean.csv
Capacity input   : capacities_order_summary.csv
Output           : master_schedule.csv
Rows             : 940
Missing metadata : 0


===================================
LINEUP Scheduling Complete
===================================
Scheduled orders : 31
Overflow orders  : 0
SAP minutes      : unchanged by default
Staffing         : explicit overrides only
Queue stability  : current + one automatic order
Insights         : assignment reasons and confidence


===================================
LINEUP Dashboard Build Complete
===================================
Input       : scheduled_orders.csv
Output      : C:\LINEUP\output\dashboard.html
Insights    : assignment reasons and confidence
Remaining   : SAP versus adjusted
Utilisation : working-calendar aware


===================================
LINEUP Schedule Report Complete
===================================
Bench utilisation: bench_utilisation.csv
Schedule summary : schedule_summary.csv


===================================
LINEUP Split Recommendations Complete
===================================
Recommendations : 0
Window          : due today or next working day only
SAP minutes     : used unchanged by default
Staffing        : explicit overrides only
Planner work    : live, held, split, forced and board orders excluded
Output          : split_recommendations.csv

[23/07/2026 11:47:57.02] Step 5 - Marking LINEUP run as successful... 
LINEUP status marked as successful.
[23/07/2026 11:47:57.36] Step 6 - Rebuilding dashboard with final status... 

===================================
LINEUP Dashboard Build Complete
===================================
Input       : scheduled_orders.csv
Output      : C:\LINEUP\output\dashboard.html
Insights    : assignment reasons and confidence
Remaining   : SAP versus adjusted
Utilisation : working-calendar aware

=================================== 
LINEUP background update finished 
23/07/2026 11:47:57.71 
=================================== 
 
=================================== 
LINEUP background update started 
23/07/2026 12:00:03.18 
=================================== 
[23/07/2026 12:00:03.18] Activating virtual environment... 
[23/07/2026 12:00:03.69] Step 0 - Marking LINEUP run as started... 
LINEUP status marked as running.
[23/07/2026 12:00:04.02] Step 1 - Backing up LINEUP config... 

===================================
LINEUP Config Backup Complete
===================================
Backup folder : C:\LINEUP\backups\2026-07-23_120004
Files copied  : 4
Old backups removed: 1

[23/07/2026 12:00:04.38] Step 2 - Running SAP capacity export... 
COOIS capacities export complete:
C:\LINEUP\data\raw\COOIS_Capacities_Latest.txt
[23/07/2026 12:00:33.42] Step 3 - Running SAP production list export... 
COOIS production list export complete:
C:\LINEUP\data\raw\COOIS_ProductionList_Latest.txt
[23/07/2026 12:03:34.65] Step 4 - Running LINEUP processing pipeline... 
LINEUP
Starting capacity parser...


===================================
LINEUP Capacity Parser Complete
===================================
Input : COOIS_Capacities_Latest.txt
Output: capacities_clean.csv
Rows  : 6303


===================================
LINEUP Production Parser Complete
===================================
Input : COOIS_ProductionList_Latest.txt
Output: production_list_clean.csv
Rows  : 2404


===================================
LINEUP Capacity Summary Complete
===================================
Input : capacities_clean.csv
Output: capacities_order_summary.csv
Rows  : 940


===================================
LINEUP Merge Complete
===================================
Production input : production_list_clean.csv
Capacity input   : capacities_order_summary.csv
Output           : master_schedule.csv
Rows             : 940
Missing metadata : 0


===================================
LINEUP Scheduling Complete
===================================
Scheduled orders : 31
Overflow orders  : 0
SAP minutes      : unchanged by default
Staffing         : explicit overrides only
Queue stability  : current + one automatic order
Insights         : assignment reasons and confidence


===================================
LINEUP Dashboard Build Complete
===================================
Input       : scheduled_orders.csv
Output      : C:\LINEUP\output\dashboard.html
Insights    : assignment reasons and confidence
Remaining   : SAP versus adjusted
Utilisation : working-calendar aware


===================================
LINEUP Schedule Report Complete
===================================
Bench utilisation: bench_utilisation.csv
Schedule summary : schedule_summary.csv


===================================
LINEUP Split Recommendations Complete
===================================
Recommendations : 0
Window          : due today or next working day only
SAP minutes     : used unchanged by default
Staffing        : explicit overrides only
Planner work    : live, held, split, forced and board orders excluded
Output          : split_recommendations.csv

[23/07/2026 12:03:35.13] Step 5 - Marking LINEUP run as successful... 
LINEUP status marked as successful.
[23/07/2026 12:03:35.46] Step 6 - Rebuilding dashboard with final status... 

===================================
LINEUP Dashboard Build Complete
===================================
Input       : scheduled_orders.csv
Output      : C:\LINEUP\output\dashboard.html
Insights    : assignment reasons and confidence
Remaining   : SAP versus adjusted
Utilisation : working-calendar aware

=================================== 
LINEUP background update finished 
23/07/2026 12:03:35.81 
=================================== 
 
=================================== 
LINEUP background update started 
23/07/2026 12:15:03.25 
=================================== 
[23/07/2026 12:15:03.25] Activating virtual environment... 
[23/07/2026 12:15:03.77] Step 0 - Marking LINEUP run as started... 
LINEUP status marked as running.
[23/07/2026 12:15:04.10] Step 1 - Backing up LINEUP config... 

===================================
LINEUP Config Backup Complete
===================================
Backup folder : C:\LINEUP\backups\2026-07-23_121504
Files copied  : 4
Old backups removed: 1

[23/07/2026 12:15:04.44] Step 2 - Running SAP capacity export... 
COOIS capacities export complete:
C:\LINEUP\data\raw\COOIS_Capacities_Latest.txt
[23/07/2026 12:15:30.53] Step 3 - Running SAP production list export... 
COOIS production list export complete:
C:\LINEUP\data\raw\COOIS_ProductionList_Latest.txt
[23/07/2026 12:17:54.83] Step 4 - Running LINEUP processing pipeline... 
LINEUP
Starting capacity parser...


===================================
LINEUP Capacity Parser Complete
===================================
Input : COOIS_Capacities_Latest.txt
Output: capacities_clean.csv
Rows  : 6303


===================================
LINEUP Production Parser Complete
===================================
Input : COOIS_ProductionList_Latest.txt
Output: production_list_clean.csv
Rows  : 2403


===================================
LINEUP Capacity Summary Complete
===================================
Input : capacities_clean.csv
Output: capacities_order_summary.csv
Rows  : 944


===================================
LINEUP Merge Complete
===================================
Production input : production_list_clean.csv
Capacity input   : capacities_order_summary.csv
Output           : master_schedule.csv
Rows             : 944
Missing metadata : 0


===================================
LINEUP Scheduling Complete
===================================
Scheduled orders : 32
Overflow orders  : 0
SAP minutes      : unchanged by default
Staffing         : explicit overrides only
Queue stability  : current + one automatic order
Insights         : assignment reasons and confidence


===================================
LINEUP Dashboard Build Complete
===================================
Input       : scheduled_orders.csv
Output      : C:\LINEUP\output\dashboard.html
Insights    : assignment reasons and confidence
Remaining   : SAP versus adjusted
Utilisation : working-calendar aware


===================================
LINEUP Schedule Report Complete
===================================
Bench utilisation: bench_utilisation.csv
Schedule summary : schedule_summary.csv


===================================
LINEUP Split Recommendations Complete
===================================
Recommendations : 0
Window          : due today or next working day only
SAP minutes     : used unchanged by default
Staffing        : explicit overrides only
Planner work    : live, held, split, forced and board orders excluded
Output          : split_recommendations.csv

[23/07/2026 12:17:55.32] Step 5 - Marking LINEUP run as successful... 
LINEUP status marked as successful.
[23/07/2026 12:17:55.63] Step 6 - Rebuilding dashboard with final status... 

===================================
LINEUP Dashboard Build Complete
===================================
Input       : scheduled_orders.csv
Output      : C:\LINEUP\output\dashboard.html
Insights    : assignment reasons and confidence
Remaining   : SAP versus adjusted
Utilisation : working-calendar aware

=================================== 
LINEUP background update finished 
23/07/2026 12:17:55.94 
=================================== 
 
=================================== 
LINEUP background update started 
23/07/2026 12:30:03.11 
=================================== 
[23/07/2026 12:30:03.11] Activating virtual environment... 
[23/07/2026 12:30:03.62] Step 0 - Marking LINEUP run as started... 
LINEUP status marked as running.
[23/07/2026 12:30:03.94] Step 1 - Backing up LINEUP config... 

===================================
LINEUP Config Backup Complete
===================================
Backup folder : C:\LINEUP\backups\2026-07-23_123004
Files copied  : 4
Old backups removed: 1

[23/07/2026 12:30:04.27] Step 2 - Running SAP capacity export... 
COOIS capacities export complete:
C:\LINEUP\data\raw\COOIS_Capacities_Latest.txt
[23/07/2026 12:30:33.93] Step 3 - Running SAP production list export... 
COOIS production list export complete:
C:\LINEUP\data\raw\COOIS_ProductionList_Latest.txt
[23/07/2026 12:33:09.70] Step 4 - Running LINEUP processing pipeline... 
LINEUP
Starting capacity parser...


===================================
LINEUP Capacity Parser Complete
===================================
Input : COOIS_Capacities_Latest.txt
Output: capacities_clean.csv
Rows  : 6302


===================================
LINEUP Production Parser Complete
===================================
Input : COOIS_ProductionList_Latest.txt
Output: production_list_clean.csv
Rows  : 2405


===================================
LINEUP Capacity Summary Complete
===================================
Input : capacities_clean.csv
Output: capacities_order_summary.csv
Rows  : 947


===================================
LINEUP Merge Complete
===================================
Production input : production_list_clean.csv
Capacity input   : capacities_order_summary.csv
Output           : master_schedule.csv
Rows             : 947
Missing metadata : 0


===================================
LINEUP Scheduling Complete
===================================
Scheduled orders : 31
Overflow orders  : 0
SAP minutes      : unchanged by default
Staffing         : explicit overrides only
Queue stability  : current + one automatic order
Insights         : assignment reasons and confidence


===================================
LINEUP Dashboard Build Complete
===================================
Input       : scheduled_orders.csv
Output      : C:\LINEUP\output\dashboard.html
Insights    : assignment reasons and confidence
Remaining   : SAP versus adjusted
Utilisation : working-calendar aware


===================================
LINEUP Schedule Report Complete
===================================
Bench utilisation: bench_utilisation.csv
Schedule summary : schedule_summary.csv


===================================
LINEUP Split Recommendations Complete
===================================
Recommendations : 0
Window          : due today or next working day only
SAP minutes     : used unchanged by default
Staffing        : explicit overrides only
Planner work    : live, held, split, forced and board orders excluded
Output          : split_recommendations.csv

[23/07/2026 12:33:10.16] Step 5 - Marking LINEUP run as successful... 
LINEUP status marked as successful.
[23/07/2026 12:33:10.48] Step 6 - Rebuilding dashboard with final status... 

===================================
LINEUP Dashboard Build Complete
===================================
Input       : scheduled_orders.csv
Output      : C:\LINEUP\output\dashboard.html
Insights    : assignment reasons and confidence
Remaining   : SAP versus adjusted
Utilisation : working-calendar aware

=================================== 
LINEUP background update finished 
23/07/2026 12:33:10.82 
=================================== 
 
=================================== 
LINEUP background update started 
23/07/2026 12:45:03.12 
=================================== 
[23/07/2026 12:45:03.12] Activating virtual environment... 
[23/07/2026 12:45:03.63] Step 0 - Marking LINEUP run as started... 
LINEUP status marked as running.
[23/07/2026 12:45:03.97] Step 1 - Backing up LINEUP config... 

===================================
LINEUP Config Backup Complete
===================================
Backup folder : C:\LINEUP\backups\2026-07-23_124504
Files copied  : 4
Old backups removed: 1

[23/07/2026 12:45:04.31] Step 2 - Running SAP capacity export... 
COOIS capacities export complete:
C:\LINEUP\data\raw\COOIS_Capacities_Latest.txt
[23/07/2026 12:45:33.46] Step 3 - Running SAP production list export... 
COOIS production list export complete:
C:\LINEUP\data\raw\COOIS_ProductionList_Latest.txt
[23/07/2026 12:47:56.35] Step 4 - Running LINEUP processing pipeline... 
LINEUP
Starting capacity parser...


===================================
LINEUP Capacity Parser Complete
===================================
Input : COOIS_Capacities_Latest.txt
Output: capacities_clean.csv
Rows  : 6287


===================================
LINEUP Production Parser Complete
===================================
Input : COOIS_ProductionList_Latest.txt
Output: production_list_clean.csv
Rows  : 2400


===================================
LINEUP Capacity Summary Complete
===================================
Input : capacities_clean.csv
Output: capacities_order_summary.csv
Rows  : 945


===================================
LINEUP Merge Complete
===================================
Production input : production_list_clean.csv
Capacity input   : capacities_order_summary.csv
Output           : master_schedule.csv
Rows             : 945
Missing metadata : 0


===================================
LINEUP Scheduling Complete
===================================
Scheduled orders : 31
Overflow orders  : 0
SAP minutes      : unchanged by default
Staffing         : explicit overrides only
Queue stability  : current + one automatic order
Insights         : assignment reasons and confidence


===================================
LINEUP Dashboard Build Complete
===================================
Input       : scheduled_orders.csv
Output      : C:\LINEUP\output\dashboard.html
Insights    : assignment reasons and confidence
Remaining   : SAP versus adjusted
Utilisation : working-calendar aware


===================================
LINEUP Schedule Report Complete
===================================
Bench utilisation: bench_utilisation.csv
Schedule summary : schedule_summary.csv


===================================
LINEUP Split Recommendations Complete
===================================
Recommendations : 0
Window          : due today or next working day only
SAP minutes     : used unchanged by default
Staffing        : explicit overrides only
Planner work    : live, held, split, forced and board orders excluded
Output          : split_recommendations.csv

[23/07/2026 12:47:56.91] Step 5 - Marking LINEUP run as successful... 
LINEUP status marked as successful.
[23/07/2026 12:47:57.27] Step 6 - Rebuilding dashboard with final status... 

===================================
LINEUP Dashboard Build Complete
===================================
Input       : scheduled_orders.csv
Output      : C:\LINEUP\output\dashboard.html
Insights    : assignment reasons and confidence
Remaining   : SAP versus adjusted
Utilisation : working-calendar aware

=================================== 
LINEUP background update finished 
23/07/2026 12:47:57.70 
=================================== 
 
=================================== 
LINEUP background update started 
23/07/2026 13:00:03.53 
=================================== 
[23/07/2026 13:00:03.53] Activating virtual environment... 
[23/07/2026 13:00:04.04] Step 0 - Marking LINEUP run as started... 
LINEUP status marked as running.
[23/07/2026 13:00:04.35] Step 1 - Backing up LINEUP config... 

===================================
LINEUP Config Backup Complete
===================================
Backup folder : C:\LINEUP\backups\2026-07-23_130004
Files copied  : 4
Old backups removed: 1

[23/07/2026 13:00:04.70] Step 2 - Running SAP capacity export... 
COOIS capacities export complete:
C:\LINEUP\data\raw\COOIS_Capacities_Latest.txt
[23/07/2026 13:00:34.58] Step 3 - Running SAP production list export... 
COOIS production list export complete:
C:\LINEUP\data\raw\COOIS_ProductionList_Latest.txt
[23/07/2026 13:03:46.87] Step 4 - Running LINEUP processing pipeline... 
LINEUP
Starting capacity parser...


===================================
LINEUP Capacity Parser Complete
===================================
Input : COOIS_Capacities_Latest.txt
Output: capacities_clean.csv
Rows  : 6283


===================================
LINEUP Production Parser Complete
===================================
Input : COOIS_ProductionList_Latest.txt
Output: production_list_clean.csv
Rows  : 2398


===================================
LINEUP Capacity Summary Complete
===================================
Input : capacities_clean.csv
Output: capacities_order_summary.csv
Rows  : 944


===================================
LINEUP Merge Complete
===================================
Production input : production_list_clean.csv
Capacity input   : capacities_order_summary.csv
Output           : master_schedule.csv
Rows             : 944
Missing metadata : 0


===================================
LINEUP Scheduling Complete
===================================
Scheduled orders : 30
Overflow orders  : 0
SAP minutes      : unchanged by default
Staffing         : explicit overrides only
Queue stability  : current + one automatic order
Insights         : assignment reasons and confidence


===================================
LINEUP Dashboard Build Complete
===================================
Input       : scheduled_orders.csv
Output      : C:\LINEUP\output\dashboard.html
Insights    : assignment reasons and confidence
Remaining   : SAP versus adjusted
Utilisation : working-calendar aware


===================================
LINEUP Schedule Report Complete
===================================
Bench utilisation: bench_utilisation.csv
Schedule summary : schedule_summary.csv


===================================
LINEUP Split Recommendations Complete
===================================
Recommendations : 0
Window          : due today or next working day only
SAP minutes     : used unchanged by default
Staffing        : explicit overrides only
Planner work    : live, held, split, forced and board orders excluded
Output          : split_recommendations.csv

[23/07/2026 13:03:47.34] Step 5 - Marking LINEUP run as successful... 
LINEUP status marked as successful.
[23/07/2026 13:03:47.66] Step 6 - Rebuilding dashboard with final status... 

===================================
LINEUP Dashboard Build Complete
===================================
Input       : scheduled_orders.csv
Output      : C:\LINEUP\output\dashboard.html
Insights    : assignment reasons and confidence
Remaining   : SAP versus adjusted
Utilisation : working-calendar aware

=================================== 
LINEUP background update finished 
23/07/2026 13:03:47.98 
=================================== 
 
=================================== 
LINEUP background update started 
23/07/2026 13:15:03.14 
=================================== 
[23/07/2026 13:15:03.15] Activating virtual environment... 
[23/07/2026 13:15:03.65] Step 0 - Marking LINEUP run as started... 
LINEUP status marked as running.
[23/07/2026 13:15:03.97] Step 1 - Backing up LINEUP config... 

===================================
LINEUP Config Backup Complete
===================================
Backup folder : C:\LINEUP\backups\2026-07-23_131504
Files copied  : 4
Old backups removed: 1

[23/07/2026 13:15:04.33] Step 2 - Running SAP capacity export... 
COOIS capacities export complete:
C:\LINEUP\data\raw\COOIS_Capacities_Latest.txt
[23/07/2026 13:15:28.50] Step 3 - Running SAP production list export... 
COOIS production list export complete:
C:\LINEUP\data\raw\COOIS_ProductionList_Latest.txt
[23/07/2026 13:17:54.00] Step 4 - Running LINEUP processing pipeline... 
LINEUP
Starting capacity parser...


===================================
LINEUP Capacity Parser Complete
===================================
Input : COOIS_Capacities_Latest.txt
Output: capacities_clean.csv
Rows  : 6278


===================================
LINEUP Production Parser Complete
===================================
Input : COOIS_ProductionList_Latest.txt
Output: production_list_clean.csv
Rows  : 2396


===================================
LINEUP Capacity Summary Complete
===================================
Input : capacities_clean.csv
Output: capacities_order_summary.csv
Rows  : 943


===================================
LINEUP Merge Complete
===================================
Production input : production_list_clean.csv
Capacity input   : capacities_order_summary.csv
Output           : master_schedule.csv
Rows             : 943
Missing metadata : 0


===================================
LINEUP Scheduling Complete
===================================
Scheduled orders : 29
Overflow orders  : 0
SAP minutes      : unchanged by default
Staffing         : explicit overrides only
Queue stability  : current + one automatic order
Insights         : assignment reasons and confidence


===================================
LINEUP Dashboard Build Complete
===================================
Input       : scheduled_orders.csv
Output      : C:\LINEUP\output\dashboard.html
Insights    : assignment reasons and confidence
Remaining   : SAP versus adjusted
Utilisation : working-calendar aware


===================================
LINEUP Schedule Report Complete
===================================
Bench utilisation: bench_utilisation.csv
Schedule summary : schedule_summary.csv


===================================
LINEUP Split Recommendations Complete
===================================
Recommendations : 0
Window          : due today or next working day only
SAP minutes     : used unchanged by default
Staffing        : explicit overrides only
Planner work    : live, held, split, forced and board orders excluded
Output          : split_recommendations.csv

[23/07/2026 13:17:54.46] Step 5 - Marking LINEUP run as successful... 
LINEUP status marked as successful.
[23/07/2026 13:17:54.77] Step 6 - Rebuilding dashboard with final status... 

===================================
LINEUP Dashboard Build Complete
===================================
Input       : scheduled_orders.csv
Output      : C:\LINEUP\output\dashboard.html
Insights    : assignment reasons and confidence
Remaining   : SAP versus adjusted
Utilisation : working-calendar aware

=================================== 
LINEUP background update finished 
23/07/2026 13:17:55.12 
=================================== 
 
=================================== 
LINEUP background update started 
23/07/2026 13:30:03.13 
=================================== 
[23/07/2026 13:30:03.13] Activating virtual environment... 
[23/07/2026 13:30:03.64] Step 0 - Marking LINEUP run as started... 
LINEUP status marked as running.
[23/07/2026 13:30:03.96] Step 1 - Backing up LINEUP config... 

===================================
LINEUP Config Backup Complete
===================================
Backup folder : C:\LINEUP\backups\2026-07-23_133004
Files copied  : 4
Old backups removed: 1

[23/07/2026 13:30:04.32] Step 2 - Running SAP capacity export... 
COOIS capacities export complete:
C:\LINEUP\data\raw\COOIS_Capacities_Latest.txt
[23/07/2026 13:30:29.18] Step 3 - Running SAP production list export... 
COOIS production list export complete:
C:\LINEUP\data\raw\COOIS_ProductionList_Latest.txt
[23/07/2026 13:33:11.52] Step 4 - Running LINEUP processing pipeline... 
LINEUP
Starting capacity parser...


===================================
LINEUP Capacity Parser Complete
===================================
Input : COOIS_Capacities_Latest.txt
Output: capacities_clean.csv
Rows  : 6292


===================================
LINEUP Production Parser Complete
===================================
Input : COOIS_ProductionList_Latest.txt
Output: production_list_clean.csv
Rows  : 2403


===================================
LINEUP Capacity Summary Complete
===================================
Input : capacities_clean.csv
Output: capacities_order_summary.csv
Rows  : 947


===================================
LINEUP Merge Complete
===================================
Production input : production_list_clean.csv
Capacity input   : capacities_order_summary.csv
Output           : master_schedule.csv
Rows             : 947
Missing metadata : 0


===================================
LINEUP Scheduling Complete
===================================
Scheduled orders : 29
Overflow orders  : 0
SAP minutes      : unchanged by default
Staffing         : explicit overrides only
Queue stability  : current + one automatic order
Insights         : assignment reasons and confidence


===================================
LINEUP Dashboard Build Complete
===================================
Input       : scheduled_orders.csv
Output      : C:\LINEUP\output\dashboard.html
Insights    : assignment reasons and confidence
Remaining   : SAP versus adjusted
Utilisation : working-calendar aware


===================================
LINEUP Schedule Report Complete
===================================
Bench utilisation: bench_utilisation.csv
Schedule summary : schedule_summary.csv


===================================
LINEUP Split Recommendations Complete
===================================
Recommendations : 0
Window          : due today or next working day only
SAP minutes     : used unchanged by default
Staffing        : explicit overrides only
Planner work    : live, held, split, forced and board orders excluded
Output          : split_recommendations.csv

[23/07/2026 13:33:11.98] Step 5 - Marking LINEUP run as successful... 
LINEUP status marked as successful.
[23/07/2026 13:33:12.30] Step 6 - Rebuilding dashboard with final status... 

===================================
LINEUP Dashboard Build Complete
===================================
Input       : scheduled_orders.csv
Output      : C:\LINEUP\output\dashboard.html
Insights    : assignment reasons and confidence
Remaining   : SAP versus adjusted
Utilisation : working-calendar aware

=================================== 
LINEUP background update finished 
23/07/2026 13:33:12.63 
=================================== 
 
=================================== 
LINEUP background update started 
23/07/2026 13:45:03.11 
=================================== 
[23/07/2026 13:45:03.11] Activating virtual environment... 
[23/07/2026 13:45:03.61] Step 0 - Marking LINEUP run as started... 
LINEUP status marked as running.
[23/07/2026 13:45:03.92] Step 1 - Backing up LINEUP config... 

===================================
LINEUP Config Backup Complete
===================================
Backup folder : C:\LINEUP\backups\2026-07-23_134504
Files copied  : 4
Old backups removed: 1

[23/07/2026 13:45:04.29] Step 2 - Running SAP capacity export... 
COOIS capacities export complete:
C:\LINEUP\data\raw\COOIS_Capacities_Latest.txt
[23/07/2026 13:45:32.53] Step 3 - Running SAP production list export... 
COOIS production list export complete:
C:\LINEUP\data\raw\COOIS_ProductionList_Latest.txt
[23/07/2026 13:48:01.42] Step 4 - Running LINEUP processing pipeline... 
LINEUP
Starting capacity parser...


===================================
LINEUP Capacity Parser Complete
===================================
Input : COOIS_Capacities_Latest.txt
Output: capacities_clean.csv
Rows  : 6298


===================================
LINEUP Production Parser Complete
===================================
Input : COOIS_ProductionList_Latest.txt
Output: production_list_clean.csv
Rows  : 2406


===================================
LINEUP Capacity Summary Complete
===================================
Input : capacities_clean.csv
Output: capacities_order_summary.csv
Rows  : 950


===================================
LINEUP Merge Complete
===================================
Production input : production_list_clean.csv
Capacity input   : capacities_order_summary.csv
Output           : master_schedule.csv
Rows             : 950
Missing metadata : 0


===================================
LINEUP Scheduling Complete
===================================
Scheduled orders : 29
Overflow orders  : 0
SAP minutes      : unchanged by default
Staffing         : explicit overrides only
Queue stability  : current + one automatic order
Insights         : assignment reasons and confidence


===================================
LINEUP Dashboard Build Complete
===================================
Input       : scheduled_orders.csv
Output      : C:\LINEUP\output\dashboard.html
Insights    : assignment reasons and confidence
Remaining   : SAP versus adjusted
Utilisation : working-calendar aware


===================================
LINEUP Schedule Report Complete
===================================
Bench utilisation: bench_utilisation.csv
Schedule summary : schedule_summary.csv


===================================
LINEUP Split Recommendations Complete
===================================
Recommendations : 0
Window          : due today or next working day only
SAP minutes     : used unchanged by default
Staffing        : explicit overrides only
Planner work    : live, held, split, forced and board orders excluded
Output          : split_recommendations.csv

[23/07/2026 13:48:01.89] Step 5 - Marking LINEUP run as successful... 
LINEUP status marked as successful.
[23/07/2026 13:48:02.22] Step 6 - Rebuilding dashboard with final status... 

===================================
LINEUP Dashboard Build Complete
===================================
Input       : scheduled_orders.csv
Output      : C:\LINEUP\output\dashboard.html
Insights    : assignment reasons and confidence
Remaining   : SAP versus adjusted
Utilisation : working-calendar aware

=================================== 
LINEUP background update finished 
23/07/2026 13:48:02.54 
=================================== 
 
=================================== 
LINEUP background update started 
23/07/2026 14:00:03.10 
=================================== 
[23/07/2026 14:00:03.10] Activating virtual environment... 
[23/07/2026 14:00:03.60] Step 0 - Marking LINEUP run as started... 
LINEUP status marked as running.
[23/07/2026 14:00:03.90] Step 1 - Backing up LINEUP config... 

===================================
LINEUP Config Backup Complete
===================================
Backup folder : C:\LINEUP\backups\2026-07-23_140004
Files copied  : 4
Old backups removed: 1

[23/07/2026 14:00:04.23] Step 2 - Running SAP capacity export... 
COOIS capacities export complete:
C:\LINEUP\data\raw\COOIS_Capacities_Latest.txt
[23/07/2026 14:00:34.57] Step 3 - Running SAP production list export... 
COOIS production list export complete:
C:\LINEUP\data\raw\COOIS_ProductionList_Latest.txt
[23/07/2026 14:04:09.31] Step 4 - Running LINEUP processing pipeline... 
LINEUP
Starting capacity parser...


===================================
LINEUP Capacity Parser Complete
===================================
Input : COOIS_Capacities_Latest.txt
Output: capacities_clean.csv
Rows  : 6300


===================================
LINEUP Production Parser Complete
===================================
Input : COOIS_ProductionList_Latest.txt
Output: production_list_clean.csv
Rows  : 2407


===================================
LINEUP Capacity Summary Complete
===================================
Input : capacities_clean.csv
Output: capacities_order_summary.csv
Rows  : 951


===================================
LINEUP Merge Complete
===================================
Production input : production_list_clean.csv
Capacity input   : capacities_order_summary.csv
Output           : master_schedule.csv
Rows             : 951
Missing metadata : 0


===================================
LINEUP Scheduling Complete
===================================
Scheduled orders : 29
Overflow orders  : 0
SAP minutes      : unchanged by default
Staffing         : explicit overrides only
Queue stability  : current + one automatic order
Insights         : assignment reasons and confidence


===================================
LINEUP Dashboard Build Complete
===================================
Input       : scheduled_orders.csv
Output      : C:\LINEUP\output\dashboard.html
Insights    : assignment reasons and confidence
Remaining   : SAP versus adjusted
Utilisation : working-calendar aware


===================================
LINEUP Schedule Report Complete
===================================
Bench utilisation: bench_utilisation.csv
Schedule summary : schedule_summary.csv


===================================
LINEUP Split Recommendations Complete
===================================
Recommendations : 0
Window          : due today or next working day only
SAP minutes     : used unchanged by default
Staffing        : explicit overrides only
Planner work    : live, held, split, forced and board orders excluded
Output          : split_recommendations.csv

[23/07/2026 14:04:09.79] Step 5 - Marking LINEUP run as successful... 
LINEUP status marked as successful.
[23/07/2026 14:04:10.12] Step 6 - Rebuilding dashboard with final status... 

===================================
LINEUP Dashboard Build Complete
===================================
Input       : scheduled_orders.csv
Output      : C:\LINEUP\output\dashboard.html
Insights    : assignment reasons and confidence
Remaining   : SAP versus adjusted
Utilisation : working-calendar aware

=================================== 
LINEUP background update finished 
23/07/2026 14:04:10.47 
=================================== 
 
=================================== 
LINEUP background update started 
23/07/2026 14:15:03.36 
=================================== 
[23/07/2026 14:15:03.36] Activating virtual environment... 
[23/07/2026 14:15:03.88] Step 0 - Marking LINEUP run as started... 
LINEUP status marked as running.
[23/07/2026 14:15:04.21] Step 1 - Backing up LINEUP config... 

===================================
LINEUP Config Backup Complete
===================================
Backup folder : C:\LINEUP\backups\2026-07-23_141504
Files copied  : 4
Old backups removed: 1

[23/07/2026 14:15:04.55] Step 2 - Running SAP capacity export... 
COOIS capacities export complete:
C:\LINEUP\data\raw\COOIS_Capacities_Latest.txt
[23/07/2026 14:15:35.12] Step 3 - Running SAP production list export... 
COOIS production list export complete:
C:\LINEUP\data\raw\COOIS_ProductionList_Latest.txt
[23/07/2026 14:18:02.58] Step 4 - Running LINEUP processing pipeline... 
LINEUP
Starting capacity parser...


===================================
LINEUP Capacity Parser Complete
===================================
Input : COOIS_Capacities_Latest.txt
Output: capacities_clean.csv
Rows  : 6302


===================================
LINEUP Production Parser Complete
===================================
Input : COOIS_ProductionList_Latest.txt
Output: production_list_clean.csv
Rows  : 2408


===================================
LINEUP Capacity Summary Complete
===================================
Input : capacities_clean.csv
Output: capacities_order_summary.csv
Rows  : 954


===================================
LINEUP Merge Complete
===================================
Production input : production_list_clean.csv
Capacity input   : capacities_order_summary.csv
Output           : master_schedule.csv
Rows             : 954
Missing metadata : 0


===================================
LINEUP Scheduling Complete
===================================
Scheduled orders : 29
Overflow orders  : 0
SAP minutes      : unchanged by default
Staffing         : explicit overrides only
Queue stability  : current + one automatic order
Insights         : assignment reasons and confidence


===================================
LINEUP Dashboard Build Complete
===================================
Input       : scheduled_orders.csv
Output      : C:\LINEUP\output\dashboard.html
Insights    : assignment reasons and confidence
Remaining   : SAP versus adjusted
Utilisation : working-calendar aware


===================================
LINEUP Schedule Report Complete
===================================
Bench utilisation: bench_utilisation.csv
Schedule summary : schedule_summary.csv


===================================
LINEUP Split Recommendations Complete
===================================
Recommendations : 0
Window          : due today or next working day only
SAP minutes     : used unchanged by default
Staffing        : explicit overrides only
Planner work    : live, held, split, forced and board orders excluded
Output          : split_recommendations.csv

[23/07/2026 14:18:03.05] Step 5 - Marking LINEUP run as successful... 
LINEUP status marked as successful.
[23/07/2026 14:18:03.35] Step 6 - Rebuilding dashboard with final status... 

===================================
LINEUP Dashboard Build Complete
===================================
Input       : scheduled_orders.csv
Output      : C:\LINEUP\output\dashboard.html
Insights    : assignment reasons and confidence
Remaining   : SAP versus adjusted
Utilisation : working-calendar aware

=================================== 
LINEUP background update finished 
23/07/2026 14:18:03.68 
=================================== 
 
=================================== 
LINEUP background update started 
23/07/2026 14:30:03.07 
=================================== 
[23/07/2026 14:30:03.07] Activating virtual environment... 
[23/07/2026 14:30:03.60] Step 0 - Marking LINEUP run as started... 
LINEUP status marked as running.
[23/07/2026 14:30:03.91] Step 1 - Backing up LINEUP config... 

===================================
LINEUP Config Backup Complete
===================================
Backup folder : C:\LINEUP\backups\2026-07-23_143004
Files copied  : 4
Old backups removed: 1

[23/07/2026 14:30:04.26] Step 2 - Running SAP capacity export... 
COOIS capacities export complete:
C:\LINEUP\data\raw\COOIS_Capacities_Latest.txt
[23/07/2026 14:30:33.08] Step 3 - Running SAP production list export... 
COOIS production list export complete:
C:\LINEUP\data\raw\COOIS_ProductionList_Latest.txt
[23/07/2026 14:33:28.56] Step 4 - Running LINEUP processing pipeline... 
LINEUP
Starting capacity parser...


===================================
LINEUP Capacity Parser Complete
===================================
Input : COOIS_Capacities_Latest.txt
Output: capacities_clean.csv
Rows  : 6306


===================================
LINEUP Production Parser Complete
===================================
Input : COOIS_ProductionList_Latest.txt
Output: production_list_clean.csv
Rows  : 2411


===================================
LINEUP Capacity Summary Complete
===================================
Input : capacities_clean.csv
Output: capacities_order_summary.csv
Rows  : 958


===================================
LINEUP Merge Complete
===================================
Production input : production_list_clean.csv
Capacity input   : capacities_order_summary.csv
Output           : master_schedule.csv
Rows             : 958
Missing metadata : 0


===================================
LINEUP Scheduling Complete
===================================
Scheduled orders : 29
Overflow orders  : 0
SAP minutes      : unchanged by default
Staffing         : explicit overrides only
Queue stability  : current + one automatic order
Insights         : assignment reasons and confidence


===================================
LINEUP Dashboard Build Complete
===================================
Input       : scheduled_orders.csv
Output      : C:\LINEUP\output\dashboard.html
Insights    : assignment reasons and confidence
Remaining   : SAP versus adjusted
Utilisation : working-calendar aware


===================================
LINEUP Schedule Report Complete
===================================
Bench utilisation: bench_utilisation.csv
Schedule summary : schedule_summary.csv


===================================
LINEUP Split Recommendations Complete
===================================
Recommendations : 0
Window          : due today or next working day only
SAP minutes     : used unchanged by default
Staffing        : explicit overrides only
Planner work    : live, held, split, forced and board orders excluded
Output          : split_recommendations.csv

[23/07/2026 14:33:29.02] Step 5 - Marking LINEUP run as successful... 
LINEUP status marked as successful.
[23/07/2026 14:33:29.33] Step 6 - Rebuilding dashboard with final status... 

===================================
LINEUP Dashboard Build Complete
===================================
Input       : scheduled_orders.csv
Output      : C:\LINEUP\output\dashboard.html
Insights    : assignment reasons and confidence
Remaining   : SAP versus adjusted
Utilisation : working-calendar aware

=================================== 
LINEUP background update finished 
23/07/2026 14:33:29.64 
=================================== 
 
=================================== 
LINEUP background update started 
23/07/2026 14:45:03.15 
=================================== 
[23/07/2026 14:45:03.15] Activating virtual environment... 
[23/07/2026 14:45:03.66] Step 0 - Marking LINEUP run as started... 
LINEUP status marked as running.
[23/07/2026 14:45:03.96] Step 1 - Backing up LINEUP config... 

===================================
LINEUP Config Backup Complete
===================================
Backup folder : C:\LINEUP\backups\2026-07-23_144504
Files copied  : 4
Old backups removed: 1

[23/07/2026 14:45:04.30] Step 2 - Running SAP capacity export... 
COOIS capacities export complete:
C:\LINEUP\data\raw\COOIS_Capacities_Latest.txt
[23/07/2026 14:45:39.24] Step 3 - Running SAP production list export... 
COOIS production list export complete:
C:\LINEUP\data\raw\COOIS_ProductionList_Latest.txt
[23/07/2026 14:47:30.81] Step 4 - Running LINEUP processing pipeline... 
LINEUP
Starting capacity parser...


===================================
LINEUP Capacity Parser Complete
===================================
Input : COOIS_Capacities_Latest.txt
Output: capacities_clean.csv
Rows  : 6299


===================================
LINEUP Production Parser Complete
===================================
Input : COOIS_ProductionList_Latest.txt
Output: production_list_clean.csv
Rows  : 2408


===================================
LINEUP Capacity Summary Complete
===================================
Input : capacities_clean.csv
Output: capacities_order_summary.csv
Rows  : 959


===================================
LINEUP Merge Complete
===================================
Production input : production_list_clean.csv
Capacity input   : capacities_order_summary.csv
Output           : master_schedule.csv
Rows             : 959
Missing metadata : 0


===================================
LINEUP Scheduling Complete
===================================
Scheduled orders : 29
Overflow orders  : 0
SAP minutes      : unchanged by default
Staffing         : explicit overrides only
Queue stability  : current + one automatic order
Insights         : assignment reasons and confidence


===================================
LINEUP Dashboard Build Complete
===================================
Input       : scheduled_orders.csv
Output      : C:\LINEUP\output\dashboard.html
Insights    : assignment reasons and confidence
Remaining   : SAP versus adjusted
Utilisation : working-calendar aware


===================================
LINEUP Schedule Report Complete
===================================
Bench utilisation: bench_utilisation.csv
Schedule summary : schedule_summary.csv


===================================
LINEUP Split Recommendations Complete
===================================
Recommendations : 0
Window          : due today or next working day only
SAP minutes     : used unchanged by default
Staffing        : explicit overrides only
Planner work    : live, held, split, forced and board orders excluded
Output          : split_recommendations.csv

[23/07/2026 14:47:31.32] Step 5 - Marking LINEUP run as successful... 
LINEUP status marked as successful.
[23/07/2026 14:47:31.65] Step 6 - Rebuilding dashboard with final status... 

===================================
LINEUP Dashboard Build Complete
===================================
Input       : scheduled_orders.csv
Output      : C:\LINEUP\output\dashboard.html
Insights    : assignment reasons and confidence
Remaining   : SAP versus adjusted
Utilisation : working-calendar aware

=================================== 
LINEUP background update finished 
23/07/2026 14:47:31.99 
=================================== 
 
=================================== 
LINEUP background update started 
23/07/2026 15:00:03.22 
=================================== 
[23/07/2026 15:00:03.22] Activating virtual environment... 
[23/07/2026 15:00:03.74] Step 0 - Marking LINEUP run as started... 
LINEUP status marked as running.
[23/07/2026 15:00:04.08] Step 1 - Backing up LINEUP config... 

===================================
LINEUP Config Backup Complete
===================================
Backup folder : C:\LINEUP\backups\2026-07-23_150004
Files copied  : 4
Old backups removed: 1

[23/07/2026 15:00:04.43] Step 2 - Running SAP capacity export... 
COOIS capacities export complete:
C:\LINEUP\data\raw\COOIS_Capacities_Latest.txt
[23/07/2026 15:00:35.86] Step 3 - Running SAP production list export... 
COOIS production list export complete:
C:\LINEUP\data\raw\COOIS_ProductionList_Latest.txt
[23/07/2026 15:03:33.36] Step 4 - Running LINEUP processing pipeline... 
LINEUP
Starting capacity parser...


===================================
LINEUP Capacity Parser Complete
===================================
Input : COOIS_Capacities_Latest.txt
Output: capacities_clean.csv
Rows  : 6297


===================================
LINEUP Production Parser Complete
===================================
Input : COOIS_ProductionList_Latest.txt
Output: production_list_clean.csv
Rows  : 2407


===================================
LINEUP Capacity Summary Complete
===================================
Input : capacities_clean.csv
Output: capacities_order_summary.csv
Rows  : 958


===================================
LINEUP Merge Complete
===================================
Production input : production_list_clean.csv
Capacity input   : capacities_order_summary.csv
Output           : master_schedule.csv
Rows             : 958
Missing metadata : 0


===================================
LINEUP Scheduling Complete
===================================
Scheduled orders : 28
Overflow orders  : 0
SAP minutes      : unchanged by default
Staffing         : explicit overrides only
Queue stability  : current + one automatic order
Insights         : assignment reasons and confidence


===================================
LINEUP Dashboard Build Complete
===================================
Input       : scheduled_orders.csv
Output      : C:\LINEUP\output\dashboard.html
Insights    : assignment reasons and confidence
Remaining   : SAP versus adjusted
Utilisation : working-calendar aware


===================================
LINEUP Schedule Report Complete
===================================
Bench utilisation: bench_utilisation.csv
Schedule summary : schedule_summary.csv


===================================
LINEUP Split Recommendations Complete
===================================
Recommendations : 0
Window          : due today or next working day only
SAP minutes     : used unchanged by default
Staffing        : explicit overrides only
Planner work    : live, held, split, forced and board orders excluded
Output          : split_recommendations.csv

[23/07/2026 15:03:33.83] Step 5 - Marking LINEUP run as successful... 
LINEUP status marked as successful.
[23/07/2026 15:03:34.13] Step 6 - Rebuilding dashboard with final status... 

===================================
LINEUP Dashboard Build Complete
===================================
Input       : scheduled_orders.csv
Output      : C:\LINEUP\output\dashboard.html
Insights    : assignment reasons and confidence
Remaining   : SAP versus adjusted
Utilisation : working-calendar aware

=================================== 
LINEUP background update finished 
23/07/2026 15:03:34.45 
=================================== 
 
=================================== 
LINEUP background update started 
23/07/2026 15:15:03.57 
=================================== 
[23/07/2026 15:15:03.58] Activating virtual environment... 
[23/07/2026 15:15:04.09] Step 0 - Marking LINEUP run as started... 
LINEUP status marked as running.
[23/07/2026 15:15:04.42] Step 1 - Backing up LINEUP config... 

===================================
LINEUP Config Backup Complete
===================================
Backup folder : C:\LINEUP\backups\2026-07-23_151504
Files copied  : 4
Old backups removed: 1

[23/07/2026 15:15:04.78] Step 2 - Running SAP capacity export... 
COOIS capacities export complete:
C:\LINEUP\data\raw\COOIS_Capacities_Latest.txt
[23/07/2026 15:15:31.33] Step 3 - Running SAP production list export... 
COOIS production list export complete:
C:\LINEUP\data\raw\COOIS_ProductionList_Latest.txt
[23/07/2026 15:17:36.01] Step 4 - Running LINEUP processing pipeline... 
LINEUP
Starting capacity parser...


===================================
LINEUP Capacity Parser Complete
===================================
Input : COOIS_Capacities_Latest.txt
Output: capacities_clean.csv
Rows  : 6299


===================================
LINEUP Production Parser Complete
===================================
Input : COOIS_ProductionList_Latest.txt
Output: production_list_clean.csv
Rows  : 2409


===================================
LINEUP Capacity Summary Complete
===================================
Input : capacities_clean.csv
Output: capacities_order_summary.csv
Rows  : 962


===================================
LINEUP Merge Complete
===================================
Production input : production_list_clean.csv
Capacity input   : capacities_order_summary.csv
Output           : master_schedule.csv
Rows             : 962
Missing metadata : 0


===================================
LINEUP Scheduling Complete
===================================
Scheduled orders : 28
Overflow orders  : 0
SAP minutes      : unchanged by default
Staffing         : explicit overrides only
Queue stability  : current + one automatic order
Insights         : assignment reasons and confidence


===================================
LINEUP Dashboard Build Complete
===================================
Input       : scheduled_orders.csv
Output      : C:\LINEUP\output\dashboard.html
Insights    : assignment reasons and confidence
Remaining   : SAP versus adjusted
Utilisation : working-calendar aware


===================================
LINEUP Schedule Report Complete
===================================
Bench utilisation: bench_utilisation.csv
Schedule summary : schedule_summary.csv


===================================
LINEUP Split Recommendations Complete
===================================
Recommendations : 0
Window          : due today or next working day only
SAP minutes     : used unchanged by default
Staffing        : explicit overrides only
Planner work    : live, held, split, forced and board orders excluded
Output          : split_recommendations.csv

[23/07/2026 15:17:36.47] Step 5 - Marking LINEUP run as successful... 
LINEUP status marked as successful.
[23/07/2026 15:17:36.78] Step 6 - Rebuilding dashboard with final status... 

===================================
LINEUP Dashboard Build Complete
===================================
Input       : scheduled_orders.csv
Output      : C:\LINEUP\output\dashboard.html
Insights    : assignment reasons and confidence
Remaining   : SAP versus adjusted
Utilisation : working-calendar aware

=================================== 
LINEUP background update finished 
23/07/2026 15:17:37.13 
=================================== 
 
=================================== 
LINEUP background update started 
23/07/2026 15:30:03.15 
=================================== 
[23/07/2026 15:30:03.15] Activating virtual environment... 
[23/07/2026 15:30:03.69] Step 0 - Marking LINEUP run as started... 
LINEUP status marked as running.
[23/07/2026 15:30:04.01] Step 1 - Backing up LINEUP config... 

===================================
LINEUP Config Backup Complete
===================================
Backup folder : C:\LINEUP\backups\2026-07-23_153004
Files copied  : 4
Old backups removed: 1

[23/07/2026 15:30:04.35] Step 2 - Running SAP capacity export... 
COOIS capacities export complete:
C:\LINEUP\data\raw\COOIS_Capacities_Latest.txt
[23/07/2026 15:30:28.54] Step 3 - Running SAP production list export... 
COOIS production list export complete:
C:\LINEUP\data\raw\COOIS_ProductionList_Latest.txt
[23/07/2026 15:32:48.22] Step 4 - Running LINEUP processing pipeline... 
LINEUP
Starting capacity parser...


===================================
LINEUP Capacity Parser Complete
===================================
Input : COOIS_Capacities_Latest.txt
Output: capacities_clean.csv
Rows  : 6337


===================================
LINEUP Production Parser Complete
===================================
Input : COOIS_ProductionList_Latest.txt
Output: production_list_clean.csv
Rows  : 2422


===================================
LINEUP Capacity Summary Complete
===================================
Input : capacities_clean.csv
Output: capacities_order_summary.csv
Rows  : 975


===================================
LINEUP Merge Complete
===================================
Production input : production_list_clean.csv
Capacity input   : capacities_order_summary.csv
Output           : master_schedule.csv
Rows             : 975
Missing metadata : 0


===================================
LINEUP Scheduling Complete
===================================
Scheduled orders : 28
Overflow orders  : 0
SAP minutes      : unchanged by default
Staffing         : explicit overrides only
Queue stability  : current + one automatic order
Insights         : assignment reasons and confidence


===================================
LINEUP Dashboard Build Complete
===================================
Input       : scheduled_orders.csv
Output      : C:\LINEUP\output\dashboard.html
Insights    : assignment reasons and confidence
Remaining   : SAP versus adjusted
Utilisation : working-calendar aware


===================================
LINEUP Schedule Report Complete
===================================
Bench utilisation: bench_utilisation.csv
Schedule summary : schedule_summary.csv


===================================
LINEUP Split Recommendations Complete
===================================
Recommendations : 0
Window          : due today or next working day only
SAP minutes     : used unchanged by default
Staffing        : explicit overrides only
Planner work    : live, held, split, forced and board orders excluded
Output          : split_recommendations.csv

[23/07/2026 15:32:48.70] Step 5 - Marking LINEUP run as successful... 
LINEUP status marked as successful.
[23/07/2026 15:32:49.03] Step 6 - Rebuilding dashboard with final status... 

===================================
LINEUP Dashboard Build Complete
===================================
Input       : scheduled_orders.csv
Output      : C:\LINEUP\output\dashboard.html
Insights    : assignment reasons and confidence
Remaining   : SAP versus adjusted
Utilisation : working-calendar aware

=================================== 
LINEUP background update finished 
23/07/2026 15:32:49.38 
=================================== 
 
=================================== 
LINEUP background update started 
23/07/2026 15:45:03.12 
=================================== 
[23/07/2026 15:45:03.13] Activating virtual environment... 
[23/07/2026 15:45:03.63] Step 0 - Marking LINEUP run as started... 
LINEUP status marked as running.
[23/07/2026 15:45:03.94] Step 1 - Backing up LINEUP config... 

===================================
LINEUP Config Backup Complete
===================================
Backup folder : C:\LINEUP\backups\2026-07-23_154504
Files copied  : 4
Old backups removed: 1

[23/07/2026 15:45:04.28] Step 2 - Running SAP capacity export... 
COOIS capacities export complete:
C:\LINEUP\data\raw\COOIS_Capacities_Latest.txt
[23/07/2026 15:45:28.57] Step 3 - Running SAP production list export... 
COOIS production list export complete:
C:\LINEUP\data\raw\COOIS_ProductionList_Latest.txt
[23/07/2026 15:47:40.36] Step 4 - Running LINEUP processing pipeline... 
LINEUP
Starting capacity parser...


===================================
LINEUP Capacity Parser Complete
===================================
Input : COOIS_Capacities_Latest.txt
Output: capacities_clean.csv
Rows  : 6334


===================================
LINEUP Production Parser Complete
===================================
Input : COOIS_ProductionList_Latest.txt
Output: production_list_clean.csv
Rows  : 2421


===================================
LINEUP Capacity Summary Complete
===================================
Input : capacities_clean.csv
Output: capacities_order_summary.csv
Rows  : 975


===================================
LINEUP Merge Complete
===================================
Production input : production_list_clean.csv
Capacity input   : capacities_order_summary.csv
Output           : master_schedule.csv
Rows             : 975
Missing metadata : 0


===================================
LINEUP Scheduling Complete
===================================
Scheduled orders : 31
Overflow orders  : 0
SAP minutes      : unchanged by default
Staffing         : explicit overrides only
Queue stability  : current + one automatic order
Insights         : assignment reasons and confidence


===================================
LINEUP Dashboard Build Complete
===================================
Input       : scheduled_orders.csv
Output      : C:\LINEUP\output\dashboard.html
Insights    : assignment reasons and confidence
Remaining   : SAP versus adjusted
Utilisation : working-calendar aware


===================================
LINEUP Schedule Report Complete
===================================
Bench utilisation: bench_utilisation.csv
Schedule summary : schedule_summary.csv


===================================
LINEUP Split Recommendations Complete
===================================
Recommendations : 0
Window          : due today or next working day only
SAP minutes     : used unchanged by default
Staffing        : explicit overrides only
Planner work    : live, held, split, forced and board orders excluded
Output          : split_recommendations.csv

[23/07/2026 15:47:40.82] Step 5 - Marking LINEUP run as successful... 
LINEUP status marked as successful.
[23/07/2026 15:47:41.14] Step 6 - Rebuilding dashboard with final status... 

===================================
LINEUP Dashboard Build Complete
===================================
Input       : scheduled_orders.csv
Output      : C:\LINEUP\output\dashboard.html
Insights    : assignment reasons and confidence
Remaining   : SAP versus adjusted
Utilisation : working-calendar aware

=================================== 
LINEUP background update finished 
23/07/2026 15:47:41.47 
=================================== 
 
=================================== 
LINEUP background update started 
23/07/2026 16:00:03.16 
=================================== 
[23/07/2026 16:00:03.16] Activating virtual environment... 
[23/07/2026 16:00:03.67] Step 0 - Marking LINEUP run as started... 
LINEUP status marked as running.
[23/07/2026 16:00:03.99] Step 1 - Backing up LINEUP config... 

===================================
LINEUP Config Backup Complete
===================================
Backup folder : C:\LINEUP\backups\2026-07-23_160004
Files copied  : 4
Old backups removed: 1

[23/07/2026 16:00:04.37] Step 2 - Running SAP capacity export... 
COOIS capacities export complete:
C:\LINEUP\data\raw\COOIS_Capacities_Latest.txt
[23/07/2026 16:00:29.77] Step 3 - Running SAP production list export... 
COOIS production list export complete:
C:\LINEUP\data\raw\COOIS_ProductionList_Latest.txt
[23/07/2026 16:04:00.08] Step 4 - Running LINEUP processing pipeline... 
LINEUP
Starting capacity parser...


===================================
LINEUP Capacity Parser Complete
===================================
Input : COOIS_Capacities_Latest.txt
Output: capacities_clean.csv
Rows  : 6343


===================================
LINEUP Production Parser Complete
===================================
Input : COOIS_ProductionList_Latest.txt
Output: production_list_clean.csv
Rows  : 2423


===================================
LINEUP Capacity Summary Complete
===================================
Input : capacities_clean.csv
Output: capacities_order_summary.csv
Rows  : 978


===================================
LINEUP Merge Complete
===================================
Production input : production_list_clean.csv
Capacity input   : capacities_order_summary.csv
Output           : master_schedule.csv
Rows             : 978
Missing metadata : 0


===================================
LINEUP Scheduling Complete
===================================
Scheduled orders : 35
Overflow orders  : 0
SAP minutes      : unchanged by default
Staffing         : explicit overrides only
Queue stability  : current + one automatic order
Insights         : assignment reasons and confidence


===================================
LINEUP Dashboard Build Complete
===================================
Input       : scheduled_orders.csv
Output      : C:\LINEUP\output\dashboard.html
Insights    : assignment reasons and confidence
Remaining   : SAP versus adjusted
Utilisation : working-calendar aware


===================================
LINEUP Schedule Report Complete
===================================
Bench utilisation: bench_utilisation.csv
Schedule summary : schedule_summary.csv


===================================
LINEUP Split Recommendations Complete
===================================
Recommendations : 0
Window          : due today or next working day only
SAP minutes     : used unchanged by default
Staffing        : explicit overrides only
Planner work    : live, held, split, forced and board orders excluded
Output          : split_recommendations.csv

[23/07/2026 16:04:00.56] Step 5 - Marking LINEUP run as successful... 
LINEUP status marked as successful.
[23/07/2026 16:04:00.87] Step 6 - Rebuilding dashboard with final status... 

===================================
LINEUP Dashboard Build Complete
===================================
Input       : scheduled_orders.csv
Output      : C:\LINEUP\output\dashboard.html
Insights    : assignment reasons and confidence
Remaining   : SAP versus adjusted
Utilisation : working-calendar aware

=================================== 
LINEUP background update finished 
23/07/2026 16:04:01.22 
=================================== 
 
=================================== 
LINEUP background update started 
23/07/2026 16:15:03.13 
=================================== 
[23/07/2026 16:15:03.13] Activating virtual environment... 
[23/07/2026 16:15:03.64] Step 0 - Marking LINEUP run as started... 
LINEUP status marked as running.
[23/07/2026 16:15:03.97] Step 1 - Backing up LINEUP config... 

===================================
LINEUP Config Backup Complete
===================================
Backup folder : C:\LINEUP\backups\2026-07-23_161504
Files copied  : 4
Old backups removed: 1

[23/07/2026 16:15:04.30] Step 2 - Running SAP capacity export... 
COOIS capacities export complete:
C:\LINEUP\data\raw\COOIS_Capacities_Latest.txt
[23/07/2026 16:15:38.75] Step 3 - Running SAP production list export... 
COOIS production list export complete:
C:\LINEUP\data\raw\COOIS_ProductionList_Latest.txt
[23/07/2026 16:17:57.77] Step 4 - Running LINEUP processing pipeline... 
LINEUP
Starting capacity parser...


===================================
LINEUP Capacity Parser Complete
===================================
Input : COOIS_Capacities_Latest.txt
Output: capacities_clean.csv
Rows  : 6348


===================================
LINEUP Production Parser Complete
===================================
Input : COOIS_ProductionList_Latest.txt
Output: production_list_clean.csv
Rows  : 2424


===================================
LINEUP Capacity Summary Complete
===================================
Input : capacities_clean.csv
Output: capacities_order_summary.csv
Rows  : 982


===================================
LINEUP Merge Complete
===================================
Production input : production_list_clean.csv
Capacity input   : capacities_order_summary.csv
Output           : master_schedule.csv
Rows             : 982
Missing metadata : 0


===================================
LINEUP Scheduling Complete
===================================
Scheduled orders : 33
Overflow orders  : 0
SAP minutes      : unchanged by default
Staffing         : explicit overrides only
Queue stability  : current + one automatic order
Insights         : assignment reasons and confidence


===================================
LINEUP Dashboard Build Complete
===================================
Input       : scheduled_orders.csv
Output      : C:\LINEUP\output\dashboard.html
Insights    : assignment reasons and confidence
Remaining   : SAP versus adjusted
Utilisation : working-calendar aware


===================================
LINEUP Schedule Report Complete
===================================
Bench utilisation: bench_utilisation.csv
Schedule summary : schedule_summary.csv


===================================
LINEUP Split Recommendations Complete
===================================
Recommendations : 0
Window          : due today or next working day only
SAP minutes     : used unchanged by default
Staffing        : explicit overrides only
Planner work    : live, held, split, forced and board orders excluded
Output          : split_recommendations.csv

[23/07/2026 16:17:58.26] Step 5 - Marking LINEUP run as successful... 
LINEUP status marked as successful.
[23/07/2026 16:17:58.59] Step 6 - Rebuilding dashboard with final status... 

===================================
LINEUP Dashboard Build Complete
===================================
Input       : scheduled_orders.csv
Output      : C:\LINEUP\output\dashboard.html
Insights    : assignment reasons and confidence
Remaining   : SAP versus adjusted
Utilisation : working-calendar aware

=================================== 
LINEUP background update finished 
23/07/2026 16:17:58.91 
=================================== 
 
=================================== 
LINEUP background update started 
23/07/2026 16:30:03.14 
=================================== 
[23/07/2026 16:30:03.14] Activating virtual environment... 
[23/07/2026 16:30:03.66] Step 0 - Marking LINEUP run as started... 
LINEUP status marked as running.
[23/07/2026 16:30:03.98] Step 1 - Backing up LINEUP config... 

===================================
LINEUP Config Backup Complete
===================================
Backup folder : C:\LINEUP\backups\2026-07-23_163004
Files copied  : 4
Old backups removed: 1

[23/07/2026 16:30:04.33] Step 2 - Running SAP capacity export... 
COOIS capacities export complete:
C:\LINEUP\data\raw\COOIS_Capacities_Latest.txt
[23/07/2026 16:30:29.07] Step 3 - Running SAP production list export... 
COOIS production list export complete:
C:\LINEUP\data\raw\COOIS_ProductionList_Latest.txt
[23/07/2026 16:33:08.35] Step 4 - Running LINEUP processing pipeline... 
LINEUP
Starting capacity parser...


===================================
LINEUP Capacity Parser Complete
===================================
Input : COOIS_Capacities_Latest.txt
Output: capacities_clean.csv
Rows  : 6339


===================================
LINEUP Production Parser Complete
===================================
Input : COOIS_ProductionList_Latest.txt
Output: production_list_clean.csv
Rows  : 2420


===================================
LINEUP Capacity Summary Complete
===================================
Input : capacities_clean.csv
Output: capacities_order_summary.csv
Rows  : 981


===================================
LINEUP Merge Complete
===================================
Production input : production_list_clean.csv
Capacity input   : capacities_order_summary.csv
Output           : master_schedule.csv
Rows             : 981
Missing metadata : 0


===================================
LINEUP Scheduling Complete
===================================
Scheduled orders : 33
Overflow orders  : 0
SAP minutes      : unchanged by default
Staffing         : explicit overrides only
Queue stability  : current + one automatic order
Insights         : assignment reasons and confidence


===================================
LINEUP Dashboard Build Complete
===================================
Input       : scheduled_orders.csv
Output      : C:\LINEUP\output\dashboard.html
Insights    : assignment reasons and confidence
Remaining   : SAP versus adjusted
Utilisation : working-calendar aware


===================================
LINEUP Schedule Report Complete
===================================
Bench utilisation: bench_utilisation.csv
Schedule summary : schedule_summary.csv


===================================
LINEUP Split Recommendations Complete
===================================
Recommendations : 0
Window          : due today or next working day only
SAP minutes     : used unchanged by default
Staffing        : explicit overrides only
Planner work    : live, held, split, forced and board orders excluded
Output          : split_recommendations.csv

[23/07/2026 16:33:08.83] Step 5 - Marking LINEUP run as successful... 
LINEUP status marked as successful.
[23/07/2026 16:33:09.13] Step 6 - Rebuilding dashboard with final status... 

===================================
LINEUP Dashboard Build Complete
===================================
Input       : scheduled_orders.csv
Output      : C:\LINEUP\output\dashboard.html
Insights    : assignment reasons and confidence
Remaining   : SAP versus adjusted
Utilisation : working-calendar aware

=================================== 
LINEUP background update finished 
23/07/2026 16:33:09.44 
=================================== 
 
=================================== 
LINEUP background update started 
23/07/2026 16:45:03.14 
=================================== 
[23/07/2026 16:45:03.14] Activating virtual environment... 
[23/07/2026 16:45:03.65] Step 0 - Marking LINEUP run as started... 
LINEUP status marked as running.
[23/07/2026 16:45:03.95] Step 1 - Backing up LINEUP config... 

===================================
LINEUP Config Backup Complete
===================================
Backup folder : C:\LINEUP\backups\2026-07-23_164504
Files copied  : 4
Old backups removed: 1

[23/07/2026 16:45:04.29] Step 2 - Running SAP capacity export... 
COOIS capacities export complete:
C:\LINEUP\data\raw\COOIS_Capacities_Latest.txt
[23/07/2026 16:45:30.61] Step 3 - Running SAP production list export... 
COOIS production list export complete:
C:\LINEUP\data\raw\COOIS_ProductionList_Latest.txt
[23/07/2026 16:47:29.19] Step 4 - Running LINEUP processing pipeline... 
LINEUP
Starting capacity parser...


===================================
LINEUP Capacity Parser Complete
===================================
Input : COOIS_Capacities_Latest.txt
Output: capacities_clean.csv
Rows  : 6339


===================================
LINEUP Production Parser Complete
===================================
Input : COOIS_ProductionList_Latest.txt
Output: production_list_clean.csv
Rows  : 2420


===================================
LINEUP Capacity Summary Complete
===================================
Input : capacities_clean.csv
Output: capacities_order_summary.csv
Rows  : 981


===================================
LINEUP Merge Complete
===================================
Production input : production_list_clean.csv
Capacity input   : capacities_order_summary.csv
Output           : master_schedule.csv
Rows             : 981
Missing metadata : 0


===================================
LINEUP Scheduling Complete
===================================
Scheduled orders : 33
Overflow orders  : 0
SAP minutes      : unchanged by default
Staffing         : explicit overrides only
Queue stability  : current + one automatic order
Insights         : assignment reasons and confidence


===================================
LINEUP Dashboard Build Complete
===================================
Input       : scheduled_orders.csv
Output      : C:\LINEUP\output\dashboard.html
Insights    : assignment reasons and confidence
Remaining   : SAP versus adjusted
Utilisation : working-calendar aware


===================================
LINEUP Schedule Report Complete
===================================
Bench utilisation: bench_utilisation.csv
Schedule summary : schedule_summary.csv


===================================
LINEUP Split Recommendations Complete
===================================
Recommendations : 0
Window          : due today or next working day only
SAP minutes     : used unchanged by default
Staffing        : explicit overrides only
Planner work    : live, held, split, forced and board orders excluded
Output          : split_recommendations.csv

[23/07/2026 16:47:29.65] Step 5 - Marking LINEUP run as successful... 
LINEUP status marked as successful.
[23/07/2026 16:47:29.95] Step 6 - Rebuilding dashboard with final status... 

===================================
LINEUP Dashboard Build Complete
===================================
Input       : scheduled_orders.csv
Output      : C:\LINEUP\output\dashboard.html
Insights    : assignment reasons and confidence
Remaining   : SAP versus adjusted
Utilisation : working-calendar aware

=================================== 
LINEUP background update finished 
23/07/2026 16:47:30.27 
=================================== 
 
=================================== 
LINEUP background update started 
23/07/2026 17:00:03.25 
=================================== 
[23/07/2026 17:00:03.25] Activating virtual environment... 
[23/07/2026 17:00:03.76] Step 0 - Marking LINEUP run as started... 
LINEUP status marked as running.
[23/07/2026 17:00:04.07] Step 1 - Backing up LINEUP config... 

===================================
LINEUP Config Backup Complete
===================================
Backup folder : C:\LINEUP\backups\2026-07-23_170004
Files copied  : 4
Old backups removed: 1

[23/07/2026 17:00:04.39] Step 2 - Running SAP capacity export... 
COOIS capacities export complete:
C:\LINEUP\data\raw\COOIS_Capacities_Latest.txt
[23/07/2026 17:00:27.88] Step 3 - Running SAP production list export... 
COOIS production list export complete:
C:\LINEUP\data\raw\COOIS_ProductionList_Latest.txt
[23/07/2026 17:03:10.27] Step 4 - Running LINEUP processing pipeline... 
LINEUP
Starting capacity parser...


===================================
LINEUP Capacity Parser Complete
===================================
Input : COOIS_Capacities_Latest.txt
Output: capacities_clean.csv
Rows  : 6339


===================================
LINEUP Production Parser Complete
===================================
Input : COOIS_ProductionList_Latest.txt
Output: production_list_clean.csv
Rows  : 2420


===================================
LINEUP Capacity Summary Complete
===================================
Input : capacities_clean.csv
Output: capacities_order_summary.csv
Rows  : 981


===================================
LINEUP Merge Complete
===================================
Production input : production_list_clean.csv
Capacity input   : capacities_order_summary.csv
Output           : master_schedule.csv
Rows             : 981
Missing metadata : 0


===================================
LINEUP Scheduling Complete
===================================
Scheduled orders : 33
Overflow orders  : 0
SAP minutes      : unchanged by default
Staffing         : explicit overrides only
Queue stability  : current + one automatic order
Insights         : assignment reasons and confidence


===================================
LINEUP Dashboard Build Complete
===================================
Input       : scheduled_orders.csv
Output      : C:\LINEUP\output\dashboard.html
Insights    : assignment reasons and confidence
Remaining   : SAP versus adjusted
Utilisation : working-calendar aware


===================================
LINEUP Schedule Report Complete
===================================
Bench utilisation: bench_utilisation.csv
Schedule summary : schedule_summary.csv


===================================
LINEUP Split Recommendations Complete
===================================
Recommendations : 0
Window          : due today or next working day only
SAP minutes     : used unchanged by default
Staffing        : explicit overrides only
Planner work    : live, held, split, forced and board orders excluded
Output          : split_recommendations.csv

[23/07/2026 17:03:10.74] Step 5 - Marking LINEUP run as successful... 
LINEUP status marked as successful.
[23/07/2026 17:03:11.03] Step 6 - Rebuilding dashboard with final status... 

===================================
LINEUP Dashboard Build Complete
===================================
Input       : scheduled_orders.csv
Output      : C:\LINEUP\output\dashboard.html
Insights    : assignment reasons and confidence
Remaining   : SAP versus adjusted
Utilisation : working-calendar aware

=================================== 
LINEUP background update finished 
23/07/2026 17:03:11.39 
=================================== 
 
=================================== 
LINEUP background update started 
23/07/2026 17:15:03.17 
=================================== 
[23/07/2026 17:15:03.17] Activating virtual environment... 
[23/07/2026 17:15:03.68] Step 0 - Marking LINEUP run as started... 
LINEUP status marked as running.
[23/07/2026 17:15:03.99] Step 1 - Backing up LINEUP config... 

===================================
LINEUP Config Backup Complete
===================================
Backup folder : C:\LINEUP\backups\2026-07-23_171504
Files copied  : 4
Old backups removed: 1

[23/07/2026 17:15:04.32] Step 2 - Running SAP capacity export... 
COOIS capacities export complete:
C:\LINEUP\data\raw\COOIS_Capacities_Latest.txt
[23/07/2026 17:15:27.80] Step 3 - Running SAP production list export... 
COOIS production list export complete:
C:\LINEUP\data\raw\COOIS_ProductionList_Latest.txt
[23/07/2026 17:17:44.84] Step 4 - Running LINEUP processing pipeline... 
LINEUP
Starting capacity parser...


===================================
LINEUP Capacity Parser Complete
===================================
Input : COOIS_Capacities_Latest.txt
Output: capacities_clean.csv
Rows  : 6339


===================================
LINEUP Production Parser Complete
===================================
Input : COOIS_ProductionList_Latest.txt
Output: production_list_clean.csv
Rows  : 2420


===================================
LINEUP Capacity Summary Complete
===================================
Input : capacities_clean.csv
Output: capacities_order_summary.csv
Rows  : 981


===================================
LINEUP Merge Complete
===================================
Production input : production_list_clean.csv
Capacity input   : capacities_order_summary.csv
Output           : master_schedule.csv
Rows             : 981
Missing metadata : 0


===================================
LINEUP Scheduling Complete
===================================
Scheduled orders : 33
Overflow orders  : 0
SAP minutes      : unchanged by default
Staffing         : explicit overrides only
Queue stability  : current + one automatic order
Insights         : assignment reasons and confidence


===================================
LINEUP Dashboard Build Complete
===================================
Input       : scheduled_orders.csv
Output      : C:\LINEUP\output\dashboard.html
Insights    : assignment reasons and confidence
Remaining   : SAP versus adjusted
Utilisation : working-calendar aware


===================================
LINEUP Schedule Report Complete
===================================
Bench utilisation: bench_utilisation.csv
Schedule summary : schedule_summary.csv


===================================
LINEUP Split Recommendations Complete
===================================
Recommendations : 0
Window          : due today or next working day only
SAP minutes     : used unchanged by default
Staffing        : explicit overrides only
Planner work    : live, held, split, forced and board orders excluded
Output          : split_recommendations.csv

[23/07/2026 17:17:45.32] Step 5 - Marking LINEUP run as successful... 
LINEUP status marked as successful.
[23/07/2026 17:17:45.65] Step 6 - Rebuilding dashboard with final status... 

===================================
LINEUP Dashboard Build Complete
===================================
Input       : scheduled_orders.csv
Output      : C:\LINEUP\output\dashboard.html
Insights    : assignment reasons and confidence
Remaining   : SAP versus adjusted
Utilisation : working-calendar aware

=================================== 
LINEUP background update finished 
23/07/2026 17:17:45.99 
=================================== 
 
=================================== 
LINEUP background update started 
23/07/2026 17:30:03.16 
=================================== 
[23/07/2026 17:30:03.16] Activating virtual environment... 
[23/07/2026 17:30:03.67] Step 0 - Marking LINEUP run as started... 
LINEUP status marked as running.
[23/07/2026 17:30:03.98] Step 1 - Backing up LINEUP config... 

===================================
LINEUP Config Backup Complete
===================================
Backup folder : C:\LINEUP\backups\2026-07-23_173004
Files copied  : 4
Old backups removed: 1

[23/07/2026 17:30:04.33] Step 2 - Running SAP capacity export... 
COOIS capacities export complete:
C:\LINEUP\data\raw\COOIS_Capacities_Latest.txt
[23/07/2026 17:30:28.09] Step 3 - Running SAP production list export... 
COOIS production list export complete:
C:\LINEUP\data\raw\COOIS_ProductionList_Latest.txt
[23/07/2026 17:32:49.59] Step 4 - Running LINEUP processing pipeline... 
LINEUP
Starting capacity parser...


===================================
LINEUP Capacity Parser Complete
===================================
Input : COOIS_Capacities_Latest.txt
Output: capacities_clean.csv
Rows  : 6339


===================================
LINEUP Production Parser Complete
===================================
Input : COOIS_ProductionList_Latest.txt
Output: production_list_clean.csv
Rows  : 2420


===================================
LINEUP Capacity Summary Complete
===================================
Input : capacities_clean.csv
Output: capacities_order_summary.csv
Rows  : 981


===================================
LINEUP Merge Complete
===================================
Production input : production_list_clean.csv
Capacity input   : capacities_order_summary.csv
Output           : master_schedule.csv
Rows             : 981
Missing metadata : 0


===================================
LINEUP Scheduling Complete
===================================
Scheduled orders : 33
Overflow orders  : 0
SAP minutes      : unchanged by default
Staffing         : explicit overrides only
Queue stability  : current + one automatic order
Insights         : assignment reasons and confidence


===================================
LINEUP Dashboard Build Complete
===================================
Input       : scheduled_orders.csv
Output      : C:\LINEUP\output\dashboard.html
Insights    : assignment reasons and confidence
Remaining   : SAP versus adjusted
Utilisation : working-calendar aware


===================================
LINEUP Schedule Report Complete
===================================
Bench utilisation: bench_utilisation.csv
Schedule summary : schedule_summary.csv


===================================
LINEUP Split Recommendations Complete
===================================
Recommendations : 0
Window          : due today or next working day only
SAP minutes     : used unchanged by default
Staffing        : explicit overrides only
Planner work    : live, held, split, forced and board orders excluded
Output          : split_recommendations.csv

[23/07/2026 17:32:50.04] Step 5 - Marking LINEUP run as successful... 
LINEUP status marked as successful.
[23/07/2026 17:32:50.36] Step 6 - Rebuilding dashboard with final status... 

===================================
LINEUP Dashboard Build Complete
===================================
Input       : scheduled_orders.csv
Output      : C:\LINEUP\output\dashboard.html
Insights    : assignment reasons and confidence
Remaining   : SAP versus adjusted
Utilisation : working-calendar aware

=================================== 
LINEUP background update finished 
23/07/2026 17:32:50.70 
=================================== 
 
=================================== 
LINEUP background update started 
23/07/2026 17:45:03.13 
=================================== 
[23/07/2026 17:45:03.13] Activating virtual environment... 
[23/07/2026 17:45:03.64] Step 0 - Marking LINEUP run as started... 
LINEUP status marked as running.
[23/07/2026 17:45:03.98] Step 1 - Backing up LINEUP config... 

===================================
LINEUP Config Backup Complete
===================================
Backup folder : C:\LINEUP\backups\2026-07-23_174504
Files copied  : 4
Old backups removed: 1

[23/07/2026 17:45:04.32] Step 2 - Running SAP capacity export... 
COOIS capacities export complete:
C:\LINEUP\data\raw\COOIS_Capacities_Latest.txt
[23/07/2026 17:45:27.35] Step 3 - Running SAP production list export... 
COOIS production list export complete:
C:\LINEUP\data\raw\COOIS_ProductionList_Latest.txt
[23/07/2026 17:47:24.84] Step 4 - Running LINEUP processing pipeline... 
LINEUP
Starting capacity parser...


===================================
LINEUP Capacity Parser Complete
===================================
Input : COOIS_Capacities_Latest.txt
Output: capacities_clean.csv
Rows  : 6339


===================================
LINEUP Production Parser Complete
===================================
Input : COOIS_ProductionList_Latest.txt
Output: production_list_clean.csv
Rows  : 2420


===================================
LINEUP Capacity Summary Complete
===================================
Input : capacities_clean.csv
Output: capacities_order_summary.csv
Rows  : 981


===================================
LINEUP Merge Complete
===================================
Production input : production_list_clean.csv
Capacity input   : capacities_order_summary.csv
Output           : master_schedule.csv
Rows             : 981
Missing metadata : 0


===================================
LINEUP Scheduling Complete
===================================
Scheduled orders : 33
Overflow orders  : 0
SAP minutes      : unchanged by default
Staffing         : explicit overrides only
Queue stability  : current + one automatic order
Insights         : assignment reasons and confidence


===================================
LINEUP Dashboard Build Complete
===================================
Input       : scheduled_orders.csv
Output      : C:\LINEUP\output\dashboard.html
Insights    : assignment reasons and confidence
Remaining   : SAP versus adjusted
Utilisation : working-calendar aware


===================================
LINEUP Schedule Report Complete
===================================
Bench utilisation: bench_utilisation.csv
Schedule summary : schedule_summary.csv


===================================
LINEUP Split Recommendations Complete
===================================
Recommendations : 0
Window          : due today or next working day only
SAP minutes     : used unchanged by default
Staffing        : explicit overrides only
Planner work    : live, held, split, forced and board orders excluded
Output          : split_recommendations.csv

[23/07/2026 17:47:25.31] Step 5 - Marking LINEUP run as successful... 
LINEUP status marked as successful.
[23/07/2026 17:47:25.61] Step 6 - Rebuilding dashboard with final status... 

===================================
LINEUP Dashboard Build Complete
===================================
Input       : scheduled_orders.csv
Output      : C:\LINEUP\output\dashboard.html
Insights    : assignment reasons and confidence
Remaining   : SAP versus adjusted
Utilisation : working-calendar aware

=================================== 
LINEUP background update finished 
23/07/2026 17:47:25.93 
=================================== 
 
=================================== 
LINEUP background update started 
23/07/2026 18:00:03.16 
=================================== 
[23/07/2026 18:00:03.16] Activating virtual environment... 
[23/07/2026 18:00:03.66] Step 0 - Marking LINEUP run as started... 
LINEUP status marked as running.
[23/07/2026 18:00:03.98] Step 1 - Backing up LINEUP config... 

===================================
LINEUP Config Backup Complete
===================================
Backup folder : C:\LINEUP\backups\2026-07-23_180004
Files copied  : 4
Old backups removed: 1

[23/07/2026 18:00:04.34] Step 2 - Running SAP capacity export... 
COOIS capacities export complete:
C:\LINEUP\data\raw\COOIS_Capacities_Latest.txt
[23/07/2026 18:00:34.77] Step 3 - Running SAP production list export... 
COOIS production list export complete:
C:\LINEUP\data\raw\COOIS_ProductionList_Latest.txt
[23/07/2026 18:03:54.83] Step 4 - Running LINEUP processing pipeline... 
LINEUP
Starting capacity parser...


===================================
LINEUP Capacity Parser Complete
===================================
Input : COOIS_Capacities_Latest.txt
Output: capacities_clean.csv
Rows  : 6339


===================================
LINEUP Production Parser Complete
===================================
Input : COOIS_ProductionList_Latest.txt
Output: production_list_clean.csv
Rows  : 2420


===================================
LINEUP Capacity Summary Complete
===================================
Input : capacities_clean.csv
Output: capacities_order_summary.csv
Rows  : 981


===================================
LINEUP Merge Complete
===================================
Production input : production_list_clean.csv
Capacity input   : capacities_order_summary.csv
Output           : master_schedule.csv
Rows             : 981
Missing metadata : 0


===================================
LINEUP Scheduling Complete
===================================
Scheduled orders : 33
Overflow orders  : 0
SAP minutes      : unchanged by default
Staffing         : explicit overrides only
Queue stability  : current + one automatic order
Insights         : assignment reasons and confidence


===================================
LINEUP Dashboard Build Complete
===================================
Input       : scheduled_orders.csv
Output      : C:\LINEUP\output\dashboard.html
Insights    : assignment reasons and confidence
Remaining   : SAP versus adjusted
Utilisation : working-calendar aware


===================================
LINEUP Schedule Report Complete
===================================
Bench utilisation: bench_utilisation.csv
Schedule summary : schedule_summary.csv


===================================
LINEUP Split Recommendations Complete
===================================
Recommendations : 0
Window          : due today or next working day only
SAP minutes     : used unchanged by default
Staffing        : explicit overrides only
Planner work    : live, held, split, forced and board orders excluded
Output          : split_recommendations.csv

[23/07/2026 18:03:55.31] Step 5 - Marking LINEUP run as successful... 
LINEUP status marked as successful.
[23/07/2026 18:03:55.65] Step 6 - Rebuilding dashboard with final status... 

===================================
LINEUP Dashboard Build Complete
===================================
Input       : scheduled_orders.csv
Output      : C:\LINEUP\output\dashboard.html
Insights    : assignment reasons and confidence
Remaining   : SAP versus adjusted
Utilisation : working-calendar aware

=================================== 
LINEUP background update finished 
23/07/2026 18:03:55.99 
=================================== 
 
=================================== 
LINEUP background update started 
23/07/2026 18:15:03.08 
=================================== 
[23/07/2026 18:15:03.08] Activating virtual environment... 
[23/07/2026 18:15:03.60] Step 0 - Marking LINEUP run as started... 
LINEUP status marked as running.
[23/07/2026 18:15:03.94] Step 1 - Backing up LINEUP config... 

===================================
LINEUP Config Backup Complete
===================================
Backup folder : C:\LINEUP\backups\2026-07-23_181504
Files copied  : 4
Old backups removed: 1

[23/07/2026 18:15:04.30] Step 2 - Running SAP capacity export... 
COOIS capacities export complete:
C:\LINEUP\data\raw\COOIS_Capacities_Latest.txt
[23/07/2026 18:15:32.30] Step 3 - Running SAP production list export... 
COOIS production list export complete:
C:\LINEUP\data\raw\COOIS_ProductionList_Latest.txt
[23/07/2026 18:17:45.14] Step 4 - Running LINEUP processing pipeline... 
LINEUP
Starting capacity parser...


===================================
LINEUP Capacity Parser Complete
===================================
Input : COOIS_Capacities_Latest.txt
Output: capacities_clean.csv
Rows  : 6339


===================================
LINEUP Production Parser Complete
===================================
Input : COOIS_ProductionList_Latest.txt
Output: production_list_clean.csv
Rows  : 2420


===================================
LINEUP Capacity Summary Complete
===================================
Input : capacities_clean.csv
Output: capacities_order_summary.csv
Rows  : 981


===================================
LINEUP Merge Complete
===================================
Production input : production_list_clean.csv
Capacity input   : capacities_order_summary.csv
Output           : master_schedule.csv
Rows             : 981
Missing metadata : 0


===================================
LINEUP Scheduling Complete
===================================
Scheduled orders : 33
Overflow orders  : 0
SAP minutes      : unchanged by default
Staffing         : explicit overrides only
Queue stability  : current + one automatic order
Insights         : assignment reasons and confidence


===================================
LINEUP Dashboard Build Complete
===================================
Input       : scheduled_orders.csv
Output      : C:\LINEUP\output\dashboard.html
Insights    : assignment reasons and confidence
Remaining   : SAP versus adjusted
Utilisation : working-calendar aware


===================================
LINEUP Schedule Report Complete
===================================
Bench utilisation: bench_utilisation.csv
Schedule summary : schedule_summary.csv


===================================
LINEUP Split Recommendations Complete
===================================
Recommendations : 0
Window          : due today or next working day only
SAP minutes     : used unchanged by default
Staffing        : explicit overrides only
Planner work    : live, held, split, forced and board orders excluded
Output          : split_recommendations.csv

[23/07/2026 18:17:45.63] Step 5 - Marking LINEUP run as successful... 
LINEUP status marked as successful.
[23/07/2026 18:17:45.97] Step 6 - Rebuilding dashboard with final status... 

===================================
LINEUP Dashboard Build Complete
===================================
Input       : scheduled_orders.csv
Output      : C:\LINEUP\output\dashboard.html
Insights    : assignment reasons and confidence
Remaining   : SAP versus adjusted
Utilisation : working-calendar aware

=================================== 
LINEUP background update finished 
23/07/2026 18:17:46.31 
=================================== 
 
=================================== 
LINEUP background update started 
23/07/2026 18:30:03.09 
=================================== 
[23/07/2026 18:30:03.09] Activating virtual environment... 
[23/07/2026 18:30:03.62] Step 0 - Marking LINEUP run as started... 
LINEUP status marked as running.
[23/07/2026 18:30:03.93] Step 1 - Backing up LINEUP config... 

===================================
LINEUP Config Backup Complete
===================================
Backup folder : C:\LINEUP\backups\2026-07-23_183004
Files copied  : 4
Old backups removed: 1

[23/07/2026 18:30:04.25] Step 2 - Running SAP capacity export... 
COOIS capacities export complete:
C:\LINEUP\data\raw\COOIS_Capacities_Latest.txt
[23/07/2026 18:30:27.29] Step 3 - Running SAP production list export... 
COOIS production list export complete:
C:\LINEUP\data\raw\COOIS_ProductionList_Latest.txt
[23/07/2026 18:32:34.08] Step 4 - Running LINEUP processing pipeline... 
LINEUP
Starting capacity parser...


===================================
LINEUP Capacity Parser Complete
===================================
Input : COOIS_Capacities_Latest.txt
Output: capacities_clean.csv
Rows  : 6339


===================================
LINEUP Production Parser Complete
===================================
Input : COOIS_ProductionList_Latest.txt
Output: production_list_clean.csv
Rows  : 2420


===================================
LINEUP Capacity Summary Complete
===================================
Input : capacities_clean.csv
Output: capacities_order_summary.csv
Rows  : 981


===================================
LINEUP Merge Complete
===================================
Production input : production_list_clean.csv
Capacity input   : capacities_order_summary.csv
Output           : master_schedule.csv
Rows             : 981
Missing metadata : 0


===================================
LINEUP Scheduling Complete
===================================
Scheduled orders : 33
Overflow orders  : 0
SAP minutes      : unchanged by default
Staffing         : explicit overrides only
Queue stability  : current + one automatic order
Insights         : assignment reasons and confidence


===================================
LINEUP Dashboard Build Complete
===================================
Input       : scheduled_orders.csv
Output      : C:\LINEUP\output\dashboard.html
Insights    : assignment reasons and confidence
Remaining   : SAP versus adjusted
Utilisation : working-calendar aware


===================================
LINEUP Schedule Report Complete
===================================
Bench utilisation: bench_utilisation.csv
Schedule summary : schedule_summary.csv


===================================
LINEUP Split Recommendations Complete
===================================
Recommendations : 0
Window          : due today or next working day only
SAP minutes     : used unchanged by default
Staffing        : explicit overrides only
Planner work    : live, held, split, forced and board orders excluded
Output          : split_recommendations.csv

[23/07/2026 18:32:34.58] Step 5 - Marking LINEUP run as successful... 
LINEUP status marked as successful.
[23/07/2026 18:32:34.90] Step 6 - Rebuilding dashboard with final status... 

===================================
LINEUP Dashboard Build Complete
===================================
Input       : scheduled_orders.csv
Output      : C:\LINEUP\output\dashboard.html
Insights    : assignment reasons and confidence
Remaining   : SAP versus adjusted
Utilisation : working-calendar aware

=================================== 
LINEUP background update finished 
23/07/2026 18:32:35.25 
=================================== 
 
=================================== 
LINEUP background update started 
23/07/2026 18:45:03.11 
=================================== 
[23/07/2026 18:45:03.11] Activating virtual environment... 
[23/07/2026 18:45:03.63] Step 0 - Marking LINEUP run as started... 
LINEUP status marked as running.
[23/07/2026 18:45:03.93] Step 1 - Backing up LINEUP config... 

===================================
LINEUP Config Backup Complete
===================================
Backup folder : C:\LINEUP\backups\2026-07-23_184504
Files copied  : 4
Old backups removed: 1

[23/07/2026 18:45:04.27] Step 2 - Running SAP capacity export... 
COOIS capacities export complete:
C:\LINEUP\data\raw\COOIS_Capacities_Latest.txt
[23/07/2026 18:45:27.15] Step 3 - Running SAP production list export... 
COOIS production list export complete:
C:\LINEUP\data\raw\COOIS_ProductionList_Latest.txt
[23/07/2026 18:47:17.45] Step 4 - Running LINEUP processing pipeline... 
LINEUP
Starting capacity parser...


===================================
LINEUP Capacity Parser Complete
===================================
Input : COOIS_Capacities_Latest.txt
Output: capacities_clean.csv
Rows  : 6339


===================================
LINEUP Production Parser Complete
===================================
Input : COOIS_ProductionList_Latest.txt
Output: production_list_clean.csv
Rows  : 2420


===================================
LINEUP Capacity Summary Complete
===================================
Input : capacities_clean.csv
Output: capacities_order_summary.csv
Rows  : 981


===================================
LINEUP Merge Complete
===================================
Production input : production_list_clean.csv
Capacity input   : capacities_order_summary.csv
Output           : master_schedule.csv
Rows             : 981
Missing metadata : 0


===================================
LINEUP Scheduling Complete
===================================
Scheduled orders : 33
Overflow orders  : 0
SAP minutes      : unchanged by default
Staffing         : explicit overrides only
Queue stability  : current + one automatic order
Insights         : assignment reasons and confidence


===================================
LINEUP Dashboard Build Complete
===================================
Input       : scheduled_orders.csv
Output      : C:\LINEUP\output\dashboard.html
Insights    : assignment reasons and confidence
Remaining   : SAP versus adjusted
Utilisation : working-calendar aware


===================================
LINEUP Schedule Report Complete
===================================
Bench utilisation: bench_utilisation.csv
Schedule summary : schedule_summary.csv


===================================
LINEUP Split Recommendations Complete
===================================
Recommendations : 0
Window          : due today or next working day only
SAP minutes     : used unchanged by default
Staffing        : explicit overrides only
Planner work    : live, held, split, forced and board orders excluded
Output          : split_recommendations.csv

[23/07/2026 18:47:17.91] Step 5 - Marking LINEUP run as successful... 
LINEUP status marked as successful.
[23/07/2026 18:47:18.20] Step 6 - Rebuilding dashboard with final status... 

===================================
LINEUP Dashboard Build Complete
===================================
Input       : scheduled_orders.csv
Output      : C:\LINEUP\output\dashboard.html
Insights    : assignment reasons and confidence
Remaining   : SAP versus adjusted
Utilisation : working-calendar aware

=================================== 
LINEUP background update finished 
23/07/2026 18:47:18.54 
=================================== 
 
=================================== 
LINEUP background update started 
23/07/2026 19:00:03.32 
=================================== 
[23/07/2026 19:00:03.32] Activating virtual environment... 
[23/07/2026 19:00:03.83] Step 0 - Marking LINEUP run as started... 
LINEUP status marked as running.
[23/07/2026 19:00:04.16] Step 1 - Backing up LINEUP config... 

===================================
LINEUP Config Backup Complete
===================================
Backup folder : C:\LINEUP\backups\2026-07-23_190004
Files copied  : 4
Old backups removed: 1

[23/07/2026 19:00:04.48] Step 2 - Running SAP capacity export... 
COOIS capacities export complete:
C:\LINEUP\data\raw\COOIS_Capacities_Latest.txt
[23/07/2026 19:00:28.13] Step 3 - Running SAP production list export... 
COOIS production list export complete:
C:\LINEUP\data\raw\COOIS_ProductionList_Latest.txt
[23/07/2026 19:03:30.27] Step 4 - Running LINEUP processing pipeline... 
LINEUP
Starting capacity parser...


===================================
LINEUP Capacity Parser Complete
===================================
Input : COOIS_Capacities_Latest.txt
Output: capacities_clean.csv
Rows  : 6339


===================================
LINEUP Production Parser Complete
===================================
Input : COOIS_ProductionList_Latest.txt
Output: production_list_clean.csv
Rows  : 2420


===================================
LINEUP Capacity Summary Complete
===================================
Input : capacities_clean.csv
Output: capacities_order_summary.csv
Rows  : 981


===================================
LINEUP Merge Complete
===================================
Production input : production_list_clean.csv
Capacity input   : capacities_order_summary.csv
Output           : master_schedule.csv
Rows             : 981
Missing metadata : 0


===================================
LINEUP Scheduling Complete
===================================
Scheduled orders : 33
Overflow orders  : 0
SAP minutes      : unchanged by default
Staffing         : explicit overrides only
Queue stability  : current + one automatic order
Insights         : assignment reasons and confidence


===================================
LINEUP Dashboard Build Complete
===================================
Input       : scheduled_orders.csv
Output      : C:\LINEUP\output\dashboard.html
Insights    : assignment reasons and confidence
Remaining   : SAP versus adjusted
Utilisation : working-calendar aware


===================================
LINEUP Schedule Report Complete
===================================
Bench utilisation: bench_utilisation.csv
Schedule summary : schedule_summary.csv


===================================
LINEUP Split Recommendations Complete
===================================
Recommendations : 0
Window          : due today or next working day only
SAP minutes     : used unchanged by default
Staffing        : explicit overrides only
Planner work    : live, held, split, forced and board orders excluded
Output          : split_recommendations.csv

[23/07/2026 19:03:30.75] Step 5 - Marking LINEUP run as successful... 
LINEUP status marked as successful.
[23/07/2026 19:03:31.06] Step 6 - Rebuilding dashboard with final status... 

===================================
LINEUP Dashboard Build Complete
===================================
Input       : scheduled_orders.csv
Output      : C:\LINEUP\output\dashboard.html
Insights    : assignment reasons and confidence
Remaining   : SAP versus adjusted
Utilisation : working-calendar aware

=================================== 
LINEUP background update finished 
23/07/2026 19:03:31.38 
=================================== 
 
=================================== 
LINEUP background update started 
23/07/2026 19:15:03.12 
=================================== 
[23/07/2026 19:15:03.13] Activating virtual environment... 
[23/07/2026 19:15:03.64] Step 0 - Marking LINEUP run as started... 
LINEUP status marked as running.
[23/07/2026 19:15:03.96] Step 1 - Backing up LINEUP config... 

===================================
LINEUP Config Backup Complete
===================================
Backup folder : C:\LINEUP\backups\2026-07-23_191504
Files copied  : 4
Old backups removed: 1

[23/07/2026 19:15:04.32] Step 2 - Running SAP capacity export... 
COOIS capacities export complete:
C:\LINEUP\data\raw\COOIS_Capacities_Latest.txt
[23/07/2026 19:16:18.76] Step 3 - Running SAP production list export... 
COOIS production list export complete:
C:\LINEUP\data\raw\COOIS_ProductionList_Latest.txt
[23/07/2026 19:19:00.36] Step 4 - Running LINEUP processing pipeline... 
LINEUP
Starting capacity parser...


===================================
LINEUP Capacity Parser Complete
===================================
Input : COOIS_Capacities_Latest.txt
Output: capacities_clean.csv
Rows  : 6338


===================================
LINEUP Production Parser Complete
===================================
Input : COOIS_ProductionList_Latest.txt
Output: production_list_clean.csv
Rows  : 2419


===================================
LINEUP Capacity Summary Complete
===================================
Input : capacities_clean.csv
Output: capacities_order_summary.csv
Rows  : 981


===================================
LINEUP Merge Complete
===================================
Production input : production_list_clean.csv
Capacity input   : capacities_order_summary.csv
Output           : master_schedule.csv
Rows             : 981
Missing metadata : 0


===================================
LINEUP Scheduling Complete
===================================
Scheduled orders : 33
Overflow orders  : 0
SAP minutes      : unchanged by default
Staffing         : explicit overrides only
Queue stability  : current + one automatic order
Insights         : assignment reasons and confidence


===================================
LINEUP Dashboard Build Complete
===================================
Input       : scheduled_orders.csv
Output      : C:\LINEUP\output\dashboard.html
Insights    : assignment reasons and confidence
Remaining   : SAP versus adjusted
Utilisation : working-calendar aware


===================================
LINEUP Schedule Report Complete
===================================
Bench utilisation: bench_utilisation.csv
Schedule summary : schedule_summary.csv


===================================
LINEUP Split Recommendations Complete
===================================
Recommendations : 0
Window          : due today or next working day only
SAP minutes     : used unchanged by default
Staffing        : explicit overrides only
Planner work    : live, held, split, forced and board orders excluded
Output          : split_recommendations.csv

[23/07/2026 19:19:00.83] Step 5 - Marking LINEUP run as successful... 
LINEUP status marked as successful.
[23/07/2026 19:19:01.14] Step 6 - Rebuilding dashboard with final status... 

===================================
LINEUP Dashboard Build Complete
===================================
Input       : scheduled_orders.csv
Output      : C:\LINEUP\output\dashboard.html
Insights    : assignment reasons and confidence
Remaining   : SAP versus adjusted
Utilisation : working-calendar aware

=================================== 
LINEUP background update finished 
23/07/2026 19:19:01.46 
=================================== 
 
=================================== 
LINEUP background update started 
23/07/2026 19:30:03.12 
=================================== 
[23/07/2026 19:30:03.12] Activating virtual environment... 
[23/07/2026 19:30:03.65] Step 0 - Marking LINEUP run as started... 
LINEUP status marked as running.
[23/07/2026 19:30:03.98] Step 1 - Backing up LINEUP config... 

===================================
LINEUP Config Backup Complete
===================================
Backup folder : C:\LINEUP\backups\2026-07-23_193004
Files copied  : 4
Old backups removed: 1

[23/07/2026 19:30:04.31] Step 2 - Running SAP capacity export... 
COOIS capacities export complete:
C:\LINEUP\data\raw\COOIS_Capacities_Latest.txt
[23/07/2026 19:32:10.19] Step 3 - Running SAP production list export... 
COOIS production list export complete:
C:\LINEUP\data\raw\COOIS_ProductionList_Latest.txt
[23/07/2026 19:34:12.14] Step 4 - Running LINEUP processing pipeline... 
LINEUP
Starting capacity parser...


===================================
LINEUP Capacity Parser Complete
===================================
Input : COOIS_Capacities_Latest.txt
Output: capacities_clean.csv
Rows  : 6338


===================================
LINEUP Production Parser Complete
===================================
Input : COOIS_ProductionList_Latest.txt
Output: production_list_clean.csv
Rows  : 2419


===================================
LINEUP Capacity Summary Complete
===================================
Input : capacities_clean.csv
Output: capacities_order_summary.csv
Rows  : 981


===================================
LINEUP Merge Complete
===================================
Production input : production_list_clean.csv
Capacity input   : capacities_order_summary.csv
Output           : master_schedule.csv
Rows             : 981
Missing metadata : 0


===================================
LINEUP Scheduling Complete
===================================
Scheduled orders : 33
Overflow orders  : 0
SAP minutes      : unchanged by default
Staffing         : explicit overrides only
Queue stability  : current + one automatic order
Insights         : assignment reasons and confidence


===================================
LINEUP Dashboard Build Complete
===================================
Input       : scheduled_orders.csv
Output      : C:\LINEUP\output\dashboard.html
Insights    : assignment reasons and confidence
Remaining   : SAP versus adjusted
Utilisation : working-calendar aware


===================================
LINEUP Schedule Report Complete
===================================
Bench utilisation: bench_utilisation.csv
Schedule summary : schedule_summary.csv


===================================
LINEUP Split Recommendations Complete
===================================
Recommendations : 0
Window          : due today or next working day only
SAP minutes     : used unchanged by default
Staffing        : explicit overrides only
Planner work    : live, held, split, forced and board orders excluded
Output          : split_recommendations.csv

[23/07/2026 19:34:12.65] Step 5 - Marking LINEUP run as successful... 
LINEUP status marked as successful.
[23/07/2026 19:34:12.95] Step 6 - Rebuilding dashboard with final status... 

===================================
LINEUP Dashboard Build Complete
===================================
Input       : scheduled_orders.csv
Output      : C:\LINEUP\output\dashboard.html
Insights    : assignment reasons and confidence
Remaining   : SAP versus adjusted
Utilisation : working-calendar aware

=================================== 
LINEUP background update finished 
23/07/2026 19:34:13.27 
=================================== 
 
=================================== 
LINEUP background update started 
23/07/2026 19:45:03.13 
=================================== 
[23/07/2026 19:45:03.13] Activating virtual environment... 
[23/07/2026 19:45:03.65] Step 0 - Marking LINEUP run as started... 
LINEUP status marked as running.
[23/07/2026 19:45:03.98] Step 1 - Backing up LINEUP config... 

===================================
LINEUP Config Backup Complete
===================================
Backup folder : C:\LINEUP\backups\2026-07-23_194504
Files copied  : 4
Old backups removed: 1

[23/07/2026 19:45:04.30] Step 2 - Running SAP capacity export... 
COOIS capacities export complete:
C:\LINEUP\data\raw\COOIS_Capacities_Latest.txt
[23/07/2026 19:45:29.68] Step 3 - Running SAP production list export... 
COOIS production list export complete:
C:\LINEUP\data\raw\COOIS_ProductionList_Latest.txt
[23/07/2026 19:47:31.37] Step 4 - Running LINEUP processing pipeline... 
LINEUP
Starting capacity parser...


===================================
LINEUP Capacity Parser Complete
===================================
Input : COOIS_Capacities_Latest.txt
Output: capacities_clean.csv
Rows  : 6338


===================================
LINEUP Production Parser Complete
===================================
Input : COOIS_ProductionList_Latest.txt
Output: production_list_clean.csv
Rows  : 2419


===================================
LINEUP Capacity Summary Complete
===================================
Input : capacities_clean.csv
Output: capacities_order_summary.csv
Rows  : 981


===================================
LINEUP Merge Complete
===================================
Production input : production_list_clean.csv
Capacity input   : capacities_order_summary.csv
Output           : master_schedule.csv
Rows             : 981
Missing metadata : 0


===================================
LINEUP Scheduling Complete
===================================
Scheduled orders : 33
Overflow orders  : 0
SAP minutes      : unchanged by default
Staffing         : explicit overrides only
Queue stability  : current + one automatic order
Insights         : assignment reasons and confidence


===================================
LINEUP Dashboard Build Complete
===================================
Input       : scheduled_orders.csv
Output      : C:\LINEUP\output\dashboard.html
Insights    : assignment reasons and confidence
Remaining   : SAP versus adjusted
Utilisation : working-calendar aware


===================================
LINEUP Schedule Report Complete
===================================
Bench utilisation: bench_utilisation.csv
Schedule summary : schedule_summary.csv


===================================
LINEUP Split Recommendations Complete
===================================
Recommendations : 0
Window          : due today or next working day only
SAP minutes     : used unchanged by default
Staffing        : explicit overrides only
Planner work    : live, held, split, forced and board orders excluded
Output          : split_recommendations.csv

[23/07/2026 19:47:31.87] Step 5 - Marking LINEUP run as successful... 
LINEUP status marked as successful.
[23/07/2026 19:47:32.17] Step 6 - Rebuilding dashboard with final status... 

===================================
LINEUP Dashboard Build Complete
===================================
Input       : scheduled_orders.csv
Output      : C:\LINEUP\output\dashboard.html
Insights    : assignment reasons and confidence
Remaining   : SAP versus adjusted
Utilisation : working-calendar aware

=================================== 
LINEUP background update finished 
23/07/2026 19:47:32.49 
=================================== 
 
=================================== 
LINEUP background update started 
23/07/2026 20:00:03.10 
=================================== 
[23/07/2026 20:00:03.10] Activating virtual environment... 
[23/07/2026 20:00:03.60] Step 0 - Marking LINEUP run as started... 
LINEUP status marked as running.
[23/07/2026 20:00:03.92] Step 1 - Backing up LINEUP config... 

===================================
LINEUP Config Backup Complete
===================================
Backup folder : C:\LINEUP\backups\2026-07-23_200004
Files copied  : 4
Old backups removed: 1

[23/07/2026 20:00:04.30] Step 2 - Running SAP capacity export... 
COOIS capacities export complete:
C:\LINEUP\data\raw\COOIS_Capacities_Latest.txt
[23/07/2026 20:00:31.65] Step 3 - Running SAP production list export... 
COOIS production list export complete:
C:\LINEUP\data\raw\COOIS_ProductionList_Latest.txt
[23/07/2026 20:03:49.31] Step 4 - Running LINEUP processing pipeline... 
LINEUP
Starting capacity parser...


===================================
LINEUP Capacity Parser Complete
===================================
Input : COOIS_Capacities_Latest.txt
Output: capacities_clean.csv
Rows  : 6338


===================================
LINEUP Production Parser Complete
===================================
Input : COOIS_ProductionList_Latest.txt
Output: production_list_clean.csv
Rows  : 2419


===================================
LINEUP Capacity Summary Complete
===================================
Input : capacities_clean.csv
Output: capacities_order_summary.csv
Rows  : 981


===================================
LINEUP Merge Complete
===================================
Production input : production_list_clean.csv
Capacity input   : capacities_order_summary.csv
Output           : master_schedule.csv
Rows             : 981
Missing metadata : 0


===================================
LINEUP Scheduling Complete
===================================
Scheduled orders : 33
Overflow orders  : 0
SAP minutes      : unchanged by default
Staffing         : explicit overrides only
Queue stability  : current + one automatic order
Insights         : assignment reasons and confidence


===================================
LINEUP Dashboard Build Complete
===================================
Input       : scheduled_orders.csv
Output      : C:\LINEUP\output\dashboard.html
Insights    : assignment reasons and confidence
Remaining   : SAP versus adjusted
Utilisation : working-calendar aware


===================================
LINEUP Schedule Report Complete
===================================
Bench utilisation: bench_utilisation.csv
Schedule summary : schedule_summary.csv


===================================
LINEUP Split Recommendations Complete
===================================
Recommendations : 0
Window          : due today or next working day only
SAP minutes     : used unchanged by default
Staffing        : explicit overrides only
Planner work    : live, held, split, forced and board orders excluded
Output          : split_recommendations.csv

[23/07/2026 20:03:49.77] Step 5 - Marking LINEUP run as successful... 
LINEUP status marked as successful.
[23/07/2026 20:03:50.08] Step 6 - Rebuilding dashboard with final status... 

===================================
LINEUP Dashboard Build Complete
===================================
Input       : scheduled_orders.csv
Output      : C:\LINEUP\output\dashboard.html
Insights    : assignment reasons and confidence
Remaining   : SAP versus adjusted
Utilisation : working-calendar aware

=================================== 
LINEUP background update finished 
23/07/2026 20:03:50.40 
=================================== 
 
=================================== 
LINEUP background update started 
23/07/2026 20:15:03.11 
=================================== 
[23/07/2026 20:15:03.11] Activating virtual environment... 
[23/07/2026 20:15:03.62] Step 0 - Marking LINEUP run as started... 
LINEUP status marked as running.
[23/07/2026 20:15:03.95] Step 1 - Backing up LINEUP config... 

===================================
LINEUP Config Backup Complete
===================================
Backup folder : C:\LINEUP\backups\2026-07-23_201504
Files copied  : 4
Old backups removed: 1

[23/07/2026 20:15:04.31] Step 2 - Running SAP capacity export... 
COOIS capacities export complete:
C:\LINEUP\data\raw\COOIS_Capacities_Latest.txt
[23/07/2026 20:15:32.42] Step 3 - Running SAP production list export... 
COOIS production list export complete:
C:\LINEUP\data\raw\COOIS_ProductionList_Latest.txt
[23/07/2026 20:18:19.35] Step 4 - Running LINEUP processing pipeline... 
LINEUP
Starting capacity parser...


===================================
LINEUP Capacity Parser Complete
===================================
Input : COOIS_Capacities_Latest.txt
Output: capacities_clean.csv
Rows  : 6338


===================================
LINEUP Production Parser Complete
===================================
Input : COOIS_ProductionList_Latest.txt
Output: production_list_clean.csv
Rows  : 2419


===================================
LINEUP Capacity Summary Complete
===================================
Input : capacities_clean.csv
Output: capacities_order_summary.csv
Rows  : 981


===================================
LINEUP Merge Complete
===================================
Production input : production_list_clean.csv
Capacity input   : capacities_order_summary.csv
Output           : master_schedule.csv
Rows             : 981
Missing metadata : 0


===================================
LINEUP Scheduling Complete
===================================
Scheduled orders : 33
Overflow orders  : 0
SAP minutes      : unchanged by default
Staffing         : explicit overrides only
Queue stability  : current + one automatic order
Insights         : assignment reasons and confidence


===================================
LINEUP Dashboard Build Complete
===================================
Input       : scheduled_orders.csv
Output      : C:\LINEUP\output\dashboard.html
Insights    : assignment reasons and confidence
Remaining   : SAP versus adjusted
Utilisation : working-calendar aware


===================================
LINEUP Schedule Report Complete
===================================
Bench utilisation: bench_utilisation.csv
Schedule summary : schedule_summary.csv


===================================
LINEUP Split Recommendations Complete
===================================
Recommendations : 0
Window          : due today or next working day only
SAP minutes     : used unchanged by default
Staffing        : explicit overrides only
Planner work    : live, held, split, forced and board orders excluded
Output          : split_recommendations.csv

[23/07/2026 20:18:19.82] Step 5 - Marking LINEUP run as successful... 
LINEUP status marked as successful.
[23/07/2026 20:18:20.13] Step 6 - Rebuilding dashboard with final status... 

===================================
LINEUP Dashboard Build Complete
===================================
Input       : scheduled_orders.csv
Output      : C:\LINEUP\output\dashboard.html
Insights    : assignment reasons and confidence
Remaining   : SAP versus adjusted
Utilisation : working-calendar aware

=================================== 
LINEUP background update finished 
23/07/2026 20:18:20.47 
=================================== 
 
=================================== 
LINEUP background update started 
23/07/2026 20:30:03.12 
=================================== 
[23/07/2026 20:30:03.12] Activating virtual environment... 
[23/07/2026 20:30:03.64] Step 0 - Marking LINEUP run as started... 
LINEUP status marked as running.
[23/07/2026 20:30:03.96] Step 1 - Backing up LINEUP config... 

===================================
LINEUP Config Backup Complete
===================================
Backup folder : C:\LINEUP\backups\2026-07-23_203004
Files copied  : 4
Old backups removed: 1

[23/07/2026 20:30:04.29] Step 2 - Running SAP capacity export... 
COOIS capacities export complete:
C:\LINEUP\data\raw\COOIS_Capacities_Latest.txt
[23/07/2026 20:30:33.28] Step 3 - Running SAP production list export... 
COOIS production list export complete:
C:\LINEUP\data\raw\COOIS_ProductionList_Latest.txt
[23/07/2026 20:32:48.60] Step 4 - Running LINEUP processing pipeline... 
LINEUP
Starting capacity parser...


===================================
LINEUP Capacity Parser Complete
===================================
Input : COOIS_Capacities_Latest.txt
Output: capacities_clean.csv
Rows  : 6338


===================================
LINEUP Production Parser Complete
===================================
Input : COOIS_ProductionList_Latest.txt
Output: production_list_clean.csv
Rows  : 2419


===================================
LINEUP Capacity Summary Complete
===================================
Input : capacities_clean.csv
Output: capacities_order_summary.csv
Rows  : 981


===================================
LINEUP Merge Complete
===================================
Production input : production_list_clean.csv
Capacity input   : capacities_order_summary.csv
Output           : master_schedule.csv
Rows             : 981
Missing metadata : 0


===================================
LINEUP Scheduling Complete
===================================
Scheduled orders : 33
Overflow orders  : 0
SAP minutes      : unchanged by default
Staffing         : explicit overrides only
Queue stability  : current + one automatic order
Insights         : assignment reasons and confidence


===================================
LINEUP Dashboard Build Complete
===================================
Input       : scheduled_orders.csv
Output      : C:\LINEUP\output\dashboard.html
Insights    : assignment reasons and confidence
Remaining   : SAP versus adjusted
Utilisation : working-calendar aware


===================================
LINEUP Schedule Report Complete
===================================
Bench utilisation: bench_utilisation.csv
Schedule summary : schedule_summary.csv


===================================
LINEUP Split Recommendations Complete
===================================
Recommendations : 0
Window          : due today or next working day only
SAP minutes     : used unchanged by default
Staffing        : explicit overrides only
Planner work    : live, held, split, forced and board orders excluded
Output          : split_recommendations.csv

[23/07/2026 20:32:49.07] Step 5 - Marking LINEUP run as successful... 
LINEUP status marked as successful.
[23/07/2026 20:32:49.37] Step 6 - Rebuilding dashboard with final status... 

===================================
LINEUP Dashboard Build Complete
===================================
Input       : scheduled_orders.csv
Output      : C:\LINEUP\output\dashboard.html
Insights    : assignment reasons and confidence
Remaining   : SAP versus adjusted
Utilisation : working-calendar aware

=================================== 
LINEUP background update finished 
23/07/2026 20:32:49.69 
=================================== 
 
=================================== 
LINEUP background update started 
23/07/2026 20:45:03.19 
=================================== 
[23/07/2026 20:45:03.21] Activating virtual environment... 
[23/07/2026 20:45:03.73] Step 0 - Marking LINEUP run as started... 
LINEUP status marked as running.
[23/07/2026 20:45:04.03] Step 1 - Backing up LINEUP config... 

===================================
LINEUP Config Backup Complete
===================================
Backup folder : C:\LINEUP\backups\2026-07-23_204504
Files copied  : 4
Old backups removed: 1

[23/07/2026 20:45:04.36] Step 2 - Running SAP capacity export... 
COOIS capacities export complete:
C:\LINEUP\data\raw\COOIS_Capacities_Latest.txt
[23/07/2026 20:45:28.71] Step 3 - Running SAP production list export... 
COOIS production list export complete:
C:\LINEUP\data\raw\COOIS_ProductionList_Latest.txt
[23/07/2026 20:47:45.94] Step 4 - Running LINEUP processing pipeline... 
LINEUP
Starting capacity parser...


===================================
LINEUP Capacity Parser Complete
===================================
Input : COOIS_Capacities_Latest.txt
Output: capacities_clean.csv
Rows  : 6339


===================================
LINEUP Production Parser Complete
===================================
Input : COOIS_ProductionList_Latest.txt
Output: production_list_clean.csv
Rows  : 2420


===================================
LINEUP Capacity Summary Complete
===================================
Input : capacities_clean.csv
Output: capacities_order_summary.csv
Rows  : 981


===================================
LINEUP Merge Complete
===================================
Production input : production_list_clean.csv
Capacity input   : capacities_order_summary.csv
Output           : master_schedule.csv
Rows             : 981
Missing metadata : 0


===================================
LINEUP Scheduling Complete
===================================
Scheduled orders : 33
Overflow orders  : 0
SAP minutes      : unchanged by default
Staffing         : explicit overrides only
Queue stability  : current + one automatic order
Insights         : assignment reasons and confidence


===================================
LINEUP Dashboard Build Complete
===================================
Input       : scheduled_orders.csv
Output      : C:\LINEUP\output\dashboard.html
Insights    : assignment reasons and confidence
Remaining   : SAP versus adjusted
Utilisation : working-calendar aware


===================================
LINEUP Schedule Report Complete
===================================
Bench utilisation: bench_utilisation.csv
Schedule summary : schedule_summary.csv


===================================
LINEUP Split Recommendations Complete
===================================
Recommendations : 0
Window          : due today or next working day only
SAP minutes     : used unchanged by default
Staffing        : explicit overrides only
Planner work    : live, held, split, forced and board orders excluded
Output          : split_recommendations.csv

[23/07/2026 20:47:46.41] Step 5 - Marking LINEUP run as successful... 
LINEUP status marked as successful.
[23/07/2026 20:47:46.71] Step 6 - Rebuilding dashboard with final status... 

===================================
LINEUP Dashboard Build Complete
===================================
Input       : scheduled_orders.csv
Output      : C:\LINEUP\output\dashboard.html
Insights    : assignment reasons and confidence
Remaining   : SAP versus adjusted
Utilisation : working-calendar aware

=================================== 
LINEUP background update finished 
23/07/2026 20:47:47.02 
=================================== 
 
=================================== 
LINEUP background update started 
23/07/2026 21:00:03.26 
=================================== 
[23/07/2026 21:00:03.26] Activating virtual environment... 
[23/07/2026 21:00:03.80] Step 0 - Marking LINEUP run as started... 
LINEUP status marked as running.
[23/07/2026 21:00:04.12] Step 1 - Backing up LINEUP config... 

===================================
LINEUP Config Backup Complete
===================================
Backup folder : C:\LINEUP\backups\2026-07-23_210004
Files copied  : 4
Old backups removed: 1

[23/07/2026 21:00:04.46] Step 2 - Running SAP capacity export... 
COOIS capacities export complete:
C:\LINEUP\data\raw\COOIS_Capacities_Latest.txt
[23/07/2026 21:00:30.28] Step 3 - Running SAP production list export... 
COOIS production list export complete:
C:\LINEUP\data\raw\COOIS_ProductionList_Latest.txt
[23/07/2026 21:03:36.68] Step 4 - Running LINEUP processing pipeline... 
LINEUP
Starting capacity parser...


===================================
LINEUP Capacity Parser Complete
===================================
Input : COOIS_Capacities_Latest.txt
Output: capacities_clean.csv
Rows  : 6341


===================================
LINEUP Production Parser Complete
===================================
Input : COOIS_ProductionList_Latest.txt
Output: production_list_clean.csv
Rows  : 2422


===================================
LINEUP Capacity Summary Complete
===================================
Input : capacities_clean.csv
Output: capacities_order_summary.csv
Rows  : 981


===================================
LINEUP Merge Complete
===================================
Production input : production_list_clean.csv
Capacity input   : capacities_order_summary.csv
Output           : master_schedule.csv
Rows             : 981
Missing metadata : 0


===================================
LINEUP Scheduling Complete
===================================
Scheduled orders : 33
Overflow orders  : 0
SAP minutes      : unchanged by default
Staffing         : explicit overrides only
Queue stability  : current + one automatic order
Insights         : assignment reasons and confidence


===================================
LINEUP Dashboard Build Complete
===================================
Input       : scheduled_orders.csv
Output      : C:\LINEUP\output\dashboard.html
Insights    : assignment reasons and confidence
Remaining   : SAP versus adjusted
Utilisation : working-calendar aware


===================================
LINEUP Schedule Report Complete
===================================
Bench utilisation: bench_utilisation.csv
Schedule summary : schedule_summary.csv


===================================
LINEUP Split Recommendations Complete
===================================
Recommendations : 0
Window          : due today or next working day only
SAP minutes     : used unchanged by default
Staffing        : explicit overrides only
Planner work    : live, held, split, forced and board orders excluded
Output          : split_recommendations.csv

[23/07/2026 21:03:37.18] Step 5 - Marking LINEUP run as successful... 
LINEUP status marked as successful.
[23/07/2026 21:03:37.48] Step 6 - Rebuilding dashboard with final status... 

===================================
LINEUP Dashboard Build Complete
===================================
Input       : scheduled_orders.csv
Output      : C:\LINEUP\output\dashboard.html
Insights    : assignment reasons and confidence
Remaining   : SAP versus adjusted
Utilisation : working-calendar aware

=================================== 
LINEUP background update finished 
23/07/2026 21:03:37.79 
=================================== 
 
=================================== 
LINEUP background update started 
23/07/2026 21:15:03.12 
=================================== 
[23/07/2026 21:15:03.13] Activating virtual environment... 
[23/07/2026 21:15:03.63] Step 0 - Marking LINEUP run as started... 
LINEUP status marked as running.
[23/07/2026 21:15:03.94] Step 1 - Backing up LINEUP config... 

===================================
LINEUP Config Backup Complete
===================================
Backup folder : C:\LINEUP\backups\2026-07-23_211504
Files copied  : 4
Old backups removed: 1

[23/07/2026 21:15:04.30] Step 2 - Running SAP capacity export... 
COOIS capacities export complete:
C:\LINEUP\data\raw\COOIS_Capacities_Latest.txt
[23/07/2026 21:15:28.74] Step 3 - Running SAP production list export... 
COOIS production list export complete:
C:\LINEUP\data\raw\COOIS_ProductionList_Latest.txt
[23/07/2026 21:18:20.00] Step 4 - Running LINEUP processing pipeline... 
LINEUP
Starting capacity parser...


===================================
LINEUP Capacity Parser Complete
===================================
Input : COOIS_Capacities_Latest.txt
Output: capacities_clean.csv
Rows  : 6341


===================================
LINEUP Production Parser Complete
===================================
Input : COOIS_ProductionList_Latest.txt
Output: production_list_clean.csv
Rows  : 2422


===================================
LINEUP Capacity Summary Complete
===================================
Input : capacities_clean.csv
Output: capacities_order_summary.csv
Rows  : 981


===================================
LINEUP Merge Complete
===================================
Production input : production_list_clean.csv
Capacity input   : capacities_order_summary.csv
Output           : master_schedule.csv
Rows             : 981
Missing metadata : 0


===================================
LINEUP Scheduling Complete
===================================
Scheduled orders : 33
Overflow orders  : 0
SAP minutes      : unchanged by default
Staffing         : explicit overrides only
Queue stability  : current + one automatic order
Insights         : assignment reasons and confidence


===================================
LINEUP Dashboard Build Complete
===================================
Input       : scheduled_orders.csv
Output      : C:\LINEUP\output\dashboard.html
Insights    : assignment reasons and confidence
Remaining   : SAP versus adjusted
Utilisation : working-calendar aware


===================================
LINEUP Schedule Report Complete
===================================
Bench utilisation: bench_utilisation.csv
Schedule summary : schedule_summary.csv


===================================
LINEUP Split Recommendations Complete
===================================
Recommendations : 0
Window          : due today or next working day only
SAP minutes     : used unchanged by default
Staffing        : explicit overrides only
Planner work    : live, held, split, forced and board orders excluded
Output          : split_recommendations.csv

[23/07/2026 21:18:20.50] Step 5 - Marking LINEUP run as successful... 
LINEUP status marked as successful.
[23/07/2026 21:18:20.83] Step 6 - Rebuilding dashboard with final status... 

===================================
LINEUP Dashboard Build Complete
===================================
Input       : scheduled_orders.csv
Output      : C:\LINEUP\output\dashboard.html
Insights    : assignment reasons and confidence
Remaining   : SAP versus adjusted
Utilisation : working-calendar aware

=================================== 
LINEUP background update finished 
23/07/2026 21:18:21.18 
=================================== 
 
=================================== 
LINEUP background update started 
23/07/2026 21:30:03.11 
=================================== 
[23/07/2026 21:30:03.11] Activating virtual environment... 
[23/07/2026 21:30:03.62] Step 0 - Marking LINEUP run as started... 
LINEUP status marked as running.
[23/07/2026 21:30:03.95] Step 1 - Backing up LINEUP config... 

===================================
LINEUP Config Backup Complete
===================================
Backup folder : C:\LINEUP\backups\2026-07-23_213004
Files copied  : 4
Old backups removed: 1

[23/07/2026 21:30:04.31] Step 2 - Running SAP capacity export... 
COOIS capacities export complete:
C:\LINEUP\data\raw\COOIS_Capacities_Latest.txt
[23/07/2026 21:30:29.57] Step 3 - Running SAP production list export... 
COOIS production list export complete:
C:\LINEUP\data\raw\COOIS_ProductionList_Latest.txt
[23/07/2026 21:33:18.29] Step 4 - Running LINEUP processing pipeline... 
LINEUP
Starting capacity parser...


===================================
LINEUP Capacity Parser Complete
===================================
Input : COOIS_Capacities_Latest.txt
Output: capacities_clean.csv
Rows  : 6341


===================================
LINEUP Production Parser Complete
===================================
Input : COOIS_ProductionList_Latest.txt
Output: production_list_clean.csv
Rows  : 2422


===================================
LINEUP Capacity Summary Complete
===================================
Input : capacities_clean.csv
Output: capacities_order_summary.csv
Rows  : 981


===================================
LINEUP Merge Complete
===================================
Production input : production_list_clean.csv
Capacity input   : capacities_order_summary.csv
Output           : master_schedule.csv
Rows             : 981
Missing metadata : 0


===================================
LINEUP Scheduling Complete
===================================
Scheduled orders : 33
Overflow orders  : 0
SAP minutes      : unchanged by default
Staffing         : explicit overrides only
Queue stability  : current + one automatic order
Insights         : assignment reasons and confidence


===================================
LINEUP Dashboard Build Complete
===================================
Input       : scheduled_orders.csv
Output      : C:\LINEUP\output\dashboard.html
Insights    : assignment reasons and confidence
Remaining   : SAP versus adjusted
Utilisation : working-calendar aware


===================================
LINEUP Schedule Report Complete
===================================
Bench utilisation: bench_utilisation.csv
Schedule summary : schedule_summary.csv


===================================
LINEUP Split Recommendations Complete
===================================
Recommendations : 0
Window          : due today or next working day only
SAP minutes     : used unchanged by default
Staffing        : explicit overrides only
Planner work    : live, held, split, forced and board orders excluded
Output          : split_recommendations.csv

[23/07/2026 21:33:18.77] Step 5 - Marking LINEUP run as successful... 
LINEUP status marked as successful.
[23/07/2026 21:33:19.08] Step 6 - Rebuilding dashboard with final status... 

===================================
LINEUP Dashboard Build Complete
===================================
Input       : scheduled_orders.csv
Output      : C:\LINEUP\output\dashboard.html
Insights    : assignment reasons and confidence
Remaining   : SAP versus adjusted
Utilisation : working-calendar aware

=================================== 
LINEUP background update finished 
23/07/2026 21:33:19.42 
=================================== 
 
=================================== 
LINEUP background update started 
23/07/2026 21:45:03.15 
=================================== 
[23/07/2026 21:45:03.15] Activating virtual environment... 
[23/07/2026 21:45:03.65] Step 0 - Marking LINEUP run as started... 
LINEUP status marked as running.
[23/07/2026 21:45:03.97] Step 1 - Backing up LINEUP config... 

===================================
LINEUP Config Backup Complete
===================================
Backup folder : C:\LINEUP\backups\2026-07-23_214504
Files copied  : 4
Old backups removed: 1

[23/07/2026 21:45:04.29] Step 2 - Running SAP capacity export... 
COOIS capacities export complete:
C:\LINEUP\data\raw\COOIS_Capacities_Latest.txt
[23/07/2026 21:45:28.09] Step 3 - Running SAP production list export... 
COOIS production list export complete:
C:\LINEUP\data\raw\COOIS_ProductionList_Latest.txt
[23/07/2026 21:47:24.33] Step 4 - Running LINEUP processing pipeline... 
LINEUP
Starting capacity parser...


===================================
LINEUP Capacity Parser Complete
===================================
Input : COOIS_Capacities_Latest.txt
Output: capacities_clean.csv
Rows  : 6341


===================================
LINEUP Production Parser Complete
===================================
Input : COOIS_ProductionList_Latest.txt
Output: production_list_clean.csv
Rows  : 2422


===================================
LINEUP Capacity Summary Complete
===================================
Input : capacities_clean.csv
Output: capacities_order_summary.csv
Rows  : 981


===================================
LINEUP Merge Complete
===================================
Production input : production_list_clean.csv
Capacity input   : capacities_order_summary.csv
Output           : master_schedule.csv
Rows             : 981
Missing metadata : 0


===================================
LINEUP Scheduling Complete
===================================
Scheduled orders : 33
Overflow orders  : 0
SAP minutes      : unchanged by default
Staffing         : explicit overrides only
Queue stability  : current + one automatic order
Insights         : assignment reasons and confidence


===================================
LINEUP Dashboard Build Complete
===================================
Input       : scheduled_orders.csv
Output      : C:\LINEUP\output\dashboard.html
Insights    : assignment reasons and confidence
Remaining   : SAP versus adjusted
Utilisation : working-calendar aware


===================================
LINEUP Schedule Report Complete
===================================
Bench utilisation: bench_utilisation.csv
Schedule summary : schedule_summary.csv


===================================
LINEUP Split Recommendations Complete
===================================
Recommendations : 0
Window          : due today or next working day only
SAP minutes     : used unchanged by default
Staffing        : explicit overrides only
Planner work    : live, held, split, forced and board orders excluded
Output          : split_recommendations.csv

[23/07/2026 21:47:24.81] Step 5 - Marking LINEUP run as successful... 
LINEUP status marked as successful.
[23/07/2026 21:47:25.13] Step 6 - Rebuilding dashboard with final status... 

===================================
LINEUP Dashboard Build Complete
===================================
Input       : scheduled_orders.csv
Output      : C:\LINEUP\output\dashboard.html
Insights    : assignment reasons and confidence
Remaining   : SAP versus adjusted
Utilisation : working-calendar aware

=================================== 
LINEUP background update finished 
23/07/2026 21:47:25.46 
=================================== 
 
=================================== 
LINEUP background update started 
23/07/2026 22:00:03.12 
=================================== 
[23/07/2026 22:00:03.12] Activating virtual environment... 
[23/07/2026 22:00:03.65] Step 0 - Marking LINEUP run as started... 
LINEUP status marked as running.
[23/07/2026 22:00:03.96] Step 1 - Backing up LINEUP config... 

===================================
LINEUP Config Backup Complete
===================================
Backup folder : C:\LINEUP\backups\2026-07-23_220004
Files copied  : 4
Old backups removed: 1

[23/07/2026 22:00:04.29] Step 2 - Running SAP capacity export... 
COOIS capacities export complete:
C:\LINEUP\data\raw\COOIS_Capacities_Latest.txt
[23/07/2026 22:00:34.13] Step 3 - Running SAP production list export... 
COOIS production list export complete:
C:\LINEUP\data\raw\COOIS_ProductionList_Latest.txt
[23/07/2026 22:03:17.69] Step 4 - Running LINEUP processing pipeline... 
LINEUP
Starting capacity parser...


===================================
LINEUP Capacity Parser Complete
===================================
Input : COOIS_Capacities_Latest.txt
Output: capacities_clean.csv
Rows  : 6341


===================================
LINEUP Production Parser Complete
===================================
Input : COOIS_ProductionList_Latest.txt
Output: production_list_clean.csv
Rows  : 2422


===================================
LINEUP Capacity Summary Complete
===================================
Input : capacities_clean.csv
Output: capacities_order_summary.csv
Rows  : 981


===================================
LINEUP Merge Complete
===================================
Production input : production_list_clean.csv
Capacity input   : capacities_order_summary.csv
Output           : master_schedule.csv
Rows             : 981
Missing metadata : 0


===================================
LINEUP Scheduling Complete
===================================
Scheduled orders : 33
Overflow orders  : 0
SAP minutes      : unchanged by default
Staffing         : explicit overrides only
Queue stability  : current + one automatic order
Insights         : assignment reasons and confidence


===================================
LINEUP Dashboard Build Complete
===================================
Input       : scheduled_orders.csv
Output      : C:\LINEUP\output\dashboard.html
Insights    : assignment reasons and confidence
Remaining   : SAP versus adjusted
Utilisation : working-calendar aware


===================================
LINEUP Schedule Report Complete
===================================
Bench utilisation: bench_utilisation.csv
Schedule summary : schedule_summary.csv


===================================
LINEUP Split Recommendations Complete
===================================
Recommendations : 0
Window          : due today or next working day only
SAP minutes     : used unchanged by default
Staffing        : explicit overrides only
Planner work    : live, held, split, forced and board orders excluded
Output          : split_recommendations.csv

[23/07/2026 22:03:18.19] Step 5 - Marking LINEUP run as successful... 
LINEUP status marked as successful.
[23/07/2026 22:03:18.51] Step 6 - Rebuilding dashboard with final status... 

===================================
LINEUP Dashboard Build Complete
===================================
Input       : scheduled_orders.csv
Output      : C:\LINEUP\output\dashboard.html
Insights    : assignment reasons and confidence
Remaining   : SAP versus adjusted
Utilisation : working-calendar aware

=================================== 
LINEUP background update finished 
23/07/2026 22:03:18.88 
=================================== 
 
=================================== 
LINEUP background update started 
23/07/2026 22:15:03.12 
=================================== 
[23/07/2026 22:15:03.12] Activating virtual environment... 
[23/07/2026 22:15:03.62] Step 0 - Marking LINEUP run as started... 
LINEUP status marked as running.
[23/07/2026 22:15:03.95] Step 1 - Backing up LINEUP config... 

===================================
LINEUP Config Backup Complete
===================================
Backup folder : C:\LINEUP\backups\2026-07-23_221504
Files copied  : 4
Old backups removed: 1

[23/07/2026 22:15:04.30] Step 2 - Running SAP capacity export... 
COOIS capacities export complete:
C:\LINEUP\data\raw\COOIS_Capacities_Latest.txt
[23/07/2026 22:15:35.96] Step 3 - Running SAP production list export... 
COOIS production list export complete:
C:\LINEUP\data\raw\COOIS_ProductionList_Latest.txt
[23/07/2026 22:17:47.06] Step 4 - Running LINEUP processing pipeline... 
LINEUP
Starting capacity parser...


===================================
LINEUP Capacity Parser Complete
===================================
Input : COOIS_Capacities_Latest.txt
Output: capacities_clean.csv
Rows  : 6341


===================================
LINEUP Production Parser Complete
===================================
Input : COOIS_ProductionList_Latest.txt
Output: production_list_clean.csv
Rows  : 2422


===================================
LINEUP Capacity Summary Complete
===================================
Input : capacities_clean.csv
Output: capacities_order_summary.csv
Rows  : 981


===================================
LINEUP Merge Complete
===================================
Production input : production_list_clean.csv
Capacity input   : capacities_order_summary.csv
Output           : master_schedule.csv
Rows             : 981
Missing metadata : 0


===================================
LINEUP Scheduling Complete
===================================
Scheduled orders : 33
Overflow orders  : 0
SAP minutes      : unchanged by default
Staffing         : explicit overrides only
Queue stability  : current + one automatic order
Insights         : assignment reasons and confidence


===================================
LINEUP Dashboard Build Complete
===================================
Input       : scheduled_orders.csv
Output      : C:\LINEUP\output\dashboard.html
Insights    : assignment reasons and confidence
Remaining   : SAP versus adjusted
Utilisation : working-calendar aware


===================================
LINEUP Schedule Report Complete
===================================
Bench utilisation: bench_utilisation.csv
Schedule summary : schedule_summary.csv


===================================
LINEUP Split Recommendations Complete
===================================
Recommendations : 0
Window          : due today or next working day only
SAP minutes     : used unchanged by default
Staffing        : explicit overrides only
Planner work    : live, held, split, forced and board orders excluded
Output          : split_recommendations.csv

[23/07/2026 22:17:47.55] Step 5 - Marking LINEUP run as successful... 
LINEUP status marked as successful.
[23/07/2026 22:17:47.89] Step 6 - Rebuilding dashboard with final status... 

===================================
LINEUP Dashboard Build Complete
===================================
Input       : scheduled_orders.csv
Output      : C:\LINEUP\output\dashboard.html
Insights    : assignment reasons and confidence
Remaining   : SAP versus adjusted
Utilisation : working-calendar aware

=================================== 
LINEUP background update finished 
23/07/2026 22:17:48.24 
=================================== 
 
=================================== 
LINEUP background update started 
23/07/2026 22:30:04.06 
=================================== 
[23/07/2026 22:30:04.06] Activating virtual environment... 
[23/07/2026 22:30:04.57] Step 0 - Marking LINEUP run as started... 
LINEUP status marked as running.
[23/07/2026 22:30:04.88] Step 1 - Backing up LINEUP config... 

===================================
LINEUP Config Backup Complete
===================================
Backup folder : C:\LINEUP\backups\2026-07-23_223005
Files copied  : 4
Old backups removed: 1

[23/07/2026 22:30:05.20] Step 2 - Running SAP capacity export... 
COOIS capacities export complete:
C:\LINEUP\data\raw\COOIS_Capacities_Latest.txt
[23/07/2026 22:30:33.90] Step 3 - Running SAP production list export... 
COOIS production list export complete:
C:\LINEUP\data\raw\COOIS_ProductionList_Latest.txt
[23/07/2026 22:33:01.12] Step 4 - Running LINEUP processing pipeline... 
LINEUP
Starting capacity parser...


===================================
LINEUP Capacity Parser Complete
===================================
Input : COOIS_Capacities_Latest.txt
Output: capacities_clean.csv
Rows  : 6341


===================================
LINEUP Production Parser Complete
===================================
Input : COOIS_ProductionList_Latest.txt
Output: production_list_clean.csv
Rows  : 2422


===================================
LINEUP Capacity Summary Complete
===================================
Input : capacities_clean.csv
Output: capacities_order_summary.csv
Rows  : 981


===================================
LINEUP Merge Complete
===================================
Production input : production_list_clean.csv
Capacity input   : capacities_order_summary.csv
Output           : master_schedule.csv
Rows             : 981
Missing metadata : 0


===================================
LINEUP Scheduling Complete
===================================
Scheduled orders : 33
Overflow orders  : 0
SAP minutes      : unchanged by default
Staffing         : explicit overrides only
Queue stability  : current + one automatic order
Insights         : assignment reasons and confidence


===================================
LINEUP Dashboard Build Complete
===================================
Input       : scheduled_orders.csv
Output      : C:\LINEUP\output\dashboard.html
Insights    : assignment reasons and confidence
Remaining   : SAP versus adjusted
Utilisation : working-calendar aware


===================================
LINEUP Schedule Report Complete
===================================
Bench utilisation: bench_utilisation.csv
Schedule summary : schedule_summary.csv


===================================
LINEUP Split Recommendations Complete
===================================
Recommendations : 0
Window          : due today or next working day only
SAP minutes     : used unchanged by default
Staffing        : explicit overrides only
Planner work    : live, held, split, forced and board orders excluded
Output          : split_recommendations.csv

[23/07/2026 22:33:01.59] Step 5 - Marking LINEUP run as successful... 
LINEUP status marked as successful.
[23/07/2026 22:33:01.91] Step 6 - Rebuilding dashboard with final status... 

===================================
LINEUP Dashboard Build Complete
===================================
Input       : scheduled_orders.csv
Output      : C:\LINEUP\output\dashboard.html
Insights    : assignment reasons and confidence
Remaining   : SAP versus adjusted
Utilisation : working-calendar aware

=================================== 
LINEUP background update finished 
23/07/2026 22:33:02.25 
=================================== 
 
=================================== 
LINEUP background update started 
23/07/2026 22:45:03.21 
=================================== 
[23/07/2026 22:45:03.21] Activating virtual environment... 
[23/07/2026 22:45:03.72] Step 0 - Marking LINEUP run as started... 
LINEUP status marked as running.
[23/07/2026 22:45:04.04] Step 1 - Backing up LINEUP config... 

===================================
LINEUP Config Backup Complete
===================================
Backup folder : C:\LINEUP\backups\2026-07-23_224504
Files copied  : 4
Old backups removed: 1

[23/07/2026 22:45:04.39] Step 2 - Running SAP capacity export... 
COOIS capacities export complete:
C:\LINEUP\data\raw\COOIS_Capacities_Latest.txt
[23/07/2026 22:45:32.94] Step 3 - Running SAP production list export... 
COOIS production list export complete:
C:\LINEUP\data\raw\COOIS_ProductionList_Latest.txt
[23/07/2026 22:47:57.37] Step 4 - Running LINEUP processing pipeline... 
LINEUP
Starting capacity parser...


===================================
LINEUP Capacity Parser Complete
===================================
Input : COOIS_Capacities_Latest.txt
Output: capacities_clean.csv
Rows  : 6341


===================================
LINEUP Production Parser Complete
===================================
Input : COOIS_ProductionList_Latest.txt
Output: production_list_clean.csv
Rows  : 2422


===================================
LINEUP Capacity Summary Complete
===================================
Input : capacities_clean.csv
Output: capacities_order_summary.csv
Rows  : 981


===================================
LINEUP Merge Complete
===================================
Production input : production_list_clean.csv
Capacity input   : capacities_order_summary.csv
Output           : master_schedule.csv
Rows             : 981
Missing metadata : 0


===================================
LINEUP Scheduling Complete
===================================
Scheduled orders : 33
Overflow orders  : 0
SAP minutes      : unchanged by default
Staffing         : explicit overrides only
Queue stability  : current + one automatic order
Insights         : assignment reasons and confidence


===================================
LINEUP Dashboard Build Complete
===================================
Input       : scheduled_orders.csv
Output      : C:\LINEUP\output\dashboard.html
Insights    : assignment reasons and confidence
Remaining   : SAP versus adjusted
Utilisation : working-calendar aware


===================================
LINEUP Schedule Report Complete
===================================
Bench utilisation: bench_utilisation.csv
Schedule summary : schedule_summary.csv


===================================
LINEUP Split Recommendations Complete
===================================
Recommendations : 0
Window          : due today or next working day only
SAP minutes     : used unchanged by default
Staffing        : explicit overrides only
Planner work    : live, held, split, forced and board orders excluded
Output          : split_recommendations.csv

[23/07/2026 22:47:57.89] Step 5 - Marking LINEUP run as successful... 
LINEUP status marked as successful.
[23/07/2026 22:47:58.23] Step 6 - Rebuilding dashboard with final status... 

===================================
LINEUP Dashboard Build Complete
===================================
Input       : scheduled_orders.csv
Output      : C:\LINEUP\output\dashboard.html
Insights    : assignment reasons and confidence
Remaining   : SAP versus adjusted
Utilisation : working-calendar aware

=================================== 
LINEUP background update finished 
23/07/2026 22:47:58.57 
=================================== 
 
=================================== 
LINEUP background update started 
23/07/2026 23:00:03.21 
=================================== 
[23/07/2026 23:00:03.21] Activating virtual environment... 
[23/07/2026 23:00:03.75] Step 0 - Marking LINEUP run as started... 
LINEUP status marked as running.
[23/07/2026 23:00:04.07] Step 1 - Backing up LINEUP config... 

===================================
LINEUP Config Backup Complete
===================================
Backup folder : C:\LINEUP\backups\2026-07-23_230004
Files copied  : 4
Old backups removed: 1

[23/07/2026 23:00:04.42] Step 2 - Running SAP capacity export... 
COOIS capacities export complete:
C:\LINEUP\data\raw\COOIS_Capacities_Latest.txt
[23/07/2026 23:00:32.66] Step 3 - Running SAP production list export... 
COOIS production list export complete:
C:\LINEUP\data\raw\COOIS_ProductionList_Latest.txt
[23/07/2026 23:03:21.33] Step 4 - Running LINEUP processing pipeline... 
LINEUP
Starting capacity parser...


===================================
LINEUP Capacity Parser Complete
===================================
Input : COOIS_Capacities_Latest.txt
Output: capacities_clean.csv
Rows  : 6341


===================================
LINEUP Production Parser Complete
===================================
Input : COOIS_ProductionList_Latest.txt
Output: production_list_clean.csv
Rows  : 2422


===================================
LINEUP Capacity Summary Complete
===================================
Input : capacities_clean.csv
Output: capacities_order_summary.csv
Rows  : 981


===================================
LINEUP Merge Complete
===================================
Production input : production_list_clean.csv
Capacity input   : capacities_order_summary.csv
Output           : master_schedule.csv
Rows             : 981
Missing metadata : 0


===================================
LINEUP Scheduling Complete
===================================
Scheduled orders : 33
Overflow orders  : 0
SAP minutes      : unchanged by default
Staffing         : explicit overrides only
Queue stability  : current + one automatic order
Insights         : assignment reasons and confidence


===================================
LINEUP Dashboard Build Complete
===================================
Input       : scheduled_orders.csv
Output      : C:\LINEUP\output\dashboard.html
Insights    : assignment reasons and confidence
Remaining   : SAP versus adjusted
Utilisation : working-calendar aware


===================================
LINEUP Schedule Report Complete
===================================
Bench utilisation: bench_utilisation.csv
Schedule summary : schedule_summary.csv


===================================
LINEUP Split Recommendations Complete
===================================
Recommendations : 0
Window          : due today or next working day only
SAP minutes     : used unchanged by default
Staffing        : explicit overrides only
Planner work    : live, held, split, forced and board orders excluded
Output          : split_recommendations.csv

[23/07/2026 23:03:21.80] Step 5 - Marking LINEUP run as successful... 
LINEUP status marked as successful.
[23/07/2026 23:03:22.11] Step 6 - Rebuilding dashboard with final status... 

===================================
LINEUP Dashboard Build Complete
===================================
Input       : scheduled_orders.csv
Output      : C:\LINEUP\output\dashboard.html
Insights    : assignment reasons and confidence
Remaining   : SAP versus adjusted
Utilisation : working-calendar aware

=================================== 
LINEUP background update finished 
23/07/2026 23:03:22.44 
=================================== 
 
=================================== 
LINEUP background update started 
23/07/2026 23:15:03.19 
=================================== 
[23/07/2026 23:15:03.19] Activating virtual environment... 
[23/07/2026 23:15:03.70] Step 0 - Marking LINEUP run as started... 
LINEUP status marked as running.
[23/07/2026 23:15:04.04] Step 1 - Backing up LINEUP config... 

===================================
LINEUP Config Backup Complete
===================================
Backup folder : C:\LINEUP\backups\2026-07-23_231504
Files copied  : 4
Old backups removed: 1

[23/07/2026 23:15:04.41] Step 2 - Running SAP capacity export... 
COOIS capacities export complete:
C:\LINEUP\data\raw\COOIS_Capacities_Latest.txt
[23/07/2026 23:15:30.88] Step 3 - Running SAP production list export... 
COOIS production list export complete:
C:\LINEUP\data\raw\COOIS_ProductionList_Latest.txt
[23/07/2026 23:18:25.63] Step 4 - Running LINEUP processing pipeline... 
LINEUP
Starting capacity parser...


===================================
LINEUP Capacity Parser Complete
===================================
Input : COOIS_Capacities_Latest.txt
Output: capacities_clean.csv
Rows  : 6341


===================================
LINEUP Production Parser Complete
===================================
Input : COOIS_ProductionList_Latest.txt
Output: production_list_clean.csv
Rows  : 2422


===================================
LINEUP Capacity Summary Complete
===================================
Input : capacities_clean.csv
Output: capacities_order_summary.csv
Rows  : 981


===================================
LINEUP Merge Complete
===================================
Production input : production_list_clean.csv
Capacity input   : capacities_order_summary.csv
Output           : master_schedule.csv
Rows             : 981
Missing metadata : 0


===================================
LINEUP Scheduling Complete
===================================
Scheduled orders : 33
Overflow orders  : 0
SAP minutes      : unchanged by default
Staffing         : explicit overrides only
Queue stability  : current + one automatic order
Insights         : assignment reasons and confidence


===================================
LINEUP Dashboard Build Complete
===================================
Input       : scheduled_orders.csv
Output      : C:\LINEUP\output\dashboard.html
Insights    : assignment reasons and confidence
Remaining   : SAP versus adjusted
Utilisation : working-calendar aware


===================================
LINEUP Schedule Report Complete
===================================
Bench utilisation: bench_utilisation.csv
Schedule summary : schedule_summary.csv


===================================
LINEUP Split Recommendations Complete
===================================
Recommendations : 0
Window          : due today or next working day only
SAP minutes     : used unchanged by default
Staffing        : explicit overrides only
Planner work    : live, held, split, forced and board orders excluded
Output          : split_recommendations.csv

[23/07/2026 23:18:26.14] Step 5 - Marking LINEUP run as successful... 
LINEUP status marked as successful.
[23/07/2026 23:18:26.44] Step 6 - Rebuilding dashboard with final status... 

===================================
LINEUP Dashboard Build Complete
===================================
Input       : scheduled_orders.csv
Output      : C:\LINEUP\output\dashboard.html
Insights    : assignment reasons and confidence
Remaining   : SAP versus adjusted
Utilisation : working-calendar aware

=================================== 
LINEUP background update finished 
23/07/2026 23:18:26.78 
=================================== 
 
=================================== 
LINEUP background update started 
23/07/2026 23:30:03.10 
=================================== 
[23/07/2026 23:30:03.11] Activating virtual environment... 
[23/07/2026 23:30:03.61] Step 0 - Marking LINEUP run as started... 
LINEUP status marked as running.
[23/07/2026 23:30:03.91] Step 1 - Backing up LINEUP config... 

===================================
LINEUP Config Backup Complete
===================================
Backup folder : C:\LINEUP\backups\2026-07-23_233004
Files copied  : 4
Old backups removed: 1

[23/07/2026 23:30:04.25] Step 2 - Running SAP capacity export... 
COOIS capacities export complete:
C:\LINEUP\data\raw\COOIS_Capacities_Latest.txt
[23/07/2026 23:30:34.42] Step 3 - Running SAP production list export... 
COOIS production list export complete:
C:\LINEUP\data\raw\COOIS_ProductionList_Latest.txt
[23/07/2026 23:33:02.20] Step 4 - Running LINEUP processing pipeline... 
LINEUP
Starting capacity parser...


===================================
LINEUP Capacity Parser Complete
===================================
Input : COOIS_Capacities_Latest.txt
Output: capacities_clean.csv
Rows  : 6341


===================================
LINEUP Production Parser Complete
===================================
Input : COOIS_ProductionList_Latest.txt
Output: production_list_clean.csv
Rows  : 2422


===================================
LINEUP Capacity Summary Complete
===================================
Input : capacities_clean.csv
Output: capacities_order_summary.csv
Rows  : 981


===================================
LINEUP Merge Complete
===================================
Production input : production_list_clean.csv
Capacity input   : capacities_order_summary.csv
Output           : master_schedule.csv
Rows             : 981
Missing metadata : 0


===================================
LINEUP Scheduling Complete
===================================
Scheduled orders : 33
Overflow orders  : 0
SAP minutes      : unchanged by default
Staffing         : explicit overrides only
Queue stability  : current + one automatic order
Insights         : assignment reasons and confidence


===================================
LINEUP Dashboard Build Complete
===================================
Input       : scheduled_orders.csv
Output      : C:\LINEUP\output\dashboard.html
Insights    : assignment reasons and confidence
Remaining   : SAP versus adjusted
Utilisation : working-calendar aware


===================================
LINEUP Schedule Report Complete
===================================
Bench utilisation: bench_utilisation.csv
Schedule summary : schedule_summary.csv


===================================
LINEUP Split Recommendations Complete
===================================
Recommendations : 0
Window          : due today or next working day only
SAP minutes     : used unchanged by default
Staffing        : explicit overrides only
Planner work    : live, held, split, forced and board orders excluded
Output          : split_recommendations.csv

[23/07/2026 23:33:02.69] Step 5 - Marking LINEUP run as successful... 
LINEUP status marked as successful.
[23/07/2026 23:33:03.01] Step 6 - Rebuilding dashboard with final status... 

===================================
LINEUP Dashboard Build Complete
===================================
Input       : scheduled_orders.csv
Output      : C:\LINEUP\output\dashboard.html
Insights    : assignment reasons and confidence
Remaining   : SAP versus adjusted
Utilisation : working-calendar aware

=================================== 
LINEUP background update finished 
23/07/2026 23:33:03.34 
=================================== 
 
=================================== 
LINEUP background update started 
23/07/2026 23:45:03.12 
=================================== 
[23/07/2026 23:45:03.12] Activating virtual environment... 
[23/07/2026 23:45:03.62] Step 0 - Marking LINEUP run as started... 
LINEUP status marked as running.
[23/07/2026 23:45:03.94] Step 1 - Backing up LINEUP config... 

===================================
LINEUP Config Backup Complete
===================================
Backup folder : C:\LINEUP\backups\2026-07-23_234504
Files copied  : 4
Old backups removed: 1

[23/07/2026 23:45:04.29] Step 2 - Running SAP capacity export... 
COOIS capacities export complete:
C:\LINEUP\data\raw\COOIS_Capacities_Latest.txt
[23/07/2026 23:45:31.53] Step 3 - Running SAP production list export... 
COOIS production list export complete:
C:\LINEUP\data\raw\COOIS_ProductionList_Latest.txt
[23/07/2026 23:47:29.63] Step 4 - Running LINEUP processing pipeline... 
LINEUP
Starting capacity parser...


===================================
LINEUP Capacity Parser Complete
===================================
Input : COOIS_Capacities_Latest.txt
Output: capacities_clean.csv
Rows  : 6341


===================================
LINEUP Production Parser Complete
===================================
Input : COOIS_ProductionList_Latest.txt
Output: production_list_clean.csv
Rows  : 2422


===================================
LINEUP Capacity Summary Complete
===================================
Input : capacities_clean.csv
Output: capacities_order_summary.csv
Rows  : 981


===================================
LINEUP Merge Complete
===================================
Production input : production_list_clean.csv
Capacity input   : capacities_order_summary.csv
Output           : master_schedule.csv
Rows             : 981
Missing metadata : 0


===================================
LINEUP Scheduling Complete
===================================
Scheduled orders : 33
Overflow orders  : 0
SAP minutes      : unchanged by default
Staffing         : explicit overrides only
Queue stability  : current + one automatic order
Insights         : assignment reasons and confidence


===================================
LINEUP Dashboard Build Complete
===================================
Input       : scheduled_orders.csv
Output      : C:\LINEUP\output\dashboard.html
Insights    : assignment reasons and confidence
Remaining   : SAP versus adjusted
Utilisation : working-calendar aware


===================================
LINEUP Schedule Report Complete
===================================
Bench utilisation: bench_utilisation.csv
Schedule summary : schedule_summary.csv


===================================
LINEUP Split Recommendations Complete
===================================
Recommendations : 0
Window          : due today or next working day only
SAP minutes     : used unchanged by default
Staffing        : explicit overrides only
Planner work    : live, held, split, forced and board orders excluded
Output          : split_recommendations.csv

[23/07/2026 23:47:30.12] Step 5 - Marking LINEUP run as successful... 
LINEUP status marked as successful.
[23/07/2026 23:47:30.42] Step 6 - Rebuilding dashboard with final status... 

===================================
LINEUP Dashboard Build Complete
===================================
Input       : scheduled_orders.csv
Output      : C:\LINEUP\output\dashboard.html
Insights    : assignment reasons and confidence
Remaining   : SAP versus adjusted
Utilisation : working-calendar aware

=================================== 
LINEUP background update finished 
23/07/2026 23:47:30.74 
=================================== 
