 
=================================== 
LINEUP background update started 
26/07/2026  0:00:02.69 
=================================== 
[26/07/2026  0:00:02.69] Activating virtual environment... 
[26/07/2026  0:00:03.38] Step 0 - Marking LINEUP run as started... 
LINEUP status marked as running.
[26/07/2026  0:00:03.79] Step 1 - Backing up LINEUP config... 

===================================
LINEUP Config Backup Complete
===================================
Backup folder : C:\LINEUP\backups\2026-07-26_000004
Files copied  : 4
Old backups removed: 1

[26/07/2026  0:00:04.19] Step 2 - Running SAP capacity export... 
COOIS capacities export complete:
C:\LINEUP\data\raw\COOIS_Capacities_Latest.txt
[26/07/2026  0:00:27.61] Step 3 - Running SAP production list export... 
COOIS production list export complete:
C:\LINEUP\data\raw\COOIS_ProductionList_Latest.txt
[26/07/2026  0:02:43.76] Step 4 - Running LINEUP processing pipeline... 
LINEUP
Starting capacity parser...


===================================
LINEUP Capacity Parser Complete
===================================
Input : COOIS_Capacities_Latest.txt
Output: capacities_clean.csv
Rows  : 6226


===================================
LINEUP Production Parser Complete
===================================
Input : COOIS_ProductionList_Latest.txt
Output: production_list_clean.csv
Rows  : 2371


===================================
LINEUP Capacity Summary Complete
===================================
Input : capacities_clean.csv
Output: capacities_order_summary.csv
Rows  : 970


===================================
LINEUP Merge Complete
===================================
Production input : production_list_clean.csv
Capacity input   : capacities_order_summary.csv
Output           : master_schedule.csv
Rows             : 970
Missing metadata : 0


===================================
LINEUP Scheduling Complete
===================================
Scheduled orders : 39
Overflow orders  : 0
SAP minutes      : unchanged by default
Staffing         : explicit overrides only
Queue stability  : current + one automatic order
Insights         : assignment reasons and confidence


===================================
LINEUP Dashboard Build Complete
===================================
Input       : scheduled_orders.csv
Output      : C:\LINEUP\output\dashboard.html
Insights    : assignment reasons and confidence
Remaining   : SAP versus adjusted
Utilisation : working-calendar aware


===================================
LINEUP Schedule Report Complete
===================================
Bench utilisation: bench_utilisation.csv
Schedule summary : schedule_summary.csv


===================================
LINEUP Split Recommendations Complete
===================================
Recommendations : 0
Window          : due today or next working day only
SAP minutes     : used unchanged by default
Staffing        : explicit overrides only
Planner work    : live, held, split, forced and board orders excluded
Output          : split_recommendations.csv

[26/07/2026  0:02:44.24] Step 5 - Marking LINEUP run as successful... 
LINEUP status marked as successful.
[26/07/2026  0:02:44.54] Step 6 - Rebuilding dashboard with final status... 

===================================
LINEUP Dashboard Build Complete
===================================
Input       : scheduled_orders.csv
Output      : C:\LINEUP\output\dashboard.html
Insights    : assignment reasons and confidence
Remaining   : SAP versus adjusted
Utilisation : working-calendar aware

=================================== 
LINEUP background update finished 
26/07/2026  0:02:44.86 
=================================== 
 
=================================== 
LINEUP background update started 
26/07/2026  0:15:03.12 
=================================== 
[26/07/2026  0:15:03.12] Activating virtual environment... 
[26/07/2026  0:15:03.66] Step 0 - Marking LINEUP run as started... 
LINEUP status marked as running.
[26/07/2026  0:15:03.96] Step 1 - Backing up LINEUP config... 

===================================
LINEUP Config Backup Complete
===================================
Backup folder : C:\LINEUP\backups\2026-07-26_001504
Files copied  : 4
Old backups removed: 1

[26/07/2026  0:15:04.30] Step 2 - Running SAP capacity export... 
COOIS capacities export complete:
C:\LINEUP\data\raw\COOIS_Capacities_Latest.txt
[26/07/2026  0:15:27.31] Step 3 - Running SAP production list export... 
COOIS production list export complete:
C:\LINEUP\data\raw\COOIS_ProductionList_Latest.txt
[26/07/2026  0:17:12.22] Step 4 - Running LINEUP processing pipeline... 
LINEUP
Starting capacity parser...


===================================
LINEUP Capacity Parser Complete
===================================
Input : COOIS_Capacities_Latest.txt
Output: capacities_clean.csv
Rows  : 6226


===================================
LINEUP Production Parser Complete
===================================
Input : COOIS_ProductionList_Latest.txt
Output: production_list_clean.csv
Rows  : 2371


===================================
LINEUP Capacity Summary Complete
===================================
Input : capacities_clean.csv
Output: capacities_order_summary.csv
Rows  : 970


===================================
LINEUP Merge Complete
===================================
Production input : production_list_clean.csv
Capacity input   : capacities_order_summary.csv
Output           : master_schedule.csv
Rows             : 970
Missing metadata : 0


===================================
LINEUP Scheduling Complete
===================================
Scheduled orders : 39
Overflow orders  : 0
SAP minutes      : unchanged by default
Staffing         : explicit overrides only
Queue stability  : current + one automatic order
Insights         : assignment reasons and confidence


===================================
LINEUP Dashboard Build Complete
===================================
Input       : scheduled_orders.csv
Output      : C:\LINEUP\output\dashboard.html
Insights    : assignment reasons and confidence
Remaining   : SAP versus adjusted
Utilisation : working-calendar aware


===================================
LINEUP Schedule Report Complete
===================================
Bench utilisation: bench_utilisation.csv
Schedule summary : schedule_summary.csv


===================================
LINEUP Split Recommendations Complete
===================================
Recommendations : 0
Window          : due today or next working day only
SAP minutes     : used unchanged by default
Staffing        : explicit overrides only
Planner work    : live, held, split, forced and board orders excluded
Output          : split_recommendations.csv

[26/07/2026  0:17:12.70] Step 5 - Marking LINEUP run as successful... 
LINEUP status marked as successful.
[26/07/2026  0:17:13.00] Step 6 - Rebuilding dashboard with final status... 

===================================
LINEUP Dashboard Build Complete
===================================
Input       : scheduled_orders.csv
Output      : C:\LINEUP\output\dashboard.html
Insights    : assignment reasons and confidence
Remaining   : SAP versus adjusted
Utilisation : working-calendar aware

=================================== 
LINEUP background update finished 
26/07/2026  0:17:13.33 
=================================== 
 
=================================== 
LINEUP background update started 
26/07/2026  0:30:03.16 
=================================== 
[26/07/2026  0:30:03.17] Activating virtual environment... 
[26/07/2026  0:30:03.68] Step 0 - Marking LINEUP run as started... 
LINEUP status marked as running.
[26/07/2026  0:30:04.02] Step 1 - Backing up LINEUP config... 

===================================
LINEUP Config Backup Complete
===================================
Backup folder : C:\LINEUP\backups\2026-07-26_003004
Files copied  : 4
Old backups removed: 1

[26/07/2026  0:30:04.34] Step 2 - Running SAP capacity export... 
COOIS capacities export complete:
C:\LINEUP\data\raw\COOIS_Capacities_Latest.txt
[26/07/2026  0:30:27.42] Step 3 - Running SAP production list export... 
COOIS production list export complete:
C:\LINEUP\data\raw\COOIS_ProductionList_Latest.txt
[26/07/2026  0:32:06.49] Step 4 - Running LINEUP processing pipeline... 
LINEUP
Starting capacity parser...


===================================
LINEUP Capacity Parser Complete
===================================
Input : COOIS_Capacities_Latest.txt
Output: capacities_clean.csv
Rows  : 6226


===================================
LINEUP Production Parser Complete
===================================
Input : COOIS_ProductionList_Latest.txt
Output: production_list_clean.csv
Rows  : 2371


===================================
LINEUP Capacity Summary Complete
===================================
Input : capacities_clean.csv
Output: capacities_order_summary.csv
Rows  : 970


===================================
LINEUP Merge Complete
===================================
Production input : production_list_clean.csv
Capacity input   : capacities_order_summary.csv
Output           : master_schedule.csv
Rows             : 970
Missing metadata : 0


===================================
LINEUP Scheduling Complete
===================================
Scheduled orders : 39
Overflow orders  : 0
SAP minutes      : unchanged by default
Staffing         : explicit overrides only
Queue stability  : current + one automatic order
Insights         : assignment reasons and confidence


===================================
LINEUP Dashboard Build Complete
===================================
Input       : scheduled_orders.csv
Output      : C:\LINEUP\output\dashboard.html
Insights    : assignment reasons and confidence
Remaining   : SAP versus adjusted
Utilisation : working-calendar aware


===================================
LINEUP Schedule Report Complete
===================================
Bench utilisation: bench_utilisation.csv
Schedule summary : schedule_summary.csv


===================================
LINEUP Split Recommendations Complete
===================================
Recommendations : 0
Window          : due today or next working day only
SAP minutes     : used unchanged by default
Staffing        : explicit overrides only
Planner work    : live, held, split, forced and board orders excluded
Output          : split_recommendations.csv

[26/07/2026  0:32:07.00] Step 5 - Marking LINEUP run as successful... 
LINEUP status marked as successful.
[26/07/2026  0:32:07.30] Step 6 - Rebuilding dashboard with final status... 

===================================
LINEUP Dashboard Build Complete
===================================
Input       : scheduled_orders.csv
Output      : C:\LINEUP\output\dashboard.html
Insights    : assignment reasons and confidence
Remaining   : SAP versus adjusted
Utilisation : working-calendar aware

=================================== 
LINEUP background update finished 
26/07/2026  0:32:07.61 
=================================== 
 
=================================== 
LINEUP background update started 
26/07/2026  0:45:03.16 
=================================== 
[26/07/2026  0:45:03.17] Activating virtual environment... 
[26/07/2026  0:45:03.70] Step 0 - Marking LINEUP run as started... 
LINEUP status marked as running.
[26/07/2026  0:45:04.03] Step 1 - Backing up LINEUP config... 

===================================
LINEUP Config Backup Complete
===================================
Backup folder : C:\LINEUP\backups\2026-07-26_004504
Files copied  : 4
Old backups removed: 1

[26/07/2026  0:45:04.41] Step 2 - Running SAP capacity export... 
COOIS capacities export complete:
C:\LINEUP\data\raw\COOIS_Capacities_Latest.txt
[26/07/2026  0:45:26.14] Step 3 - Running SAP production list export... 
COOIS production list export complete:
C:\LINEUP\data\raw\COOIS_ProductionList_Latest.txt
[26/07/2026  0:46:50.00] Step 4 - Running LINEUP processing pipeline... 
LINEUP
Starting capacity parser...


===================================
LINEUP Capacity Parser Complete
===================================
Input : COOIS_Capacities_Latest.txt
Output: capacities_clean.csv
Rows  : 6226


===================================
LINEUP Production Parser Complete
===================================
Input : COOIS_ProductionList_Latest.txt
Output: production_list_clean.csv
Rows  : 2371


===================================
LINEUP Capacity Summary Complete
===================================
Input : capacities_clean.csv
Output: capacities_order_summary.csv
Rows  : 970


===================================
LINEUP Merge Complete
===================================
Production input : production_list_clean.csv
Capacity input   : capacities_order_summary.csv
Output           : master_schedule.csv
Rows             : 970
Missing metadata : 0


===================================
LINEUP Scheduling Complete
===================================
Scheduled orders : 39
Overflow orders  : 0
SAP minutes      : unchanged by default
Staffing         : explicit overrides only
Queue stability  : current + one automatic order
Insights         : assignment reasons and confidence


===================================
LINEUP Dashboard Build Complete
===================================
Input       : scheduled_orders.csv
Output      : C:\LINEUP\output\dashboard.html
Insights    : assignment reasons and confidence
Remaining   : SAP versus adjusted
Utilisation : working-calendar aware


===================================
LINEUP Schedule Report Complete
===================================
Bench utilisation: bench_utilisation.csv
Schedule summary : schedule_summary.csv


===================================
LINEUP Split Recommendations Complete
===================================
Recommendations : 0
Window          : due today or next working day only
SAP minutes     : used unchanged by default
Staffing        : explicit overrides only
Planner work    : live, held, split, forced and board orders excluded
Output          : split_recommendations.csv

[26/07/2026  0:46:50.47] Step 5 - Marking LINEUP run as successful... 
LINEUP status marked as successful.
[26/07/2026  0:46:50.78] Step 6 - Rebuilding dashboard with final status... 

===================================
LINEUP Dashboard Build Complete
===================================
Input       : scheduled_orders.csv
Output      : C:\LINEUP\output\dashboard.html
Insights    : assignment reasons and confidence
Remaining   : SAP versus adjusted
Utilisation : working-calendar aware

=================================== 
LINEUP background update finished 
26/07/2026  0:46:51.10 
=================================== 
 
=================================== 
LINEUP background update started 
26/07/2026  1:00:03.52 
=================================== 
[26/07/2026  1:00:03.53] Activating virtual environment... 
[26/07/2026  1:00:04.04] Step 0 - Marking LINEUP run as started... 
LINEUP status marked as running.
[26/07/2026  1:00:04.38] Step 1 - Backing up LINEUP config... 

===================================
LINEUP Config Backup Complete
===================================
Backup folder : C:\LINEUP\backups\2026-07-26_010004
Files copied  : 4
Old backups removed: 1

[26/07/2026  1:00:04.75] Step 2 - Running SAP capacity export... 
COOIS capacities export complete:
C:\LINEUP\data\raw\COOIS_Capacities_Latest.txt
[26/07/2026  1:00:29.92] Step 3 - Running SAP production list export... 
COOIS production list export complete:
C:\LINEUP\data\raw\COOIS_ProductionList_Latest.txt
[26/07/2026  1:02:54.94] Step 4 - Running LINEUP processing pipeline... 
LINEUP
Starting capacity parser...


===================================
LINEUP Capacity Parser Complete
===================================
Input : COOIS_Capacities_Latest.txt
Output: capacities_clean.csv
Rows  : 6226


===================================
LINEUP Production Parser Complete
===================================
Input : COOIS_ProductionList_Latest.txt
Output: production_list_clean.csv
Rows  : 2371


===================================
LINEUP Capacity Summary Complete
===================================
Input : capacities_clean.csv
Output: capacities_order_summary.csv
Rows  : 970


===================================
LINEUP Merge Complete
===================================
Production input : production_list_clean.csv
Capacity input   : capacities_order_summary.csv
Output           : master_schedule.csv
Rows             : 970
Missing metadata : 0


===================================
LINEUP Scheduling Complete
===================================
Scheduled orders : 39
Overflow orders  : 0
SAP minutes      : unchanged by default
Staffing         : explicit overrides only
Queue stability  : current + one automatic order
Insights         : assignment reasons and confidence


===================================
LINEUP Dashboard Build Complete
===================================
Input       : scheduled_orders.csv
Output      : C:\LINEUP\output\dashboard.html
Insights    : assignment reasons and confidence
Remaining   : SAP versus adjusted
Utilisation : working-calendar aware


===================================
LINEUP Schedule Report Complete
===================================
Bench utilisation: bench_utilisation.csv
Schedule summary : schedule_summary.csv


===================================
LINEUP Split Recommendations Complete
===================================
Recommendations : 0
Window          : due today or next working day only
SAP minutes     : used unchanged by default
Staffing        : explicit overrides only
Planner work    : live, held, split, forced and board orders excluded
Output          : split_recommendations.csv

[26/07/2026  1:02:55.47] Step 5 - Marking LINEUP run as successful... 
LINEUP status marked as successful.
[26/07/2026  1:02:55.82] Step 6 - Rebuilding dashboard with final status... 

===================================
LINEUP Dashboard Build Complete
===================================
Input       : scheduled_orders.csv
Output      : C:\LINEUP\output\dashboard.html
Insights    : assignment reasons and confidence
Remaining   : SAP versus adjusted
Utilisation : working-calendar aware

=================================== 
LINEUP background update finished 
26/07/2026  1:02:56.19 
=================================== 
 
=================================== 
LINEUP background update started 
26/07/2026  1:15:03.14 
=================================== 
[26/07/2026  1:15:03.16] Activating virtual environment... 
[26/07/2026  1:15:03.68] Step 0 - Marking LINEUP run as started... 
LINEUP status marked as running.
[26/07/2026  1:15:04.02] Step 1 - Backing up LINEUP config... 

===================================
LINEUP Config Backup Complete
===================================
Backup folder : C:\LINEUP\backups\2026-07-26_011504
Files copied  : 4
Old backups removed: 1

[26/07/2026  1:15:04.37] Step 2 - Running SAP capacity export... 
COOIS capacities export complete:
C:\LINEUP\data\raw\COOIS_Capacities_Latest.txt
[26/07/2026  1:15:26.83] Step 3 - Running SAP production list export... 
COOIS production list export complete:
C:\LINEUP\data\raw\COOIS_ProductionList_Latest.txt
[26/07/2026  1:17:07.30] Step 4 - Running LINEUP processing pipeline... 
LINEUP
Starting capacity parser...


===================================
LINEUP Capacity Parser Complete
===================================
Input : COOIS_Capacities_Latest.txt
Output: capacities_clean.csv
Rows  : 6226


===================================
LINEUP Production Parser Complete
===================================
Input : COOIS_ProductionList_Latest.txt
Output: production_list_clean.csv
Rows  : 2371


===================================
LINEUP Capacity Summary Complete
===================================
Input : capacities_clean.csv
Output: capacities_order_summary.csv
Rows  : 970


===================================
LINEUP Merge Complete
===================================
Production input : production_list_clean.csv
Capacity input   : capacities_order_summary.csv
Output           : master_schedule.csv
Rows             : 970
Missing metadata : 0


===================================
LINEUP Scheduling Complete
===================================
Scheduled orders : 39
Overflow orders  : 0
SAP minutes      : unchanged by default
Staffing         : explicit overrides only
Queue stability  : current + one automatic order
Insights         : assignment reasons and confidence


===================================
LINEUP Dashboard Build Complete
===================================
Input       : scheduled_orders.csv
Output      : C:\LINEUP\output\dashboard.html
Insights    : assignment reasons and confidence
Remaining   : SAP versus adjusted
Utilisation : working-calendar aware


===================================
LINEUP Schedule Report Complete
===================================
Bench utilisation: bench_utilisation.csv
Schedule summary : schedule_summary.csv


===================================
LINEUP Split Recommendations Complete
===================================
Recommendations : 0
Window          : due today or next working day only
SAP minutes     : used unchanged by default
Staffing        : explicit overrides only
Planner work    : live, held, split, forced and board orders excluded
Output          : split_recommendations.csv

[26/07/2026  1:17:07.78] Step 5 - Marking LINEUP run as successful... 
LINEUP status marked as successful.
[26/07/2026  1:17:08.09] Step 6 - Rebuilding dashboard with final status... 

===================================
LINEUP Dashboard Build Complete
===================================
Input       : scheduled_orders.csv
Output      : C:\LINEUP\output\dashboard.html
Insights    : assignment reasons and confidence
Remaining   : SAP versus adjusted
Utilisation : working-calendar aware

=================================== 
LINEUP background update finished 
26/07/2026  1:17:08.45 
=================================== 
 
=================================== 
LINEUP background update started 
26/07/2026  1:30:03.14 
=================================== 
[26/07/2026  1:30:03.15] Activating virtual environment... 
[26/07/2026  1:30:03.65] Step 0 - Marking LINEUP run as started... 
LINEUP status marked as running.
[26/07/2026  1:30:03.99] Step 1 - Backing up LINEUP config... 

===================================
LINEUP Config Backup Complete
===================================
Backup folder : C:\LINEUP\backups\2026-07-26_013004
Files copied  : 4
Old backups removed: 1

[26/07/2026  1:30:04.34] Step 2 - Running SAP capacity export... 
COOIS capacities export complete:
C:\LINEUP\data\raw\COOIS_Capacities_Latest.txt
[26/07/2026  1:30:27.54] Step 3 - Running SAP production list export... 
COOIS production list export complete:
C:\LINEUP\data\raw\COOIS_ProductionList_Latest.txt
[26/07/2026  1:32:23.26] Step 4 - Running LINEUP processing pipeline... 
LINEUP
Starting capacity parser...


===================================
LINEUP Capacity Parser Complete
===================================
Input : COOIS_Capacities_Latest.txt
Output: capacities_clean.csv
Rows  : 6226


===================================
LINEUP Production Parser Complete
===================================
Input : COOIS_ProductionList_Latest.txt
Output: production_list_clean.csv
Rows  : 2371


===================================
LINEUP Capacity Summary Complete
===================================
Input : capacities_clean.csv
Output: capacities_order_summary.csv
Rows  : 970


===================================
LINEUP Merge Complete
===================================
Production input : production_list_clean.csv
Capacity input   : capacities_order_summary.csv
Output           : master_schedule.csv
Rows             : 970
Missing metadata : 0


===================================
LINEUP Scheduling Complete
===================================
Scheduled orders : 39
Overflow orders  : 0
SAP minutes      : unchanged by default
Staffing         : explicit overrides only
Queue stability  : current + one automatic order
Insights         : assignment reasons and confidence


===================================
LINEUP Dashboard Build Complete
===================================
Input       : scheduled_orders.csv
Output      : C:\LINEUP\output\dashboard.html
Insights    : assignment reasons and confidence
Remaining   : SAP versus adjusted
Utilisation : working-calendar aware


===================================
LINEUP Schedule Report Complete
===================================
Bench utilisation: bench_utilisation.csv
Schedule summary : schedule_summary.csv


===================================
LINEUP Split Recommendations Complete
===================================
Recommendations : 0
Window          : due today or next working day only
SAP minutes     : used unchanged by default
Staffing        : explicit overrides only
Planner work    : live, held, split, forced and board orders excluded
Output          : split_recommendations.csv

[26/07/2026  1:32:23.79] Step 5 - Marking LINEUP run as successful... 
LINEUP status marked as successful.
[26/07/2026  1:32:24.11] Step 6 - Rebuilding dashboard with final status... 

===================================
LINEUP Dashboard Build Complete
===================================
Input       : scheduled_orders.csv
Output      : C:\LINEUP\output\dashboard.html
Insights    : assignment reasons and confidence
Remaining   : SAP versus adjusted
Utilisation : working-calendar aware

=================================== 
LINEUP background update finished 
26/07/2026  1:32:24.47 
=================================== 
 
=================================== 
LINEUP background update started 
26/07/2026  1:45:03.13 
=================================== 
[26/07/2026  1:45:03.13] Activating virtual environment... 
[26/07/2026  1:45:03.67] Step 0 - Marking LINEUP run as started... 
LINEUP status marked as running.
[26/07/2026  1:45:04.01] Step 1 - Backing up LINEUP config... 

===================================
LINEUP Config Backup Complete
===================================
Backup folder : C:\LINEUP\backups\2026-07-26_014504
Files copied  : 4
Old backups removed: 1

[26/07/2026  1:45:04.37] Step 2 - Running SAP capacity export... 
COOIS capacities export complete:
C:\LINEUP\data\raw\COOIS_Capacities_Latest.txt
[26/07/2026  1:45:26.63] Step 3 - Running SAP production list export... 
COOIS production list export complete:
C:\LINEUP\data\raw\COOIS_ProductionList_Latest.txt
[26/07/2026  1:47:04.95] Step 4 - Running LINEUP processing pipeline... 
LINEUP
Starting capacity parser...


===================================
LINEUP Capacity Parser Complete
===================================
Input : COOIS_Capacities_Latest.txt
Output: capacities_clean.csv
Rows  : 6226


===================================
LINEUP Production Parser Complete
===================================
Input : COOIS_ProductionList_Latest.txt
Output: production_list_clean.csv
Rows  : 2371


===================================
LINEUP Capacity Summary Complete
===================================
Input : capacities_clean.csv
Output: capacities_order_summary.csv
Rows  : 970


===================================
LINEUP Merge Complete
===================================
Production input : production_list_clean.csv
Capacity input   : capacities_order_summary.csv
Output           : master_schedule.csv
Rows             : 970
Missing metadata : 0


===================================
LINEUP Scheduling Complete
===================================
Scheduled orders : 39
Overflow orders  : 0
SAP minutes      : unchanged by default
Staffing         : explicit overrides only
Queue stability  : current + one automatic order
Insights         : assignment reasons and confidence


===================================
LINEUP Dashboard Build Complete
===================================
Input       : scheduled_orders.csv
Output      : C:\LINEUP\output\dashboard.html
Insights    : assignment reasons and confidence
Remaining   : SAP versus adjusted
Utilisation : working-calendar aware


===================================
LINEUP Schedule Report Complete
===================================
Bench utilisation: bench_utilisation.csv
Schedule summary : schedule_summary.csv


===================================
LINEUP Split Recommendations Complete
===================================
Recommendations : 0
Window          : due today or next working day only
SAP minutes     : used unchanged by default
Staffing        : explicit overrides only
Planner work    : live, held, split, forced and board orders excluded
Output          : split_recommendations.csv

[26/07/2026  1:47:05.44] Step 5 - Marking LINEUP run as successful... 
LINEUP status marked as successful.
[26/07/2026  1:47:05.77] Step 6 - Rebuilding dashboard with final status... 

===================================
LINEUP Dashboard Build Complete
===================================
Input       : scheduled_orders.csv
Output      : C:\LINEUP\output\dashboard.html
Insights    : assignment reasons and confidence
Remaining   : SAP versus adjusted
Utilisation : working-calendar aware

=================================== 
LINEUP background update finished 
26/07/2026  1:47:06.11 
=================================== 
 
=================================== 
LINEUP background update started 
26/07/2026  2:00:03.18 
=================================== 
[26/07/2026  2:00:03.19] Activating virtual environment... 
[26/07/2026  2:00:03.72] Step 0 - Marking LINEUP run as started... 
LINEUP status marked as running.
[26/07/2026  2:00:04.06] Step 1 - Backing up LINEUP config... 

===================================
LINEUP Config Backup Complete
===================================
Backup folder : C:\LINEUP\backups\2026-07-26_020004
Files copied  : 4
Old backups removed: 1

[26/07/2026  2:00:04.44] Step 2 - Running SAP capacity export... 
COOIS capacities export complete:
C:\LINEUP\data\raw\COOIS_Capacities_Latest.txt
[26/07/2026  2:00:27.68] Step 3 - Running SAP production list export... 
COOIS production list export complete:
C:\LINEUP\data\raw\COOIS_ProductionList_Latest.txt
[26/07/2026  2:02:25.77] Step 4 - Running LINEUP processing pipeline... 
LINEUP
Starting capacity parser...


===================================
LINEUP Capacity Parser Complete
===================================
Input : COOIS_Capacities_Latest.txt
Output: capacities_clean.csv
Rows  : 6226


===================================
LINEUP Production Parser Complete
===================================
Input : COOIS_ProductionList_Latest.txt
Output: production_list_clean.csv
Rows  : 2371


===================================
LINEUP Capacity Summary Complete
===================================
Input : capacities_clean.csv
Output: capacities_order_summary.csv
Rows  : 970


===================================
LINEUP Merge Complete
===================================
Production input : production_list_clean.csv
Capacity input   : capacities_order_summary.csv
Output           : master_schedule.csv
Rows             : 970
Missing metadata : 0


===================================
LINEUP Scheduling Complete
===================================
Scheduled orders : 39
Overflow orders  : 0
SAP minutes      : unchanged by default
Staffing         : explicit overrides only
Queue stability  : current + one automatic order
Insights         : assignment reasons and confidence


===================================
LINEUP Dashboard Build Complete
===================================
Input       : scheduled_orders.csv
Output      : C:\LINEUP\output\dashboard.html
Insights    : assignment reasons and confidence
Remaining   : SAP versus adjusted
Utilisation : working-calendar aware


===================================
LINEUP Schedule Report Complete
===================================
Bench utilisation: bench_utilisation.csv
Schedule summary : schedule_summary.csv


===================================
LINEUP Split Recommendations Complete
===================================
Recommendations : 0
Window          : due today or next working day only
SAP minutes     : used unchanged by default
Staffing        : explicit overrides only
Planner work    : live, held, split, forced and board orders excluded
Output          : split_recommendations.csv

[26/07/2026  2:02:26.27] Step 5 - Marking LINEUP run as successful... 
LINEUP status marked as successful.
[26/07/2026  2:02:26.59] Step 6 - Rebuilding dashboard with final status... 

===================================
LINEUP Dashboard Build Complete
===================================
Input       : scheduled_orders.csv
Output      : C:\LINEUP\output\dashboard.html
Insights    : assignment reasons and confidence
Remaining   : SAP versus adjusted
Utilisation : working-calendar aware

=================================== 
LINEUP background update finished 
26/07/2026  2:02:26.92 
=================================== 
 
=================================== 
LINEUP background update started 
26/07/2026  2:15:03.09 
=================================== 
[26/07/2026  2:15:03.09] Activating virtual environment... 
[26/07/2026  2:15:03.61] Step 0 - Marking LINEUP run as started... 
LINEUP status marked as running.
[26/07/2026  2:15:03.94] Step 1 - Backing up LINEUP config... 

===================================
LINEUP Config Backup Complete
===================================
Backup folder : C:\LINEUP\backups\2026-07-26_021504
Files copied  : 4
Old backups removed: 1

[26/07/2026  2:15:04.29] Step 2 - Running SAP capacity export... 
COOIS capacities export complete:
C:\LINEUP\data\raw\COOIS_Capacities_Latest.txt
[26/07/2026  2:15:27.19] Step 3 - Running SAP production list export... 
COOIS production list export complete:
C:\LINEUP\data\raw\COOIS_ProductionList_Latest.txt
[26/07/2026  2:16:59.18] Step 4 - Running LINEUP processing pipeline... 
LINEUP
Starting capacity parser...


===================================
LINEUP Capacity Parser Complete
===================================
Input : COOIS_Capacities_Latest.txt
Output: capacities_clean.csv
Rows  : 6226


===================================
LINEUP Production Parser Complete
===================================
Input : COOIS_ProductionList_Latest.txt
Output: production_list_clean.csv
Rows  : 2371


===================================
LINEUP Capacity Summary Complete
===================================
Input : capacities_clean.csv
Output: capacities_order_summary.csv
Rows  : 970


===================================
LINEUP Merge Complete
===================================
Production input : production_list_clean.csv
Capacity input   : capacities_order_summary.csv
Output           : master_schedule.csv
Rows             : 970
Missing metadata : 0


===================================
LINEUP Scheduling Complete
===================================
Scheduled orders : 39
Overflow orders  : 0
SAP minutes      : unchanged by default
Staffing         : explicit overrides only
Queue stability  : current + one automatic order
Insights         : assignment reasons and confidence


===================================
LINEUP Dashboard Build Complete
===================================
Input       : scheduled_orders.csv
Output      : C:\LINEUP\output\dashboard.html
Insights    : assignment reasons and confidence
Remaining   : SAP versus adjusted
Utilisation : working-calendar aware


===================================
LINEUP Schedule Report Complete
===================================
Bench utilisation: bench_utilisation.csv
Schedule summary : schedule_summary.csv


===================================
LINEUP Split Recommendations Complete
===================================
Recommendations : 0
Window          : due today or next working day only
SAP minutes     : used unchanged by default
Staffing        : explicit overrides only
Planner work    : live, held, split, forced and board orders excluded
Output          : split_recommendations.csv

[26/07/2026  2:16:59.68] Step 5 - Marking LINEUP run as successful... 
LINEUP status marked as successful.
[26/07/2026  2:16:59.99] Step 6 - Rebuilding dashboard with final status... 

===================================
LINEUP Dashboard Build Complete
===================================
Input       : scheduled_orders.csv
Output      : C:\LINEUP\output\dashboard.html
Insights    : assignment reasons and confidence
Remaining   : SAP versus adjusted
Utilisation : working-calendar aware

=================================== 
LINEUP background update finished 
26/07/2026  2:17:00.34 
=================================== 
 
=================================== 
LINEUP background update started 
26/07/2026  2:30:03.14 
=================================== 
[26/07/2026  2:30:03.15] Activating virtual environment... 
[26/07/2026  2:30:03.67] Step 0 - Marking LINEUP run as started... 
LINEUP status marked as running.
[26/07/2026  2:30:03.98] Step 1 - Backing up LINEUP config... 

===================================
LINEUP Config Backup Complete
===================================
Backup folder : C:\LINEUP\backups\2026-07-26_023004
Files copied  : 4
Old backups removed: 1

[26/07/2026  2:30:04.35] Step 2 - Running SAP capacity export... 
COOIS capacities export complete:
C:\LINEUP\data\raw\COOIS_Capacities_Latest.txt
[26/07/2026  2:30:27.86] Step 3 - Running SAP production list export... 
COOIS production list export complete:
C:\LINEUP\data\raw\COOIS_ProductionList_Latest.txt
[26/07/2026  2:32:07.88] Step 4 - Running LINEUP processing pipeline... 
LINEUP
Starting capacity parser...


===================================
LINEUP Capacity Parser Complete
===================================
Input : COOIS_Capacities_Latest.txt
Output: capacities_clean.csv
Rows  : 6226


===================================
LINEUP Production Parser Complete
===================================
Input : COOIS_ProductionList_Latest.txt
Output: production_list_clean.csv
Rows  : 2371


===================================
LINEUP Capacity Summary Complete
===================================
Input : capacities_clean.csv
Output: capacities_order_summary.csv
Rows  : 970


===================================
LINEUP Merge Complete
===================================
Production input : production_list_clean.csv
Capacity input   : capacities_order_summary.csv
Output           : master_schedule.csv
Rows             : 970
Missing metadata : 0


===================================
LINEUP Scheduling Complete
===================================
Scheduled orders : 39
Overflow orders  : 0
SAP minutes      : unchanged by default
Staffing         : explicit overrides only
Queue stability  : current + one automatic order
Insights         : assignment reasons and confidence


===================================
LINEUP Dashboard Build Complete
===================================
Input       : scheduled_orders.csv
Output      : C:\LINEUP\output\dashboard.html
Insights    : assignment reasons and confidence
Remaining   : SAP versus adjusted
Utilisation : working-calendar aware


===================================
LINEUP Schedule Report Complete
===================================
Bench utilisation: bench_utilisation.csv
Schedule summary : schedule_summary.csv


===================================
LINEUP Split Recommendations Complete
===================================
Recommendations : 0
Window          : due today or next working day only
SAP minutes     : used unchanged by default
Staffing        : explicit overrides only
Planner work    : live, held, split, forced and board orders excluded
Output          : split_recommendations.csv

[26/07/2026  2:32:08.35] Step 5 - Marking LINEUP run as successful... 
LINEUP status marked as successful.
[26/07/2026  2:32:08.66] Step 6 - Rebuilding dashboard with final status... 

===================================
LINEUP Dashboard Build Complete
===================================
Input       : scheduled_orders.csv
Output      : C:\LINEUP\output\dashboard.html
Insights    : assignment reasons and confidence
Remaining   : SAP versus adjusted
Utilisation : working-calendar aware

=================================== 
LINEUP background update finished 
26/07/2026  2:32:08.98 
=================================== 
 
=================================== 
LINEUP background update started 
26/07/2026  2:45:03.09 
=================================== 
[26/07/2026  2:45:03.10] Activating virtual environment... 
[26/07/2026  2:45:03.61] Step 0 - Marking LINEUP run as started... 
LINEUP status marked as running.
[26/07/2026  2:45:03.93] Step 1 - Backing up LINEUP config... 

===================================
LINEUP Config Backup Complete
===================================
Backup folder : C:\LINEUP\backups\2026-07-26_024504
Files copied  : 4
Old backups removed: 1

[26/07/2026  2:45:04.25] Step 2 - Running SAP capacity export... 
COOIS capacities export complete:
C:\LINEUP\data\raw\COOIS_Capacities_Latest.txt
[26/07/2026  2:45:26.32] Step 3 - Running SAP production list export... 
COOIS production list export complete:
C:\LINEUP\data\raw\COOIS_ProductionList_Latest.txt
[26/07/2026  2:46:59.74] Step 4 - Running LINEUP processing pipeline... 
LINEUP
Starting capacity parser...


===================================
LINEUP Capacity Parser Complete
===================================
Input : COOIS_Capacities_Latest.txt
Output: capacities_clean.csv
Rows  : 6226


===================================
LINEUP Production Parser Complete
===================================
Input : COOIS_ProductionList_Latest.txt
Output: production_list_clean.csv
Rows  : 2371


===================================
LINEUP Capacity Summary Complete
===================================
Input : capacities_clean.csv
Output: capacities_order_summary.csv
Rows  : 970


===================================
LINEUP Merge Complete
===================================
Production input : production_list_clean.csv
Capacity input   : capacities_order_summary.csv
Output           : master_schedule.csv
Rows             : 970
Missing metadata : 0


===================================
LINEUP Scheduling Complete
===================================
Scheduled orders : 39
Overflow orders  : 0
SAP minutes      : unchanged by default
Staffing         : explicit overrides only
Queue stability  : current + one automatic order
Insights         : assignment reasons and confidence


===================================
LINEUP Dashboard Build Complete
===================================
Input       : scheduled_orders.csv
Output      : C:\LINEUP\output\dashboard.html
Insights    : assignment reasons and confidence
Remaining   : SAP versus adjusted
Utilisation : working-calendar aware


===================================
LINEUP Schedule Report Complete
===================================
Bench utilisation: bench_utilisation.csv
Schedule summary : schedule_summary.csv


===================================
LINEUP Split Recommendations Complete
===================================
Recommendations : 0
Window          : due today or next working day only
SAP minutes     : used unchanged by default
Staffing        : explicit overrides only
Planner work    : live, held, split, forced and board orders excluded
Output          : split_recommendations.csv

[26/07/2026  2:47:00.23] Step 5 - Marking LINEUP run as successful... 
LINEUP status marked as successful.
[26/07/2026  2:47:00.55] Step 6 - Rebuilding dashboard with final status... 

===================================
LINEUP Dashboard Build Complete
===================================
Input       : scheduled_orders.csv
Output      : C:\LINEUP\output\dashboard.html
Insights    : assignment reasons and confidence
Remaining   : SAP versus adjusted
Utilisation : working-calendar aware

=================================== 
LINEUP background update finished 
26/07/2026  2:47:00.87 
=================================== 
 
=================================== 
LINEUP background update started 
26/07/2026  3:00:03.23 
=================================== 
[26/07/2026  3:00:03.24] Activating virtual environment... 
[26/07/2026  3:00:03.75] Step 0 - Marking LINEUP run as started... 
LINEUP status marked as running.
[26/07/2026  3:00:04.05] Step 1 - Backing up LINEUP config... 

===================================
LINEUP Config Backup Complete
===================================
Backup folder : C:\LINEUP\backups\2026-07-26_030004
Files copied  : 4
Old backups removed: 1

[26/07/2026  3:00:04.39] Step 2 - Running SAP capacity export... 
COOIS capacities export complete:
C:\LINEUP\data\raw\COOIS_Capacities_Latest.txt
[26/07/2026  3:00:28.39] Step 3 - Running SAP production list export... 
COOIS production list export complete:
C:\LINEUP\data\raw\COOIS_ProductionList_Latest.txt
[26/07/2026  3:02:31.39] Step 4 - Running LINEUP processing pipeline... 
LINEUP
Starting capacity parser...


===================================
LINEUP Capacity Parser Complete
===================================
Input : COOIS_Capacities_Latest.txt
Output: capacities_clean.csv
Rows  : 6226


===================================
LINEUP Production Parser Complete
===================================
Input : COOIS_ProductionList_Latest.txt
Output: production_list_clean.csv
Rows  : 2371


===================================
LINEUP Capacity Summary Complete
===================================
Input : capacities_clean.csv
Output: capacities_order_summary.csv
Rows  : 970


===================================
LINEUP Merge Complete
===================================
Production input : production_list_clean.csv
Capacity input   : capacities_order_summary.csv
Output           : master_schedule.csv
Rows             : 970
Missing metadata : 0


===================================
LINEUP Scheduling Complete
===================================
Scheduled orders : 39
Overflow orders  : 0
SAP minutes      : unchanged by default
Staffing         : explicit overrides only
Queue stability  : current + one automatic order
Insights         : assignment reasons and confidence


===================================
LINEUP Dashboard Build Complete
===================================
Input       : scheduled_orders.csv
Output      : C:\LINEUP\output\dashboard.html
Insights    : assignment reasons and confidence
Remaining   : SAP versus adjusted
Utilisation : working-calendar aware


===================================
LINEUP Schedule Report Complete
===================================
Bench utilisation: bench_utilisation.csv
Schedule summary : schedule_summary.csv


===================================
LINEUP Split Recommendations Complete
===================================
Recommendations : 0
Window          : due today or next working day only
SAP minutes     : used unchanged by default
Staffing        : explicit overrides only
Planner work    : live, held, split, forced and board orders excluded
Output          : split_recommendations.csv

[26/07/2026  3:02:31.85] Step 5 - Marking LINEUP run as successful... 
LINEUP status marked as successful.
[26/07/2026  3:02:32.17] Step 6 - Rebuilding dashboard with final status... 

===================================
LINEUP Dashboard Build Complete
===================================
Input       : scheduled_orders.csv
Output      : C:\LINEUP\output\dashboard.html
Insights    : assignment reasons and confidence
Remaining   : SAP versus adjusted
Utilisation : working-calendar aware

=================================== 
LINEUP background update finished 
26/07/2026  3:02:32.51 
=================================== 
 
=================================== 
LINEUP background update started 
26/07/2026  3:15:03.14 
=================================== 
[26/07/2026  3:15:03.15] Activating virtual environment... 
[26/07/2026  3:15:03.66] Step 0 - Marking LINEUP run as started... 
LINEUP status marked as running.
[26/07/2026  3:15:03.98] Step 1 - Backing up LINEUP config... 

===================================
LINEUP Config Backup Complete
===================================
Backup folder : C:\LINEUP\backups\2026-07-26_031504
Files copied  : 4
Old backups removed: 1

[26/07/2026  3:15:04.33] Step 2 - Running SAP capacity export... 
COOIS capacities export complete:
C:\LINEUP\data\raw\COOIS_Capacities_Latest.txt
[26/07/2026  3:15:27.38] Step 3 - Running SAP production list export... 
COOIS production list export complete:
C:\LINEUP\data\raw\COOIS_ProductionList_Latest.txt
[26/07/2026  3:17:11.79] Step 4 - Running LINEUP processing pipeline... 
LINEUP
Starting capacity parser...


===================================
LINEUP Capacity Parser Complete
===================================
Input : COOIS_Capacities_Latest.txt
Output: capacities_clean.csv
Rows  : 6226


===================================
LINEUP Production Parser Complete
===================================
Input : COOIS_ProductionList_Latest.txt
Output: production_list_clean.csv
Rows  : 2371


===================================
LINEUP Capacity Summary Complete
===================================
Input : capacities_clean.csv
Output: capacities_order_summary.csv
Rows  : 970


===================================
LINEUP Merge Complete
===================================
Production input : production_list_clean.csv
Capacity input   : capacities_order_summary.csv
Output           : master_schedule.csv
Rows             : 970
Missing metadata : 0


===================================
LINEUP Scheduling Complete
===================================
Scheduled orders : 39
Overflow orders  : 0
SAP minutes      : unchanged by default
Staffing         : explicit overrides only
Queue stability  : current + one automatic order
Insights         : assignment reasons and confidence


===================================
LINEUP Dashboard Build Complete
===================================
Input       : scheduled_orders.csv
Output      : C:\LINEUP\output\dashboard.html
Insights    : assignment reasons and confidence
Remaining   : SAP versus adjusted
Utilisation : working-calendar aware


===================================
LINEUP Schedule Report Complete
===================================
Bench utilisation: bench_utilisation.csv
Schedule summary : schedule_summary.csv


===================================
LINEUP Split Recommendations Complete
===================================
Recommendations : 0
Window          : due today or next working day only
SAP minutes     : used unchanged by default
Staffing        : explicit overrides only
Planner work    : live, held, split, forced and board orders excluded
Output          : split_recommendations.csv

[26/07/2026  3:17:12.28] Step 5 - Marking LINEUP run as successful... 
LINEUP status marked as successful.
[26/07/2026  3:17:12.59] Step 6 - Rebuilding dashboard with final status... 

===================================
LINEUP Dashboard Build Complete
===================================
Input       : scheduled_orders.csv
Output      : C:\LINEUP\output\dashboard.html
Insights    : assignment reasons and confidence
Remaining   : SAP versus adjusted
Utilisation : working-calendar aware

=================================== 
LINEUP background update finished 
26/07/2026  3:17:12.92 
=================================== 
 
=================================== 
LINEUP background update started 
26/07/2026  3:30:03.13 
=================================== 
[26/07/2026  3:30:03.13] Activating virtual environment... 
[26/07/2026  3:30:03.64] Step 0 - Marking LINEUP run as started... 
LINEUP status marked as running.
[26/07/2026  3:30:03.96] Step 1 - Backing up LINEUP config... 

===================================
LINEUP Config Backup Complete
===================================
Backup folder : C:\LINEUP\backups\2026-07-26_033004
Files copied  : 4
Old backups removed: 1

[26/07/2026  3:30:04.31] Step 2 - Running SAP capacity export... 
COOIS capacities export complete:
C:\LINEUP\data\raw\COOIS_Capacities_Latest.txt
[26/07/2026  3:30:27.07] Step 3 - Running SAP production list export... 
COOIS production list export complete:
C:\LINEUP\data\raw\COOIS_ProductionList_Latest.txt
[26/07/2026  3:32:13.80] Step 4 - Running LINEUP processing pipeline... 
LINEUP
Starting capacity parser...


===================================
LINEUP Capacity Parser Complete
===================================
Input : COOIS_Capacities_Latest.txt
Output: capacities_clean.csv
Rows  : 6226


===================================
LINEUP Production Parser Complete
===================================
Input : COOIS_ProductionList_Latest.txt
Output: production_list_clean.csv
Rows  : 2371


===================================
LINEUP Capacity Summary Complete
===================================
Input : capacities_clean.csv
Output: capacities_order_summary.csv
Rows  : 970


===================================
LINEUP Merge Complete
===================================
Production input : production_list_clean.csv
Capacity input   : capacities_order_summary.csv
Output           : master_schedule.csv
Rows             : 970
Missing metadata : 0


===================================
LINEUP Scheduling Complete
===================================
Scheduled orders : 39
Overflow orders  : 0
SAP minutes      : unchanged by default
Staffing         : explicit overrides only
Queue stability  : current + one automatic order
Insights         : assignment reasons and confidence


===================================
LINEUP Dashboard Build Complete
===================================
Input       : scheduled_orders.csv
Output      : C:\LINEUP\output\dashboard.html
Insights    : assignment reasons and confidence
Remaining   : SAP versus adjusted
Utilisation : working-calendar aware


===================================
LINEUP Schedule Report Complete
===================================
Bench utilisation: bench_utilisation.csv
Schedule summary : schedule_summary.csv


===================================
LINEUP Split Recommendations Complete
===================================
Recommendations : 0
Window          : due today or next working day only
SAP minutes     : used unchanged by default
Staffing        : explicit overrides only
Planner work    : live, held, split, forced and board orders excluded
Output          : split_recommendations.csv

[26/07/2026  3:32:14.28] Step 5 - Marking LINEUP run as successful... 
LINEUP status marked as successful.
[26/07/2026  3:32:14.60] Step 6 - Rebuilding dashboard with final status... 

===================================
LINEUP Dashboard Build Complete
===================================
Input       : scheduled_orders.csv
Output      : C:\LINEUP\output\dashboard.html
Insights    : assignment reasons and confidence
Remaining   : SAP versus adjusted
Utilisation : working-calendar aware

=================================== 
LINEUP background update finished 
26/07/2026  3:32:14.91 
=================================== 
 
=================================== 
LINEUP background update started 
26/07/2026  3:45:03.15 
=================================== 
[26/07/2026  3:45:03.15] Activating virtual environment... 
[26/07/2026  3:45:03.69] Step 0 - Marking LINEUP run as started... 
LINEUP status marked as running.
[26/07/2026  3:45:04.00] Step 1 - Backing up LINEUP config... 

===================================
LINEUP Config Backup Complete
===================================
Backup folder : C:\LINEUP\backups\2026-07-26_034504
Files copied  : 4
Old backups removed: 1

[26/07/2026  3:45:04.36] Step 2 - Running SAP capacity export... 
COOIS capacities export complete:
C:\LINEUP\data\raw\COOIS_Capacities_Latest.txt
[26/07/2026  3:45:26.56] Step 3 - Running SAP production list export... 
COOIS production list export complete:
C:\LINEUP\data\raw\COOIS_ProductionList_Latest.txt
[26/07/2026  3:46:54.68] Step 4 - Running LINEUP processing pipeline... 
LINEUP
Starting capacity parser...


===================================
LINEUP Capacity Parser Complete
===================================
Input : COOIS_Capacities_Latest.txt
Output: capacities_clean.csv
Rows  : 6226


===================================
LINEUP Production Parser Complete
===================================
Input : COOIS_ProductionList_Latest.txt
Output: production_list_clean.csv
Rows  : 2371


===================================
LINEUP Capacity Summary Complete
===================================
Input : capacities_clean.csv
Output: capacities_order_summary.csv
Rows  : 970


===================================
LINEUP Merge Complete
===================================
Production input : production_list_clean.csv
Capacity input   : capacities_order_summary.csv
Output           : master_schedule.csv
Rows             : 970
Missing metadata : 0


===================================
LINEUP Scheduling Complete
===================================
Scheduled orders : 39
Overflow orders  : 0
SAP minutes      : unchanged by default
Staffing         : explicit overrides only
Queue stability  : current + one automatic order
Insights         : assignment reasons and confidence


===================================
LINEUP Dashboard Build Complete
===================================
Input       : scheduled_orders.csv
Output      : C:\LINEUP\output\dashboard.html
Insights    : assignment reasons and confidence
Remaining   : SAP versus adjusted
Utilisation : working-calendar aware


===================================
LINEUP Schedule Report Complete
===================================
Bench utilisation: bench_utilisation.csv
Schedule summary : schedule_summary.csv


===================================
LINEUP Split Recommendations Complete
===================================
Recommendations : 0
Window          : due today or next working day only
SAP minutes     : used unchanged by default
Staffing        : explicit overrides only
Planner work    : live, held, split, forced and board orders excluded
Output          : split_recommendations.csv

[26/07/2026  3:46:55.18] Step 5 - Marking LINEUP run as successful... 
LINEUP status marked as successful.
[26/07/2026  3:46:55.48] Step 6 - Rebuilding dashboard with final status... 

===================================
LINEUP Dashboard Build Complete
===================================
Input       : scheduled_orders.csv
Output      : C:\LINEUP\output\dashboard.html
Insights    : assignment reasons and confidence
Remaining   : SAP versus adjusted
Utilisation : working-calendar aware

=================================== 
LINEUP background update finished 
26/07/2026  3:46:55.80 
=================================== 
 
=================================== 
LINEUP background update started 
26/07/2026  4:00:03.45 
=================================== 
[26/07/2026  4:00:03.46] Activating virtual environment... 
[26/07/2026  4:00:04.08] Step 0 - Marking LINEUP run as started... 
LINEUP status marked as running.
[26/07/2026  4:00:04.43] Step 1 - Backing up LINEUP config... 

===================================
LINEUP Config Backup Complete
===================================
Backup folder : C:\LINEUP\backups\2026-07-26_040004
Files copied  : 4
Old backups removed: 1

[26/07/2026  4:00:04.84] Step 2 - Running SAP capacity export... 
COOIS capacities export complete:
C:\LINEUP\data\raw\COOIS_Capacities_Latest.txt
[26/07/2026  4:00:28.69] Step 3 - Running SAP production list export... 
COOIS production list export complete:
C:\LINEUP\data\raw\COOIS_ProductionList_Latest.txt
[26/07/2026  4:02:09.01] Step 4 - Running LINEUP processing pipeline... 
LINEUP
Starting capacity parser...


===================================
LINEUP Capacity Parser Complete
===================================
Input : COOIS_Capacities_Latest.txt
Output: capacities_clean.csv
Rows  : 6226


===================================
LINEUP Production Parser Complete
===================================
Input : COOIS_ProductionList_Latest.txt
Output: production_list_clean.csv
Rows  : 2371


===================================
LINEUP Capacity Summary Complete
===================================
Input : capacities_clean.csv
Output: capacities_order_summary.csv
Rows  : 970


===================================
LINEUP Merge Complete
===================================
Production input : production_list_clean.csv
Capacity input   : capacities_order_summary.csv
Output           : master_schedule.csv
Rows             : 970
Missing metadata : 0


===================================
LINEUP Scheduling Complete
===================================
Scheduled orders : 39
Overflow orders  : 0
SAP minutes      : unchanged by default
Staffing         : explicit overrides only
Queue stability  : current + one automatic order
Insights         : assignment reasons and confidence


===================================
LINEUP Dashboard Build Complete
===================================
Input       : scheduled_orders.csv
Output      : C:\LINEUP\output\dashboard.html
Insights    : assignment reasons and confidence
Remaining   : SAP versus adjusted
Utilisation : working-calendar aware


===================================
LINEUP Schedule Report Complete
===================================
Bench utilisation: bench_utilisation.csv
Schedule summary : schedule_summary.csv


===================================
LINEUP Split Recommendations Complete
===================================
Recommendations : 0
Window          : due today or next working day only
SAP minutes     : used unchanged by default
Staffing        : explicit overrides only
Planner work    : live, held, split, forced and board orders excluded
Output          : split_recommendations.csv

[26/07/2026  4:02:09.50] Step 5 - Marking LINEUP run as successful... 
LINEUP status marked as successful.
[26/07/2026  4:02:09.84] Step 6 - Rebuilding dashboard with final status... 

===================================
LINEUP Dashboard Build Complete
===================================
Input       : scheduled_orders.csv
Output      : C:\LINEUP\output\dashboard.html
Insights    : assignment reasons and confidence
Remaining   : SAP versus adjusted
Utilisation : working-calendar aware

=================================== 
LINEUP background update finished 
26/07/2026  4:02:10.18 
=================================== 
 
=================================== 
LINEUP background update started 
26/07/2026  4:15:03.16 
=================================== 
[26/07/2026  4:15:03.16] Activating virtual environment... 
[26/07/2026  4:15:03.68] Step 0 - Marking LINEUP run as started... 
LINEUP status marked as running.
[26/07/2026  4:15:03.99] Step 1 - Backing up LINEUP config... 

===================================
LINEUP Config Backup Complete
===================================
Backup folder : C:\LINEUP\backups\2026-07-26_041504
Files copied  : 4
Old backups removed: 1

[26/07/2026  4:15:04.35] Step 2 - Running SAP capacity export... 
COOIS capacities export complete:
C:\LINEUP\data\raw\COOIS_Capacities_Latest.txt
[26/07/2026  4:15:26.79] Step 3 - Running SAP production list export... 
COOIS production list export complete:
C:\LINEUP\data\raw\COOIS_ProductionList_Latest.txt
[26/07/2026  4:16:58.71] Step 4 - Running LINEUP processing pipeline... 
LINEUP
Starting capacity parser...


===================================
LINEUP Capacity Parser Complete
===================================
Input : COOIS_Capacities_Latest.txt
Output: capacities_clean.csv
Rows  : 6226


===================================
LINEUP Production Parser Complete
===================================
Input : COOIS_ProductionList_Latest.txt
Output: production_list_clean.csv
Rows  : 2371


===================================
LINEUP Capacity Summary Complete
===================================
Input : capacities_clean.csv
Output: capacities_order_summary.csv
Rows  : 970


===================================
LINEUP Merge Complete
===================================
Production input : production_list_clean.csv
Capacity input   : capacities_order_summary.csv
Output           : master_schedule.csv
Rows             : 970
Missing metadata : 0


===================================
LINEUP Scheduling Complete
===================================
Scheduled orders : 39
Overflow orders  : 0
SAP minutes      : unchanged by default
Staffing         : explicit overrides only
Queue stability  : current + one automatic order
Insights         : assignment reasons and confidence


===================================
LINEUP Dashboard Build Complete
===================================
Input       : scheduled_orders.csv
Output      : C:\LINEUP\output\dashboard.html
Insights    : assignment reasons and confidence
Remaining   : SAP versus adjusted
Utilisation : working-calendar aware


===================================
LINEUP Schedule Report Complete
===================================
Bench utilisation: bench_utilisation.csv
Schedule summary : schedule_summary.csv


===================================
LINEUP Split Recommendations Complete
===================================
Recommendations : 0
Window          : due today or next working day only
SAP minutes     : used unchanged by default
Staffing        : explicit overrides only
Planner work    : live, held, split, forced and board orders excluded
Output          : split_recommendations.csv

[26/07/2026  4:16:59.20] Step 5 - Marking LINEUP run as successful... 
LINEUP status marked as successful.
[26/07/2026  4:16:59.49] Step 6 - Rebuilding dashboard with final status... 

===================================
LINEUP Dashboard Build Complete
===================================
Input       : scheduled_orders.csv
Output      : C:\LINEUP\output\dashboard.html
Insights    : assignment reasons and confidence
Remaining   : SAP versus adjusted
Utilisation : working-calendar aware

=================================== 
LINEUP background update finished 
26/07/2026  4:16:59.83 
=================================== 
 
=================================== 
LINEUP background update started 
26/07/2026  4:30:03.13 
=================================== 
[26/07/2026  4:30:03.14] Activating virtual environment... 
[26/07/2026  4:30:03.65] Step 0 - Marking LINEUP run as started... 
LINEUP status marked as running.
[26/07/2026  4:30:04.15] Step 1 - Backing up LINEUP config... 

===================================
LINEUP Config Backup Complete
===================================
Backup folder : C:\LINEUP\backups\2026-07-26_043004
Files copied  : 4
Old backups removed: 1

[26/07/2026  4:30:04.49] Step 2 - Running SAP capacity export... 
COOIS capacities export complete:
C:\LINEUP\data\raw\COOIS_Capacities_Latest.txt
[26/07/2026  4:30:27.44] Step 3 - Running SAP production list export... 
COOIS production list export complete:
C:\LINEUP\data\raw\COOIS_ProductionList_Latest.txt
[26/07/2026  4:32:06.00] Step 4 - Running LINEUP processing pipeline... 
LINEUP
Starting capacity parser...


===================================
LINEUP Capacity Parser Complete
===================================
Input : COOIS_Capacities_Latest.txt
Output: capacities_clean.csv
Rows  : 6226


===================================
LINEUP Production Parser Complete
===================================
Input : COOIS_ProductionList_Latest.txt
Output: production_list_clean.csv
Rows  : 2371


===================================
LINEUP Capacity Summary Complete
===================================
Input : capacities_clean.csv
Output: capacities_order_summary.csv
Rows  : 970


===================================
LINEUP Merge Complete
===================================
Production input : production_list_clean.csv
Capacity input   : capacities_order_summary.csv
Output           : master_schedule.csv
Rows             : 970
Missing metadata : 0


===================================
LINEUP Scheduling Complete
===================================
Scheduled orders : 39
Overflow orders  : 0
SAP minutes      : unchanged by default
Staffing         : explicit overrides only
Queue stability  : current + one automatic order
Insights         : assignment reasons and confidence


===================================
LINEUP Dashboard Build Complete
===================================
Input       : scheduled_orders.csv
Output      : C:\LINEUP\output\dashboard.html
Insights    : assignment reasons and confidence
Remaining   : SAP versus adjusted
Utilisation : working-calendar aware


===================================
LINEUP Schedule Report Complete
===================================
Bench utilisation: bench_utilisation.csv
Schedule summary : schedule_summary.csv


===================================
LINEUP Split Recommendations Complete
===================================
Recommendations : 0
Window          : due today or next working day only
SAP minutes     : used unchanged by default
Staffing        : explicit overrides only
Planner work    : live, held, split, forced and board orders excluded
Output          : split_recommendations.csv

[26/07/2026  4:32:06.49] Step 5 - Marking LINEUP run as successful... 
LINEUP status marked as successful.
[26/07/2026  4:32:06.83] Step 6 - Rebuilding dashboard with final status... 

===================================
LINEUP Dashboard Build Complete
===================================
Input       : scheduled_orders.csv
Output      : C:\LINEUP\output\dashboard.html
Insights    : assignment reasons and confidence
Remaining   : SAP versus adjusted
Utilisation : working-calendar aware

=================================== 
LINEUP background update finished 
26/07/2026  4:32:07.18 
=================================== 
 
=================================== 
LINEUP background update started 
26/07/2026  4:45:03.13 
=================================== 
[26/07/2026  4:45:03.13] Activating virtual environment... 
[26/07/2026  4:45:03.66] Step 0 - Marking LINEUP run as started... 
LINEUP status marked as running.
[26/07/2026  4:45:04.00] Step 1 - Backing up LINEUP config... 

===================================
LINEUP Config Backup Complete
===================================
Backup folder : C:\LINEUP\backups\2026-07-26_044504
Files copied  : 4
Old backups removed: 1

[26/07/2026  4:45:04.35] Step 2 - Running SAP capacity export... 
COOIS capacities export complete:
C:\LINEUP\data\raw\COOIS_Capacities_Latest.txt
[26/07/2026  4:45:27.25] Step 3 - Running SAP production list export... 
COOIS production list export complete:
C:\LINEUP\data\raw\COOIS_ProductionList_Latest.txt
[26/07/2026  4:47:03.67] Step 4 - Running LINEUP processing pipeline... 
LINEUP
Starting capacity parser...


===================================
LINEUP Capacity Parser Complete
===================================
Input : COOIS_Capacities_Latest.txt
Output: capacities_clean.csv
Rows  : 6226


===================================
LINEUP Production Parser Complete
===================================
Input : COOIS_ProductionList_Latest.txt
Output: production_list_clean.csv
Rows  : 2371


===================================
LINEUP Capacity Summary Complete
===================================
Input : capacities_clean.csv
Output: capacities_order_summary.csv
Rows  : 970


===================================
LINEUP Merge Complete
===================================
Production input : production_list_clean.csv
Capacity input   : capacities_order_summary.csv
Output           : master_schedule.csv
Rows             : 970
Missing metadata : 0


===================================
LINEUP Scheduling Complete
===================================
Scheduled orders : 39
Overflow orders  : 0
SAP minutes      : unchanged by default
Staffing         : explicit overrides only
Queue stability  : current + one automatic order
Insights         : assignment reasons and confidence


===================================
LINEUP Dashboard Build Complete
===================================
Input       : scheduled_orders.csv
Output      : C:\LINEUP\output\dashboard.html
Insights    : assignment reasons and confidence
Remaining   : SAP versus adjusted
Utilisation : working-calendar aware


===================================
LINEUP Schedule Report Complete
===================================
Bench utilisation: bench_utilisation.csv
Schedule summary : schedule_summary.csv


===================================
LINEUP Split Recommendations Complete
===================================
Recommendations : 0
Window          : due today or next working day only
SAP minutes     : used unchanged by default
Staffing        : explicit overrides only
Planner work    : live, held, split, forced and board orders excluded
Output          : split_recommendations.csv

[26/07/2026  4:47:04.20] Step 5 - Marking LINEUP run as successful... 
LINEUP status marked as successful.
[26/07/2026  4:47:04.53] Step 6 - Rebuilding dashboard with final status... 

===================================
LINEUP Dashboard Build Complete
===================================
Input       : scheduled_orders.csv
Output      : C:\LINEUP\output\dashboard.html
Insights    : assignment reasons and confidence
Remaining   : SAP versus adjusted
Utilisation : working-calendar aware

=================================== 
LINEUP background update finished 
26/07/2026  4:47:04.85 
=================================== 
 
=================================== 
LINEUP background update started 
26/07/2026  5:00:03.21 
=================================== 
[26/07/2026  5:00:03.21] Activating virtual environment... 
[26/07/2026  5:00:03.74] Step 0 - Marking LINEUP run as started... 
LINEUP status marked as running.
[26/07/2026  5:00:04.04] Step 1 - Backing up LINEUP config... 

===================================
LINEUP Config Backup Complete
===================================
Backup folder : C:\LINEUP\backups\2026-07-26_050004
Files copied  : 4
Old backups removed: 1

[26/07/2026  5:00:04.38] Step 2 - Running SAP capacity export... 
COOIS capacities export complete:
C:\LINEUP\data\raw\COOIS_Capacities_Latest.txt
[26/07/2026  5:00:26.95] Step 3 - Running SAP production list export... 
COOIS production list export complete:
C:\LINEUP\data\raw\COOIS_ProductionList_Latest.txt
[26/07/2026  5:01:58.29] Step 4 - Running LINEUP processing pipeline... 
LINEUP
Starting capacity parser...


===================================
LINEUP Capacity Parser Complete
===================================
Input : COOIS_Capacities_Latest.txt
Output: capacities_clean.csv
Rows  : 6226


===================================
LINEUP Production Parser Complete
===================================
Input : COOIS_ProductionList_Latest.txt
Output: production_list_clean.csv
Rows  : 2371


===================================
LINEUP Capacity Summary Complete
===================================
Input : capacities_clean.csv
Output: capacities_order_summary.csv
Rows  : 970


===================================
LINEUP Merge Complete
===================================
Production input : production_list_clean.csv
Capacity input   : capacities_order_summary.csv
Output           : master_schedule.csv
Rows             : 970
Missing metadata : 0


===================================
LINEUP Scheduling Complete
===================================
Scheduled orders : 39
Overflow orders  : 0
SAP minutes      : unchanged by default
Staffing         : explicit overrides only
Queue stability  : current + one automatic order
Insights         : assignment reasons and confidence


===================================
LINEUP Dashboard Build Complete
===================================
Input       : scheduled_orders.csv
Output      : C:\LINEUP\output\dashboard.html
Insights    : assignment reasons and confidence
Remaining   : SAP versus adjusted
Utilisation : working-calendar aware


===================================
LINEUP Schedule Report Complete
===================================
Bench utilisation: bench_utilisation.csv
Schedule summary : schedule_summary.csv


===================================
LINEUP Split Recommendations Complete
===================================
Recommendations : 0
Window          : due today or next working day only
SAP minutes     : used unchanged by default
Staffing        : explicit overrides only
Planner work    : live, held, split, forced and board orders excluded
Output          : split_recommendations.csv

[26/07/2026  5:01:58.76] Step 5 - Marking LINEUP run as successful... 
LINEUP status marked as successful.
[26/07/2026  5:01:59.08] Step 6 - Rebuilding dashboard with final status... 

===================================
LINEUP Dashboard Build Complete
===================================
Input       : scheduled_orders.csv
Output      : C:\LINEUP\output\dashboard.html
Insights    : assignment reasons and confidence
Remaining   : SAP versus adjusted
Utilisation : working-calendar aware

=================================== 
LINEUP background update finished 
26/07/2026  5:01:59.41 
=================================== 
 
=================================== 
LINEUP background update started 
26/07/2026  5:15:03.14 
=================================== 
[26/07/2026  5:15:03.14] Activating virtual environment... 
[26/07/2026  5:15:03.64] Step 0 - Marking LINEUP run as started... 
LINEUP status marked as running.
[26/07/2026  5:15:03.99] Step 1 - Backing up LINEUP config... 

===================================
LINEUP Config Backup Complete
===================================
Backup folder : C:\LINEUP\backups\2026-07-26_051504
Files copied  : 4
Old backups removed: 1

[26/07/2026  5:15:04.33] Step 2 - Running SAP capacity export... 
COOIS capacities export complete:
C:\LINEUP\data\raw\COOIS_Capacities_Latest.txt
[26/07/2026  5:15:27.90] Step 3 - Running SAP production list export... 
COOIS production list export complete:
C:\LINEUP\data\raw\COOIS_ProductionList_Latest.txt
[26/07/2026  5:17:18.86] Step 4 - Running LINEUP processing pipeline... 
LINEUP
Starting capacity parser...


===================================
LINEUP Capacity Parser Complete
===================================
Input : COOIS_Capacities_Latest.txt
Output: capacities_clean.csv
Rows  : 6226


===================================
LINEUP Production Parser Complete
===================================
Input : COOIS_ProductionList_Latest.txt
Output: production_list_clean.csv
Rows  : 2371


===================================
LINEUP Capacity Summary Complete
===================================
Input : capacities_clean.csv
Output: capacities_order_summary.csv
Rows  : 970


===================================
LINEUP Merge Complete
===================================
Production input : production_list_clean.csv
Capacity input   : capacities_order_summary.csv
Output           : master_schedule.csv
Rows             : 970
Missing metadata : 0


===================================
LINEUP Scheduling Complete
===================================
Scheduled orders : 39
Overflow orders  : 0
SAP minutes      : unchanged by default
Staffing         : explicit overrides only
Queue stability  : current + one automatic order
Insights         : assignment reasons and confidence


===================================
LINEUP Dashboard Build Complete
===================================
Input       : scheduled_orders.csv
Output      : C:\LINEUP\output\dashboard.html
Insights    : assignment reasons and confidence
Remaining   : SAP versus adjusted
Utilisation : working-calendar aware


===================================
LINEUP Schedule Report Complete
===================================
Bench utilisation: bench_utilisation.csv
Schedule summary : schedule_summary.csv


===================================
LINEUP Split Recommendations Complete
===================================
Recommendations : 0
Window          : due today or next working day only
SAP minutes     : used unchanged by default
Staffing        : explicit overrides only
Planner work    : live, held, split, forced and board orders excluded
Output          : split_recommendations.csv

[26/07/2026  5:17:19.33] Step 5 - Marking LINEUP run as successful... 
LINEUP status marked as successful.
[26/07/2026  5:17:19.65] Step 6 - Rebuilding dashboard with final status... 

===================================
LINEUP Dashboard Build Complete
===================================
Input       : scheduled_orders.csv
Output      : C:\LINEUP\output\dashboard.html
Insights    : assignment reasons and confidence
Remaining   : SAP versus adjusted
Utilisation : working-calendar aware

=================================== 
LINEUP background update finished 
26/07/2026  5:17:20.00 
=================================== 
 
=================================== 
LINEUP background update started 
26/07/2026  5:30:03.11 
=================================== 
[26/07/2026  5:30:03.12] Activating virtual environment... 
[26/07/2026  5:30:03.63] Step 0 - Marking LINEUP run as started... 
LINEUP status marked as running.
[26/07/2026  5:30:03.94] Step 1 - Backing up LINEUP config... 

===================================
LINEUP Config Backup Complete
===================================
Backup folder : C:\LINEUP\backups\2026-07-26_053004
Files copied  : 4
Old backups removed: 1

[26/07/2026  5:30:04.30] Step 2 - Running SAP capacity export... 
COOIS capacities export complete:
C:\LINEUP\data\raw\COOIS_Capacities_Latest.txt
[26/07/2026  5:30:28.65] Step 3 - Running SAP production list export... 
COOIS production list export complete:
C:\LINEUP\data\raw\COOIS_ProductionList_Latest.txt
[26/07/2026  5:32:30.81] Step 4 - Running LINEUP processing pipeline... 
LINEUP
Starting capacity parser...


===================================
LINEUP Capacity Parser Complete
===================================
Input : COOIS_Capacities_Latest.txt
Output: capacities_clean.csv
Rows  : 6226


===================================
LINEUP Production Parser Complete
===================================
Input : COOIS_ProductionList_Latest.txt
Output: production_list_clean.csv
Rows  : 2371


===================================
LINEUP Capacity Summary Complete
===================================
Input : capacities_clean.csv
Output: capacities_order_summary.csv
Rows  : 970


===================================
LINEUP Merge Complete
===================================
Production input : production_list_clean.csv
Capacity input   : capacities_order_summary.csv
Output           : master_schedule.csv
Rows             : 970
Missing metadata : 0


===================================
LINEUP Scheduling Complete
===================================
Scheduled orders : 39
Overflow orders  : 0
SAP minutes      : unchanged by default
Staffing         : explicit overrides only
Queue stability  : current + one automatic order
Insights         : assignment reasons and confidence


===================================
LINEUP Dashboard Build Complete
===================================
Input       : scheduled_orders.csv
Output      : C:\LINEUP\output\dashboard.html
Insights    : assignment reasons and confidence
Remaining   : SAP versus adjusted
Utilisation : working-calendar aware


===================================
LINEUP Schedule Report Complete
===================================
Bench utilisation: bench_utilisation.csv
Schedule summary : schedule_summary.csv


===================================
LINEUP Split Recommendations Complete
===================================
Recommendations : 0
Window          : due today or next working day only
SAP minutes     : used unchanged by default
Staffing        : explicit overrides only
Planner work    : live, held, split, forced and board orders excluded
Output          : split_recommendations.csv

[26/07/2026  5:32:31.27] Step 5 - Marking LINEUP run as successful... 
LINEUP status marked as successful.
[26/07/2026  5:32:31.58] Step 6 - Rebuilding dashboard with final status... 

===================================
LINEUP Dashboard Build Complete
===================================
Input       : scheduled_orders.csv
Output      : C:\LINEUP\output\dashboard.html
Insights    : assignment reasons and confidence
Remaining   : SAP versus adjusted
Utilisation : working-calendar aware

=================================== 
LINEUP background update finished 
26/07/2026  5:32:31.92 
=================================== 
 
=================================== 
LINEUP background update started 
26/07/2026  5:45:03.09 
=================================== 
[26/07/2026  5:45:03.09] Activating virtual environment... 
[26/07/2026  5:45:03.62] Step 0 - Marking LINEUP run as started... 
LINEUP status marked as running.
[26/07/2026  5:45:03.93] Step 1 - Backing up LINEUP config... 

===================================
LINEUP Config Backup Complete
===================================
Backup folder : C:\LINEUP\backups\2026-07-26_054504
Files copied  : 4
Old backups removed: 1

[26/07/2026  5:45:04.27] Step 2 - Running SAP capacity export... 
COOIS capacities export complete:
C:\LINEUP\data\raw\COOIS_Capacities_Latest.txt
[26/07/2026  5:45:29.44] Step 3 - Running SAP production list export... 
COOIS production list export complete:
C:\LINEUP\data\raw\COOIS_ProductionList_Latest.txt
[26/07/2026  5:47:09.78] Step 4 - Running LINEUP processing pipeline... 
LINEUP
Starting capacity parser...


===================================
LINEUP Capacity Parser Complete
===================================
Input : COOIS_Capacities_Latest.txt
Output: capacities_clean.csv
Rows  : 6226


===================================
LINEUP Production Parser Complete
===================================
Input : COOIS_ProductionList_Latest.txt
Output: production_list_clean.csv
Rows  : 2371


===================================
LINEUP Capacity Summary Complete
===================================
Input : capacities_clean.csv
Output: capacities_order_summary.csv
Rows  : 970


===================================
LINEUP Merge Complete
===================================
Production input : production_list_clean.csv
Capacity input   : capacities_order_summary.csv
Output           : master_schedule.csv
Rows             : 970
Missing metadata : 0


===================================
LINEUP Scheduling Complete
===================================
Scheduled orders : 39
Overflow orders  : 0
SAP minutes      : unchanged by default
Staffing         : explicit overrides only
Queue stability  : current + one automatic order
Insights         : assignment reasons and confidence


===================================
LINEUP Dashboard Build Complete
===================================
Input       : scheduled_orders.csv
Output      : C:\LINEUP\output\dashboard.html
Insights    : assignment reasons and confidence
Remaining   : SAP versus adjusted
Utilisation : working-calendar aware


===================================
LINEUP Schedule Report Complete
===================================
Bench utilisation: bench_utilisation.csv
Schedule summary : schedule_summary.csv


===================================
LINEUP Split Recommendations Complete
===================================
Recommendations : 0
Window          : due today or next working day only
SAP minutes     : used unchanged by default
Staffing        : explicit overrides only
Planner work    : live, held, split, forced and board orders excluded
Output          : split_recommendations.csv

[26/07/2026  5:47:10.25] Step 5 - Marking LINEUP run as successful... 
LINEUP status marked as successful.
[26/07/2026  5:47:10.57] Step 6 - Rebuilding dashboard with final status... 

===================================
LINEUP Dashboard Build Complete
===================================
Input       : scheduled_orders.csv
Output      : C:\LINEUP\output\dashboard.html
Insights    : assignment reasons and confidence
Remaining   : SAP versus adjusted
Utilisation : working-calendar aware

=================================== 
LINEUP background update finished 
26/07/2026  5:47:10.90 
=================================== 
 
=================================== 
LINEUP background update started 
26/07/2026  6:00:03.11 
=================================== 
[26/07/2026  6:00:03.11] Activating virtual environment... 
[26/07/2026  6:00:03.62] Step 0 - Marking LINEUP run as started... 
LINEUP status marked as running.
[26/07/2026  6:00:03.95] Step 1 - Backing up LINEUP config... 

===================================
LINEUP Config Backup Complete
===================================
Backup folder : C:\LINEUP\backups\2026-07-26_060004
Files copied  : 4
Old backups removed: 1

[26/07/2026  6:00:04.29] Step 2 - Running SAP capacity export... 
COOIS capacities export complete:
C:\LINEUP\data\raw\COOIS_Capacities_Latest.txt
[26/07/2026  6:00:26.99] Step 3 - Running SAP production list export... 
COOIS production list export complete:
C:\LINEUP\data\raw\COOIS_ProductionList_Latest.txt
[26/07/2026  6:03:04.12] Step 4 - Running LINEUP processing pipeline... 
LINEUP
Starting capacity parser...


===================================
LINEUP Capacity Parser Complete
===================================
Input : COOIS_Capacities_Latest.txt
Output: capacities_clean.csv
Rows  : 6226


===================================
LINEUP Production Parser Complete
===================================
Input : COOIS_ProductionList_Latest.txt
Output: production_list_clean.csv
Rows  : 2371


===================================
LINEUP Capacity Summary Complete
===================================
Input : capacities_clean.csv
Output: capacities_order_summary.csv
Rows  : 970


===================================
LINEUP Merge Complete
===================================
Production input : production_list_clean.csv
Capacity input   : capacities_order_summary.csv
Output           : master_schedule.csv
Rows             : 970
Missing metadata : 0


===================================
LINEUP Scheduling Complete
===================================
Scheduled orders : 39
Overflow orders  : 0
SAP minutes      : unchanged by default
Staffing         : explicit overrides only
Queue stability  : current + one automatic order
Insights         : assignment reasons and confidence


===================================
LINEUP Dashboard Build Complete
===================================
Input       : scheduled_orders.csv
Output      : C:\LINEUP\output\dashboard.html
Insights    : assignment reasons and confidence
Remaining   : SAP versus adjusted
Utilisation : working-calendar aware


===================================
LINEUP Schedule Report Complete
===================================
Bench utilisation: bench_utilisation.csv
Schedule summary : schedule_summary.csv


===================================
LINEUP Split Recommendations Complete
===================================
Recommendations : 0
Window          : due today or next working day only
SAP minutes     : used unchanged by default
Staffing        : explicit overrides only
Planner work    : live, held, split, forced and board orders excluded
Output          : split_recommendations.csv

[26/07/2026  6:03:04.61] Step 5 - Marking LINEUP run as successful... 
LINEUP status marked as successful.
[26/07/2026  6:03:04.95] Step 6 - Rebuilding dashboard with final status... 

===================================
LINEUP Dashboard Build Complete
===================================
Input       : scheduled_orders.csv
Output      : C:\LINEUP\output\dashboard.html
Insights    : assignment reasons and confidence
Remaining   : SAP versus adjusted
Utilisation : working-calendar aware

=================================== 
LINEUP background update finished 
26/07/2026  6:03:05.31 
=================================== 
 
=================================== 
LINEUP background update started 
26/07/2026  6:15:04.07 
=================================== 
[26/07/2026  6:15:04.07] Activating virtual environment... 
[26/07/2026  6:15:04.59] Step 0 - Marking LINEUP run as started... 
LINEUP status marked as running.
[26/07/2026  6:15:04.93] Step 1 - Backing up LINEUP config... 

===================================
LINEUP Config Backup Complete
===================================
Backup folder : C:\LINEUP\backups\2026-07-26_061505
Files copied  : 4
Old backups removed: 1

[26/07/2026  6:15:05.25] Step 2 - Running SAP capacity export... 
COOIS capacities export complete:
C:\LINEUP\data\raw\COOIS_Capacities_Latest.txt
[26/07/2026  6:15:27.97] Step 3 - Running SAP production list export... 
COOIS production list export complete:
C:\LINEUP\data\raw\COOIS_ProductionList_Latest.txt
[26/07/2026  6:17:13.53] Step 4 - Running LINEUP processing pipeline... 
LINEUP
Starting capacity parser...


===================================
LINEUP Capacity Parser Complete
===================================
Input : COOIS_Capacities_Latest.txt
Output: capacities_clean.csv
Rows  : 6226


===================================
LINEUP Production Parser Complete
===================================
Input : COOIS_ProductionList_Latest.txt
Output: production_list_clean.csv
Rows  : 2371


===================================
LINEUP Capacity Summary Complete
===================================
Input : capacities_clean.csv
Output: capacities_order_summary.csv
Rows  : 970


===================================
LINEUP Merge Complete
===================================
Production input : production_list_clean.csv
Capacity input   : capacities_order_summary.csv
Output           : master_schedule.csv
Rows             : 970
Missing metadata : 0


===================================
LINEUP Scheduling Complete
===================================
Scheduled orders : 39
Overflow orders  : 0
SAP minutes      : unchanged by default
Staffing         : explicit overrides only
Queue stability  : current + one automatic order
Insights         : assignment reasons and confidence


===================================
LINEUP Dashboard Build Complete
===================================
Input       : scheduled_orders.csv
Output      : C:\LINEUP\output\dashboard.html
Insights    : assignment reasons and confidence
Remaining   : SAP versus adjusted
Utilisation : working-calendar aware


===================================
LINEUP Schedule Report Complete
===================================
Bench utilisation: bench_utilisation.csv
Schedule summary : schedule_summary.csv


===================================
LINEUP Split Recommendations Complete
===================================
Recommendations : 0
Window          : due today or next working day only
SAP minutes     : used unchanged by default
Staffing        : explicit overrides only
Planner work    : live, held, split, forced and board orders excluded
Output          : split_recommendations.csv

[26/07/2026  6:17:14.23] Step 5 - Marking LINEUP run as successful... 
LINEUP status marked as successful.
[26/07/2026  6:17:14.53] Step 6 - Rebuilding dashboard with final status... 

===================================
LINEUP Dashboard Build Complete
===================================
Input       : scheduled_orders.csv
Output      : C:\LINEUP\output\dashboard.html
Insights    : assignment reasons and confidence
Remaining   : SAP versus adjusted
Utilisation : working-calendar aware

=================================== 
LINEUP background update finished 
26/07/2026  6:17:14.85 
=================================== 
 
=================================== 
LINEUP background update started 
26/07/2026  6:30:03.19 
=================================== 
[26/07/2026  6:30:03.19] Activating virtual environment... 
[26/07/2026  6:30:03.70] Step 0 - Marking LINEUP run as started... 
LINEUP status marked as running.
[26/07/2026  6:30:04.02] Step 1 - Backing up LINEUP config... 

===================================
LINEUP Config Backup Complete
===================================
Backup folder : C:\LINEUP\backups\2026-07-26_063004
Files copied  : 4
Old backups removed: 1

[26/07/2026  6:30:04.38] Step 2 - Running SAP capacity export... 
COOIS capacities export complete:
C:\LINEUP\data\raw\COOIS_Capacities_Latest.txt
[26/07/2026  6:30:27.23] Step 3 - Running SAP production list export... 
COOIS production list export complete:
C:\LINEUP\data\raw\COOIS_ProductionList_Latest.txt
[26/07/2026  6:32:22.04] Step 4 - Running LINEUP processing pipeline... 
LINEUP
Starting capacity parser...


===================================
LINEUP Capacity Parser Complete
===================================
Input : COOIS_Capacities_Latest.txt
Output: capacities_clean.csv
Rows  : 6226


===================================
LINEUP Production Parser Complete
===================================
Input : COOIS_ProductionList_Latest.txt
Output: production_list_clean.csv
Rows  : 2371


===================================
LINEUP Capacity Summary Complete
===================================
Input : capacities_clean.csv
Output: capacities_order_summary.csv
Rows  : 970


===================================
LINEUP Merge Complete
===================================
Production input : production_list_clean.csv
Capacity input   : capacities_order_summary.csv
Output           : master_schedule.csv
Rows             : 970
Missing metadata : 0


===================================
LINEUP Scheduling Complete
===================================
Scheduled orders : 39
Overflow orders  : 0
SAP minutes      : unchanged by default
Staffing         : explicit overrides only
Queue stability  : current + one automatic order
Insights         : assignment reasons and confidence


===================================
LINEUP Dashboard Build Complete
===================================
Input       : scheduled_orders.csv
Output      : C:\LINEUP\output\dashboard.html
Insights    : assignment reasons and confidence
Remaining   : SAP versus adjusted
Utilisation : working-calendar aware


===================================
LINEUP Schedule Report Complete
===================================
Bench utilisation: bench_utilisation.csv
Schedule summary : schedule_summary.csv


===================================
LINEUP Split Recommendations Complete
===================================
Recommendations : 0
Window          : due today or next working day only
SAP minutes     : used unchanged by default
Staffing        : explicit overrides only
Planner work    : live, held, split, forced and board orders excluded
Output          : split_recommendations.csv

[26/07/2026  6:32:22.53] Step 5 - Marking LINEUP run as successful... 
LINEUP status marked as successful.
[26/07/2026  6:32:22.85] Step 6 - Rebuilding dashboard with final status... 

===================================
LINEUP Dashboard Build Complete
===================================
Input       : scheduled_orders.csv
Output      : C:\LINEUP\output\dashboard.html
Insights    : assignment reasons and confidence
Remaining   : SAP versus adjusted
Utilisation : working-calendar aware

=================================== 
LINEUP background update finished 
26/07/2026  6:32:23.17 
=================================== 
 
=================================== 
LINEUP background update started 
26/07/2026  6:45:03.17 
=================================== 
[26/07/2026  6:45:03.17] Activating virtual environment... 
[26/07/2026  6:45:03.70] Step 0 - Marking LINEUP run as started... 
LINEUP status marked as running.
[26/07/2026  6:45:04.03] Step 1 - Backing up LINEUP config... 

===================================
LINEUP Config Backup Complete
===================================
Backup folder : C:\LINEUP\backups\2026-07-26_064504
Files copied  : 4
Old backups removed: 1

[26/07/2026  6:45:04.36] Step 2 - Running SAP capacity export... 
COOIS capacities export complete:
C:\LINEUP\data\raw\COOIS_Capacities_Latest.txt
[26/07/2026  6:45:26.17] Step 3 - Running SAP production list export... 
COOIS production list export complete:
C:\LINEUP\data\raw\COOIS_ProductionList_Latest.txt
[26/07/2026  6:46:59.70] Step 4 - Running LINEUP processing pipeline... 
LINEUP
Starting capacity parser...


===================================
LINEUP Capacity Parser Complete
===================================
Input : COOIS_Capacities_Latest.txt
Output: capacities_clean.csv
Rows  : 6226


===================================
LINEUP Production Parser Complete
===================================
Input : COOIS_ProductionList_Latest.txt
Output: production_list_clean.csv
Rows  : 2371


===================================
LINEUP Capacity Summary Complete
===================================
Input : capacities_clean.csv
Output: capacities_order_summary.csv
Rows  : 970


===================================
LINEUP Merge Complete
===================================
Production input : production_list_clean.csv
Capacity input   : capacities_order_summary.csv
Output           : master_schedule.csv
Rows             : 970
Missing metadata : 0


===================================
LINEUP Scheduling Complete
===================================
Scheduled orders : 39
Overflow orders  : 0
SAP minutes      : unchanged by default
Staffing         : explicit overrides only
Queue stability  : current + one automatic order
Insights         : assignment reasons and confidence


===================================
LINEUP Dashboard Build Complete
===================================
Input       : scheduled_orders.csv
Output      : C:\LINEUP\output\dashboard.html
Insights    : assignment reasons and confidence
Remaining   : SAP versus adjusted
Utilisation : working-calendar aware


===================================
LINEUP Schedule Report Complete
===================================
Bench utilisation: bench_utilisation.csv
Schedule summary : schedule_summary.csv


===================================
LINEUP Split Recommendations Complete
===================================
Recommendations : 0
Window          : due today or next working day only
SAP minutes     : used unchanged by default
Staffing        : explicit overrides only
Planner work    : live, held, split, forced and board orders excluded
Output          : split_recommendations.csv

[26/07/2026  6:47:00.17] Step 5 - Marking LINEUP run as successful... 
LINEUP status marked as successful.
[26/07/2026  6:47:00.47] Step 6 - Rebuilding dashboard with final status... 

===================================
LINEUP Dashboard Build Complete
===================================
Input       : scheduled_orders.csv
Output      : C:\LINEUP\output\dashboard.html
Insights    : assignment reasons and confidence
Remaining   : SAP versus adjusted
Utilisation : working-calendar aware

=================================== 
LINEUP background update finished 
26/07/2026  6:47:00.79 
=================================== 
 
=================================== 
LINEUP background update started 
26/07/2026  7:00:03.20 
=================================== 
[26/07/2026  7:00:03.20] Activating virtual environment... 
[26/07/2026  7:00:03.71] Step 0 - Marking LINEUP run as started... 
LINEUP status marked as running.
[26/07/2026  7:00:04.01] Step 1 - Backing up LINEUP config... 

===================================
LINEUP Config Backup Complete
===================================
Backup folder : C:\LINEUP\backups\2026-07-26_070004
Files copied  : 4
Old backups removed: 1

[26/07/2026  7:00:04.37] Step 2 - Running SAP capacity export... 
COOIS capacities export complete:
C:\LINEUP\data\raw\COOIS_Capacities_Latest.txt
[26/07/2026  7:00:28.24] Step 3 - Running SAP production list export... 
COOIS production list export complete:
C:\LINEUP\data\raw\COOIS_ProductionList_Latest.txt
[26/07/2026  7:02:33.49] Step 4 - Running LINEUP processing pipeline... 
LINEUP
Starting capacity parser...


===================================
LINEUP Capacity Parser Complete
===================================
Input : COOIS_Capacities_Latest.txt
Output: capacities_clean.csv
Rows  : 6226


===================================
LINEUP Production Parser Complete
===================================
Input : COOIS_ProductionList_Latest.txt
Output: production_list_clean.csv
Rows  : 2371


===================================
LINEUP Capacity Summary Complete
===================================
Input : capacities_clean.csv
Output: capacities_order_summary.csv
Rows  : 970


===================================
LINEUP Merge Complete
===================================
Production input : production_list_clean.csv
Capacity input   : capacities_order_summary.csv
Output           : master_schedule.csv
Rows             : 970
Missing metadata : 0


===================================
LINEUP Scheduling Complete
===================================
Scheduled orders : 39
Overflow orders  : 0
SAP minutes      : unchanged by default
Staffing         : explicit overrides only
Queue stability  : current + one automatic order
Insights         : assignment reasons and confidence


===================================
LINEUP Dashboard Build Complete
===================================
Input       : scheduled_orders.csv
Output      : C:\LINEUP\output\dashboard.html
Insights    : assignment reasons and confidence
Remaining   : SAP versus adjusted
Utilisation : working-calendar aware


===================================
LINEUP Schedule Report Complete
===================================
Bench utilisation: bench_utilisation.csv
Schedule summary : schedule_summary.csv


===================================
LINEUP Split Recommendations Complete
===================================
Recommendations : 0
Window          : due today or next working day only
SAP minutes     : used unchanged by default
Staffing        : explicit overrides only
Planner work    : live, held, split, forced and board orders excluded
Output          : split_recommendations.csv

[26/07/2026  7:02:34.02] Step 5 - Marking LINEUP run as successful... 
LINEUP status marked as successful.
[26/07/2026  7:02:34.32] Step 6 - Rebuilding dashboard with final status... 

===================================
LINEUP Dashboard Build Complete
===================================
Input       : scheduled_orders.csv
Output      : C:\LINEUP\output\dashboard.html
Insights    : assignment reasons and confidence
Remaining   : SAP versus adjusted
Utilisation : working-calendar aware

=================================== 
LINEUP background update finished 
26/07/2026  7:02:34.64 
=================================== 
 
=================================== 
LINEUP background update started 
26/07/2026  7:15:03.20 
=================================== 
[26/07/2026  7:15:03.20] Activating virtual environment... 
[26/07/2026  7:15:03.72] Step 0 - Marking LINEUP run as started... 
LINEUP status marked as running.
[26/07/2026  7:15:04.06] Step 1 - Backing up LINEUP config... 

===================================
LINEUP Config Backup Complete
===================================
Backup folder : C:\LINEUP\backups\2026-07-26_071504
Files copied  : 4
Old backups removed: 1

[26/07/2026  7:15:04.39] Step 2 - Running SAP capacity export... 
COOIS capacities export complete:
C:\LINEUP\data\raw\COOIS_Capacities_Latest.txt
[26/07/2026  7:15:26.76] Step 3 - Running SAP production list export... 
COOIS production list export complete:
C:\LINEUP\data\raw\COOIS_ProductionList_Latest.txt
[26/07/2026  7:17:02.91] Step 4 - Running LINEUP processing pipeline... 
LINEUP
Starting capacity parser...


===================================
LINEUP Capacity Parser Complete
===================================
Input : COOIS_Capacities_Latest.txt
Output: capacities_clean.csv
Rows  : 6226


===================================
LINEUP Production Parser Complete
===================================
Input : COOIS_ProductionList_Latest.txt
Output: production_list_clean.csv
Rows  : 2371


===================================
LINEUP Capacity Summary Complete
===================================
Input : capacities_clean.csv
Output: capacities_order_summary.csv
Rows  : 970


===================================
LINEUP Merge Complete
===================================
Production input : production_list_clean.csv
Capacity input   : capacities_order_summary.csv
Output           : master_schedule.csv
Rows             : 970
Missing metadata : 0


===================================
LINEUP Scheduling Complete
===================================
Scheduled orders : 39
Overflow orders  : 0
SAP minutes      : unchanged by default
Staffing         : explicit overrides only
Queue stability  : current + one automatic order
Insights         : assignment reasons and confidence


===================================
LINEUP Dashboard Build Complete
===================================
Input       : scheduled_orders.csv
Output      : C:\LINEUP\output\dashboard.html
Insights    : assignment reasons and confidence
Remaining   : SAP versus adjusted
Utilisation : working-calendar aware


===================================
LINEUP Schedule Report Complete
===================================
Bench utilisation: bench_utilisation.csv
Schedule summary : schedule_summary.csv


===================================
LINEUP Split Recommendations Complete
===================================
Recommendations : 0
Window          : due today or next working day only
SAP minutes     : used unchanged by default
Staffing        : explicit overrides only
Planner work    : live, held, split, forced and board orders excluded
Output          : split_recommendations.csv

[26/07/2026  7:17:03.39] Step 5 - Marking LINEUP run as successful... 
LINEUP status marked as successful.
[26/07/2026  7:17:03.72] Step 6 - Rebuilding dashboard with final status... 

===================================
LINEUP Dashboard Build Complete
===================================
Input       : scheduled_orders.csv
Output      : C:\LINEUP\output\dashboard.html
Insights    : assignment reasons and confidence
Remaining   : SAP versus adjusted
Utilisation : working-calendar aware

=================================== 
LINEUP background update finished 
26/07/2026  7:17:04.05 
=================================== 
 
=================================== 
LINEUP background update started 
26/07/2026  7:30:03.14 
=================================== 
[26/07/2026  7:30:03.14] Activating virtual environment... 
[26/07/2026  7:30:03.68] Step 0 - Marking LINEUP run as started... 
LINEUP status marked as running.
[26/07/2026  7:30:03.98] Step 1 - Backing up LINEUP config... 

===================================
LINEUP Config Backup Complete
===================================
Backup folder : C:\LINEUP\backups\2026-07-26_073004
Files copied  : 4
Old backups removed: 1

[26/07/2026  7:30:04.37] Step 2 - Running SAP capacity export... 
COOIS capacities export complete:
C:\LINEUP\data\raw\COOIS_Capacities_Latest.txt
[26/07/2026  7:30:27.13] Step 3 - Running SAP production list export... 
COOIS production list export complete:
C:\LINEUP\data\raw\COOIS_ProductionList_Latest.txt
[26/07/2026  7:32:10.83] Step 4 - Running LINEUP processing pipeline... 
LINEUP
Starting capacity parser...


===================================
LINEUP Capacity Parser Complete
===================================
Input : COOIS_Capacities_Latest.txt
Output: capacities_clean.csv
Rows  : 6226


===================================
LINEUP Production Parser Complete
===================================
Input : COOIS_ProductionList_Latest.txt
Output: production_list_clean.csv
Rows  : 2371


===================================
LINEUP Capacity Summary Complete
===================================
Input : capacities_clean.csv
Output: capacities_order_summary.csv
Rows  : 970


===================================
LINEUP Merge Complete
===================================
Production input : production_list_clean.csv
Capacity input   : capacities_order_summary.csv
Output           : master_schedule.csv
Rows             : 970
Missing metadata : 0


===================================
LINEUP Scheduling Complete
===================================
Scheduled orders : 39
Overflow orders  : 0
SAP minutes      : unchanged by default
Staffing         : explicit overrides only
Queue stability  : current + one automatic order
Insights         : assignment reasons and confidence


===================================
LINEUP Dashboard Build Complete
===================================
Input       : scheduled_orders.csv
Output      : C:\LINEUP\output\dashboard.html
Insights    : assignment reasons and confidence
Remaining   : SAP versus adjusted
Utilisation : working-calendar aware


===================================
LINEUP Schedule Report Complete
===================================
Bench utilisation: bench_utilisation.csv
Schedule summary : schedule_summary.csv


===================================
LINEUP Split Recommendations Complete
===================================
Recommendations : 0
Window          : due today or next working day only
SAP minutes     : used unchanged by default
Staffing        : explicit overrides only
Planner work    : live, held, split, forced and board orders excluded
Output          : split_recommendations.csv

[26/07/2026  7:32:11.30] Step 5 - Marking LINEUP run as successful... 
LINEUP status marked as successful.
[26/07/2026  7:32:11.61] Step 6 - Rebuilding dashboard with final status... 

===================================
LINEUP Dashboard Build Complete
===================================
Input       : scheduled_orders.csv
Output      : C:\LINEUP\output\dashboard.html
Insights    : assignment reasons and confidence
Remaining   : SAP versus adjusted
Utilisation : working-calendar aware

=================================== 
LINEUP background update finished 
26/07/2026  7:32:11.92 
=================================== 
 
=================================== 
LINEUP background update started 
26/07/2026  7:45:03.25 
=================================== 
[26/07/2026  7:45:03.25] Activating virtual environment... 
[26/07/2026  7:45:03.78] Step 0 - Marking LINEUP run as started... 
LINEUP status marked as running.
[26/07/2026  7:45:04.11] Step 1 - Backing up LINEUP config... 

===================================
LINEUP Config Backup Complete
===================================
Backup folder : C:\LINEUP\backups\2026-07-26_074504
Files copied  : 4
Old backups removed: 1

[26/07/2026  7:45:04.45] Step 2 - Running SAP capacity export... 
COOIS capacities export complete:
C:\LINEUP\data\raw\COOIS_Capacities_Latest.txt
[26/07/2026  7:45:26.35] Step 3 - Running SAP production list export... 
COOIS production list export complete:
C:\LINEUP\data\raw\COOIS_ProductionList_Latest.txt
[26/07/2026  7:46:54.65] Step 4 - Running LINEUP processing pipeline... 
LINEUP
Starting capacity parser...


===================================
LINEUP Capacity Parser Complete
===================================
Input : COOIS_Capacities_Latest.txt
Output: capacities_clean.csv
Rows  : 6226


===================================
LINEUP Production Parser Complete
===================================
Input : COOIS_ProductionList_Latest.txt
Output: production_list_clean.csv
Rows  : 2371


===================================
LINEUP Capacity Summary Complete
===================================
Input : capacities_clean.csv
Output: capacities_order_summary.csv
Rows  : 970


===================================
LINEUP Merge Complete
===================================
Production input : production_list_clean.csv
Capacity input   : capacities_order_summary.csv
Output           : master_schedule.csv
Rows             : 970
Missing metadata : 0


===================================
LINEUP Scheduling Complete
===================================
Scheduled orders : 39
Overflow orders  : 0
SAP minutes      : unchanged by default
Staffing         : explicit overrides only
Queue stability  : current + one automatic order
Insights         : assignment reasons and confidence


===================================
LINEUP Dashboard Build Complete
===================================
Input       : scheduled_orders.csv
Output      : C:\LINEUP\output\dashboard.html
Insights    : assignment reasons and confidence
Remaining   : SAP versus adjusted
Utilisation : working-calendar aware


===================================
LINEUP Schedule Report Complete
===================================
Bench utilisation: bench_utilisation.csv
Schedule summary : schedule_summary.csv


===================================
LINEUP Split Recommendations Complete
===================================
Recommendations : 0
Window          : due today or next working day only
SAP minutes     : used unchanged by default
Staffing        : explicit overrides only
Planner work    : live, held, split, forced and board orders excluded
Output          : split_recommendations.csv

[26/07/2026  7:46:55.16] Step 5 - Marking LINEUP run as successful... 
LINEUP status marked as successful.
[26/07/2026  7:46:55.48] Step 6 - Rebuilding dashboard with final status... 

===================================
LINEUP Dashboard Build Complete
===================================
Input       : scheduled_orders.csv
Output      : C:\LINEUP\output\dashboard.html
Insights    : assignment reasons and confidence
Remaining   : SAP versus adjusted
Utilisation : working-calendar aware

=================================== 
LINEUP background update finished 
26/07/2026  7:46:55.81 
=================================== 
 
=================================== 
LINEUP background update started 
26/07/2026  8:00:03.20 
=================================== 
[26/07/2026  8:00:03.20] Activating virtual environment... 
[26/07/2026  8:00:03.72] Step 0 - Marking LINEUP run as started... 
LINEUP status marked as running.
[26/07/2026  8:00:04.31] Step 1 - Backing up LINEUP config... 

===================================
LINEUP Config Backup Complete
===================================
Backup folder : C:\LINEUP\backups\2026-07-26_080004
Files copied  : 4
Old backups removed: 1

[26/07/2026  8:00:04.63] Step 2 - Running SAP capacity export... 
COOIS capacities export complete:
C:\LINEUP\data\raw\COOIS_Capacities_Latest.txt
[26/07/2026  8:00:28.89] Step 3 - Running SAP production list export... 
COOIS production list export complete:
C:\LINEUP\data\raw\COOIS_ProductionList_Latest.txt
[26/07/2026  8:02:48.08] Step 4 - Running LINEUP processing pipeline... 
LINEUP
Starting capacity parser...


===================================
LINEUP Capacity Parser Complete
===================================
Input : COOIS_Capacities_Latest.txt
Output: capacities_clean.csv
Rows  : 6226


===================================
LINEUP Production Parser Complete
===================================
Input : COOIS_ProductionList_Latest.txt
Output: production_list_clean.csv
Rows  : 2371


===================================
LINEUP Capacity Summary Complete
===================================
Input : capacities_clean.csv
Output: capacities_order_summary.csv
Rows  : 970


===================================
LINEUP Merge Complete
===================================
Production input : production_list_clean.csv
Capacity input   : capacities_order_summary.csv
Output           : master_schedule.csv
Rows             : 970
Missing metadata : 0


===================================
LINEUP Scheduling Complete
===================================
Scheduled orders : 39
Overflow orders  : 0
SAP minutes      : unchanged by default
Staffing         : explicit overrides only
Queue stability  : current + one automatic order
Insights         : assignment reasons and confidence


===================================
LINEUP Dashboard Build Complete
===================================
Input       : scheduled_orders.csv
Output      : C:\LINEUP\output\dashboard.html
Insights    : assignment reasons and confidence
Remaining   : SAP versus adjusted
Utilisation : working-calendar aware


===================================
LINEUP Schedule Report Complete
===================================
Bench utilisation: bench_utilisation.csv
Schedule summary : schedule_summary.csv


===================================
LINEUP Split Recommendations Complete
===================================
Recommendations : 0
Window          : due today or next working day only
SAP minutes     : used unchanged by default
Staffing        : explicit overrides only
Planner work    : live, held, split, forced and board orders excluded
Output          : split_recommendations.csv

[26/07/2026  8:02:48.58] Step 5 - Marking LINEUP run as successful... 
LINEUP status marked as successful.
[26/07/2026  8:02:48.93] Step 6 - Rebuilding dashboard with final status... 

===================================
LINEUP Dashboard Build Complete
===================================
Input       : scheduled_orders.csv
Output      : C:\LINEUP\output\dashboard.html
Insights    : assignment reasons and confidence
Remaining   : SAP versus adjusted
Utilisation : working-calendar aware

=================================== 
LINEUP background update finished 
26/07/2026  8:02:49.27 
=================================== 
 
=================================== 
LINEUP background update started 
26/07/2026  8:15:03.17 
=================================== 
[26/07/2026  8:15:03.17] Activating virtual environment... 
[26/07/2026  8:15:03.69] Step 0 - Marking LINEUP run as started... 
LINEUP status marked as running.
[26/07/2026  8:15:03.99] Step 1 - Backing up LINEUP config... 

===================================
LINEUP Config Backup Complete
===================================
Backup folder : C:\LINEUP\backups\2026-07-26_081504
Files copied  : 4
Old backups removed: 1

[26/07/2026  8:15:04.33] Step 2 - Running SAP capacity export... 
COOIS capacities export complete:
C:\LINEUP\data\raw\COOIS_Capacities_Latest.txt
[26/07/2026  8:15:26.73] Step 3 - Running SAP production list export... 
COOIS production list export complete:
C:\LINEUP\data\raw\COOIS_ProductionList_Latest.txt
[26/07/2026  8:16:53.66] Step 4 - Running LINEUP processing pipeline... 
LINEUP
Starting capacity parser...


===================================
LINEUP Capacity Parser Complete
===================================
Input : COOIS_Capacities_Latest.txt
Output: capacities_clean.csv
Rows  : 6226


===================================
LINEUP Production Parser Complete
===================================
Input : COOIS_ProductionList_Latest.txt
Output: production_list_clean.csv
Rows  : 2371


===================================
LINEUP Capacity Summary Complete
===================================
Input : capacities_clean.csv
Output: capacities_order_summary.csv
Rows  : 970


===================================
LINEUP Merge Complete
===================================
Production input : production_list_clean.csv
Capacity input   : capacities_order_summary.csv
Output           : master_schedule.csv
Rows             : 970
Missing metadata : 0


===================================
LINEUP Scheduling Complete
===================================
Scheduled orders : 39
Overflow orders  : 0
SAP minutes      : unchanged by default
Staffing         : explicit overrides only
Queue stability  : current + one automatic order
Insights         : assignment reasons and confidence


===================================
LINEUP Dashboard Build Complete
===================================
Input       : scheduled_orders.csv
Output      : C:\LINEUP\output\dashboard.html
Insights    : assignment reasons and confidence
Remaining   : SAP versus adjusted
Utilisation : working-calendar aware


===================================
LINEUP Schedule Report Complete
===================================
Bench utilisation: bench_utilisation.csv
Schedule summary : schedule_summary.csv


===================================
LINEUP Split Recommendations Complete
===================================
Recommendations : 0
Window          : due today or next working day only
SAP minutes     : used unchanged by default
Staffing        : explicit overrides only
Planner work    : live, held, split, forced and board orders excluded
Output          : split_recommendations.csv

[26/07/2026  8:16:54.12] Step 5 - Marking LINEUP run as successful... 
LINEUP status marked as successful.
[26/07/2026  8:16:54.43] Step 6 - Rebuilding dashboard with final status... 

===================================
LINEUP Dashboard Build Complete
===================================
Input       : scheduled_orders.csv
Output      : C:\LINEUP\output\dashboard.html
Insights    : assignment reasons and confidence
Remaining   : SAP versus adjusted
Utilisation : working-calendar aware

=================================== 
LINEUP background update finished 
26/07/2026  8:16:54.75 
=================================== 
 
=================================== 
LINEUP background update started 
26/07/2026  8:30:03.12 
=================================== 
[26/07/2026  8:30:03.12] Activating virtual environment... 
[26/07/2026  8:30:03.64] Step 0 - Marking LINEUP run as started... 
LINEUP status marked as running.
[26/07/2026  8:30:03.93] Step 1 - Backing up LINEUP config... 

===================================
LINEUP Config Backup Complete
===================================
Backup folder : C:\LINEUP\backups\2026-07-26_083004
Files copied  : 4
Old backups removed: 1

[26/07/2026  8:30:04.27] Step 2 - Running SAP capacity export... 
COOIS capacities export complete:
C:\LINEUP\data\raw\COOIS_Capacities_Latest.txt
[26/07/2026  8:30:28.68] Step 3 - Running SAP production list export... 
COOIS production list export complete:
C:\LINEUP\data\raw\COOIS_ProductionList_Latest.txt
[26/07/2026  8:32:14.87] Step 4 - Running LINEUP processing pipeline... 
LINEUP
Starting capacity parser...


===================================
LINEUP Capacity Parser Complete
===================================
Input : COOIS_Capacities_Latest.txt
Output: capacities_clean.csv
Rows  : 6226


===================================
LINEUP Production Parser Complete
===================================
Input : COOIS_ProductionList_Latest.txt
Output: production_list_clean.csv
Rows  : 2371


===================================
LINEUP Capacity Summary Complete
===================================
Input : capacities_clean.csv
Output: capacities_order_summary.csv
Rows  : 970


===================================
LINEUP Merge Complete
===================================
Production input : production_list_clean.csv
Capacity input   : capacities_order_summary.csv
Output           : master_schedule.csv
Rows             : 970
Missing metadata : 0


===================================
LINEUP Scheduling Complete
===================================
Scheduled orders : 39
Overflow orders  : 0
SAP minutes      : unchanged by default
Staffing         : explicit overrides only
Queue stability  : current + one automatic order
Insights         : assignment reasons and confidence


===================================
LINEUP Dashboard Build Complete
===================================
Input       : scheduled_orders.csv
Output      : C:\LINEUP\output\dashboard.html
Insights    : assignment reasons and confidence
Remaining   : SAP versus adjusted
Utilisation : working-calendar aware


===================================
LINEUP Schedule Report Complete
===================================
Bench utilisation: bench_utilisation.csv
Schedule summary : schedule_summary.csv


===================================
LINEUP Split Recommendations Complete
===================================
Recommendations : 0
Window          : due today or next working day only
SAP minutes     : used unchanged by default
Staffing        : explicit overrides only
Planner work    : live, held, split, forced and board orders excluded
Output          : split_recommendations.csv

[26/07/2026  8:32:15.34] Step 5 - Marking LINEUP run as successful... 
LINEUP status marked as successful.
[26/07/2026  8:32:15.65] Step 6 - Rebuilding dashboard with final status... 

===================================
LINEUP Dashboard Build Complete
===================================
Input       : scheduled_orders.csv
Output      : C:\LINEUP\output\dashboard.html
Insights    : assignment reasons and confidence
Remaining   : SAP versus adjusted
Utilisation : working-calendar aware

=================================== 
LINEUP background update finished 
26/07/2026  8:32:15.97 
=================================== 
 
=================================== 
LINEUP background update started 
26/07/2026  8:45:03.14 
=================================== 
[26/07/2026  8:45:03.15] Activating virtual environment... 
[26/07/2026  8:45:03.68] Step 0 - Marking LINEUP run as started... 
LINEUP status marked as running.
[26/07/2026  8:45:04.02] Step 1 - Backing up LINEUP config... 

===================================
LINEUP Config Backup Complete
===================================
Backup folder : C:\LINEUP\backups\2026-07-26_084504
Files copied  : 4
Old backups removed: 1

[26/07/2026  8:45:04.39] Step 2 - Running SAP capacity export... 
COOIS capacities export complete:
C:\LINEUP\data\raw\COOIS_Capacities_Latest.txt
[26/07/2026  8:45:26.49] Step 3 - Running SAP production list export... 
COOIS production list export complete:
C:\LINEUP\data\raw\COOIS_ProductionList_Latest.txt
[26/07/2026  8:46:50.95] Step 4 - Running LINEUP processing pipeline... 
LINEUP
Starting capacity parser...


===================================
LINEUP Capacity Parser Complete
===================================
Input : COOIS_Capacities_Latest.txt
Output: capacities_clean.csv
Rows  : 6226


===================================
LINEUP Production Parser Complete
===================================
Input : COOIS_ProductionList_Latest.txt
Output: production_list_clean.csv
Rows  : 2371


===================================
LINEUP Capacity Summary Complete
===================================
Input : capacities_clean.csv
Output: capacities_order_summary.csv
Rows  : 970


===================================
LINEUP Merge Complete
===================================
Production input : production_list_clean.csv
Capacity input   : capacities_order_summary.csv
Output           : master_schedule.csv
Rows             : 970
Missing metadata : 0


===================================
LINEUP Scheduling Complete
===================================
Scheduled orders : 39
Overflow orders  : 0
SAP minutes      : unchanged by default
Staffing         : explicit overrides only
Queue stability  : current + one automatic order
Insights         : assignment reasons and confidence


===================================
LINEUP Dashboard Build Complete
===================================
Input       : scheduled_orders.csv
Output      : C:\LINEUP\output\dashboard.html
Insights    : assignment reasons and confidence
Remaining   : SAP versus adjusted
Utilisation : working-calendar aware


===================================
LINEUP Schedule Report Complete
===================================
Bench utilisation: bench_utilisation.csv
Schedule summary : schedule_summary.csv


===================================
LINEUP Split Recommendations Complete
===================================
Recommendations : 0
Window          : due today or next working day only
SAP minutes     : used unchanged by default
Staffing        : explicit overrides only
Planner work    : live, held, split, forced and board orders excluded
Output          : split_recommendations.csv

[26/07/2026  8:46:51.46] Step 5 - Marking LINEUP run as successful... 
LINEUP status marked as successful.
[26/07/2026  8:46:51.78] Step 6 - Rebuilding dashboard with final status... 

===================================
LINEUP Dashboard Build Complete
===================================
Input       : scheduled_orders.csv
Output      : C:\LINEUP\output\dashboard.html
Insights    : assignment reasons and confidence
Remaining   : SAP versus adjusted
Utilisation : working-calendar aware

=================================== 
LINEUP background update finished 
26/07/2026  8:46:52.10 
=================================== 
 
=================================== 
LINEUP background update started 
26/07/2026  9:00:03.22 
=================================== 
[26/07/2026  9:00:03.22] Activating virtual environment... 
[26/07/2026  9:00:03.76] Step 0 - Marking LINEUP run as started... 
LINEUP status marked as running.
[26/07/2026  9:00:04.08] Step 1 - Backing up LINEUP config... 

===================================
LINEUP Config Backup Complete
===================================
Backup folder : C:\LINEUP\backups\2026-07-26_090004
Files copied  : 4
Old backups removed: 1

[26/07/2026  9:00:04.51] Step 2 - Running SAP capacity export... 
COOIS capacities export complete:
C:\LINEUP\data\raw\COOIS_Capacities_Latest.txt
[26/07/2026  9:00:27.92] Step 3 - Running SAP production list export... 
COOIS production list export complete:
C:\LINEUP\data\raw\COOIS_ProductionList_Latest.txt
[26/07/2026  9:02:11.68] Step 4 - Running LINEUP processing pipeline... 
LINEUP
Starting capacity parser...


===================================
LINEUP Capacity Parser Complete
===================================
Input : COOIS_Capacities_Latest.txt
Output: capacities_clean.csv
Rows  : 6226


===================================
LINEUP Production Parser Complete
===================================
Input : COOIS_ProductionList_Latest.txt
Output: production_list_clean.csv
Rows  : 2371


===================================
LINEUP Capacity Summary Complete
===================================
Input : capacities_clean.csv
Output: capacities_order_summary.csv
Rows  : 970


===================================
LINEUP Merge Complete
===================================
Production input : production_list_clean.csv
Capacity input   : capacities_order_summary.csv
Output           : master_schedule.csv
Rows             : 970
Missing metadata : 0


===================================
LINEUP Scheduling Complete
===================================
Scheduled orders : 39
Overflow orders  : 0
SAP minutes      : unchanged by default
Staffing         : explicit overrides only
Queue stability  : current + one automatic order
Insights         : assignment reasons and confidence


===================================
LINEUP Dashboard Build Complete
===================================
Input       : scheduled_orders.csv
Output      : C:\LINEUP\output\dashboard.html
Insights    : assignment reasons and confidence
Remaining   : SAP versus adjusted
Utilisation : working-calendar aware


===================================
LINEUP Schedule Report Complete
===================================
Bench utilisation: bench_utilisation.csv
Schedule summary : schedule_summary.csv


===================================
LINEUP Split Recommendations Complete
===================================
Recommendations : 0
Window          : due today or next working day only
SAP minutes     : used unchanged by default
Staffing        : explicit overrides only
Planner work    : live, held, split, forced and board orders excluded
Output          : split_recommendations.csv

[26/07/2026  9:02:12.20] Step 5 - Marking LINEUP run as successful... 
LINEUP status marked as successful.
[26/07/2026  9:02:12.50] Step 6 - Rebuilding dashboard with final status... 

===================================
LINEUP Dashboard Build Complete
===================================
Input       : scheduled_orders.csv
Output      : C:\LINEUP\output\dashboard.html
Insights    : assignment reasons and confidence
Remaining   : SAP versus adjusted
Utilisation : working-calendar aware

=================================== 
LINEUP background update finished 
26/07/2026  9:02:12.82 
=================================== 
 
=================================== 
LINEUP background update started 
26/07/2026  9:15:03.16 
=================================== 
[26/07/2026  9:15:03.16] Activating virtual environment... 
[26/07/2026  9:15:03.67] Step 0 - Marking LINEUP run as started... 
LINEUP status marked as running.
[26/07/2026  9:15:04.00] Step 1 - Backing up LINEUP config... 

===================================
LINEUP Config Backup Complete
===================================
Backup folder : C:\LINEUP\backups\2026-07-26_091504
Files copied  : 4
Old backups removed: 1

[26/07/2026  9:15:04.35] Step 2 - Running SAP capacity export... 
COOIS capacities export complete:
C:\LINEUP\data\raw\COOIS_Capacities_Latest.txt
[26/07/2026  9:15:27.93] Step 3 - Running SAP production list export... 
COOIS production list export complete:
C:\LINEUP\data\raw\COOIS_ProductionList_Latest.txt
[26/07/2026  9:17:02.54] Step 4 - Running LINEUP processing pipeline... 
LINEUP
Starting capacity parser...


===================================
LINEUP Capacity Parser Complete
===================================
Input : COOIS_Capacities_Latest.txt
Output: capacities_clean.csv
Rows  : 6226


===================================
LINEUP Production Parser Complete
===================================
Input : COOIS_ProductionList_Latest.txt
Output: production_list_clean.csv
Rows  : 2371


===================================
LINEUP Capacity Summary Complete
===================================
Input : capacities_clean.csv
Output: capacities_order_summary.csv
Rows  : 970


===================================
LINEUP Merge Complete
===================================
Production input : production_list_clean.csv
Capacity input   : capacities_order_summary.csv
Output           : master_schedule.csv
Rows             : 970
Missing metadata : 0


===================================
LINEUP Scheduling Complete
===================================
Scheduled orders : 39
Overflow orders  : 0
SAP minutes      : unchanged by default
Staffing         : explicit overrides only
Queue stability  : current + one automatic order
Insights         : assignment reasons and confidence


===================================
LINEUP Dashboard Build Complete
===================================
Input       : scheduled_orders.csv
Output      : C:\LINEUP\output\dashboard.html
Insights    : assignment reasons and confidence
Remaining   : SAP versus adjusted
Utilisation : working-calendar aware


===================================
LINEUP Schedule Report Complete
===================================
Bench utilisation: bench_utilisation.csv
Schedule summary : schedule_summary.csv


===================================
LINEUP Split Recommendations Complete
===================================
Recommendations : 0
Window          : due today or next working day only
SAP minutes     : used unchanged by default
Staffing        : explicit overrides only
Planner work    : live, held, split, forced and board orders excluded
Output          : split_recommendations.csv

[26/07/2026  9:17:03.01] Step 5 - Marking LINEUP run as successful... 
LINEUP status marked as successful.
[26/07/2026  9:17:03.36] Step 6 - Rebuilding dashboard with final status... 

===================================
LINEUP Dashboard Build Complete
===================================
Input       : scheduled_orders.csv
Output      : C:\LINEUP\output\dashboard.html
Insights    : assignment reasons and confidence
Remaining   : SAP versus adjusted
Utilisation : working-calendar aware

=================================== 
LINEUP background update finished 
26/07/2026  9:17:03.73 
=================================== 
 
=================================== 
LINEUP background update started 
26/07/2026  9:30:03.12 
=================================== 
[26/07/2026  9:30:03.12] Activating virtual environment... 
[26/07/2026  9:30:03.63] Step 0 - Marking LINEUP run as started... 
LINEUP status marked as running.
[26/07/2026  9:30:03.95] Step 1 - Backing up LINEUP config... 

===================================
LINEUP Config Backup Complete
===================================
Backup folder : C:\LINEUP\backups\2026-07-26_093004
Files copied  : 4
Old backups removed: 1

[26/07/2026  9:30:04.30] Step 2 - Running SAP capacity export... 
COOIS capacities export complete:
C:\LINEUP\data\raw\COOIS_Capacities_Latest.txt
[26/07/2026  9:30:27.42] Step 3 - Running SAP production list export... 
COOIS production list export complete:
C:\LINEUP\data\raw\COOIS_ProductionList_Latest.txt
[26/07/2026  9:32:00.66] Step 4 - Running LINEUP processing pipeline... 
LINEUP
Starting capacity parser...


===================================
LINEUP Capacity Parser Complete
===================================
Input : COOIS_Capacities_Latest.txt
Output: capacities_clean.csv
Rows  : 6226


===================================
LINEUP Production Parser Complete
===================================
Input : COOIS_ProductionList_Latest.txt
Output: production_list_clean.csv
Rows  : 2371


===================================
LINEUP Capacity Summary Complete
===================================
Input : capacities_clean.csv
Output: capacities_order_summary.csv
Rows  : 970


===================================
LINEUP Merge Complete
===================================
Production input : production_list_clean.csv
Capacity input   : capacities_order_summary.csv
Output           : master_schedule.csv
Rows             : 970
Missing metadata : 0


===================================
LINEUP Scheduling Complete
===================================
Scheduled orders : 39
Overflow orders  : 0
SAP minutes      : unchanged by default
Staffing         : explicit overrides only
Queue stability  : current + one automatic order
Insights         : assignment reasons and confidence


===================================
LINEUP Dashboard Build Complete
===================================
Input       : scheduled_orders.csv
Output      : C:\LINEUP\output\dashboard.html
Insights    : assignment reasons and confidence
Remaining   : SAP versus adjusted
Utilisation : working-calendar aware


===================================
LINEUP Schedule Report Complete
===================================
Bench utilisation: bench_utilisation.csv
Schedule summary : schedule_summary.csv


===================================
LINEUP Split Recommendations Complete
===================================
Recommendations : 0
Window          : due today or next working day only
SAP minutes     : used unchanged by default
Staffing        : explicit overrides only
Planner work    : live, held, split, forced and board orders excluded
Output          : split_recommendations.csv

[26/07/2026  9:32:01.13] Step 5 - Marking LINEUP run as successful... 
LINEUP status marked as successful.
[26/07/2026  9:32:01.45] Step 6 - Rebuilding dashboard with final status... 

===================================
LINEUP Dashboard Build Complete
===================================
Input       : scheduled_orders.csv
Output      : C:\LINEUP\output\dashboard.html
Insights    : assignment reasons and confidence
Remaining   : SAP versus adjusted
Utilisation : working-calendar aware

=================================== 
LINEUP background update finished 
26/07/2026  9:32:01.80 
=================================== 
 
=================================== 
LINEUP background update started 
26/07/2026  9:45:03.31 
=================================== 
[26/07/2026  9:45:03.31] Activating virtual environment... 
[26/07/2026  9:45:03.80] Step 0 - Marking LINEUP run as started... 
LINEUP status marked as running.
[26/07/2026  9:45:04.12] Step 1 - Backing up LINEUP config... 

===================================
LINEUP Config Backup Complete
===================================
Backup folder : C:\LINEUP\backups\2026-07-26_094504
Files copied  : 4
Old backups removed: 1

[26/07/2026  9:45:04.47] Step 2 - Running SAP capacity export... 
COOIS capacities export complete:
C:\LINEUP\data\raw\COOIS_Capacities_Latest.txt
[26/07/2026  9:45:26.66] Step 3 - Running SAP production list export... 
COOIS production list export complete:
C:\LINEUP\data\raw\COOIS_ProductionList_Latest.txt
[26/07/2026  9:47:01.15] Step 4 - Running LINEUP processing pipeline... 
LINEUP
Starting capacity parser...


===================================
LINEUP Capacity Parser Complete
===================================
Input : COOIS_Capacities_Latest.txt
Output: capacities_clean.csv
Rows  : 6226


===================================
LINEUP Production Parser Complete
===================================
Input : COOIS_ProductionList_Latest.txt
Output: production_list_clean.csv
Rows  : 2371


===================================
LINEUP Capacity Summary Complete
===================================
Input : capacities_clean.csv
Output: capacities_order_summary.csv
Rows  : 970


===================================
LINEUP Merge Complete
===================================
Production input : production_list_clean.csv
Capacity input   : capacities_order_summary.csv
Output           : master_schedule.csv
Rows             : 970
Missing metadata : 0


===================================
LINEUP Scheduling Complete
===================================
Scheduled orders : 39
Overflow orders  : 0
SAP minutes      : unchanged by default
Staffing         : explicit overrides only
Queue stability  : current + one automatic order
Insights         : assignment reasons and confidence


===================================
LINEUP Dashboard Build Complete
===================================
Input       : scheduled_orders.csv
Output      : C:\LINEUP\output\dashboard.html
Insights    : assignment reasons and confidence
Remaining   : SAP versus adjusted
Utilisation : working-calendar aware


===================================
LINEUP Schedule Report Complete
===================================
Bench utilisation: bench_utilisation.csv
Schedule summary : schedule_summary.csv


===================================
LINEUP Split Recommendations Complete
===================================
Recommendations : 0
Window          : due today or next working day only
SAP minutes     : used unchanged by default
Staffing        : explicit overrides only
Planner work    : live, held, split, forced and board orders excluded
Output          : split_recommendations.csv

[26/07/2026  9:47:01.67] Step 5 - Marking LINEUP run as successful... 
LINEUP status marked as successful.
[26/07/2026  9:47:02.15] Step 6 - Rebuilding dashboard with final status... 

===================================
LINEUP Dashboard Build Complete
===================================
Input       : scheduled_orders.csv
Output      : C:\LINEUP\output\dashboard.html
Insights    : assignment reasons and confidence
Remaining   : SAP versus adjusted
Utilisation : working-calendar aware

=================================== 
LINEUP background update finished 
26/07/2026  9:47:02.51 
=================================== 
 
=================================== 
LINEUP background update started 
26/07/2026 10:00:03.13 
=================================== 
[26/07/2026 10:00:03.13] Activating virtual environment... 
[26/07/2026 10:00:03.64] Step 0 - Marking LINEUP run as started... 
LINEUP status marked as running.
[26/07/2026 10:00:03.96] Step 1 - Backing up LINEUP config... 

===================================
LINEUP Config Backup Complete
===================================
Backup folder : C:\LINEUP\backups\2026-07-26_100004
Files copied  : 4
Old backups removed: 1

[26/07/2026 10:00:04.31] Step 2 - Running SAP capacity export... 
COOIS capacities export complete:
C:\LINEUP\data\raw\COOIS_Capacities_Latest.txt
[26/07/2026 10:00:27.23] Step 3 - Running SAP production list export... 
COOIS production list export complete:
C:\LINEUP\data\raw\COOIS_ProductionList_Latest.txt
[26/07/2026 10:02:14.76] Step 4 - Running LINEUP processing pipeline... 
LINEUP
Starting capacity parser...


===================================
LINEUP Capacity Parser Complete
===================================
Input : COOIS_Capacities_Latest.txt
Output: capacities_clean.csv
Rows  : 6226


===================================
LINEUP Production Parser Complete
===================================
Input : COOIS_ProductionList_Latest.txt
Output: production_list_clean.csv
Rows  : 2371


===================================
LINEUP Capacity Summary Complete
===================================
Input : capacities_clean.csv
Output: capacities_order_summary.csv
Rows  : 970


===================================
LINEUP Merge Complete
===================================
Production input : production_list_clean.csv
Capacity input   : capacities_order_summary.csv
Output           : master_schedule.csv
Rows             : 970
Missing metadata : 0


===================================
LINEUP Scheduling Complete
===================================
Scheduled orders : 39
Overflow orders  : 0
SAP minutes      : unchanged by default
Staffing         : explicit overrides only
Queue stability  : current + one automatic order
Insights         : assignment reasons and confidence


===================================
LINEUP Dashboard Build Complete
===================================
Input       : scheduled_orders.csv
Output      : C:\LINEUP\output\dashboard.html
Insights    : assignment reasons and confidence
Remaining   : SAP versus adjusted
Utilisation : working-calendar aware


===================================
LINEUP Schedule Report Complete
===================================
Bench utilisation: bench_utilisation.csv
Schedule summary : schedule_summary.csv


===================================
LINEUP Split Recommendations Complete
===================================
Recommendations : 0
Window          : due today or next working day only
SAP minutes     : used unchanged by default
Staffing        : explicit overrides only
Planner work    : live, held, split, forced and board orders excluded
Output          : split_recommendations.csv

[26/07/2026 10:02:15.27] Step 5 - Marking LINEUP run as successful... 
LINEUP status marked as successful.
[26/07/2026 10:02:15.58] Step 6 - Rebuilding dashboard with final status... 

===================================
LINEUP Dashboard Build Complete
===================================
Input       : scheduled_orders.csv
Output      : C:\LINEUP\output\dashboard.html
Insights    : assignment reasons and confidence
Remaining   : SAP versus adjusted
Utilisation : working-calendar aware

=================================== 
LINEUP background update finished 
26/07/2026 10:02:15.92 
=================================== 
 
=================================== 
LINEUP background update started 
26/07/2026 10:15:03.46 
=================================== 
[26/07/2026 10:15:03.46] Activating virtual environment... 
[26/07/2026 10:15:04.03] Step 0 - Marking LINEUP run as started... 
LINEUP status marked as running.
[26/07/2026 10:15:04.56] Step 1 - Backing up LINEUP config... 

===================================
LINEUP Config Backup Complete
===================================
Backup folder : C:\LINEUP\backups\2026-07-26_101504
Files copied  : 4
Old backups removed: 1

[26/07/2026 10:15:04.94] Step 2 - Running SAP capacity export... 
COOIS capacities export complete:
C:\LINEUP\data\raw\COOIS_Capacities_Latest.txt
[26/07/2026 10:15:28.03] Step 3 - Running SAP production list export... 
COOIS production list export complete:
C:\LINEUP\data\raw\COOIS_ProductionList_Latest.txt
[26/07/2026 10:16:58.23] Step 4 - Running LINEUP processing pipeline... 
LINEUP
Starting capacity parser...


===================================
LINEUP Capacity Parser Complete
===================================
Input : COOIS_Capacities_Latest.txt
Output: capacities_clean.csv
Rows  : 6226


===================================
LINEUP Production Parser Complete
===================================
Input : COOIS_ProductionList_Latest.txt
Output: production_list_clean.csv
Rows  : 2371


===================================
LINEUP Capacity Summary Complete
===================================
Input : capacities_clean.csv
Output: capacities_order_summary.csv
Rows  : 970


===================================
LINEUP Merge Complete
===================================
Production input : production_list_clean.csv
Capacity input   : capacities_order_summary.csv
Output           : master_schedule.csv
Rows             : 970
Missing metadata : 0


===================================
LINEUP Scheduling Complete
===================================
Scheduled orders : 39
Overflow orders  : 0
SAP minutes      : unchanged by default
Staffing         : explicit overrides only
Queue stability  : current + one automatic order
Insights         : assignment reasons and confidence


===================================
LINEUP Dashboard Build Complete
===================================
Input       : scheduled_orders.csv
Output      : C:\LINEUP\output\dashboard.html
Insights    : assignment reasons and confidence
Remaining   : SAP versus adjusted
Utilisation : working-calendar aware


===================================
LINEUP Schedule Report Complete
===================================
Bench utilisation: bench_utilisation.csv
Schedule summary : schedule_summary.csv


===================================
LINEUP Split Recommendations Complete
===================================
Recommendations : 0
Window          : due today or next working day only
SAP minutes     : used unchanged by default
Staffing        : explicit overrides only
Planner work    : live, held, split, forced and board orders excluded
Output          : split_recommendations.csv

[26/07/2026 10:16:58.75] Step 5 - Marking LINEUP run as successful... 
LINEUP status marked as successful.
[26/07/2026 10:16:59.05] Step 6 - Rebuilding dashboard with final status... 

===================================
LINEUP Dashboard Build Complete
===================================
Input       : scheduled_orders.csv
Output      : C:\LINEUP\output\dashboard.html
Insights    : assignment reasons and confidence
Remaining   : SAP versus adjusted
Utilisation : working-calendar aware

=================================== 
LINEUP background update finished 
26/07/2026 10:16:59.40 
=================================== 
 
=================================== 
LINEUP background update started 
26/07/2026 10:30:03.19 
=================================== 
[26/07/2026 10:30:03.19] Activating virtual environment... 
[26/07/2026 10:30:03.71] Step 0 - Marking LINEUP run as started... 
LINEUP status marked as running.
[26/07/2026 10:30:04.01] Step 1 - Backing up LINEUP config... 

===================================
LINEUP Config Backup Complete
===================================
Backup folder : C:\LINEUP\backups\2026-07-26_103004
Files copied  : 4
Old backups removed: 1

[26/07/2026 10:30:04.35] Step 2 - Running SAP capacity export... 
COOIS capacities export complete:
C:\LINEUP\data\raw\COOIS_Capacities_Latest.txt
[26/07/2026 10:30:26.63] Step 3 - Running SAP production list export... 
COOIS production list export complete:
C:\LINEUP\data\raw\COOIS_ProductionList_Latest.txt
[26/07/2026 10:31:55.76] Step 4 - Running LINEUP processing pipeline... 
LINEUP
Starting capacity parser...


===================================
LINEUP Capacity Parser Complete
===================================
Input : COOIS_Capacities_Latest.txt
Output: capacities_clean.csv
Rows  : 6225


===================================
LINEUP Production Parser Complete
===================================
Input : COOIS_ProductionList_Latest.txt
Output: production_list_clean.csv
Rows  : 2370


===================================
LINEUP Capacity Summary Complete
===================================
Input : capacities_clean.csv
Output: capacities_order_summary.csv
Rows  : 970


===================================
LINEUP Merge Complete
===================================
Production input : production_list_clean.csv
Capacity input   : capacities_order_summary.csv
Output           : master_schedule.csv
Rows             : 970
Missing metadata : 0


===================================
LINEUP Scheduling Complete
===================================
Scheduled orders : 39
Overflow orders  : 0
SAP minutes      : unchanged by default
Staffing         : explicit overrides only
Queue stability  : current + one automatic order
Insights         : assignment reasons and confidence


===================================
LINEUP Dashboard Build Complete
===================================
Input       : scheduled_orders.csv
Output      : C:\LINEUP\output\dashboard.html
Insights    : assignment reasons and confidence
Remaining   : SAP versus adjusted
Utilisation : working-calendar aware


===================================
LINEUP Schedule Report Complete
===================================
Bench utilisation: bench_utilisation.csv
Schedule summary : schedule_summary.csv


===================================
LINEUP Split Recommendations Complete
===================================
Recommendations : 0
Window          : due today or next working day only
SAP minutes     : used unchanged by default
Staffing        : explicit overrides only
Planner work    : live, held, split, forced and board orders excluded
Output          : split_recommendations.csv

[26/07/2026 10:31:56.24] Step 5 - Marking LINEUP run as successful... 
LINEUP status marked as successful.
[26/07/2026 10:31:56.57] Step 6 - Rebuilding dashboard with final status... 

===================================
LINEUP Dashboard Build Complete
===================================
Input       : scheduled_orders.csv
Output      : C:\LINEUP\output\dashboard.html
Insights    : assignment reasons and confidence
Remaining   : SAP versus adjusted
Utilisation : working-calendar aware

=================================== 
LINEUP background update finished 
26/07/2026 10:31:56.92 
=================================== 
 
=================================== 
LINEUP background update started 
26/07/2026 10:45:03.11 
=================================== 
[26/07/2026 10:45:03.11] Activating virtual environment... 
[26/07/2026 10:45:03.62] Step 0 - Marking LINEUP run as started... 
LINEUP status marked as running.
[26/07/2026 10:45:03.94] Step 1 - Backing up LINEUP config... 

===================================
LINEUP Config Backup Complete
===================================
Backup folder : C:\LINEUP\backups\2026-07-26_104504
Files copied  : 4
Old backups removed: 1

[26/07/2026 10:45:04.29] Step 2 - Running SAP capacity export... 
COOIS capacities export complete:
C:\LINEUP\data\raw\COOIS_Capacities_Latest.txt
[26/07/2026 10:45:26.50] Step 3 - Running SAP production list export... 
COOIS production list export complete:
C:\LINEUP\data\raw\COOIS_ProductionList_Latest.txt
[26/07/2026 10:46:56.03] Step 4 - Running LINEUP processing pipeline... 
LINEUP
Starting capacity parser...


===================================
LINEUP Capacity Parser Complete
===================================
Input : COOIS_Capacities_Latest.txt
Output: capacities_clean.csv
Rows  : 6225


===================================
LINEUP Production Parser Complete
===================================
Input : COOIS_ProductionList_Latest.txt
Output: production_list_clean.csv
Rows  : 2370


===================================
LINEUP Capacity Summary Complete
===================================
Input : capacities_clean.csv
Output: capacities_order_summary.csv
Rows  : 970


===================================
LINEUP Merge Complete
===================================
Production input : production_list_clean.csv
Capacity input   : capacities_order_summary.csv
Output           : master_schedule.csv
Rows             : 970
Missing metadata : 0


===================================
LINEUP Scheduling Complete
===================================
Scheduled orders : 39
Overflow orders  : 0
SAP minutes      : unchanged by default
Staffing         : explicit overrides only
Queue stability  : current + one automatic order
Insights         : assignment reasons and confidence


===================================
LINEUP Dashboard Build Complete
===================================
Input       : scheduled_orders.csv
Output      : C:\LINEUP\output\dashboard.html
Insights    : assignment reasons and confidence
Remaining   : SAP versus adjusted
Utilisation : working-calendar aware


===================================
LINEUP Schedule Report Complete
===================================
Bench utilisation: bench_utilisation.csv
Schedule summary : schedule_summary.csv


===================================
LINEUP Split Recommendations Complete
===================================
Recommendations : 0
Window          : due today or next working day only
SAP minutes     : used unchanged by default
Staffing        : explicit overrides only
Planner work    : live, held, split, forced and board orders excluded
Output          : split_recommendations.csv

[26/07/2026 10:46:56.69] Step 5 - Marking LINEUP run as successful... 
LINEUP status marked as successful.
[26/07/2026 10:46:57.00] Step 6 - Rebuilding dashboard with final status... 

===================================
LINEUP Dashboard Build Complete
===================================
Input       : scheduled_orders.csv
Output      : C:\LINEUP\output\dashboard.html
Insights    : assignment reasons and confidence
Remaining   : SAP versus adjusted
Utilisation : working-calendar aware

=================================== 
LINEUP background update finished 
26/07/2026 10:46:57.34 
=================================== 
 
=================================== 
LINEUP background update started 
26/07/2026 11:00:03.35 
=================================== 
[26/07/2026 11:00:03.35] Activating virtual environment... 
[26/07/2026 11:00:03.87] Step 0 - Marking LINEUP run as started... 
LINEUP status marked as running.
[26/07/2026 11:00:04.20] Step 1 - Backing up LINEUP config... 

===================================
LINEUP Config Backup Complete
===================================
Backup folder : C:\LINEUP\backups\2026-07-26_110004
Files copied  : 4
Old backups removed: 1

[26/07/2026 11:00:04.56] Step 2 - Running SAP capacity export... 
COOIS capacities export complete:
C:\LINEUP\data\raw\COOIS_Capacities_Latest.txt
[26/07/2026 11:00:27.64] Step 3 - Running SAP production list export... 
COOIS production list export complete:
C:\LINEUP\data\raw\COOIS_ProductionList_Latest.txt
[26/07/2026 11:02:04.01] Step 4 - Running LINEUP processing pipeline... 
LINEUP
Starting capacity parser...


===================================
LINEUP Capacity Parser Complete
===================================
Input : COOIS_Capacities_Latest.txt
Output: capacities_clean.csv
Rows  : 6225


===================================
LINEUP Production Parser Complete
===================================
Input : COOIS_ProductionList_Latest.txt
Output: production_list_clean.csv
Rows  : 2370


===================================
LINEUP Capacity Summary Complete
===================================
Input : capacities_clean.csv
Output: capacities_order_summary.csv
Rows  : 970


===================================
LINEUP Merge Complete
===================================
Production input : production_list_clean.csv
Capacity input   : capacities_order_summary.csv
Output           : master_schedule.csv
Rows             : 970
Missing metadata : 0


===================================
LINEUP Scheduling Complete
===================================
Scheduled orders : 39
Overflow orders  : 0
SAP minutes      : unchanged by default
Staffing         : explicit overrides only
Queue stability  : current + one automatic order
Insights         : assignment reasons and confidence


===================================
LINEUP Dashboard Build Complete
===================================
Input       : scheduled_orders.csv
Output      : C:\LINEUP\output\dashboard.html
Insights    : assignment reasons and confidence
Remaining   : SAP versus adjusted
Utilisation : working-calendar aware


===================================
LINEUP Schedule Report Complete
===================================
Bench utilisation: bench_utilisation.csv
Schedule summary : schedule_summary.csv


===================================
LINEUP Split Recommendations Complete
===================================
Recommendations : 0
Window          : due today or next working day only
SAP minutes     : used unchanged by default
Staffing        : explicit overrides only
Planner work    : live, held, split, forced and board orders excluded
Output          : split_recommendations.csv

[26/07/2026 11:02:04.52] Step 5 - Marking LINEUP run as successful... 
LINEUP status marked as successful.
[26/07/2026 11:02:04.82] Step 6 - Rebuilding dashboard with final status... 

===================================
LINEUP Dashboard Build Complete
===================================
Input       : scheduled_orders.csv
Output      : C:\LINEUP\output\dashboard.html
Insights    : assignment reasons and confidence
Remaining   : SAP versus adjusted
Utilisation : working-calendar aware

=================================== 
LINEUP background update finished 
26/07/2026 11:02:05.15 
=================================== 
 
=================================== 
LINEUP background update started 
26/07/2026 11:15:03.16 
=================================== 
[26/07/2026 11:15:03.16] Activating virtual environment... 
[26/07/2026 11:15:03.70] Step 0 - Marking LINEUP run as started... 
LINEUP status marked as running.
[26/07/2026 11:15:04.03] Step 1 - Backing up LINEUP config... 

===================================
LINEUP Config Backup Complete
===================================
Backup folder : C:\LINEUP\backups\2026-07-26_111504
Files copied  : 4
Old backups removed: 1

[26/07/2026 11:15:04.38] Step 2 - Running SAP capacity export... 
COOIS capacities export complete:
C:\LINEUP\data\raw\COOIS_Capacities_Latest.txt
[26/07/2026 11:15:26.06] Step 3 - Running SAP production list export... 
COOIS production list export complete:
C:\LINEUP\data\raw\COOIS_ProductionList_Latest.txt
[26/07/2026 11:16:46.80] Step 4 - Running LINEUP processing pipeline... 
LINEUP
Starting capacity parser...


===================================
LINEUP Capacity Parser Complete
===================================
Input : COOIS_Capacities_Latest.txt
Output: capacities_clean.csv
Rows  : 6225


===================================
LINEUP Production Parser Complete
===================================
Input : COOIS_ProductionList_Latest.txt
Output: production_list_clean.csv
Rows  : 2370


===================================
LINEUP Capacity Summary Complete
===================================
Input : capacities_clean.csv
Output: capacities_order_summary.csv
Rows  : 970


===================================
LINEUP Merge Complete
===================================
Production input : production_list_clean.csv
Capacity input   : capacities_order_summary.csv
Output           : master_schedule.csv
Rows             : 970
Missing metadata : 0


===================================
LINEUP Scheduling Complete
===================================
Scheduled orders : 39
Overflow orders  : 0
SAP minutes      : unchanged by default
Staffing         : explicit overrides only
Queue stability  : current + one automatic order
Insights         : assignment reasons and confidence


===================================
LINEUP Dashboard Build Complete
===================================
Input       : scheduled_orders.csv
Output      : C:\LINEUP\output\dashboard.html
Insights    : assignment reasons and confidence
Remaining   : SAP versus adjusted
Utilisation : working-calendar aware


===================================
LINEUP Schedule Report Complete
===================================
Bench utilisation: bench_utilisation.csv
Schedule summary : schedule_summary.csv


===================================
LINEUP Split Recommendations Complete
===================================
Recommendations : 0
Window          : due today or next working day only
SAP minutes     : used unchanged by default
Staffing        : explicit overrides only
Planner work    : live, held, split, forced and board orders excluded
Output          : split_recommendations.csv

[26/07/2026 11:16:47.36] Step 5 - Marking LINEUP run as successful... 
LINEUP status marked as successful.
[26/07/2026 11:16:47.70] Step 6 - Rebuilding dashboard with final status... 

===================================
LINEUP Dashboard Build Complete
===================================
Input       : scheduled_orders.csv
Output      : C:\LINEUP\output\dashboard.html
Insights    : assignment reasons and confidence
Remaining   : SAP versus adjusted
Utilisation : working-calendar aware

=================================== 
LINEUP background update finished 
26/07/2026 11:16:48.07 
=================================== 
 
=================================== 
LINEUP background update started 
26/07/2026 11:30:03.44 
=================================== 
[26/07/2026 11:30:03.44] Activating virtual environment... 
[26/07/2026 11:30:03.99] Step 0 - Marking LINEUP run as started... 
LINEUP status marked as running.
[26/07/2026 11:30:04.32] Step 1 - Backing up LINEUP config... 

===================================
LINEUP Config Backup Complete
===================================
Backup folder : C:\LINEUP\backups\2026-07-26_113004
Files copied  : 4
Old backups removed: 1

[26/07/2026 11:30:04.68] Step 2 - Running SAP capacity export... 
COOIS capacities export complete:
C:\LINEUP\data\raw\COOIS_Capacities_Latest.txt
[26/07/2026 11:30:27.48] Step 3 - Running SAP production list export... 
COOIS production list export complete:
C:\LINEUP\data\raw\COOIS_ProductionList_Latest.txt
[26/07/2026 11:31:58.46] Step 4 - Running LINEUP processing pipeline... 
LINEUP
Starting capacity parser...


===================================
LINEUP Capacity Parser Complete
===================================
Input : COOIS_Capacities_Latest.txt
Output: capacities_clean.csv
Rows  : 6225


===================================
LINEUP Production Parser Complete
===================================
Input : COOIS_ProductionList_Latest.txt
Output: production_list_clean.csv
Rows  : 2370


===================================
LINEUP Capacity Summary Complete
===================================
Input : capacities_clean.csv
Output: capacities_order_summary.csv
Rows  : 970


===================================
LINEUP Merge Complete
===================================
Production input : production_list_clean.csv
Capacity input   : capacities_order_summary.csv
Output           : master_schedule.csv
Rows             : 970
Missing metadata : 0


===================================
LINEUP Scheduling Complete
===================================
Scheduled orders : 39
Overflow orders  : 0
SAP minutes      : unchanged by default
Staffing         : explicit overrides only
Queue stability  : current + one automatic order
Insights         : assignment reasons and confidence


===================================
LINEUP Dashboard Build Complete
===================================
Input       : scheduled_orders.csv
Output      : C:\LINEUP\output\dashboard.html
Insights    : assignment reasons and confidence
Remaining   : SAP versus adjusted
Utilisation : working-calendar aware


===================================
LINEUP Schedule Report Complete
===================================
Bench utilisation: bench_utilisation.csv
Schedule summary : schedule_summary.csv


===================================
LINEUP Split Recommendations Complete
===================================
Recommendations : 0
Window          : due today or next working day only
SAP minutes     : used unchanged by default
Staffing        : explicit overrides only
Planner work    : live, held, split, forced and board orders excluded
Output          : split_recommendations.csv

[26/07/2026 11:31:58.96] Step 5 - Marking LINEUP run as successful... 
LINEUP status marked as successful.
[26/07/2026 11:31:59.28] Step 6 - Rebuilding dashboard with final status... 

===================================
LINEUP Dashboard Build Complete
===================================
Input       : scheduled_orders.csv
Output      : C:\LINEUP\output\dashboard.html
Insights    : assignment reasons and confidence
Remaining   : SAP versus adjusted
Utilisation : working-calendar aware

=================================== 
LINEUP background update finished 
26/07/2026 11:31:59.63 
=================================== 
 
=================================== 
LINEUP background update started 
26/07/2026 11:45:03.14 
=================================== 
[26/07/2026 11:45:03.14] Activating virtual environment... 
[26/07/2026 11:45:03.66] Step 0 - Marking LINEUP run as started... 
LINEUP status marked as running.
[26/07/2026 11:45:03.98] Step 1 - Backing up LINEUP config... 

===================================
LINEUP Config Backup Complete
===================================
Backup folder : C:\LINEUP\backups\2026-07-26_114504
Files copied  : 4
Old backups removed: 1

[26/07/2026 11:45:04.32] Step 2 - Running SAP capacity export... 
COOIS capacities export complete:
C:\LINEUP\data\raw\COOIS_Capacities_Latest.txt
[26/07/2026 11:45:26.08] Step 3 - Running SAP production list export... 
COOIS production list export complete:
C:\LINEUP\data\raw\COOIS_ProductionList_Latest.txt
[26/07/2026 11:46:42.72] Step 4 - Running LINEUP processing pipeline... 
LINEUP
Starting capacity parser...


===================================
LINEUP Capacity Parser Complete
===================================
Input : COOIS_Capacities_Latest.txt
Output: capacities_clean.csv
Rows  : 6225


===================================
LINEUP Production Parser Complete
===================================
Input : COOIS_ProductionList_Latest.txt
Output: production_list_clean.csv
Rows  : 2370


===================================
LINEUP Capacity Summary Complete
===================================
Input : capacities_clean.csv
Output: capacities_order_summary.csv
Rows  : 970


===================================
LINEUP Merge Complete
===================================
Production input : production_list_clean.csv
Capacity input   : capacities_order_summary.csv
Output           : master_schedule.csv
Rows             : 970
Missing metadata : 0


===================================
LINEUP Scheduling Complete
===================================
Scheduled orders : 39
Overflow orders  : 0
SAP minutes      : unchanged by default
Staffing         : explicit overrides only
Queue stability  : current + one automatic order
Insights         : assignment reasons and confidence


===================================
LINEUP Dashboard Build Complete
===================================
Input       : scheduled_orders.csv
Output      : C:\LINEUP\output\dashboard.html
Insights    : assignment reasons and confidence
Remaining   : SAP versus adjusted
Utilisation : working-calendar aware


===================================
LINEUP Schedule Report Complete
===================================
Bench utilisation: bench_utilisation.csv
Schedule summary : schedule_summary.csv


===================================
LINEUP Split Recommendations Complete
===================================
Recommendations : 0
Window          : due today or next working day only
SAP minutes     : used unchanged by default
Staffing        : explicit overrides only
Planner work    : live, held, split, forced and board orders excluded
Output          : split_recommendations.csv

[26/07/2026 11:46:43.21] Step 5 - Marking LINEUP run as successful... 
LINEUP status marked as successful.
[26/07/2026 11:46:43.52] Step 6 - Rebuilding dashboard with final status... 

===================================
LINEUP Dashboard Build Complete
===================================
Input       : scheduled_orders.csv
Output      : C:\LINEUP\output\dashboard.html
Insights    : assignment reasons and confidence
Remaining   : SAP versus adjusted
Utilisation : working-calendar aware

=================================== 
LINEUP background update finished 
26/07/2026 11:46:43.87 
=================================== 
 
=================================== 
LINEUP background update started 
26/07/2026 12:00:03.19 
=================================== 
[26/07/2026 12:00:03.19] Activating virtual environment... 
[26/07/2026 12:00:03.72] Step 0 - Marking LINEUP run as started... 
LINEUP status marked as running.
[26/07/2026 12:00:04.06] Step 1 - Backing up LINEUP config... 

===================================
LINEUP Config Backup Complete
===================================
Backup folder : C:\LINEUP\backups\2026-07-26_120004
Files copied  : 4
Old backups removed: 1

[26/07/2026 12:00:04.41] Step 2 - Running SAP capacity export... 
COOIS capacities export complete:
C:\LINEUP\data\raw\COOIS_Capacities_Latest.txt
[26/07/2026 12:00:27.59] Step 3 - Running SAP production list export... 
COOIS production list export complete:
C:\LINEUP\data\raw\COOIS_ProductionList_Latest.txt
[26/07/2026 12:02:02.16] Step 4 - Running LINEUP processing pipeline... 
LINEUP
Starting capacity parser...


===================================
LINEUP Capacity Parser Complete
===================================
Input : COOIS_Capacities_Latest.txt
Output: capacities_clean.csv
Rows  : 6225


===================================
LINEUP Production Parser Complete
===================================
Input : COOIS_ProductionList_Latest.txt
Output: production_list_clean.csv
Rows  : 2370


===================================
LINEUP Capacity Summary Complete
===================================
Input : capacities_clean.csv
Output: capacities_order_summary.csv
Rows  : 970


===================================
LINEUP Merge Complete
===================================
Production input : production_list_clean.csv
Capacity input   : capacities_order_summary.csv
Output           : master_schedule.csv
Rows             : 970
Missing metadata : 0


===================================
LINEUP Scheduling Complete
===================================
Scheduled orders : 39
Overflow orders  : 0
SAP minutes      : unchanged by default
Staffing         : explicit overrides only
Queue stability  : current + one automatic order
Insights         : assignment reasons and confidence


===================================
LINEUP Dashboard Build Complete
===================================
Input       : scheduled_orders.csv
Output      : C:\LINEUP\output\dashboard.html
Insights    : assignment reasons and confidence
Remaining   : SAP versus adjusted
Utilisation : working-calendar aware


===================================
LINEUP Schedule Report Complete
===================================
Bench utilisation: bench_utilisation.csv
Schedule summary : schedule_summary.csv


===================================
LINEUP Split Recommendations Complete
===================================
Recommendations : 0
Window          : due today or next working day only
SAP minutes     : used unchanged by default
Staffing        : explicit overrides only
Planner work    : live, held, split, forced and board orders excluded
Output          : split_recommendations.csv

[26/07/2026 12:02:02.76] Step 5 - Marking LINEUP run as successful... 
LINEUP status marked as successful.
[26/07/2026 12:02:03.14] Step 6 - Rebuilding dashboard with final status... 

===================================
LINEUP Dashboard Build Complete
===================================
Input       : scheduled_orders.csv
Output      : C:\LINEUP\output\dashboard.html
Insights    : assignment reasons and confidence
Remaining   : SAP versus adjusted
Utilisation : working-calendar aware

=================================== 
LINEUP background update finished 
26/07/2026 12:02:03.52 
=================================== 
 
=================================== 
LINEUP background update started 
26/07/2026 12:15:03.16 
=================================== 
[26/07/2026 12:15:03.16] Activating virtual environment... 
[26/07/2026 12:15:03.88] Step 0 - Marking LINEUP run as started... 
LINEUP status marked as running.
[26/07/2026 12:15:04.18] Step 1 - Backing up LINEUP config... 

===================================
LINEUP Config Backup Complete
===================================
Backup folder : C:\LINEUP\backups\2026-07-26_121504
Files copied  : 4
Old backups removed: 1

[26/07/2026 12:15:04.53] Step 2 - Running SAP capacity export... 
COOIS capacities export complete:
C:\LINEUP\data\raw\COOIS_Capacities_Latest.txt
[26/07/2026 12:15:26.64] Step 3 - Running SAP production list export... 
COOIS production list export complete:
C:\LINEUP\data\raw\COOIS_ProductionList_Latest.txt
[26/07/2026 12:16:54.10] Step 4 - Running LINEUP processing pipeline... 
LINEUP
Starting capacity parser...


===================================
LINEUP Capacity Parser Complete
===================================
Input : COOIS_Capacities_Latest.txt
Output: capacities_clean.csv
Rows  : 6225


===================================
LINEUP Production Parser Complete
===================================
Input : COOIS_ProductionList_Latest.txt
Output: production_list_clean.csv
Rows  : 2370


===================================
LINEUP Capacity Summary Complete
===================================
Input : capacities_clean.csv
Output: capacities_order_summary.csv
Rows  : 970


===================================
LINEUP Merge Complete
===================================
Production input : production_list_clean.csv
Capacity input   : capacities_order_summary.csv
Output           : master_schedule.csv
Rows             : 970
Missing metadata : 0


===================================
LINEUP Scheduling Complete
===================================
Scheduled orders : 39
Overflow orders  : 0
SAP minutes      : unchanged by default
Staffing         : explicit overrides only
Queue stability  : current + one automatic order
Insights         : assignment reasons and confidence


===================================
LINEUP Dashboard Build Complete
===================================
Input       : scheduled_orders.csv
Output      : C:\LINEUP\output\dashboard.html
Insights    : assignment reasons and confidence
Remaining   : SAP versus adjusted
Utilisation : working-calendar aware


===================================
LINEUP Schedule Report Complete
===================================
Bench utilisation: bench_utilisation.csv
Schedule summary : schedule_summary.csv


===================================
LINEUP Split Recommendations Complete
===================================
Recommendations : 0
Window          : due today or next working day only
SAP minutes     : used unchanged by default
Staffing        : explicit overrides only
Planner work    : live, held, split, forced and board orders excluded
Output          : split_recommendations.csv

[26/07/2026 12:16:54.60] Step 5 - Marking LINEUP run as successful... 
LINEUP status marked as successful.
[26/07/2026 12:16:54.93] Step 6 - Rebuilding dashboard with final status... 

===================================
LINEUP Dashboard Build Complete
===================================
Input       : scheduled_orders.csv
Output      : C:\LINEUP\output\dashboard.html
Insights    : assignment reasons and confidence
Remaining   : SAP versus adjusted
Utilisation : working-calendar aware

=================================== 
LINEUP background update finished 
26/07/2026 12:16:55.27 
=================================== 
 
=================================== 
LINEUP background update started 
26/07/2026 12:30:03.10 
=================================== 
[26/07/2026 12:30:03.11] Activating virtual environment... 
[26/07/2026 12:30:03.63] Step 0 - Marking LINEUP run as started... 
LINEUP status marked as running.
[26/07/2026 12:30:03.96] Step 1 - Backing up LINEUP config... 

===================================
LINEUP Config Backup Complete
===================================
Backup folder : C:\LINEUP\backups\2026-07-26_123004
Files copied  : 4
Old backups removed: 1

[26/07/2026 12:30:04.35] Step 2 - Running SAP capacity export... 
COOIS capacities export complete:
C:\LINEUP\data\raw\COOIS_Capacities_Latest.txt
[26/07/2026 12:30:26.84] Step 3 - Running SAP production list export... 
COOIS production list export complete:
C:\LINEUP\data\raw\COOIS_ProductionList_Latest.txt
[26/07/2026 12:32:03.61] Step 4 - Running LINEUP processing pipeline... 
LINEUP
Starting capacity parser...


===================================
LINEUP Capacity Parser Complete
===================================
Input : COOIS_Capacities_Latest.txt
Output: capacities_clean.csv
Rows  : 6224


===================================
LINEUP Production Parser Complete
===================================
Input : COOIS_ProductionList_Latest.txt
Output: production_list_clean.csv
Rows  : 2369


===================================
LINEUP Capacity Summary Complete
===================================
Input : capacities_clean.csv
Output: capacities_order_summary.csv
Rows  : 970


===================================
LINEUP Merge Complete
===================================
Production input : production_list_clean.csv
Capacity input   : capacities_order_summary.csv
Output           : master_schedule.csv
Rows             : 970
Missing metadata : 0


===================================
LINEUP Scheduling Complete
===================================
Scheduled orders : 39
Overflow orders  : 0
SAP minutes      : unchanged by default
Staffing         : explicit overrides only
Queue stability  : current + one automatic order
Insights         : assignment reasons and confidence


===================================
LINEUP Dashboard Build Complete
===================================
Input       : scheduled_orders.csv
Output      : C:\LINEUP\output\dashboard.html
Insights    : assignment reasons and confidence
Remaining   : SAP versus adjusted
Utilisation : working-calendar aware


===================================
LINEUP Schedule Report Complete
===================================
Bench utilisation: bench_utilisation.csv
Schedule summary : schedule_summary.csv


===================================
LINEUP Split Recommendations Complete
===================================
Recommendations : 0
Window          : due today or next working day only
SAP minutes     : used unchanged by default
Staffing        : explicit overrides only
Planner work    : live, held, split, forced and board orders excluded
Output          : split_recommendations.csv

[26/07/2026 12:32:04.10] Step 5 - Marking LINEUP run as successful... 
LINEUP status marked as successful.
[26/07/2026 12:32:04.40] Step 6 - Rebuilding dashboard with final status... 

===================================
LINEUP Dashboard Build Complete
===================================
Input       : scheduled_orders.csv
Output      : C:\LINEUP\output\dashboard.html
Insights    : assignment reasons and confidence
Remaining   : SAP versus adjusted
Utilisation : working-calendar aware

=================================== 
LINEUP background update finished 
26/07/2026 12:32:04.75 
=================================== 
 
=================================== 
LINEUP background update started 
26/07/2026 12:45:03.10 
=================================== 
[26/07/2026 12:45:03.10] Activating virtual environment... 
[26/07/2026 12:45:03.61] Step 0 - Marking LINEUP run as started... 
LINEUP status marked as running.
[26/07/2026 12:45:03.92] Step 1 - Backing up LINEUP config... 

===================================
LINEUP Config Backup Complete
===================================
Backup folder : C:\LINEUP\backups\2026-07-26_124504
Files copied  : 4
Old backups removed: 1

[26/07/2026 12:45:04.25] Step 2 - Running SAP capacity export... 
COOIS capacities export complete:
C:\LINEUP\data\raw\COOIS_Capacities_Latest.txt
[26/07/2026 12:45:27.17] Step 3 - Running SAP production list export... 
COOIS production list export complete:
C:\LINEUP\data\raw\COOIS_ProductionList_Latest.txt
[26/07/2026 12:46:53.70] Step 4 - Running LINEUP processing pipeline... 
LINEUP
Starting capacity parser...


===================================
LINEUP Capacity Parser Complete
===================================
Input : COOIS_Capacities_Latest.txt
Output: capacities_clean.csv
Rows  : 6224


===================================
LINEUP Production Parser Complete
===================================
Input : COOIS_ProductionList_Latest.txt
Output: production_list_clean.csv
Rows  : 2369


===================================
LINEUP Capacity Summary Complete
===================================
Input : capacities_clean.csv
Output: capacities_order_summary.csv
Rows  : 970


===================================
LINEUP Merge Complete
===================================
Production input : production_list_clean.csv
Capacity input   : capacities_order_summary.csv
Output           : master_schedule.csv
Rows             : 970
Missing metadata : 0


===================================
LINEUP Scheduling Complete
===================================
Scheduled orders : 39
Overflow orders  : 0
SAP minutes      : unchanged by default
Staffing         : explicit overrides only
Queue stability  : current + one automatic order
Insights         : assignment reasons and confidence


===================================
LINEUP Dashboard Build Complete
===================================
Input       : scheduled_orders.csv
Output      : C:\LINEUP\output\dashboard.html
Insights    : assignment reasons and confidence
Remaining   : SAP versus adjusted
Utilisation : working-calendar aware


===================================
LINEUP Schedule Report Complete
===================================
Bench utilisation: bench_utilisation.csv
Schedule summary : schedule_summary.csv


===================================
LINEUP Split Recommendations Complete
===================================
Recommendations : 0
Window          : due today or next working day only
SAP minutes     : used unchanged by default
Staffing        : explicit overrides only
Planner work    : live, held, split, forced and board orders excluded
Output          : split_recommendations.csv

[26/07/2026 12:46:54.20] Step 5 - Marking LINEUP run as successful... 
LINEUP status marked as successful.
[26/07/2026 12:46:54.52] Step 6 - Rebuilding dashboard with final status... 

===================================
LINEUP Dashboard Build Complete
===================================
Input       : scheduled_orders.csv
Output      : C:\LINEUP\output\dashboard.html
Insights    : assignment reasons and confidence
Remaining   : SAP versus adjusted
Utilisation : working-calendar aware

=================================== 
LINEUP background update finished 
26/07/2026 12:46:54.87 
=================================== 
 
=================================== 
LINEUP background update started 
26/07/2026 13:00:03.37 
=================================== 
[26/07/2026 13:00:03.37] Activating virtual environment... 
[26/07/2026 13:00:03.89] Step 0 - Marking LINEUP run as started... 
LINEUP status marked as running.
[26/07/2026 13:00:04.20] Step 1 - Backing up LINEUP config... 

===================================
LINEUP Config Backup Complete
===================================
Backup folder : C:\LINEUP\backups\2026-07-26_130004
Files copied  : 4
Old backups removed: 1

[26/07/2026 13:00:04.55] Step 2 - Running SAP capacity export... 
COOIS capacities export complete:
C:\LINEUP\data\raw\COOIS_Capacities_Latest.txt
[26/07/2026 13:00:28.46] Step 3 - Running SAP production list export... 
COOIS production list export complete:
C:\LINEUP\data\raw\COOIS_ProductionList_Latest.txt
[26/07/2026 13:02:23.26] Step 4 - Running LINEUP processing pipeline... 
LINEUP
Starting capacity parser...


===================================
LINEUP Capacity Parser Complete
===================================
Input : COOIS_Capacities_Latest.txt
Output: capacities_clean.csv
Rows  : 6224


===================================
LINEUP Production Parser Complete
===================================
Input : COOIS_ProductionList_Latest.txt
Output: production_list_clean.csv
Rows  : 2369


===================================
LINEUP Capacity Summary Complete
===================================
Input : capacities_clean.csv
Output: capacities_order_summary.csv
Rows  : 970


===================================
LINEUP Merge Complete
===================================
Production input : production_list_clean.csv
Capacity input   : capacities_order_summary.csv
Output           : master_schedule.csv
Rows             : 970
Missing metadata : 0


===================================
LINEUP Scheduling Complete
===================================
Scheduled orders : 39
Overflow orders  : 0
SAP minutes      : unchanged by default
Staffing         : explicit overrides only
Queue stability  : current + one automatic order
Insights         : assignment reasons and confidence


===================================
LINEUP Dashboard Build Complete
===================================
Input       : scheduled_orders.csv
Output      : C:\LINEUP\output\dashboard.html
Insights    : assignment reasons and confidence
Remaining   : SAP versus adjusted
Utilisation : working-calendar aware


===================================
LINEUP Schedule Report Complete
===================================
Bench utilisation: bench_utilisation.csv
Schedule summary : schedule_summary.csv


===================================
LINEUP Split Recommendations Complete
===================================
Recommendations : 0
Window          : due today or next working day only
SAP minutes     : used unchanged by default
Staffing        : explicit overrides only
Planner work    : live, held, split, forced and board orders excluded
Output          : split_recommendations.csv

[26/07/2026 13:02:23.77] Step 5 - Marking LINEUP run as successful... 
LINEUP status marked as successful.
[26/07/2026 13:02:24.08] Step 6 - Rebuilding dashboard with final status... 

===================================
LINEUP Dashboard Build Complete
===================================
Input       : scheduled_orders.csv
Output      : C:\LINEUP\output\dashboard.html
Insights    : assignment reasons and confidence
Remaining   : SAP versus adjusted
Utilisation : working-calendar aware

=================================== 
LINEUP background update finished 
26/07/2026 13:02:24.40 
=================================== 
 
=================================== 
LINEUP background update started 
26/07/2026 13:15:03.26 
=================================== 
[26/07/2026 13:15:03.26] Activating virtual environment... 
[26/07/2026 13:15:03.78] Step 0 - Marking LINEUP run as started... 
LINEUP status marked as running.
[26/07/2026 13:15:04.12] Step 1 - Backing up LINEUP config... 

===================================
LINEUP Config Backup Complete
===================================
Backup folder : C:\LINEUP\backups\2026-07-26_131504
Files copied  : 4
Old backups removed: 1

[26/07/2026 13:15:04.53] Step 2 - Running SAP capacity export... 
COOIS capacities export complete:
C:\LINEUP\data\raw\COOIS_Capacities_Latest.txt
[26/07/2026 13:15:27.73] Step 3 - Running SAP production list export... 
COOIS production list export complete:
C:\LINEUP\data\raw\COOIS_ProductionList_Latest.txt
[26/07/2026 13:17:00.55] Step 4 - Running LINEUP processing pipeline... 
LINEUP
Starting capacity parser...


===================================
LINEUP Capacity Parser Complete
===================================
Input : COOIS_Capacities_Latest.txt
Output: capacities_clean.csv
Rows  : 6224


===================================
LINEUP Production Parser Complete
===================================
Input : COOIS_ProductionList_Latest.txt
Output: production_list_clean.csv
Rows  : 2369


===================================
LINEUP Capacity Summary Complete
===================================
Input : capacities_clean.csv
Output: capacities_order_summary.csv
Rows  : 970


===================================
LINEUP Merge Complete
===================================
Production input : production_list_clean.csv
Capacity input   : capacities_order_summary.csv
Output           : master_schedule.csv
Rows             : 970
Missing metadata : 0


===================================
LINEUP Scheduling Complete
===================================
Scheduled orders : 39
Overflow orders  : 0
SAP minutes      : unchanged by default
Staffing         : explicit overrides only
Queue stability  : current + one automatic order
Insights         : assignment reasons and confidence


===================================
LINEUP Dashboard Build Complete
===================================
Input       : scheduled_orders.csv
Output      : C:\LINEUP\output\dashboard.html
Insights    : assignment reasons and confidence
Remaining   : SAP versus adjusted
Utilisation : working-calendar aware


===================================
LINEUP Schedule Report Complete
===================================
Bench utilisation: bench_utilisation.csv
Schedule summary : schedule_summary.csv


===================================
LINEUP Split Recommendations Complete
===================================
Recommendations : 0
Window          : due today or next working day only
SAP minutes     : used unchanged by default
Staffing        : explicit overrides only
Planner work    : live, held, split, forced and board orders excluded
Output          : split_recommendations.csv

[26/07/2026 13:17:01.02] Step 5 - Marking LINEUP run as successful... 
LINEUP status marked as successful.
[26/07/2026 13:17:01.42] Step 6 - Rebuilding dashboard with final status... 

===================================
LINEUP Dashboard Build Complete
===================================
Input       : scheduled_orders.csv
Output      : C:\LINEUP\output\dashboard.html
Insights    : assignment reasons and confidence
Remaining   : SAP versus adjusted
Utilisation : working-calendar aware

=================================== 
LINEUP background update finished 
26/07/2026 13:17:01.75 
=================================== 
 
=================================== 
LINEUP background update started 
26/07/2026 13:30:03.20 
=================================== 
[26/07/2026 13:30:03.20] Activating virtual environment... 
[26/07/2026 13:30:03.71] Step 0 - Marking LINEUP run as started... 
LINEUP status marked as running.
[26/07/2026 13:30:04.02] Step 1 - Backing up LINEUP config... 

===================================
LINEUP Config Backup Complete
===================================
Backup folder : C:\LINEUP\backups\2026-07-26_133004
Files copied  : 4
Old backups removed: 1

[26/07/2026 13:30:04.37] Step 2 - Running SAP capacity export... 
COOIS capacities export complete:
C:\LINEUP\data\raw\COOIS_Capacities_Latest.txt
[26/07/2026 13:30:28.01] Step 3 - Running SAP production list export... 
COOIS production list export complete:
C:\LINEUP\data\raw\COOIS_ProductionList_Latest.txt
[26/07/2026 13:31:57.98] Step 4 - Running LINEUP processing pipeline... 
LINEUP
Starting capacity parser...


===================================
LINEUP Capacity Parser Complete
===================================
Input : COOIS_Capacities_Latest.txt
Output: capacities_clean.csv
Rows  : 6224


===================================
LINEUP Production Parser Complete
===================================
Input : COOIS_ProductionList_Latest.txt
Output: production_list_clean.csv
Rows  : 2369


===================================
LINEUP Capacity Summary Complete
===================================
Input : capacities_clean.csv
Output: capacities_order_summary.csv
Rows  : 970


===================================
LINEUP Merge Complete
===================================
Production input : production_list_clean.csv
Capacity input   : capacities_order_summary.csv
Output           : master_schedule.csv
Rows             : 970
Missing metadata : 0


===================================
LINEUP Scheduling Complete
===================================
Scheduled orders : 39
Overflow orders  : 0
SAP minutes      : unchanged by default
Staffing         : explicit overrides only
Queue stability  : current + one automatic order
Insights         : assignment reasons and confidence


===================================
LINEUP Dashboard Build Complete
===================================
Input       : scheduled_orders.csv
Output      : C:\LINEUP\output\dashboard.html
Insights    : assignment reasons and confidence
Remaining   : SAP versus adjusted
Utilisation : working-calendar aware


===================================
LINEUP Schedule Report Complete
===================================
Bench utilisation: bench_utilisation.csv
Schedule summary : schedule_summary.csv


===================================
LINEUP Split Recommendations Complete
===================================
Recommendations : 0
Window          : due today or next working day only
SAP minutes     : used unchanged by default
Staffing        : explicit overrides only
Planner work    : live, held, split, forced and board orders excluded
Output          : split_recommendations.csv

[26/07/2026 13:31:58.46] Step 5 - Marking LINEUP run as successful... 
LINEUP status marked as successful.
[26/07/2026 13:31:58.76] Step 6 - Rebuilding dashboard with final status... 

===================================
LINEUP Dashboard Build Complete
===================================
Input       : scheduled_orders.csv
Output      : C:\LINEUP\output\dashboard.html
Insights    : assignment reasons and confidence
Remaining   : SAP versus adjusted
Utilisation : working-calendar aware

=================================== 
LINEUP background update finished 
26/07/2026 13:31:59.08 
=================================== 
 
=================================== 
LINEUP background update started 
26/07/2026 13:45:03.18 
=================================== 
[26/07/2026 13:45:03.19] Activating virtual environment... 
[26/07/2026 13:45:03.70] Step 0 - Marking LINEUP run as started... 
LINEUP status marked as running.
[26/07/2026 13:45:04.02] Step 1 - Backing up LINEUP config... 

===================================
LINEUP Config Backup Complete
===================================
Backup folder : C:\LINEUP\backups\2026-07-26_134504
Files copied  : 4
Old backups removed: 1

[26/07/2026 13:45:04.36] Step 2 - Running SAP capacity export... 
COOIS capacities export complete:
C:\LINEUP\data\raw\COOIS_Capacities_Latest.txt
[26/07/2026 13:45:26.65] Step 3 - Running SAP production list export... 
COOIS production list export complete:
C:\LINEUP\data\raw\COOIS_ProductionList_Latest.txt
[26/07/2026 13:46:50.57] Step 4 - Running LINEUP processing pipeline... 
LINEUP
Starting capacity parser...


===================================
LINEUP Capacity Parser Complete
===================================
Input : COOIS_Capacities_Latest.txt
Output: capacities_clean.csv
Rows  : 6224


===================================
LINEUP Production Parser Complete
===================================
Input : COOIS_ProductionList_Latest.txt
Output: production_list_clean.csv
Rows  : 2369


===================================
LINEUP Capacity Summary Complete
===================================
Input : capacities_clean.csv
Output: capacities_order_summary.csv
Rows  : 970


===================================
LINEUP Merge Complete
===================================
Production input : production_list_clean.csv
Capacity input   : capacities_order_summary.csv
Output           : master_schedule.csv
Rows             : 970
Missing metadata : 0


===================================
LINEUP Scheduling Complete
===================================
Scheduled orders : 39
Overflow orders  : 0
SAP minutes      : unchanged by default
Staffing         : explicit overrides only
Queue stability  : current + one automatic order
Insights         : assignment reasons and confidence


===================================
LINEUP Dashboard Build Complete
===================================
Input       : scheduled_orders.csv
Output      : C:\LINEUP\output\dashboard.html
Insights    : assignment reasons and confidence
Remaining   : SAP versus adjusted
Utilisation : working-calendar aware


===================================
LINEUP Schedule Report Complete
===================================
Bench utilisation: bench_utilisation.csv
Schedule summary : schedule_summary.csv


===================================
LINEUP Split Recommendations Complete
===================================
Recommendations : 0
Window          : due today or next working day only
SAP minutes     : used unchanged by default
Staffing        : explicit overrides only
Planner work    : live, held, split, forced and board orders excluded
Output          : split_recommendations.csv

[26/07/2026 13:46:51.09] Step 5 - Marking LINEUP run as successful... 
LINEUP status marked as successful.
[26/07/2026 13:46:51.40] Step 6 - Rebuilding dashboard with final status... 

===================================
LINEUP Dashboard Build Complete
===================================
Input       : scheduled_orders.csv
Output      : C:\LINEUP\output\dashboard.html
Insights    : assignment reasons and confidence
Remaining   : SAP versus adjusted
Utilisation : working-calendar aware

=================================== 
LINEUP background update finished 
26/07/2026 13:46:51.73 
=================================== 
 
=================================== 
LINEUP background update started 
26/07/2026 14:00:03.22 
=================================== 
[26/07/2026 14:00:03.23] Activating virtual environment... 
[26/07/2026 14:00:03.83] Step 0 - Marking LINEUP run as started... 
LINEUP status marked as running.
[26/07/2026 14:00:04.15] Step 1 - Backing up LINEUP config... 

===================================
LINEUP Config Backup Complete
===================================
Backup folder : C:\LINEUP\backups\2026-07-26_140004
Files copied  : 4
Old backups removed: 1

[26/07/2026 14:00:04.49] Step 2 - Running SAP capacity export... 
COOIS capacities export complete:
C:\LINEUP\data\raw\COOIS_Capacities_Latest.txt
[26/07/2026 14:00:27.81] Step 3 - Running SAP production list export... 
COOIS production list export complete:
C:\LINEUP\data\raw\COOIS_ProductionList_Latest.txt
[26/07/2026 14:02:26.36] Step 4 - Running LINEUP processing pipeline... 
LINEUP
Starting capacity parser...


===================================
LINEUP Capacity Parser Complete
===================================
Input : COOIS_Capacities_Latest.txt
Output: capacities_clean.csv
Rows  : 6224


===================================
LINEUP Production Parser Complete
===================================
Input : COOIS_ProductionList_Latest.txt
Output: production_list_clean.csv
Rows  : 2369


===================================
LINEUP Capacity Summary Complete
===================================
Input : capacities_clean.csv
Output: capacities_order_summary.csv
Rows  : 970


===================================
LINEUP Merge Complete
===================================
Production input : production_list_clean.csv
Capacity input   : capacities_order_summary.csv
Output           : master_schedule.csv
Rows             : 970
Missing metadata : 0


===================================
LINEUP Scheduling Complete
===================================
Scheduled orders : 39
Overflow orders  : 0
SAP minutes      : unchanged by default
Staffing         : explicit overrides only
Queue stability  : current + one automatic order
Insights         : assignment reasons and confidence


===================================
LINEUP Dashboard Build Complete
===================================
Input       : scheduled_orders.csv
Output      : C:\LINEUP\output\dashboard.html
Insights    : assignment reasons and confidence
Remaining   : SAP versus adjusted
Utilisation : working-calendar aware


===================================
LINEUP Schedule Report Complete
===================================
Bench utilisation: bench_utilisation.csv
Schedule summary : schedule_summary.csv


===================================
LINEUP Split Recommendations Complete
===================================
Recommendations : 0
Window          : due today or next working day only
SAP minutes     : used unchanged by default
Staffing        : explicit overrides only
Planner work    : live, held, split, forced and board orders excluded
Output          : split_recommendations.csv

[26/07/2026 14:02:26.84] Step 5 - Marking LINEUP run as successful... 
LINEUP status marked as successful.
[26/07/2026 14:02:27.18] Step 6 - Rebuilding dashboard with final status... 

===================================
LINEUP Dashboard Build Complete
===================================
Input       : scheduled_orders.csv
Output      : C:\LINEUP\output\dashboard.html
Insights    : assignment reasons and confidence
Remaining   : SAP versus adjusted
Utilisation : working-calendar aware

=================================== 
LINEUP background update finished 
26/07/2026 14:02:27.54 
=================================== 
 
=================================== 
LINEUP background update started 
26/07/2026 14:15:03.40 
=================================== 
[26/07/2026 14:15:03.40] Activating virtual environment... 
[26/07/2026 14:15:03.95] Step 0 - Marking LINEUP run as started... 
LINEUP status marked as running.
[26/07/2026 14:15:04.26] Step 1 - Backing up LINEUP config... 

===================================
LINEUP Config Backup Complete
===================================
Backup folder : C:\LINEUP\backups\2026-07-26_141504
Files copied  : 4
Old backups removed: 1

[26/07/2026 14:15:04.65] Step 2 - Running SAP capacity export... 
COOIS capacities export complete:
C:\LINEUP\data\raw\COOIS_Capacities_Latest.txt
[26/07/2026 14:15:26.83] Step 3 - Running SAP production list export... 
COOIS production list export complete:
C:\LINEUP\data\raw\COOIS_ProductionList_Latest.txt
[26/07/2026 14:16:56.25] Step 4 - Running LINEUP processing pipeline... 
LINEUP
Starting capacity parser...


===================================
LINEUP Capacity Parser Complete
===================================
Input : COOIS_Capacities_Latest.txt
Output: capacities_clean.csv
Rows  : 6224


===================================
LINEUP Production Parser Complete
===================================
Input : COOIS_ProductionList_Latest.txt
Output: production_list_clean.csv
Rows  : 2369


===================================
LINEUP Capacity Summary Complete
===================================
Input : capacities_clean.csv
Output: capacities_order_summary.csv
Rows  : 970


===================================
LINEUP Merge Complete
===================================
Production input : production_list_clean.csv
Capacity input   : capacities_order_summary.csv
Output           : master_schedule.csv
Rows             : 970
Missing metadata : 0


===================================
LINEUP Scheduling Complete
===================================
Scheduled orders : 39
Overflow orders  : 0
SAP minutes      : unchanged by default
Staffing         : explicit overrides only
Queue stability  : current + one automatic order
Insights         : assignment reasons and confidence


===================================
LINEUP Dashboard Build Complete
===================================
Input       : scheduled_orders.csv
Output      : C:\LINEUP\output\dashboard.html
Insights    : assignment reasons and confidence
Remaining   : SAP versus adjusted
Utilisation : working-calendar aware


===================================
LINEUP Schedule Report Complete
===================================
Bench utilisation: bench_utilisation.csv
Schedule summary : schedule_summary.csv


===================================
LINEUP Split Recommendations Complete
===================================
Recommendations : 0
Window          : due today or next working day only
SAP minutes     : used unchanged by default
Staffing        : explicit overrides only
Planner work    : live, held, split, forced and board orders excluded
Output          : split_recommendations.csv

[26/07/2026 14:16:56.73] Step 5 - Marking LINEUP run as successful... 
LINEUP status marked as successful.
[26/07/2026 14:16:57.03] Step 6 - Rebuilding dashboard with final status... 

===================================
LINEUP Dashboard Build Complete
===================================
Input       : scheduled_orders.csv
Output      : C:\LINEUP\output\dashboard.html
Insights    : assignment reasons and confidence
Remaining   : SAP versus adjusted
Utilisation : working-calendar aware

=================================== 
LINEUP background update finished 
26/07/2026 14:16:57.38 
=================================== 
 
=================================== 
LINEUP background update started 
26/07/2026 14:30:04.15 
=================================== 
[26/07/2026 14:30:04.15] Activating virtual environment... 
[26/07/2026 14:30:04.67] Step 0 - Marking LINEUP run as started... 
LINEUP status marked as running.
[26/07/2026 14:30:05.02] Step 1 - Backing up LINEUP config... 

===================================
LINEUP Config Backup Complete
===================================
Backup folder : C:\LINEUP\backups\2026-07-26_143005
Files copied  : 4
Old backups removed: 1

[26/07/2026 14:30:05.34] Step 2 - Running SAP capacity export... 
COOIS capacities export complete:
C:\LINEUP\data\raw\COOIS_Capacities_Latest.txt
[26/07/2026 14:30:27.72] Step 3 - Running SAP production list export... 
COOIS production list export complete:
C:\LINEUP\data\raw\COOIS_ProductionList_Latest.txt
[26/07/2026 14:31:59.82] Step 4 - Running LINEUP processing pipeline... 
LINEUP
Starting capacity parser...


===================================
LINEUP Capacity Parser Complete
===================================
Input : COOIS_Capacities_Latest.txt
Output: capacities_clean.csv
Rows  : 6224


===================================
LINEUP Production Parser Complete
===================================
Input : COOIS_ProductionList_Latest.txt
Output: production_list_clean.csv
Rows  : 2369


===================================
LINEUP Capacity Summary Complete
===================================
Input : capacities_clean.csv
Output: capacities_order_summary.csv
Rows  : 970


===================================
LINEUP Merge Complete
===================================
Production input : production_list_clean.csv
Capacity input   : capacities_order_summary.csv
Output           : master_schedule.csv
Rows             : 970
Missing metadata : 0


===================================
LINEUP Scheduling Complete
===================================
Scheduled orders : 39
Overflow orders  : 0
SAP minutes      : unchanged by default
Staffing         : explicit overrides only
Queue stability  : current + one automatic order
Insights         : assignment reasons and confidence


===================================
LINEUP Dashboard Build Complete
===================================
Input       : scheduled_orders.csv
Output      : C:\LINEUP\output\dashboard.html
Insights    : assignment reasons and confidence
Remaining   : SAP versus adjusted
Utilisation : working-calendar aware


===================================
LINEUP Schedule Report Complete
===================================
Bench utilisation: bench_utilisation.csv
Schedule summary : schedule_summary.csv


===================================
LINEUP Split Recommendations Complete
===================================
Recommendations : 0
Window          : due today or next working day only
SAP minutes     : used unchanged by default
Staffing        : explicit overrides only
Planner work    : live, held, split, forced and board orders excluded
Output          : split_recommendations.csv

[26/07/2026 14:32:00.51] Step 5 - Marking LINEUP run as successful... 
LINEUP status marked as successful.
[26/07/2026 14:32:00.84] Step 6 - Rebuilding dashboard with final status... 

===================================
LINEUP Dashboard Build Complete
===================================
Input       : scheduled_orders.csv
Output      : C:\LINEUP\output\dashboard.html
Insights    : assignment reasons and confidence
Remaining   : SAP versus adjusted
Utilisation : working-calendar aware

=================================== 
LINEUP background update finished 
26/07/2026 14:32:01.16 
=================================== 
 
=================================== 
LINEUP background update started 
26/07/2026 14:45:03.15 
=================================== 
[26/07/2026 14:45:03.15] Activating virtual environment... 
[26/07/2026 14:45:03.68] Step 0 - Marking LINEUP run as started... 
LINEUP status marked as running.
[26/07/2026 14:45:04.00] Step 1 - Backing up LINEUP config... 

===================================
LINEUP Config Backup Complete
===================================
Backup folder : C:\LINEUP\backups\2026-07-26_144504
Files copied  : 4
Old backups removed: 1

[26/07/2026 14:45:04.39] Step 2 - Running SAP capacity export... 
COOIS capacities export complete:
C:\LINEUP\data\raw\COOIS_Capacities_Latest.txt
[26/07/2026 14:45:26.66] Step 3 - Running SAP production list export... 
COOIS production list export complete:
C:\LINEUP\data\raw\COOIS_ProductionList_Latest.txt
[26/07/2026 14:46:50.95] Step 4 - Running LINEUP processing pipeline... 
LINEUP
Starting capacity parser...


===================================
LINEUP Capacity Parser Complete
===================================
Input : COOIS_Capacities_Latest.txt
Output: capacities_clean.csv
Rows  : 6224


===================================
LINEUP Production Parser Complete
===================================
Input : COOIS_ProductionList_Latest.txt
Output: production_list_clean.csv
Rows  : 2369


===================================
LINEUP Capacity Summary Complete
===================================
Input : capacities_clean.csv
Output: capacities_order_summary.csv
Rows  : 970


===================================
LINEUP Merge Complete
===================================
Production input : production_list_clean.csv
Capacity input   : capacities_order_summary.csv
Output           : master_schedule.csv
Rows             : 970
Missing metadata : 0


===================================
LINEUP Scheduling Complete
===================================
Scheduled orders : 39
Overflow orders  : 0
SAP minutes      : unchanged by default
Staffing         : explicit overrides only
Queue stability  : current + one automatic order
Insights         : assignment reasons and confidence


===================================
LINEUP Dashboard Build Complete
===================================
Input       : scheduled_orders.csv
Output      : C:\LINEUP\output\dashboard.html
Insights    : assignment reasons and confidence
Remaining   : SAP versus adjusted
Utilisation : working-calendar aware


===================================
LINEUP Schedule Report Complete
===================================
Bench utilisation: bench_utilisation.csv
Schedule summary : schedule_summary.csv


===================================
LINEUP Split Recommendations Complete
===================================
Recommendations : 0
Window          : due today or next working day only
SAP minutes     : used unchanged by default
Staffing        : explicit overrides only
Planner work    : live, held, split, forced and board orders excluded
Output          : split_recommendations.csv

[26/07/2026 14:46:51.45] Step 5 - Marking LINEUP run as successful... 
LINEUP status marked as successful.
[26/07/2026 14:46:51.75] Step 6 - Rebuilding dashboard with final status... 

===================================
LINEUP Dashboard Build Complete
===================================
Input       : scheduled_orders.csv
Output      : C:\LINEUP\output\dashboard.html
Insights    : assignment reasons and confidence
Remaining   : SAP versus adjusted
Utilisation : working-calendar aware

=================================== 
LINEUP background update finished 
26/07/2026 14:46:52.09 
=================================== 
 
=================================== 
LINEUP background update started 
26/07/2026 15:00:03.29 
=================================== 
[26/07/2026 15:00:03.29] Activating virtual environment... 
[26/07/2026 15:00:03.82] Step 0 - Marking LINEUP run as started... 
LINEUP status marked as running.
[26/07/2026 15:00:04.18] Step 1 - Backing up LINEUP config... 

===================================
LINEUP Config Backup Complete
===================================
Backup folder : C:\LINEUP\backups\2026-07-26_150004
Files copied  : 4
Old backups removed: 1

[26/07/2026 15:00:04.55] Step 2 - Running SAP capacity export... 
COOIS capacities export complete:
C:\LINEUP\data\raw\COOIS_Capacities_Latest.txt
[26/07/2026 15:00:28.46] Step 3 - Running SAP production list export... 
COOIS production list export complete:
C:\LINEUP\data\raw\COOIS_ProductionList_Latest.txt
[26/07/2026 15:02:28.68] Step 4 - Running LINEUP processing pipeline... 
LINEUP
Starting capacity parser...


===================================
LINEUP Capacity Parser Complete
===================================
Input : COOIS_Capacities_Latest.txt
Output: capacities_clean.csv
Rows  : 6224


===================================
LINEUP Production Parser Complete
===================================
Input : COOIS_ProductionList_Latest.txt
Output: production_list_clean.csv
Rows  : 2369


===================================
LINEUP Capacity Summary Complete
===================================
Input : capacities_clean.csv
Output: capacities_order_summary.csv
Rows  : 970


===================================
LINEUP Merge Complete
===================================
Production input : production_list_clean.csv
Capacity input   : capacities_order_summary.csv
Output           : master_schedule.csv
Rows             : 970
Missing metadata : 0


===================================
LINEUP Scheduling Complete
===================================
Scheduled orders : 39
Overflow orders  : 0
SAP minutes      : unchanged by default
Staffing         : explicit overrides only
Queue stability  : current + one automatic order
Insights         : assignment reasons and confidence


===================================
LINEUP Dashboard Build Complete
===================================
Input       : scheduled_orders.csv
Output      : C:\LINEUP\output\dashboard.html
Insights    : assignment reasons and confidence
Remaining   : SAP versus adjusted
Utilisation : working-calendar aware


===================================
LINEUP Schedule Report Complete
===================================
Bench utilisation: bench_utilisation.csv
Schedule summary : schedule_summary.csv


===================================
LINEUP Split Recommendations Complete
===================================
Recommendations : 0
Window          : due today or next working day only
SAP minutes     : used unchanged by default
Staffing        : explicit overrides only
Planner work    : live, held, split, forced and board orders excluded
Output          : split_recommendations.csv

[26/07/2026 15:02:29.18] Step 5 - Marking LINEUP run as successful... 
LINEUP status marked as successful.
[26/07/2026 15:02:29.47] Step 6 - Rebuilding dashboard with final status... 

===================================
LINEUP Dashboard Build Complete
===================================
Input       : scheduled_orders.csv
Output      : C:\LINEUP\output\dashboard.html
Insights    : assignment reasons and confidence
Remaining   : SAP versus adjusted
Utilisation : working-calendar aware

=================================== 
LINEUP background update finished 
26/07/2026 15:02:29.81 
=================================== 
 
=================================== 
LINEUP background update started 
26/07/2026 15:15:03.13 
=================================== 
[26/07/2026 15:15:03.13] Activating virtual environment... 
[26/07/2026 15:15:03.67] Step 0 - Marking LINEUP run as started... 
LINEUP status marked as running.
[26/07/2026 15:15:03.97] Step 1 - Backing up LINEUP config... 

===================================
LINEUP Config Backup Complete
===================================
Backup folder : C:\LINEUP\backups\2026-07-26_151504
Files copied  : 4
Old backups removed: 1

[26/07/2026 15:15:04.35] Step 2 - Running SAP capacity export... 
COOIS capacities export complete:
C:\LINEUP\data\raw\COOIS_Capacities_Latest.txt
[26/07/2026 15:15:26.73] Step 3 - Running SAP production list export... 
COOIS production list export complete:
C:\LINEUP\data\raw\COOIS_ProductionList_Latest.txt
[26/07/2026 15:16:59.59] Step 4 - Running LINEUP processing pipeline... 
LINEUP
Starting capacity parser...


===================================
LINEUP Capacity Parser Complete
===================================
Input : COOIS_Capacities_Latest.txt
Output: capacities_clean.csv
Rows  : 6224


===================================
LINEUP Production Parser Complete
===================================
Input : COOIS_ProductionList_Latest.txt
Output: production_list_clean.csv
Rows  : 2369


===================================
LINEUP Capacity Summary Complete
===================================
Input : capacities_clean.csv
Output: capacities_order_summary.csv
Rows  : 970


===================================
LINEUP Merge Complete
===================================
Production input : production_list_clean.csv
Capacity input   : capacities_order_summary.csv
Output           : master_schedule.csv
Rows             : 970
Missing metadata : 0


===================================
LINEUP Scheduling Complete
===================================
Scheduled orders : 39
Overflow orders  : 0
SAP minutes      : unchanged by default
Staffing         : explicit overrides only
Queue stability  : current + one automatic order
Insights         : assignment reasons and confidence


===================================
LINEUP Dashboard Build Complete
===================================
Input       : scheduled_orders.csv
Output      : C:\LINEUP\output\dashboard.html
Insights    : assignment reasons and confidence
Remaining   : SAP versus adjusted
Utilisation : working-calendar aware


===================================
LINEUP Schedule Report Complete
===================================
Bench utilisation: bench_utilisation.csv
Schedule summary : schedule_summary.csv


===================================
LINEUP Split Recommendations Complete
===================================
Recommendations : 0
Window          : due today or next working day only
SAP minutes     : used unchanged by default
Staffing        : explicit overrides only
Planner work    : live, held, split, forced and board orders excluded
Output          : split_recommendations.csv

[26/07/2026 15:17:00.10] Step 5 - Marking LINEUP run as successful... 
LINEUP status marked as successful.
[26/07/2026 15:17:00.42] Step 6 - Rebuilding dashboard with final status... 

===================================
LINEUP Dashboard Build Complete
===================================
Input       : scheduled_orders.csv
Output      : C:\LINEUP\output\dashboard.html
Insights    : assignment reasons and confidence
Remaining   : SAP versus adjusted
Utilisation : working-calendar aware

=================================== 
LINEUP background update finished 
26/07/2026 15:17:00.74 
=================================== 
 
=================================== 
LINEUP background update started 
26/07/2026 15:30:03.08 
=================================== 
[26/07/2026 15:30:03.08] Activating virtual environment... 
[26/07/2026 15:30:03.61] Step 0 - Marking LINEUP run as started... 
LINEUP status marked as running.
[26/07/2026 15:30:03.93] Step 1 - Backing up LINEUP config... 

===================================
LINEUP Config Backup Complete
===================================
Backup folder : C:\LINEUP\backups\2026-07-26_153004
Files copied  : 4
Old backups removed: 1

[26/07/2026 15:30:04.30] Step 2 - Running SAP capacity export... 
COOIS capacities export complete:
C:\LINEUP\data\raw\COOIS_Capacities_Latest.txt
[26/07/2026 15:30:27.50] Step 3 - Running SAP production list export... 
COOIS production list export complete:
C:\LINEUP\data\raw\COOIS_ProductionList_Latest.txt
[26/07/2026 15:32:02.79] Step 4 - Running LINEUP processing pipeline... 
LINEUP
Starting capacity parser...


===================================
LINEUP Capacity Parser Complete
===================================
Input : COOIS_Capacities_Latest.txt
Output: capacities_clean.csv
Rows  : 6224


===================================
LINEUP Production Parser Complete
===================================
Input : COOIS_ProductionList_Latest.txt
Output: production_list_clean.csv
Rows  : 2369


===================================
LINEUP Capacity Summary Complete
===================================
Input : capacities_clean.csv
Output: capacities_order_summary.csv
Rows  : 970


===================================
LINEUP Merge Complete
===================================
Production input : production_list_clean.csv
Capacity input   : capacities_order_summary.csv
Output           : master_schedule.csv
Rows             : 970
Missing metadata : 0


===================================
LINEUP Scheduling Complete
===================================
Scheduled orders : 39
Overflow orders  : 0
SAP minutes      : unchanged by default
Staffing         : explicit overrides only
Queue stability  : current + one automatic order
Insights         : assignment reasons and confidence


===================================
LINEUP Dashboard Build Complete
===================================
Input       : scheduled_orders.csv
Output      : C:\LINEUP\output\dashboard.html
Insights    : assignment reasons and confidence
Remaining   : SAP versus adjusted
Utilisation : working-calendar aware


===================================
LINEUP Schedule Report Complete
===================================
Bench utilisation: bench_utilisation.csv
Schedule summary : schedule_summary.csv


===================================
LINEUP Split Recommendations Complete
===================================
Recommendations : 0
Window          : due today or next working day only
SAP minutes     : used unchanged by default
Staffing        : explicit overrides only
Planner work    : live, held, split, forced and board orders excluded
Output          : split_recommendations.csv

[26/07/2026 15:32:03.39] Step 5 - Marking LINEUP run as successful... 
LINEUP status marked as successful.
[26/07/2026 15:32:03.71] Step 6 - Rebuilding dashboard with final status... 

===================================
LINEUP Dashboard Build Complete
===================================
Input       : scheduled_orders.csv
Output      : C:\LINEUP\output\dashboard.html
Insights    : assignment reasons and confidence
Remaining   : SAP versus adjusted
Utilisation : working-calendar aware

=================================== 
LINEUP background update finished 
26/07/2026 15:32:04.08 
=================================== 
 
=================================== 
LINEUP background update started 
26/07/2026 15:45:03.13 
=================================== 
[26/07/2026 15:45:03.13] Activating virtual environment... 
[26/07/2026 15:45:03.66] Step 0 - Marking LINEUP run as started... 
LINEUP status marked as running.
[26/07/2026 15:45:03.98] Step 1 - Backing up LINEUP config... 

===================================
LINEUP Config Backup Complete
===================================
Backup folder : C:\LINEUP\backups\2026-07-26_154504
Files copied  : 4
Old backups removed: 1

[26/07/2026 15:45:04.34] Step 2 - Running SAP capacity export... 
COOIS capacities export complete:
C:\LINEUP\data\raw\COOIS_Capacities_Latest.txt
[26/07/2026 15:45:26.99] Step 3 - Running SAP production list export... 
COOIS production list export complete:
C:\LINEUP\data\raw\COOIS_ProductionList_Latest.txt
[26/07/2026 15:47:10.27] Step 4 - Running LINEUP processing pipeline... 
LINEUP
Starting capacity parser...


===================================
LINEUP Capacity Parser Complete
===================================
Input : COOIS_Capacities_Latest.txt
Output: capacities_clean.csv
Rows  : 6224


===================================
LINEUP Production Parser Complete
===================================
Input : COOIS_ProductionList_Latest.txt
Output: production_list_clean.csv
Rows  : 2369


===================================
LINEUP Capacity Summary Complete
===================================
Input : capacities_clean.csv
Output: capacities_order_summary.csv
Rows  : 970


===================================
LINEUP Merge Complete
===================================
Production input : production_list_clean.csv
Capacity input   : capacities_order_summary.csv
Output           : master_schedule.csv
Rows             : 970
Missing metadata : 0


===================================
LINEUP Scheduling Complete
===================================
Scheduled orders : 39
Overflow orders  : 0
SAP minutes      : unchanged by default
Staffing         : explicit overrides only
Queue stability  : current + one automatic order
Insights         : assignment reasons and confidence


===================================
LINEUP Dashboard Build Complete
===================================
Input       : scheduled_orders.csv
Output      : C:\LINEUP\output\dashboard.html
Insights    : assignment reasons and confidence
Remaining   : SAP versus adjusted
Utilisation : working-calendar aware


===================================
LINEUP Schedule Report Complete
===================================
Bench utilisation: bench_utilisation.csv
Schedule summary : schedule_summary.csv


===================================
LINEUP Split Recommendations Complete
===================================
Recommendations : 0
Window          : due today or next working day only
SAP minutes     : used unchanged by default
Staffing        : explicit overrides only
Planner work    : live, held, split, forced and board orders excluded
Output          : split_recommendations.csv

[26/07/2026 15:47:10.77] Step 5 - Marking LINEUP run as successful... 
LINEUP status marked as successful.
[26/07/2026 15:47:11.09] Step 6 - Rebuilding dashboard with final status... 

===================================
LINEUP Dashboard Build Complete
===================================
Input       : scheduled_orders.csv
Output      : C:\LINEUP\output\dashboard.html
Insights    : assignment reasons and confidence
Remaining   : SAP versus adjusted
Utilisation : working-calendar aware

=================================== 
LINEUP background update finished 
26/07/2026 15:47:11.43 
=================================== 
 
=================================== 
LINEUP background update started 
26/07/2026 16:00:03.14 
=================================== 
[26/07/2026 16:00:03.14] Activating virtual environment... 
[26/07/2026 16:00:03.65] Step 0 - Marking LINEUP run as started... 
LINEUP status marked as running.
[26/07/2026 16:00:03.98] Step 1 - Backing up LINEUP config... 

===================================
LINEUP Config Backup Complete
===================================
Backup folder : C:\LINEUP\backups\2026-07-26_160004
Files copied  : 4
Old backups removed: 1

[26/07/2026 16:00:04.36] Step 2 - Running SAP capacity export... 
COOIS capacities export complete:
C:\LINEUP\data\raw\COOIS_Capacities_Latest.txt
[26/07/2026 16:00:28.52] Step 3 - Running SAP production list export... 
COOIS production list export complete:
C:\LINEUP\data\raw\COOIS_ProductionList_Latest.txt
[26/07/2026 16:02:45.65] Step 4 - Running LINEUP processing pipeline... 
LINEUP
Starting capacity parser...


===================================
LINEUP Capacity Parser Complete
===================================
Input : COOIS_Capacities_Latest.txt
Output: capacities_clean.csv
Rows  : 6224


===================================
LINEUP Production Parser Complete
===================================
Input : COOIS_ProductionList_Latest.txt
Output: production_list_clean.csv
Rows  : 2369


===================================
LINEUP Capacity Summary Complete
===================================
Input : capacities_clean.csv
Output: capacities_order_summary.csv
Rows  : 970


===================================
LINEUP Merge Complete
===================================
Production input : production_list_clean.csv
Capacity input   : capacities_order_summary.csv
Output           : master_schedule.csv
Rows             : 970
Missing metadata : 0


===================================
LINEUP Scheduling Complete
===================================
Scheduled orders : 39
Overflow orders  : 0
SAP minutes      : unchanged by default
Staffing         : explicit overrides only
Queue stability  : current + one automatic order
Insights         : assignment reasons and confidence


===================================
LINEUP Dashboard Build Complete
===================================
Input       : scheduled_orders.csv
Output      : C:\LINEUP\output\dashboard.html
Insights    : assignment reasons and confidence
Remaining   : SAP versus adjusted
Utilisation : working-calendar aware


===================================
LINEUP Schedule Report Complete
===================================
Bench utilisation: bench_utilisation.csv
Schedule summary : schedule_summary.csv


===================================
LINEUP Split Recommendations Complete
===================================
Recommendations : 0
Window          : due today or next working day only
SAP minutes     : used unchanged by default
Staffing        : explicit overrides only
Planner work    : live, held, split, forced and board orders excluded
Output          : split_recommendations.csv

[26/07/2026 16:02:46.14] Step 5 - Marking LINEUP run as successful... 
LINEUP status marked as successful.
[26/07/2026 16:02:46.45] Step 6 - Rebuilding dashboard with final status... 

===================================
LINEUP Dashboard Build Complete
===================================
Input       : scheduled_orders.csv
Output      : C:\LINEUP\output\dashboard.html
Insights    : assignment reasons and confidence
Remaining   : SAP versus adjusted
Utilisation : working-calendar aware

=================================== 
LINEUP background update finished 
26/07/2026 16:02:46.79 
=================================== 
 
=================================== 
LINEUP background update started 
26/07/2026 16:15:03.27 
=================================== 
[26/07/2026 16:15:03.29] Activating virtual environment... 
[26/07/2026 16:15:03.83] Step 0 - Marking LINEUP run as started... 
LINEUP status marked as running.
[26/07/2026 16:15:04.17] Step 1 - Backing up LINEUP config... 

===================================
LINEUP Config Backup Complete
===================================
Backup folder : C:\LINEUP\backups\2026-07-26_161504
Files copied  : 4
Old backups removed: 1

[26/07/2026 16:15:04.57] Step 2 - Running SAP capacity export... 
COOIS capacities export complete:
C:\LINEUP\data\raw\COOIS_Capacities_Latest.txt
[26/07/2026 16:15:29.05] Step 3 - Running SAP production list export... 
COOIS production list export complete:
C:\LINEUP\data\raw\COOIS_ProductionList_Latest.txt
[26/07/2026 16:17:14.85] Step 4 - Running LINEUP processing pipeline... 
LINEUP
Starting capacity parser...


===================================
LINEUP Capacity Parser Complete
===================================
Input : COOIS_Capacities_Latest.txt
Output: capacities_clean.csv
Rows  : 6224


===================================
LINEUP Production Parser Complete
===================================
Input : COOIS_ProductionList_Latest.txt
Output: production_list_clean.csv
Rows  : 2369


===================================
LINEUP Capacity Summary Complete
===================================
Input : capacities_clean.csv
Output: capacities_order_summary.csv
Rows  : 970


===================================
LINEUP Merge Complete
===================================
Production input : production_list_clean.csv
Capacity input   : capacities_order_summary.csv
Output           : master_schedule.csv
Rows             : 970
Missing metadata : 0


===================================
LINEUP Scheduling Complete
===================================
Scheduled orders : 39
Overflow orders  : 0
SAP minutes      : unchanged by default
Staffing         : explicit overrides only
Queue stability  : current + one automatic order
Insights         : assignment reasons and confidence


===================================
LINEUP Dashboard Build Complete
===================================
Input       : scheduled_orders.csv
Output      : C:\LINEUP\output\dashboard.html
Insights    : assignment reasons and confidence
Remaining   : SAP versus adjusted
Utilisation : working-calendar aware


===================================
LINEUP Schedule Report Complete
===================================
Bench utilisation: bench_utilisation.csv
Schedule summary : schedule_summary.csv


===================================
LINEUP Split Recommendations Complete
===================================
Recommendations : 0
Window          : due today or next working day only
SAP minutes     : used unchanged by default
Staffing        : explicit overrides only
Planner work    : live, held, split, forced and board orders excluded
Output          : split_recommendations.csv

[26/07/2026 16:17:15.33] Step 5 - Marking LINEUP run as successful... 
LINEUP status marked as successful.
[26/07/2026 16:17:15.64] Step 6 - Rebuilding dashboard with final status... 

===================================
LINEUP Dashboard Build Complete
===================================
Input       : scheduled_orders.csv
Output      : C:\LINEUP\output\dashboard.html
Insights    : assignment reasons and confidence
Remaining   : SAP versus adjusted
Utilisation : working-calendar aware

=================================== 
LINEUP background update finished 
26/07/2026 16:17:15.97 
=================================== 
 
=================================== 
LINEUP background update started 
26/07/2026 16:30:03.09 
=================================== 
[26/07/2026 16:30:03.09] Activating virtual environment... 
[26/07/2026 16:30:03.59] Step 0 - Marking LINEUP run as started... 
LINEUP status marked as running.
[26/07/2026 16:30:03.91] Step 1 - Backing up LINEUP config... 

===================================
LINEUP Config Backup Complete
===================================
Backup folder : C:\LINEUP\backups\2026-07-26_163004
Files copied  : 4
Old backups removed: 1

[26/07/2026 16:30:04.26] Step 2 - Running SAP capacity export... 
COOIS capacities export complete:
C:\LINEUP\data\raw\COOIS_Capacities_Latest.txt
[26/07/2026 16:30:27.54] Step 3 - Running SAP production list export... 
COOIS production list export complete:
C:\LINEUP\data\raw\COOIS_ProductionList_Latest.txt
[26/07/2026 16:32:18.62] Step 4 - Running LINEUP processing pipeline... 
LINEUP
Starting capacity parser...


===================================
LINEUP Capacity Parser Complete
===================================
Input : COOIS_Capacities_Latest.txt
Output: capacities_clean.csv
Rows  : 6224


===================================
LINEUP Production Parser Complete
===================================
Input : COOIS_ProductionList_Latest.txt
Output: production_list_clean.csv
Rows  : 2369


===================================
LINEUP Capacity Summary Complete
===================================
Input : capacities_clean.csv
Output: capacities_order_summary.csv
Rows  : 970


===================================
LINEUP Merge Complete
===================================
Production input : production_list_clean.csv
Capacity input   : capacities_order_summary.csv
Output           : master_schedule.csv
Rows             : 970
Missing metadata : 0


===================================
LINEUP Scheduling Complete
===================================
Scheduled orders : 39
Overflow orders  : 0
SAP minutes      : unchanged by default
Staffing         : explicit overrides only
Queue stability  : current + one automatic order
Insights         : assignment reasons and confidence


===================================
LINEUP Dashboard Build Complete
===================================
Input       : scheduled_orders.csv
Output      : C:\LINEUP\output\dashboard.html
Insights    : assignment reasons and confidence
Remaining   : SAP versus adjusted
Utilisation : working-calendar aware


===================================
LINEUP Schedule Report Complete
===================================
Bench utilisation: bench_utilisation.csv
Schedule summary : schedule_summary.csv


===================================
LINEUP Split Recommendations Complete
===================================
Recommendations : 0
Window          : due today or next working day only
SAP minutes     : used unchanged by default
Staffing        : explicit overrides only
Planner work    : live, held, split, forced and board orders excluded
Output          : split_recommendations.csv

[26/07/2026 16:32:19.13] Step 5 - Marking LINEUP run as successful... 
LINEUP status marked as successful.
[26/07/2026 16:32:19.45] Step 6 - Rebuilding dashboard with final status... 

===================================
LINEUP Dashboard Build Complete
===================================
Input       : scheduled_orders.csv
Output      : C:\LINEUP\output\dashboard.html
Insights    : assignment reasons and confidence
Remaining   : SAP versus adjusted
Utilisation : working-calendar aware

=================================== 
LINEUP background update finished 
26/07/2026 16:32:19.78 
=================================== 
 
=================================== 
LINEUP background update started 
26/07/2026 16:45:03.14 
=================================== 
[26/07/2026 16:45:03.15] Activating virtual environment... 
[26/07/2026 16:45:03.69] Step 0 - Marking LINEUP run as started... 
LINEUP status marked as running.
[26/07/2026 16:45:04.01] Step 1 - Backing up LINEUP config... 

===================================
LINEUP Config Backup Complete
===================================
Backup folder : C:\LINEUP\backups\2026-07-26_164504
Files copied  : 4
Old backups removed: 1

[26/07/2026 16:45:04.35] Step 2 - Running SAP capacity export... 
COOIS capacities export complete:
C:\LINEUP\data\raw\COOIS_Capacities_Latest.txt
[26/07/2026 16:45:27.02] Step 3 - Running SAP production list export... 
COOIS production list export complete:
C:\LINEUP\data\raw\COOIS_ProductionList_Latest.txt
[26/07/2026 16:47:02.66] Step 4 - Running LINEUP processing pipeline... 
LINEUP
Starting capacity parser...


===================================
LINEUP Capacity Parser Complete
===================================
Input : COOIS_Capacities_Latest.txt
Output: capacities_clean.csv
Rows  : 6224


===================================
LINEUP Production Parser Complete
===================================
Input : COOIS_ProductionList_Latest.txt
Output: production_list_clean.csv
Rows  : 2369


===================================
LINEUP Capacity Summary Complete
===================================
Input : capacities_clean.csv
Output: capacities_order_summary.csv
Rows  : 970


===================================
LINEUP Merge Complete
===================================
Production input : production_list_clean.csv
Capacity input   : capacities_order_summary.csv
Output           : master_schedule.csv
Rows             : 970
Missing metadata : 0


===================================
LINEUP Scheduling Complete
===================================
Scheduled orders : 39
Overflow orders  : 0
SAP minutes      : unchanged by default
Staffing         : explicit overrides only
Queue stability  : current + one automatic order
Insights         : assignment reasons and confidence


===================================
LINEUP Dashboard Build Complete
===================================
Input       : scheduled_orders.csv
Output      : C:\LINEUP\output\dashboard.html
Insights    : assignment reasons and confidence
Remaining   : SAP versus adjusted
Utilisation : working-calendar aware


===================================
LINEUP Schedule Report Complete
===================================
Bench utilisation: bench_utilisation.csv
Schedule summary : schedule_summary.csv


===================================
LINEUP Split Recommendations Complete
===================================
Recommendations : 0
Window          : due today or next working day only
SAP minutes     : used unchanged by default
Staffing        : explicit overrides only
Planner work    : live, held, split, forced and board orders excluded
Output          : split_recommendations.csv

[26/07/2026 16:47:03.15] Step 5 - Marking LINEUP run as successful... 
LINEUP status marked as successful.
[26/07/2026 16:47:03.47] Step 6 - Rebuilding dashboard with final status... 

===================================
LINEUP Dashboard Build Complete
===================================
Input       : scheduled_orders.csv
Output      : C:\LINEUP\output\dashboard.html
Insights    : assignment reasons and confidence
Remaining   : SAP versus adjusted
Utilisation : working-calendar aware

=================================== 
LINEUP background update finished 
26/07/2026 16:47:03.82 
=================================== 
 
=================================== 
LINEUP background update started 
26/07/2026 17:00:03.33 
=================================== 
[26/07/2026 17:00:03.33] Activating virtual environment... 
[26/07/2026 17:00:03.86] Step 0 - Marking LINEUP run as started... 
LINEUP status marked as running.
[26/07/2026 17:00:04.21] Step 1 - Backing up LINEUP config... 

===================================
LINEUP Config Backup Complete
===================================
Backup folder : C:\LINEUP\backups\2026-07-26_170004
Files copied  : 4
Old backups removed: 1

[26/07/2026 17:00:04.58] Step 2 - Running SAP capacity export... 
COOIS capacities export complete:
C:\LINEUP\data\raw\COOIS_Capacities_Latest.txt
[26/07/2026 17:00:28.60] Step 3 - Running SAP production list export... 
COOIS production list export complete:
C:\LINEUP\data\raw\COOIS_ProductionList_Latest.txt
[26/07/2026 17:02:40.27] Step 4 - Running LINEUP processing pipeline... 
LINEUP
Starting capacity parser...


===================================
LINEUP Capacity Parser Complete
===================================
Input : COOIS_Capacities_Latest.txt
Output: capacities_clean.csv
Rows  : 6224


===================================
LINEUP Production Parser Complete
===================================
Input : COOIS_ProductionList_Latest.txt
Output: production_list_clean.csv
Rows  : 2369


===================================
LINEUP Capacity Summary Complete
===================================
Input : capacities_clean.csv
Output: capacities_order_summary.csv
Rows  : 970


===================================
LINEUP Merge Complete
===================================
Production input : production_list_clean.csv
Capacity input   : capacities_order_summary.csv
Output           : master_schedule.csv
Rows             : 970
Missing metadata : 0


===================================
LINEUP Scheduling Complete
===================================
Scheduled orders : 39
Overflow orders  : 0
SAP minutes      : unchanged by default
Staffing         : explicit overrides only
Queue stability  : current + one automatic order
Insights         : assignment reasons and confidence


===================================
LINEUP Dashboard Build Complete
===================================
Input       : scheduled_orders.csv
Output      : C:\LINEUP\output\dashboard.html
Insights    : assignment reasons and confidence
Remaining   : SAP versus adjusted
Utilisation : working-calendar aware


===================================
LINEUP Schedule Report Complete
===================================
Bench utilisation: bench_utilisation.csv
Schedule summary : schedule_summary.csv


===================================
LINEUP Split Recommendations Complete
===================================
Recommendations : 0
Window          : due today or next working day only
SAP minutes     : used unchanged by default
Staffing        : explicit overrides only
Planner work    : live, held, split, forced and board orders excluded
Output          : split_recommendations.csv

[26/07/2026 17:02:40.82] Step 5 - Marking LINEUP run as successful... 
LINEUP status marked as successful.
[26/07/2026 17:02:41.13] Step 6 - Rebuilding dashboard with final status... 

===================================
LINEUP Dashboard Build Complete
===================================
Input       : scheduled_orders.csv
Output      : C:\LINEUP\output\dashboard.html
Insights    : assignment reasons and confidence
Remaining   : SAP versus adjusted
Utilisation : working-calendar aware

=================================== 
LINEUP background update finished 
26/07/2026 17:02:41.50 
=================================== 
 
=================================== 
LINEUP background update started 
26/07/2026 17:15:03.23 
=================================== 
[26/07/2026 17:15:03.23] Activating virtual environment... 
[26/07/2026 17:15:03.75] Step 0 - Marking LINEUP run as started... 
LINEUP status marked as running.
[26/07/2026 17:15:04.05] Step 1 - Backing up LINEUP config... 

===================================
LINEUP Config Backup Complete
===================================
Backup folder : C:\LINEUP\backups\2026-07-26_171504
Files copied  : 4
Old backups removed: 1

[26/07/2026 17:15:04.40] Step 2 - Running SAP capacity export... 
COOIS capacities export complete:
C:\LINEUP\data\raw\COOIS_Capacities_Latest.txt
[26/07/2026 17:15:27.48] Step 3 - Running SAP production list export... 
COOIS production list export complete:
C:\LINEUP\data\raw\COOIS_ProductionList_Latest.txt
[26/07/2026 17:17:09.42] Step 4 - Running LINEUP processing pipeline... 
LINEUP
Starting capacity parser...


===================================
LINEUP Capacity Parser Complete
===================================
Input : COOIS_Capacities_Latest.txt
Output: capacities_clean.csv
Rows  : 6224


===================================
LINEUP Production Parser Complete
===================================
Input : COOIS_ProductionList_Latest.txt
Output: production_list_clean.csv
Rows  : 2369


===================================
LINEUP Capacity Summary Complete
===================================
Input : capacities_clean.csv
Output: capacities_order_summary.csv
Rows  : 970


===================================
LINEUP Merge Complete
===================================
Production input : production_list_clean.csv
Capacity input   : capacities_order_summary.csv
Output           : master_schedule.csv
Rows             : 970
Missing metadata : 0


===================================
LINEUP Scheduling Complete
===================================
Scheduled orders : 39
Overflow orders  : 0
SAP minutes      : unchanged by default
Staffing         : explicit overrides only
Queue stability  : current + one automatic order
Insights         : assignment reasons and confidence


===================================
LINEUP Dashboard Build Complete
===================================
Input       : scheduled_orders.csv
Output      : C:\LINEUP\output\dashboard.html
Insights    : assignment reasons and confidence
Remaining   : SAP versus adjusted
Utilisation : working-calendar aware


===================================
LINEUP Schedule Report Complete
===================================
Bench utilisation: bench_utilisation.csv
Schedule summary : schedule_summary.csv


===================================
LINEUP Split Recommendations Complete
===================================
Recommendations : 0
Window          : due today or next working day only
SAP minutes     : used unchanged by default
Staffing        : explicit overrides only
Planner work    : live, held, split, forced and board orders excluded
Output          : split_recommendations.csv

[26/07/2026 17:17:09.89] Step 5 - Marking LINEUP run as successful... 
LINEUP status marked as successful.
[26/07/2026 17:17:10.19] Step 6 - Rebuilding dashboard with final status... 

===================================
LINEUP Dashboard Build Complete
===================================
Input       : scheduled_orders.csv
Output      : C:\LINEUP\output\dashboard.html
Insights    : assignment reasons and confidence
Remaining   : SAP versus adjusted
Utilisation : working-calendar aware

=================================== 
LINEUP background update finished 
26/07/2026 17:17:10.52 
=================================== 
 
=================================== 
LINEUP background update started 
26/07/2026 17:30:03.12 
=================================== 
[26/07/2026 17:30:03.12] Activating virtual environment... 
[26/07/2026 17:30:03.63] Step 0 - Marking LINEUP run as started... 
LINEUP status marked as running.
[26/07/2026 17:30:03.94] Step 1 - Backing up LINEUP config... 

===================================
LINEUP Config Backup Complete
===================================
Backup folder : C:\LINEUP\backups\2026-07-26_173004
Files copied  : 4
Old backups removed: 1

[26/07/2026 17:30:04.29] Step 2 - Running SAP capacity export... 
COOIS capacities export complete:
C:\LINEUP\data\raw\COOIS_Capacities_Latest.txt
[26/07/2026 17:30:28.42] Step 3 - Running SAP production list export... 
COOIS production list export complete:
C:\LINEUP\data\raw\COOIS_ProductionList_Latest.txt
[26/07/2026 17:32:23.79] Step 4 - Running LINEUP processing pipeline... 
LINEUP
Starting capacity parser...


===================================
LINEUP Capacity Parser Complete
===================================
Input : COOIS_Capacities_Latest.txt
Output: capacities_clean.csv
Rows  : 6224


===================================
LINEUP Production Parser Complete
===================================
Input : COOIS_ProductionList_Latest.txt
Output: production_list_clean.csv
Rows  : 2369


===================================
LINEUP Capacity Summary Complete
===================================
Input : capacities_clean.csv
Output: capacities_order_summary.csv
Rows  : 970


===================================
LINEUP Merge Complete
===================================
Production input : production_list_clean.csv
Capacity input   : capacities_order_summary.csv
Output           : master_schedule.csv
Rows             : 970
Missing metadata : 0


===================================
LINEUP Scheduling Complete
===================================
Scheduled orders : 39
Overflow orders  : 0
SAP minutes      : unchanged by default
Staffing         : explicit overrides only
Queue stability  : current + one automatic order
Insights         : assignment reasons and confidence


===================================
LINEUP Dashboard Build Complete
===================================
Input       : scheduled_orders.csv
Output      : C:\LINEUP\output\dashboard.html
Insights    : assignment reasons and confidence
Remaining   : SAP versus adjusted
Utilisation : working-calendar aware


===================================
LINEUP Schedule Report Complete
===================================
Bench utilisation: bench_utilisation.csv
Schedule summary : schedule_summary.csv


===================================
LINEUP Split Recommendations Complete
===================================
Recommendations : 0
Window          : due today or next working day only
SAP minutes     : used unchanged by default
Staffing        : explicit overrides only
Planner work    : live, held, split, forced and board orders excluded
Output          : split_recommendations.csv

[26/07/2026 17:32:24.27] Step 5 - Marking LINEUP run as successful... 
LINEUP status marked as successful.
[26/07/2026 17:32:24.58] Step 6 - Rebuilding dashboard with final status... 

===================================
LINEUP Dashboard Build Complete
===================================
Input       : scheduled_orders.csv
Output      : C:\LINEUP\output\dashboard.html
Insights    : assignment reasons and confidence
Remaining   : SAP versus adjusted
Utilisation : working-calendar aware

=================================== 
LINEUP background update finished 
26/07/2026 17:32:24.89 
=================================== 
 
=================================== 
LINEUP background update started 
26/07/2026 17:45:03.10 
=================================== 
[26/07/2026 17:45:03.11] Activating virtual environment... 
[26/07/2026 17:45:03.62] Step 0 - Marking LINEUP run as started... 
LINEUP status marked as running.
[26/07/2026 17:45:03.97] Step 1 - Backing up LINEUP config... 

===================================
LINEUP Config Backup Complete
===================================
Backup folder : C:\LINEUP\backups\2026-07-26_174504
Files copied  : 4
Old backups removed: 1

[26/07/2026 17:45:04.32] Step 2 - Running SAP capacity export... 
COOIS capacities export complete:
C:\LINEUP\data\raw\COOIS_Capacities_Latest.txt
[26/07/2026 17:45:26.36] Step 3 - Running SAP production list export... 
COOIS production list export complete:
C:\LINEUP\data\raw\COOIS_ProductionList_Latest.txt
[26/07/2026 17:46:59.96] Step 4 - Running LINEUP processing pipeline... 
LINEUP
Starting capacity parser...


===================================
LINEUP Capacity Parser Complete
===================================
Input : COOIS_Capacities_Latest.txt
Output: capacities_clean.csv
Rows  : 6224


===================================
LINEUP Production Parser Complete
===================================
Input : COOIS_ProductionList_Latest.txt
Output: production_list_clean.csv
Rows  : 2369


===================================
LINEUP Capacity Summary Complete
===================================
Input : capacities_clean.csv
Output: capacities_order_summary.csv
Rows  : 970


===================================
LINEUP Merge Complete
===================================
Production input : production_list_clean.csv
Capacity input   : capacities_order_summary.csv
Output           : master_schedule.csv
Rows             : 970
Missing metadata : 0


===================================
LINEUP Scheduling Complete
===================================
Scheduled orders : 39
Overflow orders  : 0
SAP minutes      : unchanged by default
Staffing         : explicit overrides only
Queue stability  : current + one automatic order
Insights         : assignment reasons and confidence


===================================
LINEUP Dashboard Build Complete
===================================
Input       : scheduled_orders.csv
Output      : C:\LINEUP\output\dashboard.html
Insights    : assignment reasons and confidence
Remaining   : SAP versus adjusted
Utilisation : working-calendar aware


===================================
LINEUP Schedule Report Complete
===================================
Bench utilisation: bench_utilisation.csv
Schedule summary : schedule_summary.csv


===================================
LINEUP Split Recommendations Complete
===================================
Recommendations : 0
Window          : due today or next working day only
SAP minutes     : used unchanged by default
Staffing        : explicit overrides only
Planner work    : live, held, split, forced and board orders excluded
Output          : split_recommendations.csv

[26/07/2026 17:47:00.44] Step 5 - Marking LINEUP run as successful... 
LINEUP status marked as successful.
[26/07/2026 17:47:00.75] Step 6 - Rebuilding dashboard with final status... 

===================================
LINEUP Dashboard Build Complete
===================================
Input       : scheduled_orders.csv
Output      : C:\LINEUP\output\dashboard.html
Insights    : assignment reasons and confidence
Remaining   : SAP versus adjusted
Utilisation : working-calendar aware

=================================== 
LINEUP background update finished 
26/07/2026 17:47:01.07 
=================================== 
 
=================================== 
LINEUP background update started 
26/07/2026 18:00:03.30 
=================================== 
[26/07/2026 18:00:03.30] Activating virtual environment... 
[26/07/2026 18:00:03.81] Step 0 - Marking LINEUP run as started... 
LINEUP status marked as running.
[26/07/2026 18:00:04.12] Step 1 - Backing up LINEUP config... 

===================================
LINEUP Config Backup Complete
===================================
Backup folder : C:\LINEUP\backups\2026-07-26_180004
Files copied  : 4
Old backups removed: 1

[26/07/2026 18:00:04.46] Step 2 - Running SAP capacity export... 
COOIS capacities export complete:
C:\LINEUP\data\raw\COOIS_Capacities_Latest.txt
[26/07/2026 18:00:28.72] Step 3 - Running SAP production list export... 
COOIS production list export complete:
C:\LINEUP\data\raw\COOIS_ProductionList_Latest.txt
[26/07/2026 18:03:00.60] Step 4 - Running LINEUP processing pipeline... 
LINEUP
Starting capacity parser...


===================================
LINEUP Capacity Parser Complete
===================================
Input : COOIS_Capacities_Latest.txt
Output: capacities_clean.csv
Rows  : 6224


===================================
LINEUP Production Parser Complete
===================================
Input : COOIS_ProductionList_Latest.txt
Output: production_list_clean.csv
Rows  : 2369


===================================
LINEUP Capacity Summary Complete
===================================
Input : capacities_clean.csv
Output: capacities_order_summary.csv
Rows  : 970


===================================
LINEUP Merge Complete
===================================
Production input : production_list_clean.csv
Capacity input   : capacities_order_summary.csv
Output           : master_schedule.csv
Rows             : 970
Missing metadata : 0


===================================
LINEUP Scheduling Complete
===================================
Scheduled orders : 39
Overflow orders  : 0
SAP minutes      : unchanged by default
Staffing         : explicit overrides only
Queue stability  : current + one automatic order
Insights         : assignment reasons and confidence


===================================
LINEUP Dashboard Build Complete
===================================
Input       : scheduled_orders.csv
Output      : C:\LINEUP\output\dashboard.html
Insights    : assignment reasons and confidence
Remaining   : SAP versus adjusted
Utilisation : working-calendar aware


===================================
LINEUP Schedule Report Complete
===================================
Bench utilisation: bench_utilisation.csv
Schedule summary : schedule_summary.csv


===================================
LINEUP Split Recommendations Complete
===================================
Recommendations : 0
Window          : due today or next working day only
SAP minutes     : used unchanged by default
Staffing        : explicit overrides only
Planner work    : live, held, split, forced and board orders excluded
Output          : split_recommendations.csv

[26/07/2026 18:03:01.12] Step 5 - Marking LINEUP run as successful... 
LINEUP status marked as successful.
[26/07/2026 18:03:01.41] Step 6 - Rebuilding dashboard with final status... 

===================================
LINEUP Dashboard Build Complete
===================================
Input       : scheduled_orders.csv
Output      : C:\LINEUP\output\dashboard.html
Insights    : assignment reasons and confidence
Remaining   : SAP versus adjusted
Utilisation : working-calendar aware

=================================== 
LINEUP background update finished 
26/07/2026 18:03:01.76 
=================================== 
 
=================================== 
LINEUP background update started 
26/07/2026 18:15:03.18 
=================================== 
[26/07/2026 18:15:03.18] Activating virtual environment... 
[26/07/2026 18:15:03.71] Step 0 - Marking LINEUP run as started... 
LINEUP status marked as running.
[26/07/2026 18:15:04.04] Step 1 - Backing up LINEUP config... 

===================================
LINEUP Config Backup Complete
===================================
Backup folder : C:\LINEUP\backups\2026-07-26_181504
Files copied  : 4
Old backups removed: 1

[26/07/2026 18:15:04.42] Step 2 - Running SAP capacity export... 
COOIS capacities export complete:
C:\LINEUP\data\raw\COOIS_Capacities_Latest.txt
[26/07/2026 18:15:26.57] Step 3 - Running SAP production list export... 
COOIS production list export complete:
C:\LINEUP\data\raw\COOIS_ProductionList_Latest.txt
[26/07/2026 18:17:06.81] Step 4 - Running LINEUP processing pipeline... 
LINEUP
Starting capacity parser...


===================================
LINEUP Capacity Parser Complete
===================================
Input : COOIS_Capacities_Latest.txt
Output: capacities_clean.csv
Rows  : 6224


===================================
LINEUP Production Parser Complete
===================================
Input : COOIS_ProductionList_Latest.txt
Output: production_list_clean.csv
Rows  : 2369


===================================
LINEUP Capacity Summary Complete
===================================
Input : capacities_clean.csv
Output: capacities_order_summary.csv
Rows  : 970


===================================
LINEUP Merge Complete
===================================
Production input : production_list_clean.csv
Capacity input   : capacities_order_summary.csv
Output           : master_schedule.csv
Rows             : 970
Missing metadata : 0


===================================
LINEUP Scheduling Complete
===================================
Scheduled orders : 39
Overflow orders  : 0
SAP minutes      : unchanged by default
Staffing         : explicit overrides only
Queue stability  : current + one automatic order
Insights         : assignment reasons and confidence


===================================
LINEUP Dashboard Build Complete
===================================
Input       : scheduled_orders.csv
Output      : C:\LINEUP\output\dashboard.html
Insights    : assignment reasons and confidence
Remaining   : SAP versus adjusted
Utilisation : working-calendar aware


===================================
LINEUP Schedule Report Complete
===================================
Bench utilisation: bench_utilisation.csv
Schedule summary : schedule_summary.csv


===================================
LINEUP Split Recommendations Complete
===================================
Recommendations : 0
Window          : due today or next working day only
SAP minutes     : used unchanged by default
Staffing        : explicit overrides only
Planner work    : live, held, split, forced and board orders excluded
Output          : split_recommendations.csv

[26/07/2026 18:17:07.30] Step 5 - Marking LINEUP run as successful... 
LINEUP status marked as successful.
[26/07/2026 18:17:07.60] Step 6 - Rebuilding dashboard with final status... 

===================================
LINEUP Dashboard Build Complete
===================================
Input       : scheduled_orders.csv
Output      : C:\LINEUP\output\dashboard.html
Insights    : assignment reasons and confidence
Remaining   : SAP versus adjusted
Utilisation : working-calendar aware

=================================== 
LINEUP background update finished 
26/07/2026 18:17:07.91 
=================================== 
 
=================================== 
LINEUP background update started 
26/07/2026 18:30:03.15 
=================================== 
[26/07/2026 18:30:03.15] Activating virtual environment... 
[26/07/2026 18:30:03.67] Step 0 - Marking LINEUP run as started... 
LINEUP status marked as running.
[26/07/2026 18:30:04.03] Step 1 - Backing up LINEUP config... 

===================================
LINEUP Config Backup Complete
===================================
Backup folder : C:\LINEUP\backups\2026-07-26_183004
Files copied  : 4
Old backups removed: 1

[26/07/2026 18:30:04.40] Step 2 - Running SAP capacity export... 
COOIS capacities export complete:
C:\LINEUP\data\raw\COOIS_Capacities_Latest.txt
[26/07/2026 18:30:27.82] Step 3 - Running SAP production list export... 
COOIS production list export complete:
C:\LINEUP\data\raw\COOIS_ProductionList_Latest.txt
[26/07/2026 18:32:16.52] Step 4 - Running LINEUP processing pipeline... 
LINEUP
Starting capacity parser...


===================================
LINEUP Capacity Parser Complete
===================================
Input : COOIS_Capacities_Latest.txt
Output: capacities_clean.csv
Rows  : 6224


===================================
LINEUP Production Parser Complete
===================================
Input : COOIS_ProductionList_Latest.txt
Output: production_list_clean.csv
Rows  : 2369


===================================
LINEUP Capacity Summary Complete
===================================
Input : capacities_clean.csv
Output: capacities_order_summary.csv
Rows  : 970


===================================
LINEUP Merge Complete
===================================
Production input : production_list_clean.csv
Capacity input   : capacities_order_summary.csv
Output           : master_schedule.csv
Rows             : 970
Missing metadata : 0


===================================
LINEUP Scheduling Complete
===================================
Scheduled orders : 39
Overflow orders  : 0
SAP minutes      : unchanged by default
Staffing         : explicit overrides only
Queue stability  : current + one automatic order
Insights         : assignment reasons and confidence


===================================
LINEUP Dashboard Build Complete
===================================
Input       : scheduled_orders.csv
Output      : C:\LINEUP\output\dashboard.html
Insights    : assignment reasons and confidence
Remaining   : SAP versus adjusted
Utilisation : working-calendar aware


===================================
LINEUP Schedule Report Complete
===================================
Bench utilisation: bench_utilisation.csv
Schedule summary : schedule_summary.csv


===================================
LINEUP Split Recommendations Complete
===================================
Recommendations : 0
Window          : due today or next working day only
SAP minutes     : used unchanged by default
Staffing        : explicit overrides only
Planner work    : live, held, split, forced and board orders excluded
Output          : split_recommendations.csv

[26/07/2026 18:32:17.02] Step 5 - Marking LINEUP run as successful... 
LINEUP status marked as successful.
[26/07/2026 18:32:17.35] Step 6 - Rebuilding dashboard with final status... 

===================================
LINEUP Dashboard Build Complete
===================================
Input       : scheduled_orders.csv
Output      : C:\LINEUP\output\dashboard.html
Insights    : assignment reasons and confidence
Remaining   : SAP versus adjusted
Utilisation : working-calendar aware

=================================== 
LINEUP background update finished 
26/07/2026 18:32:17.69 
=================================== 
 
=================================== 
LINEUP background update started 
26/07/2026 18:45:04.08 
=================================== 
[26/07/2026 18:45:04.08] Activating virtual environment... 
[26/07/2026 18:45:04.59] Step 0 - Marking LINEUP run as started... 
LINEUP status marked as running.
[26/07/2026 18:45:04.91] Step 1 - Backing up LINEUP config... 

===================================
LINEUP Config Backup Complete
===================================
Backup folder : C:\LINEUP\backups\2026-07-26_184505
Files copied  : 4
Old backups removed: 1

[26/07/2026 18:45:05.24] Step 2 - Running SAP capacity export... 
COOIS capacities export complete:
C:\LINEUP\data\raw\COOIS_Capacities_Latest.txt
[26/07/2026 18:45:28.00] Step 3 - Running SAP production list export... 
COOIS production list export complete:
C:\LINEUP\data\raw\COOIS_ProductionList_Latest.txt
[26/07/2026 18:47:07.29] Step 4 - Running LINEUP processing pipeline... 
LINEUP
Starting capacity parser...


===================================
LINEUP Capacity Parser Complete
===================================
Input : COOIS_Capacities_Latest.txt
Output: capacities_clean.csv
Rows  : 6224


===================================
LINEUP Production Parser Complete
===================================
Input : COOIS_ProductionList_Latest.txt
Output: production_list_clean.csv
Rows  : 2369


===================================
LINEUP Capacity Summary Complete
===================================
Input : capacities_clean.csv
Output: capacities_order_summary.csv
Rows  : 970


===================================
LINEUP Merge Complete
===================================
Production input : production_list_clean.csv
Capacity input   : capacities_order_summary.csv
Output           : master_schedule.csv
Rows             : 970
Missing metadata : 0


===================================
LINEUP Scheduling Complete
===================================
Scheduled orders : 39
Overflow orders  : 0
SAP minutes      : unchanged by default
Staffing         : explicit overrides only
Queue stability  : current + one automatic order
Insights         : assignment reasons and confidence


===================================
LINEUP Dashboard Build Complete
===================================
Input       : scheduled_orders.csv
Output      : C:\LINEUP\output\dashboard.html
Insights    : assignment reasons and confidence
Remaining   : SAP versus adjusted
Utilisation : working-calendar aware


===================================
LINEUP Schedule Report Complete
===================================
Bench utilisation: bench_utilisation.csv
Schedule summary : schedule_summary.csv


===================================
LINEUP Split Recommendations Complete
===================================
Recommendations : 0
Window          : due today or next working day only
SAP minutes     : used unchanged by default
Staffing        : explicit overrides only
Planner work    : live, held, split, forced and board orders excluded
Output          : split_recommendations.csv

[26/07/2026 18:47:07.78] Step 5 - Marking LINEUP run as successful... 
LINEUP status marked as successful.
[26/07/2026 18:47:08.09] Step 6 - Rebuilding dashboard with final status... 

===================================
LINEUP Dashboard Build Complete
===================================
Input       : scheduled_orders.csv
Output      : C:\LINEUP\output\dashboard.html
Insights    : assignment reasons and confidence
Remaining   : SAP versus adjusted
Utilisation : working-calendar aware

=================================== 
LINEUP background update finished 
26/07/2026 18:47:08.42 
=================================== 
 
=================================== 
LINEUP background update started 
26/07/2026 19:00:03.53 
=================================== 
[26/07/2026 19:00:03.54] Activating virtual environment... 
[26/07/2026 19:00:04.03] Step 0 - Marking LINEUP run as started... 
LINEUP status marked as running.
[26/07/2026 19:00:04.34] Step 1 - Backing up LINEUP config... 

===================================
LINEUP Config Backup Complete
===================================
Backup folder : C:\LINEUP\backups\2026-07-26_190004
Files copied  : 4
Old backups removed: 1

[26/07/2026 19:00:04.67] Step 2 - Running SAP capacity export... 
COOIS capacities export complete:
C:\LINEUP\data\raw\COOIS_Capacities_Latest.txt
[26/07/2026 19:00:29.60] Step 3 - Running SAP production list export... 
COOIS production list export complete:
C:\LINEUP\data\raw\COOIS_ProductionList_Latest.txt
[26/07/2026 19:02:45.81] Step 4 - Running LINEUP processing pipeline... 
LINEUP
Starting capacity parser...


===================================
LINEUP Capacity Parser Complete
===================================
Input : COOIS_Capacities_Latest.txt
Output: capacities_clean.csv
Rows  : 6224


===================================
LINEUP Production Parser Complete
===================================
Input : COOIS_ProductionList_Latest.txt
Output: production_list_clean.csv
Rows  : 2369


===================================
LINEUP Capacity Summary Complete
===================================
Input : capacities_clean.csv
Output: capacities_order_summary.csv
Rows  : 970


===================================
LINEUP Merge Complete
===================================
Production input : production_list_clean.csv
Capacity input   : capacities_order_summary.csv
Output           : master_schedule.csv
Rows             : 970
Missing metadata : 0


===================================
LINEUP Scheduling Complete
===================================
Scheduled orders : 39
Overflow orders  : 0
SAP minutes      : unchanged by default
Staffing         : explicit overrides only
Queue stability  : current + one automatic order
Insights         : assignment reasons and confidence


===================================
LINEUP Dashboard Build Complete
===================================
Input       : scheduled_orders.csv
Output      : C:\LINEUP\output\dashboard.html
Insights    : assignment reasons and confidence
Remaining   : SAP versus adjusted
Utilisation : working-calendar aware


===================================
LINEUP Schedule Report Complete
===================================
Bench utilisation: bench_utilisation.csv
Schedule summary : schedule_summary.csv


===================================
LINEUP Split Recommendations Complete
===================================
Recommendations : 0
Window          : due today or next working day only
SAP minutes     : used unchanged by default
Staffing        : explicit overrides only
Planner work    : live, held, split, forced and board orders excluded
Output          : split_recommendations.csv

[26/07/2026 19:02:46.28] Step 5 - Marking LINEUP run as successful... 
LINEUP status marked as successful.
[26/07/2026 19:02:46.58] Step 6 - Rebuilding dashboard with final status... 

===================================
LINEUP Dashboard Build Complete
===================================
Input       : scheduled_orders.csv
Output      : C:\LINEUP\output\dashboard.html
Insights    : assignment reasons and confidence
Remaining   : SAP versus adjusted
Utilisation : working-calendar aware

=================================== 
LINEUP background update finished 
26/07/2026 19:02:46.90 
=================================== 
 
=================================== 
LINEUP background update started 
26/07/2026 19:15:03.15 
=================================== 
[26/07/2026 19:15:03.16] Activating virtual environment... 
[26/07/2026 19:15:03.66] Step 0 - Marking LINEUP run as started... 
LINEUP status marked as running.
[26/07/2026 19:15:04.00] Step 1 - Backing up LINEUP config... 

===================================
LINEUP Config Backup Complete
===================================
Backup folder : C:\LINEUP\backups\2026-07-26_191504
Files copied  : 4
Old backups removed: 1

[26/07/2026 19:15:04.36] Step 2 - Running SAP capacity export... 
COOIS capacities export complete:
C:\LINEUP\data\raw\COOIS_Capacities_Latest.txt
[26/07/2026 19:15:27.03] Step 3 - Running SAP production list export... 
COOIS production list export complete:
C:\LINEUP\data\raw\COOIS_ProductionList_Latest.txt
[26/07/2026 19:17:13.53] Step 4 - Running LINEUP processing pipeline... 
LINEUP
Starting capacity parser...


===================================
LINEUP Capacity Parser Complete
===================================
Input : COOIS_Capacities_Latest.txt
Output: capacities_clean.csv
Rows  : 6224


===================================
LINEUP Production Parser Complete
===================================
Input : COOIS_ProductionList_Latest.txt
Output: production_list_clean.csv
Rows  : 2369


===================================
LINEUP Capacity Summary Complete
===================================
Input : capacities_clean.csv
Output: capacities_order_summary.csv
Rows  : 970


===================================
LINEUP Merge Complete
===================================
Production input : production_list_clean.csv
Capacity input   : capacities_order_summary.csv
Output           : master_schedule.csv
Rows             : 970
Missing metadata : 0


===================================
LINEUP Scheduling Complete
===================================
Scheduled orders : 39
Overflow orders  : 0
SAP minutes      : unchanged by default
Staffing         : explicit overrides only
Queue stability  : current + one automatic order
Insights         : assignment reasons and confidence


===================================
LINEUP Dashboard Build Complete
===================================
Input       : scheduled_orders.csv
Output      : C:\LINEUP\output\dashboard.html
Insights    : assignment reasons and confidence
Remaining   : SAP versus adjusted
Utilisation : working-calendar aware


===================================
LINEUP Schedule Report Complete
===================================
Bench utilisation: bench_utilisation.csv
Schedule summary : schedule_summary.csv


===================================
LINEUP Split Recommendations Complete
===================================
Recommendations : 0
Window          : due today or next working day only
SAP minutes     : used unchanged by default
Staffing        : explicit overrides only
Planner work    : live, held, split, forced and board orders excluded
Output          : split_recommendations.csv

[26/07/2026 19:17:14.00] Step 5 - Marking LINEUP run as successful... 
LINEUP status marked as successful.
[26/07/2026 19:17:14.32] Step 6 - Rebuilding dashboard with final status... 

===================================
LINEUP Dashboard Build Complete
===================================
Input       : scheduled_orders.csv
Output      : C:\LINEUP\output\dashboard.html
Insights    : assignment reasons and confidence
Remaining   : SAP versus adjusted
Utilisation : working-calendar aware

=================================== 
LINEUP background update finished 
26/07/2026 19:17:14.66 
=================================== 
 
=================================== 
LINEUP background update started 
26/07/2026 19:30:03.21 
=================================== 
[26/07/2026 19:30:03.21] Activating virtual environment... 
[26/07/2026 19:30:03.74] Step 0 - Marking LINEUP run as started... 
LINEUP status marked as running.
[26/07/2026 19:30:04.07] Step 1 - Backing up LINEUP config... 

===================================
LINEUP Config Backup Complete
===================================
Backup folder : C:\LINEUP\backups\2026-07-26_193004
Files copied  : 4
Old backups removed: 1

[26/07/2026 19:30:04.50] Step 2 - Running SAP capacity export... 
COOIS capacities export complete:
C:\LINEUP\data\raw\COOIS_Capacities_Latest.txt
[26/07/2026 19:30:28.80] Step 3 - Running SAP production list export... 
COOIS production list export complete:
C:\LINEUP\data\raw\COOIS_ProductionList_Latest.txt
[26/07/2026 19:32:34.79] Step 4 - Running LINEUP processing pipeline... 
LINEUP
Starting capacity parser...


===================================
LINEUP Capacity Parser Complete
===================================
Input : COOIS_Capacities_Latest.txt
Output: capacities_clean.csv
Rows  : 6224


===================================
LINEUP Production Parser Complete
===================================
Input : COOIS_ProductionList_Latest.txt
Output: production_list_clean.csv
Rows  : 2369


===================================
LINEUP Capacity Summary Complete
===================================
Input : capacities_clean.csv
Output: capacities_order_summary.csv
Rows  : 970


===================================
LINEUP Merge Complete
===================================
Production input : production_list_clean.csv
Capacity input   : capacities_order_summary.csv
Output           : master_schedule.csv
Rows             : 970
Missing metadata : 0


===================================
LINEUP Scheduling Complete
===================================
Scheduled orders : 39
Overflow orders  : 0
SAP minutes      : unchanged by default
Staffing         : explicit overrides only
Queue stability  : current + one automatic order
Insights         : assignment reasons and confidence


===================================
LINEUP Dashboard Build Complete
===================================
Input       : scheduled_orders.csv
Output      : C:\LINEUP\output\dashboard.html
Insights    : assignment reasons and confidence
Remaining   : SAP versus adjusted
Utilisation : working-calendar aware


===================================
LINEUP Schedule Report Complete
===================================
Bench utilisation: bench_utilisation.csv
Schedule summary : schedule_summary.csv


===================================
LINEUP Split Recommendations Complete
===================================
Recommendations : 0
Window          : due today or next working day only
SAP minutes     : used unchanged by default
Staffing        : explicit overrides only
Planner work    : live, held, split, forced and board orders excluded
Output          : split_recommendations.csv

[26/07/2026 19:32:35.32] Step 5 - Marking LINEUP run as successful... 
LINEUP status marked as successful.
[26/07/2026 19:32:35.61] Step 6 - Rebuilding dashboard with final status... 

===================================
LINEUP Dashboard Build Complete
===================================
Input       : scheduled_orders.csv
Output      : C:\LINEUP\output\dashboard.html
Insights    : assignment reasons and confidence
Remaining   : SAP versus adjusted
Utilisation : working-calendar aware

=================================== 
LINEUP background update finished 
26/07/2026 19:32:35.95 
=================================== 
 
=================================== 
LINEUP background update started 
26/07/2026 19:45:03.15 
=================================== 
[26/07/2026 19:45:03.15] Activating virtual environment... 
[26/07/2026 19:45:03.69] Step 0 - Marking LINEUP run as started... 
LINEUP status marked as running.
[26/07/2026 19:45:04.02] Step 1 - Backing up LINEUP config... 

===================================
LINEUP Config Backup Complete
===================================
Backup folder : C:\LINEUP\backups\2026-07-26_194504
Files copied  : 4
Old backups removed: 1

[26/07/2026 19:45:04.36] Step 2 - Running SAP capacity export... 
COOIS capacities export complete:
C:\LINEUP\data\raw\COOIS_Capacities_Latest.txt
[26/07/2026 19:45:26.51] Step 3 - Running SAP production list export... 
COOIS production list export complete:
C:\LINEUP\data\raw\COOIS_ProductionList_Latest.txt
[26/07/2026 19:47:05.24] Step 4 - Running LINEUP processing pipeline... 
LINEUP
Starting capacity parser...


===================================
LINEUP Capacity Parser Complete
===================================
Input : COOIS_Capacities_Latest.txt
Output: capacities_clean.csv
Rows  : 6224


===================================
LINEUP Production Parser Complete
===================================
Input : COOIS_ProductionList_Latest.txt
Output: production_list_clean.csv
Rows  : 2369


===================================
LINEUP Capacity Summary Complete
===================================
Input : capacities_clean.csv
Output: capacities_order_summary.csv
Rows  : 970


===================================
LINEUP Merge Complete
===================================
Production input : production_list_clean.csv
Capacity input   : capacities_order_summary.csv
Output           : master_schedule.csv
Rows             : 970
Missing metadata : 0


===================================
LINEUP Scheduling Complete
===================================
Scheduled orders : 39
Overflow orders  : 0
SAP minutes      : unchanged by default
Staffing         : explicit overrides only
Queue stability  : current + one automatic order
Insights         : assignment reasons and confidence


===================================
LINEUP Dashboard Build Complete
===================================
Input       : scheduled_orders.csv
Output      : C:\LINEUP\output\dashboard.html
Insights    : assignment reasons and confidence
Remaining   : SAP versus adjusted
Utilisation : working-calendar aware


===================================
LINEUP Schedule Report Complete
===================================
Bench utilisation: bench_utilisation.csv
Schedule summary : schedule_summary.csv


===================================
LINEUP Split Recommendations Complete
===================================
Recommendations : 0
Window          : due today or next working day only
SAP minutes     : used unchanged by default
Staffing        : explicit overrides only
Planner work    : live, held, split, forced and board orders excluded
Output          : split_recommendations.csv

[26/07/2026 19:47:05.75] Step 5 - Marking LINEUP run as successful... 
LINEUP status marked as successful.
[26/07/2026 19:47:06.04] Step 6 - Rebuilding dashboard with final status... 

===================================
LINEUP Dashboard Build Complete
===================================
Input       : scheduled_orders.csv
Output      : C:\LINEUP\output\dashboard.html
Insights    : assignment reasons and confidence
Remaining   : SAP versus adjusted
Utilisation : working-calendar aware

=================================== 
LINEUP background update finished 
26/07/2026 19:47:06.38 
=================================== 
 
=================================== 
LINEUP background update started 
26/07/2026 20:00:03.15 
=================================== 
[26/07/2026 20:00:03.15] Activating virtual environment... 
[26/07/2026 20:00:03.67] Step 0 - Marking LINEUP run as started... 
LINEUP status marked as running.
[26/07/2026 20:00:03.99] Step 1 - Backing up LINEUP config... 

===================================
LINEUP Config Backup Complete
===================================
Backup folder : C:\LINEUP\backups\2026-07-26_200004
Files copied  : 4
Old backups removed: 1

[26/07/2026 20:00:04.34] Step 2 - Running SAP capacity export... 
COOIS capacities export complete:
C:\LINEUP\data\raw\COOIS_Capacities_Latest.txt
[26/07/2026 20:00:28.38] Step 3 - Running SAP production list export... 
COOIS production list export complete:
C:\LINEUP\data\raw\COOIS_ProductionList_Latest.txt
[26/07/2026 20:02:49.23] Step 4 - Running LINEUP processing pipeline... 
LINEUP
Starting capacity parser...


===================================
LINEUP Capacity Parser Complete
===================================
Input : COOIS_Capacities_Latest.txt
Output: capacities_clean.csv
Rows  : 6224


===================================
LINEUP Production Parser Complete
===================================
Input : COOIS_ProductionList_Latest.txt
Output: production_list_clean.csv
Rows  : 2369


===================================
LINEUP Capacity Summary Complete
===================================
Input : capacities_clean.csv
Output: capacities_order_summary.csv
Rows  : 970


===================================
LINEUP Merge Complete
===================================
Production input : production_list_clean.csv
Capacity input   : capacities_order_summary.csv
Output           : master_schedule.csv
Rows             : 970
Missing metadata : 0


===================================
LINEUP Scheduling Complete
===================================
Scheduled orders : 39
Overflow orders  : 0
SAP minutes      : unchanged by default
Staffing         : explicit overrides only
Queue stability  : current + one automatic order
Insights         : assignment reasons and confidence


===================================
LINEUP Dashboard Build Complete
===================================
Input       : scheduled_orders.csv
Output      : C:\LINEUP\output\dashboard.html
Insights    : assignment reasons and confidence
Remaining   : SAP versus adjusted
Utilisation : working-calendar aware


===================================
LINEUP Schedule Report Complete
===================================
Bench utilisation: bench_utilisation.csv
Schedule summary : schedule_summary.csv


===================================
LINEUP Split Recommendations Complete
===================================
Recommendations : 0
Window          : due today or next working day only
SAP minutes     : used unchanged by default
Staffing        : explicit overrides only
Planner work    : live, held, split, forced and board orders excluded
Output          : split_recommendations.csv

[26/07/2026 20:02:49.72] Step 5 - Marking LINEUP run as successful... 
LINEUP status marked as successful.
[26/07/2026 20:02:50.05] Step 6 - Rebuilding dashboard with final status... 

===================================
LINEUP Dashboard Build Complete
===================================
Input       : scheduled_orders.csv
Output      : C:\LINEUP\output\dashboard.html
Insights    : assignment reasons and confidence
Remaining   : SAP versus adjusted
Utilisation : working-calendar aware

=================================== 
LINEUP background update finished 
26/07/2026 20:02:50.37 
=================================== 
 
=================================== 
LINEUP background update started 
26/07/2026 20:15:03.16 
=================================== 
[26/07/2026 20:15:03.16] Activating virtual environment... 
[26/07/2026 20:15:03.66] Step 0 - Marking LINEUP run as started... 
LINEUP status marked as running.
[26/07/2026 20:15:03.98] Step 1 - Backing up LINEUP config... 

===================================
LINEUP Config Backup Complete
===================================
Backup folder : C:\LINEUP\backups\2026-07-26_201504
Files copied  : 4
Old backups removed: 1

[26/07/2026 20:15:04.33] Step 2 - Running SAP capacity export... 
COOIS capacities export complete:
C:\LINEUP\data\raw\COOIS_Capacities_Latest.txt
[26/07/2026 20:15:26.47] Step 3 - Running SAP production list export... 
COOIS production list export complete:
C:\LINEUP\data\raw\COOIS_ProductionList_Latest.txt
[26/07/2026 20:17:05.01] Step 4 - Running LINEUP processing pipeline... 
LINEUP
Starting capacity parser...


===================================
LINEUP Capacity Parser Complete
===================================
Input : COOIS_Capacities_Latest.txt
Output: capacities_clean.csv
Rows  : 6224


===================================
LINEUP Production Parser Complete
===================================
Input : COOIS_ProductionList_Latest.txt
Output: production_list_clean.csv
Rows  : 2369


===================================
LINEUP Capacity Summary Complete
===================================
Input : capacities_clean.csv
Output: capacities_order_summary.csv
Rows  : 970


===================================
LINEUP Merge Complete
===================================
Production input : production_list_clean.csv
Capacity input   : capacities_order_summary.csv
Output           : master_schedule.csv
Rows             : 970
Missing metadata : 0


===================================
LINEUP Scheduling Complete
===================================
Scheduled orders : 39
Overflow orders  : 0
SAP minutes      : unchanged by default
Staffing         : explicit overrides only
Queue stability  : current + one automatic order
Insights         : assignment reasons and confidence


===================================
LINEUP Dashboard Build Complete
===================================
Input       : scheduled_orders.csv
Output      : C:\LINEUP\output\dashboard.html
Insights    : assignment reasons and confidence
Remaining   : SAP versus adjusted
Utilisation : working-calendar aware


===================================
LINEUP Schedule Report Complete
===================================
Bench utilisation: bench_utilisation.csv
Schedule summary : schedule_summary.csv


===================================
LINEUP Split Recommendations Complete
===================================
Recommendations : 0
Window          : due today or next working day only
SAP minutes     : used unchanged by default
Staffing        : explicit overrides only
Planner work    : live, held, split, forced and board orders excluded
Output          : split_recommendations.csv

[26/07/2026 20:17:05.49] Step 5 - Marking LINEUP run as successful... 
LINEUP status marked as successful.
[26/07/2026 20:17:05.79] Step 6 - Rebuilding dashboard with final status... 

===================================
LINEUP Dashboard Build Complete
===================================
Input       : scheduled_orders.csv
Output      : C:\LINEUP\output\dashboard.html
Insights    : assignment reasons and confidence
Remaining   : SAP versus adjusted
Utilisation : working-calendar aware

=================================== 
LINEUP background update finished 
26/07/2026 20:17:06.12 
=================================== 
 
=================================== 
LINEUP background update started 
26/07/2026 20:30:03.16 
=================================== 
[26/07/2026 20:30:03.16] Activating virtual environment... 
[26/07/2026 20:30:03.67] Step 0 - Marking LINEUP run as started... 
LINEUP status marked as running.
[26/07/2026 20:30:03.98] Step 1 - Backing up LINEUP config... 

===================================
LINEUP Config Backup Complete
===================================
Backup folder : C:\LINEUP\backups\2026-07-26_203004
Files copied  : 4
Old backups removed: 1

[26/07/2026 20:30:04.34] Step 2 - Running SAP capacity export... 
COOIS capacities export complete:
C:\LINEUP\data\raw\COOIS_Capacities_Latest.txt
[26/07/2026 20:30:27.28] Step 3 - Running SAP production list export... 
COOIS production list export complete:
C:\LINEUP\data\raw\COOIS_ProductionList_Latest.txt
[26/07/2026 20:32:15.08] Step 4 - Running LINEUP processing pipeline... 
LINEUP
Starting capacity parser...


===================================
LINEUP Capacity Parser Complete
===================================
Input : COOIS_Capacities_Latest.txt
Output: capacities_clean.csv
Rows  : 6224


===================================
LINEUP Production Parser Complete
===================================
Input : COOIS_ProductionList_Latest.txt
Output: production_list_clean.csv
Rows  : 2369


===================================
LINEUP Capacity Summary Complete
===================================
Input : capacities_clean.csv
Output: capacities_order_summary.csv
Rows  : 970


===================================
LINEUP Merge Complete
===================================
Production input : production_list_clean.csv
Capacity input   : capacities_order_summary.csv
Output           : master_schedule.csv
Rows             : 970
Missing metadata : 0


===================================
LINEUP Scheduling Complete
===================================
Scheduled orders : 39
Overflow orders  : 0
SAP minutes      : unchanged by default
Staffing         : explicit overrides only
Queue stability  : current + one automatic order
Insights         : assignment reasons and confidence


===================================
LINEUP Dashboard Build Complete
===================================
Input       : scheduled_orders.csv
Output      : C:\LINEUP\output\dashboard.html
Insights    : assignment reasons and confidence
Remaining   : SAP versus adjusted
Utilisation : working-calendar aware


===================================
LINEUP Schedule Report Complete
===================================
Bench utilisation: bench_utilisation.csv
Schedule summary : schedule_summary.csv


===================================
LINEUP Split Recommendations Complete
===================================
Recommendations : 0
Window          : due today or next working day only
SAP minutes     : used unchanged by default
Staffing        : explicit overrides only
Planner work    : live, held, split, forced and board orders excluded
Output          : split_recommendations.csv

[26/07/2026 20:32:15.55] Step 5 - Marking LINEUP run as successful... 
LINEUP status marked as successful.
[26/07/2026 20:32:15.86] Step 6 - Rebuilding dashboard with final status... 

===================================
LINEUP Dashboard Build Complete
===================================
Input       : scheduled_orders.csv
Output      : C:\LINEUP\output\dashboard.html
Insights    : assignment reasons and confidence
Remaining   : SAP versus adjusted
Utilisation : working-calendar aware

=================================== 
LINEUP background update finished 
26/07/2026 20:32:16.20 
=================================== 
 
=================================== 
LINEUP background update started 
26/07/2026 20:45:03.14 
=================================== 
[26/07/2026 20:45:03.14] Activating virtual environment... 
[26/07/2026 20:45:03.65] Step 0 - Marking LINEUP run as started... 
LINEUP status marked as running.
[26/07/2026 20:45:04.00] Step 1 - Backing up LINEUP config... 

===================================
LINEUP Config Backup Complete
===================================
Backup folder : C:\LINEUP\backups\2026-07-26_204504
Files copied  : 4
Old backups removed: 1

[26/07/2026 20:45:04.39] Step 2 - Running SAP capacity export... 
COOIS capacities export complete:
C:\LINEUP\data\raw\COOIS_Capacities_Latest.txt
[26/07/2026 20:45:26.97] Step 3 - Running SAP production list export... 
COOIS production list export complete:
C:\LINEUP\data\raw\COOIS_ProductionList_Latest.txt
[26/07/2026 20:47:01.67] Step 4 - Running LINEUP processing pipeline... 
LINEUP
Starting capacity parser...


===================================
LINEUP Capacity Parser Complete
===================================
Input : COOIS_Capacities_Latest.txt
Output: capacities_clean.csv
Rows  : 6224


===================================
LINEUP Production Parser Complete
===================================
Input : COOIS_ProductionList_Latest.txt
Output: production_list_clean.csv
Rows  : 2369


===================================
LINEUP Capacity Summary Complete
===================================
Input : capacities_clean.csv
Output: capacities_order_summary.csv
Rows  : 970


===================================
LINEUP Merge Complete
===================================
Production input : production_list_clean.csv
Capacity input   : capacities_order_summary.csv
Output           : master_schedule.csv
Rows             : 970
Missing metadata : 0


===================================
LINEUP Scheduling Complete
===================================
Scheduled orders : 39
Overflow orders  : 0
SAP minutes      : unchanged by default
Staffing         : explicit overrides only
Queue stability  : current + one automatic order
Insights         : assignment reasons and confidence


===================================
LINEUP Dashboard Build Complete
===================================
Input       : scheduled_orders.csv
Output      : C:\LINEUP\output\dashboard.html
Insights    : assignment reasons and confidence
Remaining   : SAP versus adjusted
Utilisation : working-calendar aware


===================================
LINEUP Schedule Report Complete
===================================
Bench utilisation: bench_utilisation.csv
Schedule summary : schedule_summary.csv


===================================
LINEUP Split Recommendations Complete
===================================
Recommendations : 0
Window          : due today or next working day only
SAP minutes     : used unchanged by default
Staffing        : explicit overrides only
Planner work    : live, held, split, forced and board orders excluded
Output          : split_recommendations.csv

[26/07/2026 20:47:02.30] Step 5 - Marking LINEUP run as successful... 
LINEUP status marked as successful.
[26/07/2026 20:47:02.64] Step 6 - Rebuilding dashboard with final status... 

===================================
LINEUP Dashboard Build Complete
===================================
Input       : scheduled_orders.csv
Output      : C:\LINEUP\output\dashboard.html
Insights    : assignment reasons and confidence
Remaining   : SAP versus adjusted
Utilisation : working-calendar aware

=================================== 
LINEUP background update finished 
26/07/2026 20:47:02.99 
=================================== 
 
=================================== 
LINEUP background update started 
26/07/2026 21:00:03.31 
=================================== 
[26/07/2026 21:00:03.31] Activating virtual environment... 
[26/07/2026 21:00:03.81] Step 0 - Marking LINEUP run as started... 
LINEUP status marked as running.
[26/07/2026 21:00:04.13] Step 1 - Backing up LINEUP config... 

===================================
LINEUP Config Backup Complete
===================================
Backup folder : C:\LINEUP\backups\2026-07-26_210004
Files copied  : 4
Old backups removed: 1

[26/07/2026 21:00:04.46] Step 2 - Running SAP capacity export... 
COOIS capacities export complete:
C:\LINEUP\data\raw\COOIS_Capacities_Latest.txt
[26/07/2026 21:00:28.66] Step 3 - Running SAP production list export... 
COOIS production list export complete:
C:\LINEUP\data\raw\COOIS_ProductionList_Latest.txt
[26/07/2026 21:02:45.68] Step 4 - Running LINEUP processing pipeline... 
LINEUP
Starting capacity parser...


===================================
LINEUP Capacity Parser Complete
===================================
Input : COOIS_Capacities_Latest.txt
Output: capacities_clean.csv
Rows  : 6224


===================================
LINEUP Production Parser Complete
===================================
Input : COOIS_ProductionList_Latest.txt
Output: production_list_clean.csv
Rows  : 2369


===================================
LINEUP Capacity Summary Complete
===================================
Input : capacities_clean.csv
Output: capacities_order_summary.csv
Rows  : 970


===================================
LINEUP Merge Complete
===================================
Production input : production_list_clean.csv
Capacity input   : capacities_order_summary.csv
Output           : master_schedule.csv
Rows             : 970
Missing metadata : 0


===================================
LINEUP Scheduling Complete
===================================
Scheduled orders : 39
Overflow orders  : 0
SAP minutes      : unchanged by default
Staffing         : explicit overrides only
Queue stability  : current + one automatic order
Insights         : assignment reasons and confidence


===================================
LINEUP Dashboard Build Complete
===================================
Input       : scheduled_orders.csv
Output      : C:\LINEUP\output\dashboard.html
Insights    : assignment reasons and confidence
Remaining   : SAP versus adjusted
Utilisation : working-calendar aware


===================================
LINEUP Schedule Report Complete
===================================
Bench utilisation: bench_utilisation.csv
Schedule summary : schedule_summary.csv


===================================
LINEUP Split Recommendations Complete
===================================
Recommendations : 0
Window          : due today or next working day only
SAP minutes     : used unchanged by default
Staffing        : explicit overrides only
Planner work    : live, held, split, forced and board orders excluded
Output          : split_recommendations.csv

[26/07/2026 21:02:46.23] Step 5 - Marking LINEUP run as successful... 
LINEUP status marked as successful.
[26/07/2026 21:02:46.54] Step 6 - Rebuilding dashboard with final status... 

===================================
LINEUP Dashboard Build Complete
===================================
Input       : scheduled_orders.csv
Output      : C:\LINEUP\output\dashboard.html
Insights    : assignment reasons and confidence
Remaining   : SAP versus adjusted
Utilisation : working-calendar aware

=================================== 
LINEUP background update finished 
26/07/2026 21:02:46.87 
=================================== 
 
=================================== 
LINEUP background update started 
26/07/2026 21:15:03.28 
=================================== 
[26/07/2026 21:15:03.28] Activating virtual environment... 
[26/07/2026 21:15:03.84] Step 0 - Marking LINEUP run as started... 
LINEUP status marked as running.
[26/07/2026 21:15:04.15] Step 1 - Backing up LINEUP config... 

===================================
LINEUP Config Backup Complete
===================================
Backup folder : C:\LINEUP\backups\2026-07-26_211504
Files copied  : 4
Old backups removed: 1

[26/07/2026 21:15:04.49] Step 2 - Running SAP capacity export... 
COOIS capacities export complete:
C:\LINEUP\data\raw\COOIS_Capacities_Latest.txt
[26/07/2026 21:15:26.92] Step 3 - Running SAP production list export... 
COOIS production list export complete:
C:\LINEUP\data\raw\COOIS_ProductionList_Latest.txt
[26/07/2026 21:17:07.98] Step 4 - Running LINEUP processing pipeline... 
LINEUP
Starting capacity parser...


===================================
LINEUP Capacity Parser Complete
===================================
Input : COOIS_Capacities_Latest.txt
Output: capacities_clean.csv
Rows  : 6224


===================================
LINEUP Production Parser Complete
===================================
Input : COOIS_ProductionList_Latest.txt
Output: production_list_clean.csv
Rows  : 2369


===================================
LINEUP Capacity Summary Complete
===================================
Input : capacities_clean.csv
Output: capacities_order_summary.csv
Rows  : 970


===================================
LINEUP Merge Complete
===================================
Production input : production_list_clean.csv
Capacity input   : capacities_order_summary.csv
Output           : master_schedule.csv
Rows             : 970
Missing metadata : 0


===================================
LINEUP Scheduling Complete
===================================
Scheduled orders : 39
Overflow orders  : 0
SAP minutes      : unchanged by default
Staffing         : explicit overrides only
Queue stability  : current + one automatic order
Insights         : assignment reasons and confidence


===================================
LINEUP Dashboard Build Complete
===================================
Input       : scheduled_orders.csv
Output      : C:\LINEUP\output\dashboard.html
Insights    : assignment reasons and confidence
Remaining   : SAP versus adjusted
Utilisation : working-calendar aware


===================================
LINEUP Schedule Report Complete
===================================
Bench utilisation: bench_utilisation.csv
Schedule summary : schedule_summary.csv


===================================
LINEUP Split Recommendations Complete
===================================
Recommendations : 0
Window          : due today or next working day only
SAP minutes     : used unchanged by default
Staffing        : explicit overrides only
Planner work    : live, held, split, forced and board orders excluded
Output          : split_recommendations.csv

[26/07/2026 21:17:08.48] Step 5 - Marking LINEUP run as successful... 
LINEUP status marked as successful.
[26/07/2026 21:17:08.81] Step 6 - Rebuilding dashboard with final status... 

===================================
LINEUP Dashboard Build Complete
===================================
Input       : scheduled_orders.csv
Output      : C:\LINEUP\output\dashboard.html
Insights    : assignment reasons and confidence
Remaining   : SAP versus adjusted
Utilisation : working-calendar aware

=================================== 
LINEUP background update finished 
26/07/2026 21:17:09.15 
=================================== 
 
=================================== 
LINEUP background update started 
26/07/2026 21:30:03.19 
=================================== 
[26/07/2026 21:30:03.19] Activating virtual environment... 
[26/07/2026 21:30:03.71] Step 0 - Marking LINEUP run as started... 
LINEUP status marked as running.
[26/07/2026 21:30:04.05] Step 1 - Backing up LINEUP config... 

===================================
LINEUP Config Backup Complete
===================================
Backup folder : C:\LINEUP\backups\2026-07-26_213004
Files copied  : 4
Old backups removed: 1

[26/07/2026 21:30:04.39] Step 2 - Running SAP capacity export... 
COOIS capacities export complete:
C:\LINEUP\data\raw\COOIS_Capacities_Latest.txt
[26/07/2026 21:30:26.96] Step 3 - Running SAP production list export... 
COOIS production list export complete:
C:\LINEUP\data\raw\COOIS_ProductionList_Latest.txt
[26/07/2026 21:32:03.73] Step 4 - Running LINEUP processing pipeline... 
LINEUP
Starting capacity parser...


===================================
LINEUP Capacity Parser Complete
===================================
Input : COOIS_Capacities_Latest.txt
Output: capacities_clean.csv
Rows  : 6224


===================================
LINEUP Production Parser Complete
===================================
Input : COOIS_ProductionList_Latest.txt
Output: production_list_clean.csv
Rows  : 2369


===================================
LINEUP Capacity Summary Complete
===================================
Input : capacities_clean.csv
Output: capacities_order_summary.csv
Rows  : 970


===================================
LINEUP Merge Complete
===================================
Production input : production_list_clean.csv
Capacity input   : capacities_order_summary.csv
Output           : master_schedule.csv
Rows             : 970
Missing metadata : 0


===================================
LINEUP Scheduling Complete
===================================
Scheduled orders : 39
Overflow orders  : 0
SAP minutes      : unchanged by default
Staffing         : explicit overrides only
Queue stability  : current + one automatic order
Insights         : assignment reasons and confidence


===================================
LINEUP Dashboard Build Complete
===================================
Input       : scheduled_orders.csv
Output      : C:\LINEUP\output\dashboard.html
Insights    : assignment reasons and confidence
Remaining   : SAP versus adjusted
Utilisation : working-calendar aware


===================================
LINEUP Schedule Report Complete
===================================
Bench utilisation: bench_utilisation.csv
Schedule summary : schedule_summary.csv


===================================
LINEUP Split Recommendations Complete
===================================
Recommendations : 0
Window          : due today or next working day only
SAP minutes     : used unchanged by default
Staffing        : explicit overrides only
Planner work    : live, held, split, forced and board orders excluded
Output          : split_recommendations.csv

[26/07/2026 21:32:04.24] Step 5 - Marking LINEUP run as successful... 
LINEUP status marked as successful.
[26/07/2026 21:32:04.56] Step 6 - Rebuilding dashboard with final status... 

===================================
LINEUP Dashboard Build Complete
===================================
Input       : scheduled_orders.csv
Output      : C:\LINEUP\output\dashboard.html
Insights    : assignment reasons and confidence
Remaining   : SAP versus adjusted
Utilisation : working-calendar aware

=================================== 
LINEUP background update finished 
26/07/2026 21:32:04.90 
=================================== 
 
=================================== 
LINEUP background update started 
26/07/2026 21:45:03.17 
=================================== 
[26/07/2026 21:45:03.17] Activating virtual environment... 
[26/07/2026 21:45:03.67] Step 0 - Marking LINEUP run as started... 
LINEUP status marked as running.
[26/07/2026 21:45:03.97] Step 1 - Backing up LINEUP config... 

===================================
LINEUP Config Backup Complete
===================================
Backup folder : C:\LINEUP\backups\2026-07-26_214504
Files copied  : 4
Old backups removed: 1

[26/07/2026 21:45:04.32] Step 2 - Running SAP capacity export... 
COOIS capacities export complete:
C:\LINEUP\data\raw\COOIS_Capacities_Latest.txt
[26/07/2026 21:45:26.31] Step 3 - Running SAP production list export... 
COOIS production list export complete:
C:\LINEUP\data\raw\COOIS_ProductionList_Latest.txt
[26/07/2026 21:46:57.39] Step 4 - Running LINEUP processing pipeline... 
LINEUP
Starting capacity parser...


===================================
LINEUP Capacity Parser Complete
===================================
Input : COOIS_Capacities_Latest.txt
Output: capacities_clean.csv
Rows  : 6224


===================================
LINEUP Production Parser Complete
===================================
Input : COOIS_ProductionList_Latest.txt
Output: production_list_clean.csv
Rows  : 2369


===================================
LINEUP Capacity Summary Complete
===================================
Input : capacities_clean.csv
Output: capacities_order_summary.csv
Rows  : 970


===================================
LINEUP Merge Complete
===================================
Production input : production_list_clean.csv
Capacity input   : capacities_order_summary.csv
Output           : master_schedule.csv
Rows             : 970
Missing metadata : 0


===================================
LINEUP Scheduling Complete
===================================
Scheduled orders : 39
Overflow orders  : 0
SAP minutes      : unchanged by default
Staffing         : explicit overrides only
Queue stability  : current + one automatic order
Insights         : assignment reasons and confidence


===================================
LINEUP Dashboard Build Complete
===================================
Input       : scheduled_orders.csv
Output      : C:\LINEUP\output\dashboard.html
Insights    : assignment reasons and confidence
Remaining   : SAP versus adjusted
Utilisation : working-calendar aware


===================================
LINEUP Schedule Report Complete
===================================
Bench utilisation: bench_utilisation.csv
Schedule summary : schedule_summary.csv


===================================
LINEUP Split Recommendations Complete
===================================
Recommendations : 0
Window          : due today or next working day only
SAP minutes     : used unchanged by default
Staffing        : explicit overrides only
Planner work    : live, held, split, forced and board orders excluded
Output          : split_recommendations.csv

[26/07/2026 21:46:57.92] Step 5 - Marking LINEUP run as successful... 
LINEUP status marked as successful.
[26/07/2026 21:46:58.21] Step 6 - Rebuilding dashboard with final status... 

===================================
LINEUP Dashboard Build Complete
===================================
Input       : scheduled_orders.csv
Output      : C:\LINEUP\output\dashboard.html
Insights    : assignment reasons and confidence
Remaining   : SAP versus adjusted
Utilisation : working-calendar aware

=================================== 
LINEUP background update finished 
26/07/2026 21:46:58.53 
=================================== 
 
=================================== 
LINEUP background update started 
26/07/2026 22:00:03.12 
=================================== 
[26/07/2026 22:00:03.14] Activating virtual environment... 
[26/07/2026 22:00:03.65] Step 0 - Marking LINEUP run as started... 
LINEUP status marked as running.
[26/07/2026 22:00:03.98] Step 1 - Backing up LINEUP config... 

===================================
LINEUP Config Backup Complete
===================================
Backup folder : C:\LINEUP\backups\2026-07-26_220004
Files copied  : 4
Old backups removed: 1

[26/07/2026 22:00:04.34] Step 2 - Running SAP capacity export... 
COOIS capacities export complete:
C:\LINEUP\data\raw\COOIS_Capacities_Latest.txt
[26/07/2026 22:00:29.38] Step 3 - Running SAP production list export... 
COOIS production list export complete:
C:\LINEUP\data\raw\COOIS_ProductionList_Latest.txt
[26/07/2026 22:03:08.18] Step 4 - Running LINEUP processing pipeline... 
LINEUP
Starting capacity parser...


===================================
LINEUP Capacity Parser Complete
===================================
Input : COOIS_Capacities_Latest.txt
Output: capacities_clean.csv
Rows  : 6224


===================================
LINEUP Production Parser Complete
===================================
Input : COOIS_ProductionList_Latest.txt
Output: production_list_clean.csv
Rows  : 2369


===================================
LINEUP Capacity Summary Complete
===================================
Input : capacities_clean.csv
Output: capacities_order_summary.csv
Rows  : 970


===================================
LINEUP Merge Complete
===================================
Production input : production_list_clean.csv
Capacity input   : capacities_order_summary.csv
Output           : master_schedule.csv
Rows             : 970
Missing metadata : 0


===================================
LINEUP Scheduling Complete
===================================
Scheduled orders : 39
Overflow orders  : 0
SAP minutes      : unchanged by default
Staffing         : explicit overrides only
Queue stability  : current + one automatic order
Insights         : assignment reasons and confidence


===================================
LINEUP Dashboard Build Complete
===================================
Input       : scheduled_orders.csv
Output      : C:\LINEUP\output\dashboard.html
Insights    : assignment reasons and confidence
Remaining   : SAP versus adjusted
Utilisation : working-calendar aware


===================================
LINEUP Schedule Report Complete
===================================
Bench utilisation: bench_utilisation.csv
Schedule summary : schedule_summary.csv


===================================
LINEUP Split Recommendations Complete
===================================
Recommendations : 0
Window          : due today or next working day only
SAP minutes     : used unchanged by default
Staffing        : explicit overrides only
Planner work    : live, held, split, forced and board orders excluded
Output          : split_recommendations.csv

[26/07/2026 22:03:08.70] Step 5 - Marking LINEUP run as successful... 
LINEUP status marked as successful.
[26/07/2026 22:03:09.01] Step 6 - Rebuilding dashboard with final status... 

===================================
LINEUP Dashboard Build Complete
===================================
Input       : scheduled_orders.csv
Output      : C:\LINEUP\output\dashboard.html
Insights    : assignment reasons and confidence
Remaining   : SAP versus adjusted
Utilisation : working-calendar aware

=================================== 
LINEUP background update finished 
26/07/2026 22:03:09.35 
=================================== 
 
=================================== 
LINEUP background update started 
26/07/2026 22:15:03.33 
=================================== 
[26/07/2026 22:15:03.34] Activating virtual environment... 
[26/07/2026 22:15:03.86] Step 0 - Marking LINEUP run as started... 
LINEUP status marked as running.
[26/07/2026 22:15:04.20] Step 1 - Backing up LINEUP config... 

===================================
LINEUP Config Backup Complete
===================================
Backup folder : C:\LINEUP\backups\2026-07-26_221504
Files copied  : 4
Old backups removed: 1

[26/07/2026 22:15:04.56] Step 2 - Running SAP capacity export... 
COOIS capacities export complete:
C:\LINEUP\data\raw\COOIS_Capacities_Latest.txt
[26/07/2026 22:15:28.55] Step 3 - Running SAP production list export... 
COOIS production list export complete:
C:\LINEUP\data\raw\COOIS_ProductionList_Latest.txt
[26/07/2026 22:17:21.59] Step 4 - Running LINEUP processing pipeline... 
LINEUP
Starting capacity parser...


===================================
LINEUP Capacity Parser Complete
===================================
Input : COOIS_Capacities_Latest.txt
Output: capacities_clean.csv
Rows  : 6224


===================================
LINEUP Production Parser Complete
===================================
Input : COOIS_ProductionList_Latest.txt
Output: production_list_clean.csv
Rows  : 2369


===================================
LINEUP Capacity Summary Complete
===================================
Input : capacities_clean.csv
Output: capacities_order_summary.csv
Rows  : 970


===================================
LINEUP Merge Complete
===================================
Production input : production_list_clean.csv
Capacity input   : capacities_order_summary.csv
Output           : master_schedule.csv
Rows             : 970
Missing metadata : 0


===================================
LINEUP Scheduling Complete
===================================
Scheduled orders : 39
Overflow orders  : 0
SAP minutes      : unchanged by default
Staffing         : explicit overrides only
Queue stability  : current + one automatic order
Insights         : assignment reasons and confidence


===================================
LINEUP Dashboard Build Complete
===================================
Input       : scheduled_orders.csv
Output      : C:\LINEUP\output\dashboard.html
Insights    : assignment reasons and confidence
Remaining   : SAP versus adjusted
Utilisation : working-calendar aware


===================================
LINEUP Schedule Report Complete
===================================
Bench utilisation: bench_utilisation.csv
Schedule summary : schedule_summary.csv


===================================
LINEUP Split Recommendations Complete
===================================
Recommendations : 0
Window          : due today or next working day only
SAP minutes     : used unchanged by default
Staffing        : explicit overrides only
Planner work    : live, held, split, forced and board orders excluded
Output          : split_recommendations.csv

[26/07/2026 22:17:22.05] Step 5 - Marking LINEUP run as successful... 
LINEUP status marked as successful.
[26/07/2026 22:17:22.37] Step 6 - Rebuilding dashboard with final status... 

===================================
LINEUP Dashboard Build Complete
===================================
Input       : scheduled_orders.csv
Output      : C:\LINEUP\output\dashboard.html
Insights    : assignment reasons and confidence
Remaining   : SAP versus adjusted
Utilisation : working-calendar aware

=================================== 
LINEUP background update finished 
26/07/2026 22:17:22.73 
=================================== 
 
=================================== 
LINEUP background update started 
26/07/2026 22:30:03.26 
=================================== 
[26/07/2026 22:30:03.26] Activating virtual environment... 
[26/07/2026 22:30:03.79] Step 0 - Marking LINEUP run as started... 
LINEUP status marked as running.
[26/07/2026 22:30:04.12] Step 1 - Backing up LINEUP config... 

===================================
LINEUP Config Backup Complete
===================================
Backup folder : C:\LINEUP\backups\2026-07-26_223004
Files copied  : 4
Old backups removed: 1

[26/07/2026 22:30:04.47] Step 2 - Running SAP capacity export... 
COOIS capacities export complete:
C:\LINEUP\data\raw\COOIS_Capacities_Latest.txt
[26/07/2026 22:30:27.59] Step 3 - Running SAP production list export... 
COOIS production list export complete:
C:\LINEUP\data\raw\COOIS_ProductionList_Latest.txt
[26/07/2026 22:32:39.83] Step 4 - Running LINEUP processing pipeline... 
LINEUP
Starting capacity parser...


===================================
LINEUP Capacity Parser Complete
===================================
Input : COOIS_Capacities_Latest.txt
Output: capacities_clean.csv
Rows  : 6224


===================================
LINEUP Production Parser Complete
===================================
Input : COOIS_ProductionList_Latest.txt
Output: production_list_clean.csv
Rows  : 2369


===================================
LINEUP Capacity Summary Complete
===================================
Input : capacities_clean.csv
Output: capacities_order_summary.csv
Rows  : 970


===================================
LINEUP Merge Complete
===================================
Production input : production_list_clean.csv
Capacity input   : capacities_order_summary.csv
Output           : master_schedule.csv
Rows             : 970
Missing metadata : 0


===================================
LINEUP Scheduling Complete
===================================
Scheduled orders : 39
Overflow orders  : 0
SAP minutes      : unchanged by default
Staffing         : explicit overrides only
Queue stability  : current + one automatic order
Insights         : assignment reasons and confidence


===================================
LINEUP Dashboard Build Complete
===================================
Input       : scheduled_orders.csv
Output      : C:\LINEUP\output\dashboard.html
Insights    : assignment reasons and confidence
Remaining   : SAP versus adjusted
Utilisation : working-calendar aware


===================================
LINEUP Schedule Report Complete
===================================
Bench utilisation: bench_utilisation.csv
Schedule summary : schedule_summary.csv


===================================
LINEUP Split Recommendations Complete
===================================
Recommendations : 0
Window          : due today or next working day only
SAP minutes     : used unchanged by default
Staffing        : explicit overrides only
Planner work    : live, held, split, forced and board orders excluded
Output          : split_recommendations.csv

[26/07/2026 22:32:40.36] Step 5 - Marking LINEUP run as successful... 
LINEUP status marked as successful.
[26/07/2026 22:32:40.67] Step 6 - Rebuilding dashboard with final status... 

===================================
LINEUP Dashboard Build Complete
===================================
Input       : scheduled_orders.csv
Output      : C:\LINEUP\output\dashboard.html
Insights    : assignment reasons and confidence
Remaining   : SAP versus adjusted
Utilisation : working-calendar aware

=================================== 
LINEUP background update finished 
26/07/2026 22:32:41.00 
=================================== 
 
=================================== 
LINEUP background update started 
26/07/2026 22:45:03.16 
=================================== 
[26/07/2026 22:45:03.16] Activating virtual environment... 
[26/07/2026 22:45:03.68] Step 0 - Marking LINEUP run as started... 
LINEUP status marked as running.
[26/07/2026 22:45:04.00] Step 1 - Backing up LINEUP config... 

===================================
LINEUP Config Backup Complete
===================================
Backup folder : C:\LINEUP\backups\2026-07-26_224504
Files copied  : 4
Old backups removed: 1

[26/07/2026 22:45:04.37] Step 2 - Running SAP capacity export... 
COOIS capacities export complete:
C:\LINEUP\data\raw\COOIS_Capacities_Latest.txt
[26/07/2026 22:45:29.38] Step 3 - Running SAP production list export... 
COOIS production list export complete:
C:\LINEUP\data\raw\COOIS_ProductionList_Latest.txt
[26/07/2026 22:47:13.14] Step 4 - Running LINEUP processing pipeline... 
LINEUP
Starting capacity parser...


===================================
LINEUP Capacity Parser Complete
===================================
Input : COOIS_Capacities_Latest.txt
Output: capacities_clean.csv
Rows  : 6224


===================================
LINEUP Production Parser Complete
===================================
Input : COOIS_ProductionList_Latest.txt
Output: production_list_clean.csv
Rows  : 2369


===================================
LINEUP Capacity Summary Complete
===================================
Input : capacities_clean.csv
Output: capacities_order_summary.csv
Rows  : 970


===================================
LINEUP Merge Complete
===================================
Production input : production_list_clean.csv
Capacity input   : capacities_order_summary.csv
Output           : master_schedule.csv
Rows             : 970
Missing metadata : 0


===================================
LINEUP Scheduling Complete
===================================
Scheduled orders : 39
Overflow orders  : 0
SAP minutes      : unchanged by default
Staffing         : explicit overrides only
Queue stability  : current + one automatic order
Insights         : assignment reasons and confidence


===================================
LINEUP Dashboard Build Complete
===================================
Input       : scheduled_orders.csv
Output      : C:\LINEUP\output\dashboard.html
Insights    : assignment reasons and confidence
Remaining   : SAP versus adjusted
Utilisation : working-calendar aware


===================================
LINEUP Schedule Report Complete
===================================
Bench utilisation: bench_utilisation.csv
Schedule summary : schedule_summary.csv


===================================
LINEUP Split Recommendations Complete
===================================
Recommendations : 0
Window          : due today or next working day only
SAP minutes     : used unchanged by default
Staffing        : explicit overrides only
Planner work    : live, held, split, forced and board orders excluded
Output          : split_recommendations.csv

[26/07/2026 22:47:13.61] Step 5 - Marking LINEUP run as successful... 
LINEUP status marked as successful.
[26/07/2026 22:47:13.94] Step 6 - Rebuilding dashboard with final status... 

===================================
LINEUP Dashboard Build Complete
===================================
Input       : scheduled_orders.csv
Output      : C:\LINEUP\output\dashboard.html
Insights    : assignment reasons and confidence
Remaining   : SAP versus adjusted
Utilisation : working-calendar aware

=================================== 
LINEUP background update finished 
26/07/2026 22:47:14.29 
=================================== 
 
=================================== 
LINEUP background update started 
26/07/2026 23:00:04.48 
=================================== 
[26/07/2026 23:00:04.48] Activating virtual environment... 
[26/07/2026 23:00:05.01] Step 0 - Marking LINEUP run as started... 
LINEUP status marked as running.
[26/07/2026 23:00:05.37] Step 1 - Backing up LINEUP config... 

===================================
LINEUP Config Backup Complete
===================================
Backup folder : C:\LINEUP\backups\2026-07-26_230005
Files copied  : 4
Old backups removed: 1

[26/07/2026 23:00:05.77] Step 2 - Running SAP capacity export... 
COOIS capacities export complete:
C:\LINEUP\data\raw\COOIS_Capacities_Latest.txt
[26/07/2026 23:00:28.80] Step 3 - Running SAP production list export... 
COOIS production list export complete:
C:\LINEUP\data\raw\COOIS_ProductionList_Latest.txt
[26/07/2026 23:03:17.49] Step 4 - Running LINEUP processing pipeline... 
LINEUP
Starting capacity parser...


===================================
LINEUP Capacity Parser Complete
===================================
Input : COOIS_Capacities_Latest.txt
Output: capacities_clean.csv
Rows  : 6224


===================================
LINEUP Production Parser Complete
===================================
Input : COOIS_ProductionList_Latest.txt
Output: production_list_clean.csv
Rows  : 2369


===================================
LINEUP Capacity Summary Complete
===================================
Input : capacities_clean.csv
Output: capacities_order_summary.csv
Rows  : 970


===================================
LINEUP Merge Complete
===================================
Production input : production_list_clean.csv
Capacity input   : capacities_order_summary.csv
Output           : master_schedule.csv
Rows             : 970
Missing metadata : 0


===================================
LINEUP Scheduling Complete
===================================
Scheduled orders : 39
Overflow orders  : 0
SAP minutes      : unchanged by default
Staffing         : explicit overrides only
Queue stability  : current + one automatic order
Insights         : assignment reasons and confidence


===================================
LINEUP Dashboard Build Complete
===================================
Input       : scheduled_orders.csv
Output      : C:\LINEUP\output\dashboard.html
Insights    : assignment reasons and confidence
Remaining   : SAP versus adjusted
Utilisation : working-calendar aware


===================================
LINEUP Schedule Report Complete
===================================
Bench utilisation: bench_utilisation.csv
Schedule summary : schedule_summary.csv


===================================
LINEUP Split Recommendations Complete
===================================
Recommendations : 0
Window          : due today or next working day only
SAP minutes     : used unchanged by default
Staffing        : explicit overrides only
Planner work    : live, held, split, forced and board orders excluded
Output          : split_recommendations.csv

[26/07/2026 23:03:18.01] Step 5 - Marking LINEUP run as successful... 
LINEUP status marked as successful.
[26/07/2026 23:03:18.31] Step 6 - Rebuilding dashboard with final status... 

===================================
LINEUP Dashboard Build Complete
===================================
Input       : scheduled_orders.csv
Output      : C:\LINEUP\output\dashboard.html
Insights    : assignment reasons and confidence
Remaining   : SAP versus adjusted
Utilisation : working-calendar aware

=================================== 
LINEUP background update finished 
26/07/2026 23:03:18.63 
=================================== 
 
=================================== 
LINEUP background update started 
26/07/2026 23:15:03.15 
=================================== 
[26/07/2026 23:15:03.16] Activating virtual environment... 
[26/07/2026 23:15:03.68] Step 0 - Marking LINEUP run as started... 
LINEUP status marked as running.
[26/07/2026 23:15:04.03] Step 1 - Backing up LINEUP config... 

===================================
LINEUP Config Backup Complete
===================================
Backup folder : C:\LINEUP\backups\2026-07-26_231504
Files copied  : 4
Old backups removed: 1

[26/07/2026 23:15:04.39] Step 2 - Running SAP capacity export... 
COOIS capacities export complete:
C:\LINEUP\data\raw\COOIS_Capacities_Latest.txt
[26/07/2026 23:15:27.56] Step 3 - Running SAP production list export... 
COOIS production list export complete:
C:\LINEUP\data\raw\COOIS_ProductionList_Latest.txt
[26/07/2026 23:17:31.25] Step 4 - Running LINEUP processing pipeline... 
LINEUP
Starting capacity parser...


===================================
LINEUP Capacity Parser Complete
===================================
Input : COOIS_Capacities_Latest.txt
Output: capacities_clean.csv
Rows  : 6224


===================================
LINEUP Production Parser Complete
===================================
Input : COOIS_ProductionList_Latest.txt
Output: production_list_clean.csv
Rows  : 2369


===================================
LINEUP Capacity Summary Complete
===================================
Input : capacities_clean.csv
Output: capacities_order_summary.csv
Rows  : 970


===================================
LINEUP Merge Complete
===================================
Production input : production_list_clean.csv
Capacity input   : capacities_order_summary.csv
Output           : master_schedule.csv
Rows             : 970
Missing metadata : 0


===================================
LINEUP Scheduling Complete
===================================
Scheduled orders : 39
Overflow orders  : 0
SAP minutes      : unchanged by default
Staffing         : explicit overrides only
Queue stability  : current + one automatic order
Insights         : assignment reasons and confidence


===================================
LINEUP Dashboard Build Complete
===================================
Input       : scheduled_orders.csv
Output      : C:\LINEUP\output\dashboard.html
Insights    : assignment reasons and confidence
Remaining   : SAP versus adjusted
Utilisation : working-calendar aware


===================================
LINEUP Schedule Report Complete
===================================
Bench utilisation: bench_utilisation.csv
Schedule summary : schedule_summary.csv


===================================
LINEUP Split Recommendations Complete
===================================
Recommendations : 0
Window          : due today or next working day only
SAP minutes     : used unchanged by default
Staffing        : explicit overrides only
Planner work    : live, held, split, forced and board orders excluded
Output          : split_recommendations.csv

[26/07/2026 23:17:31.79] Step 5 - Marking LINEUP run as successful... 
LINEUP status marked as successful.
[26/07/2026 23:17:32.13] Step 6 - Rebuilding dashboard with final status... 

===================================
LINEUP Dashboard Build Complete
===================================
Input       : scheduled_orders.csv
Output      : C:\LINEUP\output\dashboard.html
Insights    : assignment reasons and confidence
Remaining   : SAP versus adjusted
Utilisation : working-calendar aware

=================================== 
LINEUP background update finished 
26/07/2026 23:17:32.49 
=================================== 
 
=================================== 
LINEUP background update started 
26/07/2026 23:30:03.17 
=================================== 
[26/07/2026 23:30:03.17] Activating virtual environment... 
[26/07/2026 23:30:03.71] Step 0 - Marking LINEUP run as started... 
LINEUP status marked as running.
[26/07/2026 23:30:04.07] Step 1 - Backing up LINEUP config... 

===================================
LINEUP Config Backup Complete
===================================
Backup folder : C:\LINEUP\backups\2026-07-26_233004
Files copied  : 4
Old backups removed: 1

[26/07/2026 23:30:04.53] Step 2 - Running SAP capacity export... 
COOIS capacities export complete:
C:\LINEUP\data\raw\COOIS_Capacities_Latest.txt
[26/07/2026 23:30:28.58] Step 3 - Running SAP production list export... 
COOIS production list export complete:
C:\LINEUP\data\raw\COOIS_ProductionList_Latest.txt
[26/07/2026 23:32:23.06] Step 4 - Running LINEUP processing pipeline... 
LINEUP
Starting capacity parser...


===================================
LINEUP Capacity Parser Complete
===================================
Input : COOIS_Capacities_Latest.txt
Output: capacities_clean.csv
Rows  : 6224


===================================
LINEUP Production Parser Complete
===================================
Input : COOIS_ProductionList_Latest.txt
Output: production_list_clean.csv
Rows  : 2369


===================================
LINEUP Capacity Summary Complete
===================================
Input : capacities_clean.csv
Output: capacities_order_summary.csv
Rows  : 970


===================================
LINEUP Merge Complete
===================================
Production input : production_list_clean.csv
Capacity input   : capacities_order_summary.csv
Output           : master_schedule.csv
Rows             : 970
Missing metadata : 0


===================================
LINEUP Scheduling Complete
===================================
Scheduled orders : 39
Overflow orders  : 0
SAP minutes      : unchanged by default
Staffing         : explicit overrides only
Queue stability  : current + one automatic order
Insights         : assignment reasons and confidence


===================================
LINEUP Dashboard Build Complete
===================================
Input       : scheduled_orders.csv
Output      : C:\LINEUP\output\dashboard.html
Insights    : assignment reasons and confidence
Remaining   : SAP versus adjusted
Utilisation : working-calendar aware


===================================
LINEUP Schedule Report Complete
===================================
Bench utilisation: bench_utilisation.csv
Schedule summary : schedule_summary.csv


===================================
LINEUP Split Recommendations Complete
===================================
Recommendations : 0
Window          : due today or next working day only
SAP minutes     : used unchanged by default
Staffing        : explicit overrides only
Planner work    : live, held, split, forced and board orders excluded
Output          : split_recommendations.csv

[26/07/2026 23:32:23.62] Step 5 - Marking LINEUP run as successful... 
LINEUP status marked as successful.
[26/07/2026 23:32:23.93] Step 6 - Rebuilding dashboard with final status... 

===================================
LINEUP Dashboard Build Complete
===================================
Input       : scheduled_orders.csv
Output      : C:\LINEUP\output\dashboard.html
Insights    : assignment reasons and confidence
Remaining   : SAP versus adjusted
Utilisation : working-calendar aware

=================================== 
LINEUP background update finished 
26/07/2026 23:32:24.31 
=================================== 
 
=================================== 
LINEUP background update started 
26/07/2026 23:45:03.13 
=================================== 
[26/07/2026 23:45:03.13] Activating virtual environment... 
[26/07/2026 23:45:03.68] Step 0 - Marking LINEUP run as started... 
LINEUP status marked as running.
[26/07/2026 23:45:04.01] Step 1 - Backing up LINEUP config... 

===================================
LINEUP Config Backup Complete
===================================
Backup folder : C:\LINEUP\backups\2026-07-26_234504
Files copied  : 4
Old backups removed: 1

[26/07/2026 23:45:04.42] Step 2 - Running SAP capacity export... 
COOIS capacities export complete:
C:\LINEUP\data\raw\COOIS_Capacities_Latest.txt
[26/07/2026 23:45:27.19] Step 3 - Running SAP production list export... 
COOIS production list export complete:
C:\LINEUP\data\raw\COOIS_ProductionList_Latest.txt
[26/07/2026 23:47:05.23] Step 4 - Running LINEUP processing pipeline... 
LINEUP
Starting capacity parser...


===================================
LINEUP Capacity Parser Complete
===================================
Input : COOIS_Capacities_Latest.txt
Output: capacities_clean.csv
Rows  : 6224


===================================
LINEUP Production Parser Complete
===================================
Input : COOIS_ProductionList_Latest.txt
Output: production_list_clean.csv
Rows  : 2369


===================================
LINEUP Capacity Summary Complete
===================================
Input : capacities_clean.csv
Output: capacities_order_summary.csv
Rows  : 970


===================================
LINEUP Merge Complete
===================================
Production input : production_list_clean.csv
Capacity input   : capacities_order_summary.csv
Output           : master_schedule.csv
Rows             : 970
Missing metadata : 0


===================================
LINEUP Scheduling Complete
===================================
Scheduled orders : 39
Overflow orders  : 0
SAP minutes      : unchanged by default
Staffing         : explicit overrides only
Queue stability  : current + one automatic order
Insights         : assignment reasons and confidence


===================================
LINEUP Dashboard Build Complete
===================================
Input       : scheduled_orders.csv
Output      : C:\LINEUP\output\dashboard.html
Insights    : assignment reasons and confidence
Remaining   : SAP versus adjusted
Utilisation : working-calendar aware


===================================
LINEUP Schedule Report Complete
===================================
Bench utilisation: bench_utilisation.csv
Schedule summary : schedule_summary.csv


===================================
LINEUP Split Recommendations Complete
===================================
Recommendations : 0
Window          : due today or next working day only
SAP minutes     : used unchanged by default
Staffing        : explicit overrides only
Planner work    : live, held, split, forced and board orders excluded
Output          : split_recommendations.csv

[26/07/2026 23:47:05.95] Step 5 - Marking LINEUP run as successful... 
LINEUP status marked as successful.
[26/07/2026 23:47:06.26] Step 6 - Rebuilding dashboard with final status... 

===================================
LINEUP Dashboard Build Complete
===================================
Input       : scheduled_orders.csv
Output      : C:\LINEUP\output\dashboard.html
Insights    : assignment reasons and confidence
Remaining   : SAP versus adjusted
Utilisation : working-calendar aware

=================================== 
LINEUP background update finished 
26/07/2026 23:47:06.59 
=================================== 
