 
=================================== 
LINEUP background update started 
25/07/2026  0:00:02.77 
=================================== 
[25/07/2026  0:00:02.77] Activating virtual environment... 
[25/07/2026  0:00:03.41] Step 0 - Marking LINEUP run as started... 
LINEUP status marked as running.
[25/07/2026  0:00:03.78] Step 1 - Backing up LINEUP config... 

===================================
LINEUP Config Backup Complete
===================================
Backup folder : C:\LINEUP\backups\2026-07-25_000004
Files copied  : 4
Old backups removed: 1

[25/07/2026  0:00:04.17] Step 2 - Running SAP capacity export... 
COOIS capacities export complete:
C:\LINEUP\data\raw\COOIS_Capacities_Latest.txt
[25/07/2026  0:00:29.81] Step 3 - Running SAP production list export... 
COOIS production list export complete:
C:\LINEUP\data\raw\COOIS_ProductionList_Latest.txt
[25/07/2026  0:02:58.77] Step 4 - Running LINEUP processing pipeline... 
LINEUP
Starting capacity parser...


===================================
LINEUP Capacity Parser Complete
===================================
Input : COOIS_Capacities_Latest.txt
Output: capacities_clean.csv
Rows  : 6226


===================================
LINEUP Production Parser Complete
===================================
Input : COOIS_ProductionList_Latest.txt
Output: production_list_clean.csv
Rows  : 2371


===================================
LINEUP Capacity Summary Complete
===================================
Input : capacities_clean.csv
Output: capacities_order_summary.csv
Rows  : 970


===================================
LINEUP Merge Complete
===================================
Production input : production_list_clean.csv
Capacity input   : capacities_order_summary.csv
Output           : master_schedule.csv
Rows             : 970
Missing metadata : 0


===================================
LINEUP Scheduling Complete
===================================
Scheduled orders : 35
Overflow orders  : 0
SAP minutes      : unchanged by default
Staffing         : explicit overrides only
Queue stability  : current + one automatic order
Insights         : assignment reasons and confidence


===================================
LINEUP Dashboard Build Complete
===================================
Input       : scheduled_orders.csv
Output      : C:\LINEUP\output\dashboard.html
Insights    : assignment reasons and confidence
Remaining   : SAP versus adjusted
Utilisation : working-calendar aware


===================================
LINEUP Schedule Report Complete
===================================
Bench utilisation: bench_utilisation.csv
Schedule summary : schedule_summary.csv


===================================
LINEUP Split Recommendations Complete
===================================
Recommendations : 0
Window          : due today or next working day only
SAP minutes     : used unchanged by default
Staffing        : explicit overrides only
Planner work    : live, held, split, forced and board orders excluded
Output          : split_recommendations.csv

[25/07/2026  0:02:59.25] Step 5 - Marking LINEUP run as successful... 
LINEUP status marked as successful.
[25/07/2026  0:02:59.57] Step 6 - Rebuilding dashboard with final status... 

===================================
LINEUP Dashboard Build Complete
===================================
Input       : scheduled_orders.csv
Output      : C:\LINEUP\output\dashboard.html
Insights    : assignment reasons and confidence
Remaining   : SAP versus adjusted
Utilisation : working-calendar aware

=================================== 
LINEUP background update finished 
25/07/2026  0:02:59.95 
=================================== 
 
=================================== 
LINEUP background update started 
25/07/2026  0:15:03.26 
=================================== 
[25/07/2026  0:15:03.26] Activating virtual environment... 
[25/07/2026  0:15:03.79] Step 0 - Marking LINEUP run as started... 
LINEUP status marked as running.
[25/07/2026  0:15:04.09] Step 1 - Backing up LINEUP config... 

===================================
LINEUP Config Backup Complete
===================================
Backup folder : C:\LINEUP\backups\2026-07-25_001504
Files copied  : 4
Old backups removed: 1

[25/07/2026  0:15:04.43] Step 2 - Running SAP capacity export... 
COOIS capacities export complete:
C:\LINEUP\data\raw\COOIS_Capacities_Latest.txt
[25/07/2026  0:15:27.78] Step 3 - Running SAP production list export... 
COOIS production list export complete:
C:\LINEUP\data\raw\COOIS_ProductionList_Latest.txt
[25/07/2026  0:17:31.25] Step 4 - Running LINEUP processing pipeline... 
LINEUP
Starting capacity parser...


===================================
LINEUP Capacity Parser Complete
===================================
Input : COOIS_Capacities_Latest.txt
Output: capacities_clean.csv
Rows  : 6226


===================================
LINEUP Production Parser Complete
===================================
Input : COOIS_ProductionList_Latest.txt
Output: production_list_clean.csv
Rows  : 2371


===================================
LINEUP Capacity Summary Complete
===================================
Input : capacities_clean.csv
Output: capacities_order_summary.csv
Rows  : 970


===================================
LINEUP Merge Complete
===================================
Production input : production_list_clean.csv
Capacity input   : capacities_order_summary.csv
Output           : master_schedule.csv
Rows             : 970
Missing metadata : 0


===================================
LINEUP Scheduling Complete
===================================
Scheduled orders : 35
Overflow orders  : 0
SAP minutes      : unchanged by default
Staffing         : explicit overrides only
Queue stability  : current + one automatic order
Insights         : assignment reasons and confidence


===================================
LINEUP Dashboard Build Complete
===================================
Input       : scheduled_orders.csv
Output      : C:\LINEUP\output\dashboard.html
Insights    : assignment reasons and confidence
Remaining   : SAP versus adjusted
Utilisation : working-calendar aware


===================================
LINEUP Schedule Report Complete
===================================
Bench utilisation: bench_utilisation.csv
Schedule summary : schedule_summary.csv


===================================
LINEUP Split Recommendations Complete
===================================
Recommendations : 0
Window          : due today or next working day only
SAP minutes     : used unchanged by default
Staffing        : explicit overrides only
Planner work    : live, held, split, forced and board orders excluded
Output          : split_recommendations.csv

[25/07/2026  0:17:31.72] Step 5 - Marking LINEUP run as successful... 
LINEUP status marked as successful.
[25/07/2026  0:17:32.02] Step 6 - Rebuilding dashboard with final status... 

===================================
LINEUP Dashboard Build Complete
===================================
Input       : scheduled_orders.csv
Output      : C:\LINEUP\output\dashboard.html
Insights    : assignment reasons and confidence
Remaining   : SAP versus adjusted
Utilisation : working-calendar aware

=================================== 
LINEUP background update finished 
25/07/2026  0:17:32.34 
=================================== 
 
=================================== 
LINEUP background update started 
25/07/2026  0:30:03.16 
=================================== 
[25/07/2026  0:30:03.16] Activating virtual environment... 
[25/07/2026  0:30:03.69] Step 0 - Marking LINEUP run as started... 
LINEUP status marked as running.
[25/07/2026  0:30:04.02] Step 1 - Backing up LINEUP config... 

===================================
LINEUP Config Backup Complete
===================================
Backup folder : C:\LINEUP\backups\2026-07-25_003004
Files copied  : 4
Old backups removed: 1

[25/07/2026  0:30:04.35] Step 2 - Running SAP capacity export... 
COOIS capacities export complete:
C:\LINEUP\data\raw\COOIS_Capacities_Latest.txt
[25/07/2026  0:30:29.51] Step 3 - Running SAP production list export... 
COOIS production list export complete:
C:\LINEUP\data\raw\COOIS_ProductionList_Latest.txt
[25/07/2026  0:32:27.31] Step 4 - Running LINEUP processing pipeline... 
LINEUP
Starting capacity parser...


===================================
LINEUP Capacity Parser Complete
===================================
Input : COOIS_Capacities_Latest.txt
Output: capacities_clean.csv
Rows  : 6226


===================================
LINEUP Production Parser Complete
===================================
Input : COOIS_ProductionList_Latest.txt
Output: production_list_clean.csv
Rows  : 2371


===================================
LINEUP Capacity Summary Complete
===================================
Input : capacities_clean.csv
Output: capacities_order_summary.csv
Rows  : 970


===================================
LINEUP Merge Complete
===================================
Production input : production_list_clean.csv
Capacity input   : capacities_order_summary.csv
Output           : master_schedule.csv
Rows             : 970
Missing metadata : 0


===================================
LINEUP Scheduling Complete
===================================
Scheduled orders : 35
Overflow orders  : 0
SAP minutes      : unchanged by default
Staffing         : explicit overrides only
Queue stability  : current + one automatic order
Insights         : assignment reasons and confidence


===================================
LINEUP Dashboard Build Complete
===================================
Input       : scheduled_orders.csv
Output      : C:\LINEUP\output\dashboard.html
Insights    : assignment reasons and confidence
Remaining   : SAP versus adjusted
Utilisation : working-calendar aware


===================================
LINEUP Schedule Report Complete
===================================
Bench utilisation: bench_utilisation.csv
Schedule summary : schedule_summary.csv


===================================
LINEUP Split Recommendations Complete
===================================
Recommendations : 0
Window          : due today or next working day only
SAP minutes     : used unchanged by default
Staffing        : explicit overrides only
Planner work    : live, held, split, forced and board orders excluded
Output          : split_recommendations.csv

[25/07/2026  0:32:27.80] Step 5 - Marking LINEUP run as successful... 
LINEUP status marked as successful.
[25/07/2026  0:32:28.11] Step 6 - Rebuilding dashboard with final status... 

===================================
LINEUP Dashboard Build Complete
===================================
Input       : scheduled_orders.csv
Output      : C:\LINEUP\output\dashboard.html
Insights    : assignment reasons and confidence
Remaining   : SAP versus adjusted
Utilisation : working-calendar aware

=================================== 
LINEUP background update finished 
25/07/2026  0:32:28.44 
=================================== 
 
=================================== 
LINEUP background update started 
25/07/2026  0:45:03.21 
=================================== 
[25/07/2026  0:45:03.21] Activating virtual environment... 
[25/07/2026  0:45:03.72] Step 0 - Marking LINEUP run as started... 
LINEUP status marked as running.
[25/07/2026  0:45:04.04] Step 1 - Backing up LINEUP config... 

===================================
LINEUP Config Backup Complete
===================================
Backup folder : C:\LINEUP\backups\2026-07-25_004504
Files copied  : 4
Old backups removed: 1

[25/07/2026  0:45:04.38] Step 2 - Running SAP capacity export... 
COOIS capacities export complete:
C:\LINEUP\data\raw\COOIS_Capacities_Latest.txt
[25/07/2026  0:45:27.11] Step 3 - Running SAP production list export... 
COOIS production list export complete:
C:\LINEUP\data\raw\COOIS_ProductionList_Latest.txt
[25/07/2026  0:47:13.57] Step 4 - Running LINEUP processing pipeline... 
LINEUP
Starting capacity parser...


===================================
LINEUP Capacity Parser Complete
===================================
Input : COOIS_Capacities_Latest.txt
Output: capacities_clean.csv
Rows  : 6226


===================================
LINEUP Production Parser Complete
===================================
Input : COOIS_ProductionList_Latest.txt
Output: production_list_clean.csv
Rows  : 2371


===================================
LINEUP Capacity Summary Complete
===================================
Input : capacities_clean.csv
Output: capacities_order_summary.csv
Rows  : 970


===================================
LINEUP Merge Complete
===================================
Production input : production_list_clean.csv
Capacity input   : capacities_order_summary.csv
Output           : master_schedule.csv
Rows             : 970
Missing metadata : 0


===================================
LINEUP Scheduling Complete
===================================
Scheduled orders : 35
Overflow orders  : 0
SAP minutes      : unchanged by default
Staffing         : explicit overrides only
Queue stability  : current + one automatic order
Insights         : assignment reasons and confidence


===================================
LINEUP Dashboard Build Complete
===================================
Input       : scheduled_orders.csv
Output      : C:\LINEUP\output\dashboard.html
Insights    : assignment reasons and confidence
Remaining   : SAP versus adjusted
Utilisation : working-calendar aware


===================================
LINEUP Schedule Report Complete
===================================
Bench utilisation: bench_utilisation.csv
Schedule summary : schedule_summary.csv


===================================
LINEUP Split Recommendations Complete
===================================
Recommendations : 0
Window          : due today or next working day only
SAP minutes     : used unchanged by default
Staffing        : explicit overrides only
Planner work    : live, held, split, forced and board orders excluded
Output          : split_recommendations.csv

[25/07/2026  0:47:14.06] Step 5 - Marking LINEUP run as successful... 
LINEUP status marked as successful.
[25/07/2026  0:47:14.39] Step 6 - Rebuilding dashboard with final status... 

===================================
LINEUP Dashboard Build Complete
===================================
Input       : scheduled_orders.csv
Output      : C:\LINEUP\output\dashboard.html
Insights    : assignment reasons and confidence
Remaining   : SAP versus adjusted
Utilisation : working-calendar aware

=================================== 
LINEUP background update finished 
25/07/2026  0:47:14.73 
=================================== 
 
=================================== 
LINEUP background update started 
25/07/2026  1:00:03.65 
=================================== 
[25/07/2026  1:00:03.65] Activating virtual environment... 
[25/07/2026  1:00:04.16] Step 0 - Marking LINEUP run as started... 
LINEUP status marked as running.
[25/07/2026  1:00:04.50] Step 1 - Backing up LINEUP config... 

===================================
LINEUP Config Backup Complete
===================================
Backup folder : C:\LINEUP\backups\2026-07-25_010004
Files copied  : 4
Old backups removed: 1

[25/07/2026  1:00:04.83] Step 2 - Running SAP capacity export... 
COOIS capacities export complete:
C:\LINEUP\data\raw\COOIS_Capacities_Latest.txt
[25/07/2026  1:00:29.86] Step 3 - Running SAP production list export... 
COOIS production list export complete:
C:\LINEUP\data\raw\COOIS_ProductionList_Latest.txt
[25/07/2026  1:03:02.65] Step 4 - Running LINEUP processing pipeline... 
LINEUP
Starting capacity parser...


===================================
LINEUP Capacity Parser Complete
===================================
Input : COOIS_Capacities_Latest.txt
Output: capacities_clean.csv
Rows  : 6226


===================================
LINEUP Production Parser Complete
===================================
Input : COOIS_ProductionList_Latest.txt
Output: production_list_clean.csv
Rows  : 2371


===================================
LINEUP Capacity Summary Complete
===================================
Input : capacities_clean.csv
Output: capacities_order_summary.csv
Rows  : 970


===================================
LINEUP Merge Complete
===================================
Production input : production_list_clean.csv
Capacity input   : capacities_order_summary.csv
Output           : master_schedule.csv
Rows             : 970
Missing metadata : 0


===================================
LINEUP Scheduling Complete
===================================
Scheduled orders : 35
Overflow orders  : 0
SAP minutes      : unchanged by default
Staffing         : explicit overrides only
Queue stability  : current + one automatic order
Insights         : assignment reasons and confidence


===================================
LINEUP Dashboard Build Complete
===================================
Input       : scheduled_orders.csv
Output      : C:\LINEUP\output\dashboard.html
Insights    : assignment reasons and confidence
Remaining   : SAP versus adjusted
Utilisation : working-calendar aware


===================================
LINEUP Schedule Report Complete
===================================
Bench utilisation: bench_utilisation.csv
Schedule summary : schedule_summary.csv


===================================
LINEUP Split Recommendations Complete
===================================
Recommendations : 0
Window          : due today or next working day only
SAP minutes     : used unchanged by default
Staffing        : explicit overrides only
Planner work    : live, held, split, forced and board orders excluded
Output          : split_recommendations.csv

[25/07/2026  1:03:03.21] Step 5 - Marking LINEUP run as successful... 
LINEUP status marked as successful.
[25/07/2026  1:03:03.63] Step 6 - Rebuilding dashboard with final status... 

===================================
LINEUP Dashboard Build Complete
===================================
Input       : scheduled_orders.csv
Output      : C:\LINEUP\output\dashboard.html
Insights    : assignment reasons and confidence
Remaining   : SAP versus adjusted
Utilisation : working-calendar aware

=================================== 
LINEUP background update finished 
25/07/2026  1:03:03.97 
=================================== 
 
=================================== 
LINEUP background update started 
25/07/2026  1:15:03.23 
=================================== 
[25/07/2026  1:15:03.23] Activating virtual environment... 
[25/07/2026  1:15:03.76] Step 0 - Marking LINEUP run as started... 
LINEUP status marked as running.
[25/07/2026  1:15:04.10] Step 1 - Backing up LINEUP config... 

===================================
LINEUP Config Backup Complete
===================================
Backup folder : C:\LINEUP\backups\2026-07-25_011504
Files copied  : 4
Old backups removed: 1

[25/07/2026  1:15:04.49] Step 2 - Running SAP capacity export... 
COOIS capacities export complete:
C:\LINEUP\data\raw\COOIS_Capacities_Latest.txt
[25/07/2026  1:15:32.01] Step 3 - Running SAP production list export... 
COOIS production list export complete:
C:\LINEUP\data\raw\COOIS_ProductionList_Latest.txt
[25/07/2026  1:17:35.77] Step 4 - Running LINEUP processing pipeline... 
LINEUP
Starting capacity parser...


===================================
LINEUP Capacity Parser Complete
===================================
Input : COOIS_Capacities_Latest.txt
Output: capacities_clean.csv
Rows  : 6226


===================================
LINEUP Production Parser Complete
===================================
Input : COOIS_ProductionList_Latest.txt
Output: production_list_clean.csv
Rows  : 2371


===================================
LINEUP Capacity Summary Complete
===================================
Input : capacities_clean.csv
Output: capacities_order_summary.csv
Rows  : 970


===================================
LINEUP Merge Complete
===================================
Production input : production_list_clean.csv
Capacity input   : capacities_order_summary.csv
Output           : master_schedule.csv
Rows             : 970
Missing metadata : 0


===================================
LINEUP Scheduling Complete
===================================
Scheduled orders : 35
Overflow orders  : 0
SAP minutes      : unchanged by default
Staffing         : explicit overrides only
Queue stability  : current + one automatic order
Insights         : assignment reasons and confidence


===================================
LINEUP Dashboard Build Complete
===================================
Input       : scheduled_orders.csv
Output      : C:\LINEUP\output\dashboard.html
Insights    : assignment reasons and confidence
Remaining   : SAP versus adjusted
Utilisation : working-calendar aware


===================================
LINEUP Schedule Report Complete
===================================
Bench utilisation: bench_utilisation.csv
Schedule summary : schedule_summary.csv


===================================
LINEUP Split Recommendations Complete
===================================
Recommendations : 0
Window          : due today or next working day only
SAP minutes     : used unchanged by default
Staffing        : explicit overrides only
Planner work    : live, held, split, forced and board orders excluded
Output          : split_recommendations.csv

[25/07/2026  1:17:36.24] Step 5 - Marking LINEUP run as successful... 
LINEUP status marked as successful.
[25/07/2026  1:17:36.56] Step 6 - Rebuilding dashboard with final status... 

===================================
LINEUP Dashboard Build Complete
===================================
Input       : scheduled_orders.csv
Output      : C:\LINEUP\output\dashboard.html
Insights    : assignment reasons and confidence
Remaining   : SAP versus adjusted
Utilisation : working-calendar aware

=================================== 
LINEUP background update finished 
25/07/2026  1:17:36.90 
=================================== 
 
=================================== 
LINEUP background update started 
25/07/2026  1:30:03.20 
=================================== 
[25/07/2026  1:30:03.20] Activating virtual environment... 
[25/07/2026  1:30:03.75] Step 0 - Marking LINEUP run as started... 
LINEUP status marked as running.
[25/07/2026  1:30:04.07] Step 1 - Backing up LINEUP config... 

===================================
LINEUP Config Backup Complete
===================================
Backup folder : C:\LINEUP\backups\2026-07-25_013004
Files copied  : 4
Old backups removed: 1

[25/07/2026  1:30:04.47] Step 2 - Running SAP capacity export... 
COOIS capacities export complete:
C:\LINEUP\data\raw\COOIS_Capacities_Latest.txt
[25/07/2026  1:30:28.37] Step 3 - Running SAP production list export... 
COOIS production list export complete:
C:\LINEUP\data\raw\COOIS_ProductionList_Latest.txt
[25/07/2026  1:32:42.12] Step 4 - Running LINEUP processing pipeline... 
LINEUP
Starting capacity parser...


===================================
LINEUP Capacity Parser Complete
===================================
Input : COOIS_Capacities_Latest.txt
Output: capacities_clean.csv
Rows  : 6226


===================================
LINEUP Production Parser Complete
===================================
Input : COOIS_ProductionList_Latest.txt
Output: production_list_clean.csv
Rows  : 2371


===================================
LINEUP Capacity Summary Complete
===================================
Input : capacities_clean.csv
Output: capacities_order_summary.csv
Rows  : 970


===================================
LINEUP Merge Complete
===================================
Production input : production_list_clean.csv
Capacity input   : capacities_order_summary.csv
Output           : master_schedule.csv
Rows             : 970
Missing metadata : 0


===================================
LINEUP Scheduling Complete
===================================
Scheduled orders : 35
Overflow orders  : 0
SAP minutes      : unchanged by default
Staffing         : explicit overrides only
Queue stability  : current + one automatic order
Insights         : assignment reasons and confidence


===================================
LINEUP Dashboard Build Complete
===================================
Input       : scheduled_orders.csv
Output      : C:\LINEUP\output\dashboard.html
Insights    : assignment reasons and confidence
Remaining   : SAP versus adjusted
Utilisation : working-calendar aware


===================================
LINEUP Schedule Report Complete
===================================
Bench utilisation: bench_utilisation.csv
Schedule summary : schedule_summary.csv


===================================
LINEUP Split Recommendations Complete
===================================
Recommendations : 0
Window          : due today or next working day only
SAP minutes     : used unchanged by default
Staffing        : explicit overrides only
Planner work    : live, held, split, forced and board orders excluded
Output          : split_recommendations.csv

[25/07/2026  1:32:42.64] Step 5 - Marking LINEUP run as successful... 
LINEUP status marked as successful.
[25/07/2026  1:32:42.94] Step 6 - Rebuilding dashboard with final status... 

===================================
LINEUP Dashboard Build Complete
===================================
Input       : scheduled_orders.csv
Output      : C:\LINEUP\output\dashboard.html
Insights    : assignment reasons and confidence
Remaining   : SAP versus adjusted
Utilisation : working-calendar aware

=================================== 
LINEUP background update finished 
25/07/2026  1:32:43.29 
=================================== 
 
=================================== 
LINEUP background update started 
25/07/2026  1:45:03.25 
=================================== 
[25/07/2026  1:45:03.25] Activating virtual environment... 
[25/07/2026  1:45:03.78] Step 0 - Marking LINEUP run as started... 
LINEUP status marked as running.
[25/07/2026  1:45:04.15] Step 1 - Backing up LINEUP config... 

===================================
LINEUP Config Backup Complete
===================================
Backup folder : C:\LINEUP\backups\2026-07-25_014504
Files copied  : 4
Old backups removed: 1

[25/07/2026  1:45:04.53] Step 2 - Running SAP capacity export... 
COOIS capacities export complete:
C:\LINEUP\data\raw\COOIS_Capacities_Latest.txt
[25/07/2026  1:45:27.78] Step 3 - Running SAP production list export... 
COOIS production list export complete:
C:\LINEUP\data\raw\COOIS_ProductionList_Latest.txt
[25/07/2026  1:47:28.61] Step 4 - Running LINEUP processing pipeline... 
LINEUP
Starting capacity parser...


===================================
LINEUP Capacity Parser Complete
===================================
Input : COOIS_Capacities_Latest.txt
Output: capacities_clean.csv
Rows  : 6226


===================================
LINEUP Production Parser Complete
===================================
Input : COOIS_ProductionList_Latest.txt
Output: production_list_clean.csv
Rows  : 2371


===================================
LINEUP Capacity Summary Complete
===================================
Input : capacities_clean.csv
Output: capacities_order_summary.csv
Rows  : 970


===================================
LINEUP Merge Complete
===================================
Production input : production_list_clean.csv
Capacity input   : capacities_order_summary.csv
Output           : master_schedule.csv
Rows             : 970
Missing metadata : 0


===================================
LINEUP Scheduling Complete
===================================
Scheduled orders : 35
Overflow orders  : 0
SAP minutes      : unchanged by default
Staffing         : explicit overrides only
Queue stability  : current + one automatic order
Insights         : assignment reasons and confidence


===================================
LINEUP Dashboard Build Complete
===================================
Input       : scheduled_orders.csv
Output      : C:\LINEUP\output\dashboard.html
Insights    : assignment reasons and confidence
Remaining   : SAP versus adjusted
Utilisation : working-calendar aware


===================================
LINEUP Schedule Report Complete
===================================
Bench utilisation: bench_utilisation.csv
Schedule summary : schedule_summary.csv


===================================
LINEUP Split Recommendations Complete
===================================
Recommendations : 0
Window          : due today or next working day only
SAP minutes     : used unchanged by default
Staffing        : explicit overrides only
Planner work    : live, held, split, forced and board orders excluded
Output          : split_recommendations.csv

[25/07/2026  1:47:29.17] Step 5 - Marking LINEUP run as successful... 
LINEUP status marked as successful.
[25/07/2026  1:47:29.50] Step 6 - Rebuilding dashboard with final status... 

===================================
LINEUP Dashboard Build Complete
===================================
Input       : scheduled_orders.csv
Output      : C:\LINEUP\output\dashboard.html
Insights    : assignment reasons and confidence
Remaining   : SAP versus adjusted
Utilisation : working-calendar aware

=================================== 
LINEUP background update finished 
25/07/2026  1:47:29.85 
=================================== 
 
=================================== 
LINEUP background update started 
25/07/2026  2:00:03.13 
=================================== 
[25/07/2026  2:00:03.13] Activating virtual environment... 
[25/07/2026  2:00:03.66] Step 0 - Marking LINEUP run as started... 
LINEUP status marked as running.
[25/07/2026  2:00:04.00] Step 1 - Backing up LINEUP config... 

===================================
LINEUP Config Backup Complete
===================================
Backup folder : C:\LINEUP\backups\2026-07-25_020004
Files copied  : 4
Old backups removed: 1

[25/07/2026  2:00:04.34] Step 2 - Running SAP capacity export... 
COOIS capacities export complete:
C:\LINEUP\data\raw\COOIS_Capacities_Latest.txt
[25/07/2026  2:00:28.85] Step 3 - Running SAP production list export... 
COOIS production list export complete:
C:\LINEUP\data\raw\COOIS_ProductionList_Latest.txt
[25/07/2026  2:02:48.02] Step 4 - Running LINEUP processing pipeline... 
LINEUP
Starting capacity parser...


===================================
LINEUP Capacity Parser Complete
===================================
Input : COOIS_Capacities_Latest.txt
Output: capacities_clean.csv
Rows  : 6226


===================================
LINEUP Production Parser Complete
===================================
Input : COOIS_ProductionList_Latest.txt
Output: production_list_clean.csv
Rows  : 2371


===================================
LINEUP Capacity Summary Complete
===================================
Input : capacities_clean.csv
Output: capacities_order_summary.csv
Rows  : 970


===================================
LINEUP Merge Complete
===================================
Production input : production_list_clean.csv
Capacity input   : capacities_order_summary.csv
Output           : master_schedule.csv
Rows             : 970
Missing metadata : 0


===================================
LINEUP Scheduling Complete
===================================
Scheduled orders : 35
Overflow orders  : 0
SAP minutes      : unchanged by default
Staffing         : explicit overrides only
Queue stability  : current + one automatic order
Insights         : assignment reasons and confidence


===================================
LINEUP Dashboard Build Complete
===================================
Input       : scheduled_orders.csv
Output      : C:\LINEUP\output\dashboard.html
Insights    : assignment reasons and confidence
Remaining   : SAP versus adjusted
Utilisation : working-calendar aware


===================================
LINEUP Schedule Report Complete
===================================
Bench utilisation: bench_utilisation.csv
Schedule summary : schedule_summary.csv


===================================
LINEUP Split Recommendations Complete
===================================
Recommendations : 0
Window          : due today or next working day only
SAP minutes     : used unchanged by default
Staffing        : explicit overrides only
Planner work    : live, held, split, forced and board orders excluded
Output          : split_recommendations.csv

[25/07/2026  2:02:48.48] Step 5 - Marking LINEUP run as successful... 
LINEUP status marked as successful.
[25/07/2026  2:02:48.80] Step 6 - Rebuilding dashboard with final status... 

===================================
LINEUP Dashboard Build Complete
===================================
Input       : scheduled_orders.csv
Output      : C:\LINEUP\output\dashboard.html
Insights    : assignment reasons and confidence
Remaining   : SAP versus adjusted
Utilisation : working-calendar aware

=================================== 
LINEUP background update finished 
25/07/2026  2:02:49.13 
=================================== 
 
=================================== 
LINEUP background update started 
25/07/2026  2:15:03.09 
=================================== 
[25/07/2026  2:15:03.10] Activating virtual environment... 
[25/07/2026  2:15:03.60] Step 0 - Marking LINEUP run as started... 
LINEUP status marked as running.
[25/07/2026  2:15:03.93] Step 1 - Backing up LINEUP config... 

===================================
LINEUP Config Backup Complete
===================================
Backup folder : C:\LINEUP\backups\2026-07-25_021504
Files copied  : 4
Old backups removed: 1

[25/07/2026  2:15:04.27] Step 2 - Running SAP capacity export... 
COOIS capacities export complete:
C:\LINEUP\data\raw\COOIS_Capacities_Latest.txt
[25/07/2026  2:15:27.24] Step 3 - Running SAP production list export... 
COOIS production list export complete:
C:\LINEUP\data\raw\COOIS_ProductionList_Latest.txt
[25/07/2026  2:17:19.25] Step 4 - Running LINEUP processing pipeline... 
LINEUP
Starting capacity parser...


===================================
LINEUP Capacity Parser Complete
===================================
Input : COOIS_Capacities_Latest.txt
Output: capacities_clean.csv
Rows  : 6226


===================================
LINEUP Production Parser Complete
===================================
Input : COOIS_ProductionList_Latest.txt
Output: production_list_clean.csv
Rows  : 2371


===================================
LINEUP Capacity Summary Complete
===================================
Input : capacities_clean.csv
Output: capacities_order_summary.csv
Rows  : 970


===================================
LINEUP Merge Complete
===================================
Production input : production_list_clean.csv
Capacity input   : capacities_order_summary.csv
Output           : master_schedule.csv
Rows             : 970
Missing metadata : 0


===================================
LINEUP Scheduling Complete
===================================
Scheduled orders : 35
Overflow orders  : 0
SAP minutes      : unchanged by default
Staffing         : explicit overrides only
Queue stability  : current + one automatic order
Insights         : assignment reasons and confidence


===================================
LINEUP Dashboard Build Complete
===================================
Input       : scheduled_orders.csv
Output      : C:\LINEUP\output\dashboard.html
Insights    : assignment reasons and confidence
Remaining   : SAP versus adjusted
Utilisation : working-calendar aware


===================================
LINEUP Schedule Report Complete
===================================
Bench utilisation: bench_utilisation.csv
Schedule summary : schedule_summary.csv


===================================
LINEUP Split Recommendations Complete
===================================
Recommendations : 0
Window          : due today or next working day only
SAP minutes     : used unchanged by default
Staffing        : explicit overrides only
Planner work    : live, held, split, forced and board orders excluded
Output          : split_recommendations.csv

[25/07/2026  2:17:19.71] Step 5 - Marking LINEUP run as successful... 
LINEUP status marked as successful.
[25/07/2026  2:17:20.05] Step 6 - Rebuilding dashboard with final status... 

===================================
LINEUP Dashboard Build Complete
===================================
Input       : scheduled_orders.csv
Output      : C:\LINEUP\output\dashboard.html
Insights    : assignment reasons and confidence
Remaining   : SAP versus adjusted
Utilisation : working-calendar aware

=================================== 
LINEUP background update finished 
25/07/2026  2:17:20.38 
=================================== 
 
=================================== 
LINEUP background update started 
25/07/2026  2:30:03.04 
=================================== 
[25/07/2026  2:30:03.04] Activating virtual environment... 
[25/07/2026  2:30:03.54] Step 0 - Marking LINEUP run as started... 
LINEUP status marked as running.
[25/07/2026  2:30:03.86] Step 1 - Backing up LINEUP config... 

===================================
LINEUP Config Backup Complete
===================================
Backup folder : C:\LINEUP\backups\2026-07-25_023004
Files copied  : 4
Old backups removed: 1

[25/07/2026  2:30:04.23] Step 2 - Running SAP capacity export... 
COOIS capacities export complete:
C:\LINEUP\data\raw\COOIS_Capacities_Latest.txt
[25/07/2026  2:30:29.82] Step 3 - Running SAP production list export... 
COOIS production list export complete:
C:\LINEUP\data\raw\COOIS_ProductionList_Latest.txt
[25/07/2026  2:32:31.01] Step 4 - Running LINEUP processing pipeline... 
LINEUP
Starting capacity parser...


===================================
LINEUP Capacity Parser Complete
===================================
Input : COOIS_Capacities_Latest.txt
Output: capacities_clean.csv
Rows  : 6226


===================================
LINEUP Production Parser Complete
===================================
Input : COOIS_ProductionList_Latest.txt
Output: production_list_clean.csv
Rows  : 2371


===================================
LINEUP Capacity Summary Complete
===================================
Input : capacities_clean.csv
Output: capacities_order_summary.csv
Rows  : 970


===================================
LINEUP Merge Complete
===================================
Production input : production_list_clean.csv
Capacity input   : capacities_order_summary.csv
Output           : master_schedule.csv
Rows             : 970
Missing metadata : 0


===================================
LINEUP Scheduling Complete
===================================
Scheduled orders : 35
Overflow orders  : 0
SAP minutes      : unchanged by default
Staffing         : explicit overrides only
Queue stability  : current + one automatic order
Insights         : assignment reasons and confidence


===================================
LINEUP Dashboard Build Complete
===================================
Input       : scheduled_orders.csv
Output      : C:\LINEUP\output\dashboard.html
Insights    : assignment reasons and confidence
Remaining   : SAP versus adjusted
Utilisation : working-calendar aware


===================================
LINEUP Schedule Report Complete
===================================
Bench utilisation: bench_utilisation.csv
Schedule summary : schedule_summary.csv


===================================
LINEUP Split Recommendations Complete
===================================
Recommendations : 0
Window          : due today or next working day only
SAP minutes     : used unchanged by default
Staffing        : explicit overrides only
Planner work    : live, held, split, forced and board orders excluded
Output          : split_recommendations.csv

[25/07/2026  2:32:31.50] Step 5 - Marking LINEUP run as successful... 
LINEUP status marked as successful.
[25/07/2026  2:32:31.80] Step 6 - Rebuilding dashboard with final status... 

===================================
LINEUP Dashboard Build Complete
===================================
Input       : scheduled_orders.csv
Output      : C:\LINEUP\output\dashboard.html
Insights    : assignment reasons and confidence
Remaining   : SAP versus adjusted
Utilisation : working-calendar aware

=================================== 
LINEUP background update finished 
25/07/2026  2:32:32.12 
=================================== 
 
=================================== 
LINEUP background update started 
25/07/2026  2:45:03.15 
=================================== 
[25/07/2026  2:45:03.15] Activating virtual environment... 
[25/07/2026  2:45:03.68] Step 0 - Marking LINEUP run as started... 
LINEUP status marked as running.
[25/07/2026  2:45:04.02] Step 1 - Backing up LINEUP config... 

===================================
LINEUP Config Backup Complete
===================================
Backup folder : C:\LINEUP\backups\2026-07-25_024504
Files copied  : 4
Old backups removed: 1

[25/07/2026  2:45:04.38] Step 2 - Running SAP capacity export... 
COOIS capacities export complete:
C:\LINEUP\data\raw\COOIS_Capacities_Latest.txt
[25/07/2026  2:45:29.60] Step 3 - Running SAP production list export... 
COOIS production list export complete:
C:\LINEUP\data\raw\COOIS_ProductionList_Latest.txt
[25/07/2026  2:47:19.27] Step 4 - Running LINEUP processing pipeline... 
LINEUP
Starting capacity parser...


===================================
LINEUP Capacity Parser Complete
===================================
Input : COOIS_Capacities_Latest.txt
Output: capacities_clean.csv
Rows  : 6226


===================================
LINEUP Production Parser Complete
===================================
Input : COOIS_ProductionList_Latest.txt
Output: production_list_clean.csv
Rows  : 2371


===================================
LINEUP Capacity Summary Complete
===================================
Input : capacities_clean.csv
Output: capacities_order_summary.csv
Rows  : 970


===================================
LINEUP Merge Complete
===================================
Production input : production_list_clean.csv
Capacity input   : capacities_order_summary.csv
Output           : master_schedule.csv
Rows             : 970
Missing metadata : 0


===================================
LINEUP Scheduling Complete
===================================
Scheduled orders : 35
Overflow orders  : 0
SAP minutes      : unchanged by default
Staffing         : explicit overrides only
Queue stability  : current + one automatic order
Insights         : assignment reasons and confidence


===================================
LINEUP Dashboard Build Complete
===================================
Input       : scheduled_orders.csv
Output      : C:\LINEUP\output\dashboard.html
Insights    : assignment reasons and confidence
Remaining   : SAP versus adjusted
Utilisation : working-calendar aware


===================================
LINEUP Schedule Report Complete
===================================
Bench utilisation: bench_utilisation.csv
Schedule summary : schedule_summary.csv


===================================
LINEUP Split Recommendations Complete
===================================
Recommendations : 0
Window          : due today or next working day only
SAP minutes     : used unchanged by default
Staffing        : explicit overrides only
Planner work    : live, held, split, forced and board orders excluded
Output          : split_recommendations.csv

[25/07/2026  2:47:19.75] Step 5 - Marking LINEUP run as successful... 
LINEUP status marked as successful.
[25/07/2026  2:47:20.05] Step 6 - Rebuilding dashboard with final status... 

===================================
LINEUP Dashboard Build Complete
===================================
Input       : scheduled_orders.csv
Output      : C:\LINEUP\output\dashboard.html
Insights    : assignment reasons and confidence
Remaining   : SAP versus adjusted
Utilisation : working-calendar aware

=================================== 
LINEUP background update finished 
25/07/2026  2:47:20.38 
=================================== 
 
=================================== 
LINEUP background update started 
25/07/2026  3:00:03.20 
=================================== 
[25/07/2026  3:00:03.21] Activating virtual environment... 
[25/07/2026  3:00:03.71] Step 0 - Marking LINEUP run as started... 
LINEUP status marked as running.
[25/07/2026  3:00:04.05] Step 1 - Backing up LINEUP config... 

===================================
LINEUP Config Backup Complete
===================================
Backup folder : C:\LINEUP\backups\2026-07-25_030004
Files copied  : 4
Old backups removed: 1

[25/07/2026  3:00:04.40] Step 2 - Running SAP capacity export... 
COOIS capacities export complete:
C:\LINEUP\data\raw\COOIS_Capacities_Latest.txt
[25/07/2026  3:00:29.51] Step 3 - Running SAP production list export... 
COOIS production list export complete:
C:\LINEUP\data\raw\COOIS_ProductionList_Latest.txt
[25/07/2026  3:03:00.64] Step 4 - Running LINEUP processing pipeline... 
LINEUP
Starting capacity parser...


===================================
LINEUP Capacity Parser Complete
===================================
Input : COOIS_Capacities_Latest.txt
Output: capacities_clean.csv
Rows  : 6226


===================================
LINEUP Production Parser Complete
===================================
Input : COOIS_ProductionList_Latest.txt
Output: production_list_clean.csv
Rows  : 2371


===================================
LINEUP Capacity Summary Complete
===================================
Input : capacities_clean.csv
Output: capacities_order_summary.csv
Rows  : 970


===================================
LINEUP Merge Complete
===================================
Production input : production_list_clean.csv
Capacity input   : capacities_order_summary.csv
Output           : master_schedule.csv
Rows             : 970
Missing metadata : 0


===================================
LINEUP Scheduling Complete
===================================
Scheduled orders : 35
Overflow orders  : 0
SAP minutes      : unchanged by default
Staffing         : explicit overrides only
Queue stability  : current + one automatic order
Insights         : assignment reasons and confidence


===================================
LINEUP Dashboard Build Complete
===================================
Input       : scheduled_orders.csv
Output      : C:\LINEUP\output\dashboard.html
Insights    : assignment reasons and confidence
Remaining   : SAP versus adjusted
Utilisation : working-calendar aware


===================================
LINEUP Schedule Report Complete
===================================
Bench utilisation: bench_utilisation.csv
Schedule summary : schedule_summary.csv


===================================
LINEUP Split Recommendations Complete
===================================
Recommendations : 0
Window          : due today or next working day only
SAP minutes     : used unchanged by default
Staffing        : explicit overrides only
Planner work    : live, held, split, forced and board orders excluded
Output          : split_recommendations.csv

[25/07/2026  3:03:01.14] Step 5 - Marking LINEUP run as successful... 
LINEUP status marked as successful.
[25/07/2026  3:03:01.47] Step 6 - Rebuilding dashboard with final status... 

===================================
LINEUP Dashboard Build Complete
===================================
Input       : scheduled_orders.csv
Output      : C:\LINEUP\output\dashboard.html
Insights    : assignment reasons and confidence
Remaining   : SAP versus adjusted
Utilisation : working-calendar aware

=================================== 
LINEUP background update finished 
25/07/2026  3:03:01.82 
=================================== 
 
=================================== 
LINEUP background update started 
25/07/2026  3:15:03.74 
=================================== 
[25/07/2026  3:15:03.74] Activating virtual environment... 
[25/07/2026  3:15:04.30] Step 0 - Marking LINEUP run as started... 
LINEUP status marked as running.
[25/07/2026  3:15:04.64] Step 1 - Backing up LINEUP config... 

===================================
LINEUP Config Backup Complete
===================================
Backup folder : C:\LINEUP\backups\2026-07-25_031504
Files copied  : 4
Old backups removed: 1

[25/07/2026  3:15:05.00] Step 2 - Running SAP capacity export... 
COOIS capacities export complete:
C:\LINEUP\data\raw\COOIS_Capacities_Latest.txt
[25/07/2026  3:15:28.72] Step 3 - Running SAP production list export... 
COOIS production list export complete:
C:\LINEUP\data\raw\COOIS_ProductionList_Latest.txt
[25/07/2026  3:17:31.84] Step 4 - Running LINEUP processing pipeline... 
LINEUP
Starting capacity parser...


===================================
LINEUP Capacity Parser Complete
===================================
Input : COOIS_Capacities_Latest.txt
Output: capacities_clean.csv
Rows  : 6226


===================================
LINEUP Production Parser Complete
===================================
Input : COOIS_ProductionList_Latest.txt
Output: production_list_clean.csv
Rows  : 2371


===================================
LINEUP Capacity Summary Complete
===================================
Input : capacities_clean.csv
Output: capacities_order_summary.csv
Rows  : 970


===================================
LINEUP Merge Complete
===================================
Production input : production_list_clean.csv
Capacity input   : capacities_order_summary.csv
Output           : master_schedule.csv
Rows             : 970
Missing metadata : 0


===================================
LINEUP Scheduling Complete
===================================
Scheduled orders : 35
Overflow orders  : 0
SAP minutes      : unchanged by default
Staffing         : explicit overrides only
Queue stability  : current + one automatic order
Insights         : assignment reasons and confidence


===================================
LINEUP Dashboard Build Complete
===================================
Input       : scheduled_orders.csv
Output      : C:\LINEUP\output\dashboard.html
Insights    : assignment reasons and confidence
Remaining   : SAP versus adjusted
Utilisation : working-calendar aware


===================================
LINEUP Schedule Report Complete
===================================
Bench utilisation: bench_utilisation.csv
Schedule summary : schedule_summary.csv


===================================
LINEUP Split Recommendations Complete
===================================
Recommendations : 0
Window          : due today or next working day only
SAP minutes     : used unchanged by default
Staffing        : explicit overrides only
Planner work    : live, held, split, forced and board orders excluded
Output          : split_recommendations.csv

[25/07/2026  3:17:32.31] Step 5 - Marking LINEUP run as successful... 
LINEUP status marked as successful.
[25/07/2026  3:17:32.63] Step 6 - Rebuilding dashboard with final status... 

===================================
LINEUP Dashboard Build Complete
===================================
Input       : scheduled_orders.csv
Output      : C:\LINEUP\output\dashboard.html
Insights    : assignment reasons and confidence
Remaining   : SAP versus adjusted
Utilisation : working-calendar aware

=================================== 
LINEUP background update finished 
25/07/2026  3:17:32.95 
=================================== 
 
=================================== 
LINEUP background update started 
25/07/2026  3:30:03.08 
=================================== 
[25/07/2026  3:30:03.09] Activating virtual environment... 
[25/07/2026  3:30:03.59] Step 0 - Marking LINEUP run as started... 
LINEUP status marked as running.
[25/07/2026  3:30:03.92] Step 1 - Backing up LINEUP config... 

===================================
LINEUP Config Backup Complete
===================================
Backup folder : C:\LINEUP\backups\2026-07-25_033004
Files copied  : 4
Old backups removed: 1

[25/07/2026  3:30:04.26] Step 2 - Running SAP capacity export... 
COOIS capacities export complete:
C:\LINEUP\data\raw\COOIS_Capacities_Latest.txt
[25/07/2026  3:30:29.04] Step 3 - Running SAP production list export... 
COOIS production list export complete:
C:\LINEUP\data\raw\COOIS_ProductionList_Latest.txt
[25/07/2026  3:34:09.85] Step 4 - Running LINEUP processing pipeline... 
LINEUP
Starting capacity parser...


===================================
LINEUP Capacity Parser Complete
===================================
Input : COOIS_Capacities_Latest.txt
Output: capacities_clean.csv
Rows  : 6226


===================================
LINEUP Production Parser Complete
===================================
Input : COOIS_ProductionList_Latest.txt
Output: production_list_clean.csv
Rows  : 2371


===================================
LINEUP Capacity Summary Complete
===================================
Input : capacities_clean.csv
Output: capacities_order_summary.csv
Rows  : 970


===================================
LINEUP Merge Complete
===================================
Production input : production_list_clean.csv
Capacity input   : capacities_order_summary.csv
Output           : master_schedule.csv
Rows             : 970
Missing metadata : 0


===================================
LINEUP Scheduling Complete
===================================
Scheduled orders : 35
Overflow orders  : 0
SAP minutes      : unchanged by default
Staffing         : explicit overrides only
Queue stability  : current + one automatic order
Insights         : assignment reasons and confidence


===================================
LINEUP Dashboard Build Complete
===================================
Input       : scheduled_orders.csv
Output      : C:\LINEUP\output\dashboard.html
Insights    : assignment reasons and confidence
Remaining   : SAP versus adjusted
Utilisation : working-calendar aware


===================================
LINEUP Schedule Report Complete
===================================
Bench utilisation: bench_utilisation.csv
Schedule summary : schedule_summary.csv


===================================
LINEUP Split Recommendations Complete
===================================
Recommendations : 0
Window          : due today or next working day only
SAP minutes     : used unchanged by default
Staffing        : explicit overrides only
Planner work    : live, held, split, forced and board orders excluded
Output          : split_recommendations.csv

[25/07/2026  3:34:10.33] Step 5 - Marking LINEUP run as successful... 
LINEUP status marked as successful.
[25/07/2026  3:34:10.64] Step 6 - Rebuilding dashboard with final status... 

===================================
LINEUP Dashboard Build Complete
===================================
Input       : scheduled_orders.csv
Output      : C:\LINEUP\output\dashboard.html
Insights    : assignment reasons and confidence
Remaining   : SAP versus adjusted
Utilisation : working-calendar aware

=================================== 
LINEUP background update finished 
25/07/2026  3:34:10.96 
=================================== 
 
=================================== 
LINEUP background update started 
25/07/2026  3:45:03.15 
=================================== 
[25/07/2026  3:45:03.15] Activating virtual environment... 
[25/07/2026  3:45:03.66] Step 0 - Marking LINEUP run as started... 
LINEUP status marked as running.
[25/07/2026  3:45:03.99] Step 1 - Backing up LINEUP config... 

===================================
LINEUP Config Backup Complete
===================================
Backup folder : C:\LINEUP\backups\2026-07-25_034504
Files copied  : 4
Old backups removed: 1

[25/07/2026  3:45:04.34] Step 2 - Running SAP capacity export... 
COOIS capacities export complete:
C:\LINEUP\data\raw\COOIS_Capacities_Latest.txt
[25/07/2026  3:45:27.57] Step 3 - Running SAP production list export... 
COOIS production list export complete:
C:\LINEUP\data\raw\COOIS_ProductionList_Latest.txt
[25/07/2026  3:48:06.84] Step 4 - Running LINEUP processing pipeline... 
LINEUP
Starting capacity parser...


===================================
LINEUP Capacity Parser Complete
===================================
Input : COOIS_Capacities_Latest.txt
Output: capacities_clean.csv
Rows  : 6226


===================================
LINEUP Production Parser Complete
===================================
Input : COOIS_ProductionList_Latest.txt
Output: production_list_clean.csv
Rows  : 2371


===================================
LINEUP Capacity Summary Complete
===================================
Input : capacities_clean.csv
Output: capacities_order_summary.csv
Rows  : 970


===================================
LINEUP Merge Complete
===================================
Production input : production_list_clean.csv
Capacity input   : capacities_order_summary.csv
Output           : master_schedule.csv
Rows             : 970
Missing metadata : 0


===================================
LINEUP Scheduling Complete
===================================
Scheduled orders : 35
Overflow orders  : 0
SAP minutes      : unchanged by default
Staffing         : explicit overrides only
Queue stability  : current + one automatic order
Insights         : assignment reasons and confidence


===================================
LINEUP Dashboard Build Complete
===================================
Input       : scheduled_orders.csv
Output      : C:\LINEUP\output\dashboard.html
Insights    : assignment reasons and confidence
Remaining   : SAP versus adjusted
Utilisation : working-calendar aware


===================================
LINEUP Schedule Report Complete
===================================
Bench utilisation: bench_utilisation.csv
Schedule summary : schedule_summary.csv


===================================
LINEUP Split Recommendations Complete
===================================
Recommendations : 0
Window          : due today or next working day only
SAP minutes     : used unchanged by default
Staffing        : explicit overrides only
Planner work    : live, held, split, forced and board orders excluded
Output          : split_recommendations.csv

[25/07/2026  3:48:07.30] Step 5 - Marking LINEUP run as successful... 
LINEUP status marked as successful.
[25/07/2026  3:48:07.61] Step 6 - Rebuilding dashboard with final status... 

===================================
LINEUP Dashboard Build Complete
===================================
Input       : scheduled_orders.csv
Output      : C:\LINEUP\output\dashboard.html
Insights    : assignment reasons and confidence
Remaining   : SAP versus adjusted
Utilisation : working-calendar aware

=================================== 
LINEUP background update finished 
25/07/2026  3:48:07.95 
=================================== 
 
=================================== 
LINEUP background update started 
25/07/2026  4:00:03.27 
=================================== 
[25/07/2026  4:00:03.27] Activating virtual environment... 
[25/07/2026  4:00:03.81] Step 0 - Marking LINEUP run as started... 
LINEUP status marked as running.
[25/07/2026  4:00:04.17] Step 1 - Backing up LINEUP config... 

===================================
LINEUP Config Backup Complete
===================================
Backup folder : C:\LINEUP\backups\2026-07-25_040004
Files copied  : 4
Old backups removed: 1

[25/07/2026  4:00:04.59] Step 2 - Running SAP capacity export... 
COOIS capacities export complete:
C:\LINEUP\data\raw\COOIS_Capacities_Latest.txt
[25/07/2026  4:00:31.63] Step 3 - Running SAP production list export... 
COOIS production list export complete:
C:\LINEUP\data\raw\COOIS_ProductionList_Latest.txt
[25/07/2026  4:04:36.86] Step 4 - Running LINEUP processing pipeline... 
LINEUP
Starting capacity parser...


===================================
LINEUP Capacity Parser Complete
===================================
Input : COOIS_Capacities_Latest.txt
Output: capacities_clean.csv
Rows  : 6226


===================================
LINEUP Production Parser Complete
===================================
Input : COOIS_ProductionList_Latest.txt
Output: production_list_clean.csv
Rows  : 2371


===================================
LINEUP Capacity Summary Complete
===================================
Input : capacities_clean.csv
Output: capacities_order_summary.csv
Rows  : 970


===================================
LINEUP Merge Complete
===================================
Production input : production_list_clean.csv
Capacity input   : capacities_order_summary.csv
Output           : master_schedule.csv
Rows             : 970
Missing metadata : 0


===================================
LINEUP Scheduling Complete
===================================
Scheduled orders : 35
Overflow orders  : 0
SAP minutes      : unchanged by default
Staffing         : explicit overrides only
Queue stability  : current + one automatic order
Insights         : assignment reasons and confidence


===================================
LINEUP Dashboard Build Complete
===================================
Input       : scheduled_orders.csv
Output      : C:\LINEUP\output\dashboard.html
Insights    : assignment reasons and confidence
Remaining   : SAP versus adjusted
Utilisation : working-calendar aware


===================================
LINEUP Schedule Report Complete
===================================
Bench utilisation: bench_utilisation.csv
Schedule summary : schedule_summary.csv


===================================
LINEUP Split Recommendations Complete
===================================
Recommendations : 0
Window          : due today or next working day only
SAP minutes     : used unchanged by default
Staffing        : explicit overrides only
Planner work    : live, held, split, forced and board orders excluded
Output          : split_recommendations.csv

[25/07/2026  4:04:37.33] Step 5 - Marking LINEUP run as successful... 
LINEUP status marked as successful.
[25/07/2026  4:04:37.63] Step 6 - Rebuilding dashboard with final status... 

===================================
LINEUP Dashboard Build Complete
===================================
Input       : scheduled_orders.csv
Output      : C:\LINEUP\output\dashboard.html
Insights    : assignment reasons and confidence
Remaining   : SAP versus adjusted
Utilisation : working-calendar aware

=================================== 
LINEUP background update finished 
25/07/2026  4:04:37.98 
=================================== 
 
=================================== 
LINEUP background update started 
25/07/2026  4:15:03.15 
=================================== 
[25/07/2026  4:15:03.16] Activating virtual environment... 
[25/07/2026  4:15:03.70] Step 0 - Marking LINEUP run as started... 
LINEUP status marked as running.
[25/07/2026  4:15:04.01] Step 1 - Backing up LINEUP config... 

===================================
LINEUP Config Backup Complete
===================================
Backup folder : C:\LINEUP\backups\2026-07-25_041504
Files copied  : 4
Old backups removed: 1

[25/07/2026  4:15:04.35] Step 2 - Running SAP capacity export... 
COOIS capacities export complete:
C:\LINEUP\data\raw\COOIS_Capacities_Latest.txt
[25/07/2026  4:15:34.55] Step 3 - Running SAP production list export... 
COOIS production list export complete:
C:\LINEUP\data\raw\COOIS_ProductionList_Latest.txt
[25/07/2026  4:18:09.02] Step 4 - Running LINEUP processing pipeline... 
LINEUP
Starting capacity parser...


===================================
LINEUP Capacity Parser Complete
===================================
Input : COOIS_Capacities_Latest.txt
Output: capacities_clean.csv
Rows  : 6226


===================================
LINEUP Production Parser Complete
===================================
Input : COOIS_ProductionList_Latest.txt
Output: production_list_clean.csv
Rows  : 2371


===================================
LINEUP Capacity Summary Complete
===================================
Input : capacities_clean.csv
Output: capacities_order_summary.csv
Rows  : 970


===================================
LINEUP Merge Complete
===================================
Production input : production_list_clean.csv
Capacity input   : capacities_order_summary.csv
Output           : master_schedule.csv
Rows             : 970
Missing metadata : 0


===================================
LINEUP Scheduling Complete
===================================
Scheduled orders : 35
Overflow orders  : 0
SAP minutes      : unchanged by default
Staffing         : explicit overrides only
Queue stability  : current + one automatic order
Insights         : assignment reasons and confidence


===================================
LINEUP Dashboard Build Complete
===================================
Input       : scheduled_orders.csv
Output      : C:\LINEUP\output\dashboard.html
Insights    : assignment reasons and confidence
Remaining   : SAP versus adjusted
Utilisation : working-calendar aware


===================================
LINEUP Schedule Report Complete
===================================
Bench utilisation: bench_utilisation.csv
Schedule summary : schedule_summary.csv


===================================
LINEUP Split Recommendations Complete
===================================
Recommendations : 0
Window          : due today or next working day only
SAP minutes     : used unchanged by default
Staffing        : explicit overrides only
Planner work    : live, held, split, forced and board orders excluded
Output          : split_recommendations.csv

[25/07/2026  4:18:09.48] Step 5 - Marking LINEUP run as successful... 
LINEUP status marked as successful.
[25/07/2026  4:18:09.78] Step 6 - Rebuilding dashboard with final status... 

===================================
LINEUP Dashboard Build Complete
===================================
Input       : scheduled_orders.csv
Output      : C:\LINEUP\output\dashboard.html
Insights    : assignment reasons and confidence
Remaining   : SAP versus adjusted
Utilisation : working-calendar aware

=================================== 
LINEUP background update finished 
25/07/2026  4:18:10.11 
=================================== 
 
=================================== 
LINEUP background update started 
25/07/2026  4:30:03.35 
=================================== 
[25/07/2026  4:30:03.35] Activating virtual environment... 
[25/07/2026  4:30:03.87] Step 0 - Marking LINEUP run as started... 
LINEUP status marked as running.
[25/07/2026  4:30:04.19] Step 1 - Backing up LINEUP config... 

===================================
LINEUP Config Backup Complete
===================================
Backup folder : C:\LINEUP\backups\2026-07-25_043004
Files copied  : 4
Old backups removed: 1

[25/07/2026  4:30:04.54] Step 2 - Running SAP capacity export... 
COOIS capacities export complete:
C:\LINEUP\data\raw\COOIS_Capacities_Latest.txt
[25/07/2026  4:30:27.88] Step 3 - Running SAP production list export... 
COOIS production list export complete:
C:\LINEUP\data\raw\COOIS_ProductionList_Latest.txt
[25/07/2026  4:33:29.77] Step 4 - Running LINEUP processing pipeline... 
LINEUP
Starting capacity parser...


===================================
LINEUP Capacity Parser Complete
===================================
Input : COOIS_Capacities_Latest.txt
Output: capacities_clean.csv
Rows  : 6226


===================================
LINEUP Production Parser Complete
===================================
Input : COOIS_ProductionList_Latest.txt
Output: production_list_clean.csv
Rows  : 2371


===================================
LINEUP Capacity Summary Complete
===================================
Input : capacities_clean.csv
Output: capacities_order_summary.csv
Rows  : 970


===================================
LINEUP Merge Complete
===================================
Production input : production_list_clean.csv
Capacity input   : capacities_order_summary.csv
Output           : master_schedule.csv
Rows             : 970
Missing metadata : 0


===================================
LINEUP Scheduling Complete
===================================
Scheduled orders : 35
Overflow orders  : 0
SAP minutes      : unchanged by default
Staffing         : explicit overrides only
Queue stability  : current + one automatic order
Insights         : assignment reasons and confidence


===================================
LINEUP Dashboard Build Complete
===================================
Input       : scheduled_orders.csv
Output      : C:\LINEUP\output\dashboard.html
Insights    : assignment reasons and confidence
Remaining   : SAP versus adjusted
Utilisation : working-calendar aware


===================================
LINEUP Schedule Report Complete
===================================
Bench utilisation: bench_utilisation.csv
Schedule summary : schedule_summary.csv


===================================
LINEUP Split Recommendations Complete
===================================
Recommendations : 0
Window          : due today or next working day only
SAP minutes     : used unchanged by default
Staffing        : explicit overrides only
Planner work    : live, held, split, forced and board orders excluded
Output          : split_recommendations.csv

[25/07/2026  4:33:30.24] Step 5 - Marking LINEUP run as successful... 
LINEUP status marked as successful.
[25/07/2026  4:33:30.54] Step 6 - Rebuilding dashboard with final status... 

===================================
LINEUP Dashboard Build Complete
===================================
Input       : scheduled_orders.csv
Output      : C:\LINEUP\output\dashboard.html
Insights    : assignment reasons and confidence
Remaining   : SAP versus adjusted
Utilisation : working-calendar aware

=================================== 
LINEUP background update finished 
25/07/2026  4:33:30.86 
=================================== 
 
=================================== 
LINEUP background update started 
25/07/2026  4:45:03.12 
=================================== 
[25/07/2026  4:45:03.13] Activating virtual environment... 
[25/07/2026  4:45:03.64] Step 0 - Marking LINEUP run as started... 
LINEUP status marked as running.
[25/07/2026  4:45:03.95] Step 1 - Backing up LINEUP config... 

===================================
LINEUP Config Backup Complete
===================================
Backup folder : C:\LINEUP\backups\2026-07-25_044504
Files copied  : 4
Old backups removed: 1

[25/07/2026  4:45:04.31] Step 2 - Running SAP capacity export... 
COOIS capacities export complete:
C:\LINEUP\data\raw\COOIS_Capacities_Latest.txt
[25/07/2026  4:45:28.34] Step 3 - Running SAP production list export... 
COOIS production list export complete:
C:\LINEUP\data\raw\COOIS_ProductionList_Latest.txt
[25/07/2026  4:47:58.30] Step 4 - Running LINEUP processing pipeline... 
LINEUP
Starting capacity parser...


===================================
LINEUP Capacity Parser Complete
===================================
Input : COOIS_Capacities_Latest.txt
Output: capacities_clean.csv
Rows  : 6226


===================================
LINEUP Production Parser Complete
===================================
Input : COOIS_ProductionList_Latest.txt
Output: production_list_clean.csv
Rows  : 2371


===================================
LINEUP Capacity Summary Complete
===================================
Input : capacities_clean.csv
Output: capacities_order_summary.csv
Rows  : 970


===================================
LINEUP Merge Complete
===================================
Production input : production_list_clean.csv
Capacity input   : capacities_order_summary.csv
Output           : master_schedule.csv
Rows             : 970
Missing metadata : 0


===================================
LINEUP Scheduling Complete
===================================
Scheduled orders : 35
Overflow orders  : 0
SAP minutes      : unchanged by default
Staffing         : explicit overrides only
Queue stability  : current + one automatic order
Insights         : assignment reasons and confidence


===================================
LINEUP Dashboard Build Complete
===================================
Input       : scheduled_orders.csv
Output      : C:\LINEUP\output\dashboard.html
Insights    : assignment reasons and confidence
Remaining   : SAP versus adjusted
Utilisation : working-calendar aware


===================================
LINEUP Schedule Report Complete
===================================
Bench utilisation: bench_utilisation.csv
Schedule summary : schedule_summary.csv


===================================
LINEUP Split Recommendations Complete
===================================
Recommendations : 0
Window          : due today or next working day only
SAP minutes     : used unchanged by default
Staffing        : explicit overrides only
Planner work    : live, held, split, forced and board orders excluded
Output          : split_recommendations.csv

[25/07/2026  4:47:58.76] Step 5 - Marking LINEUP run as successful... 
LINEUP status marked as successful.
[25/07/2026  4:47:59.09] Step 6 - Rebuilding dashboard with final status... 

===================================
LINEUP Dashboard Build Complete
===================================
Input       : scheduled_orders.csv
Output      : C:\LINEUP\output\dashboard.html
Insights    : assignment reasons and confidence
Remaining   : SAP versus adjusted
Utilisation : working-calendar aware

=================================== 
LINEUP background update finished 
25/07/2026  4:47:59.43 
=================================== 
 
=================================== 
LINEUP background update started 
25/07/2026  5:00:03.31 
=================================== 
[25/07/2026  5:00:03.32] Activating virtual environment... 
[25/07/2026  5:00:03.82] Step 0 - Marking LINEUP run as started... 
LINEUP status marked as running.
[25/07/2026  5:00:04.15] Step 1 - Backing up LINEUP config... 

===================================
LINEUP Config Backup Complete
===================================
Backup folder : C:\LINEUP\backups\2026-07-25_050004
Files copied  : 4
Old backups removed: 1

[25/07/2026  5:00:04.58] Step 2 - Running SAP capacity export... 
COOIS capacities export complete:
C:\LINEUP\data\raw\COOIS_Capacities_Latest.txt
[25/07/2026  5:00:28.14] Step 3 - Running SAP production list export... 
COOIS production list export complete:
C:\LINEUP\data\raw\COOIS_ProductionList_Latest.txt
[25/07/2026  5:02:54.34] Step 4 - Running LINEUP processing pipeline... 
LINEUP
Starting capacity parser...


===================================
LINEUP Capacity Parser Complete
===================================
Input : COOIS_Capacities_Latest.txt
Output: capacities_clean.csv
Rows  : 6226


===================================
LINEUP Production Parser Complete
===================================
Input : COOIS_ProductionList_Latest.txt
Output: production_list_clean.csv
Rows  : 2371


===================================
LINEUP Capacity Summary Complete
===================================
Input : capacities_clean.csv
Output: capacities_order_summary.csv
Rows  : 970


===================================
LINEUP Merge Complete
===================================
Production input : production_list_clean.csv
Capacity input   : capacities_order_summary.csv
Output           : master_schedule.csv
Rows             : 970
Missing metadata : 0


===================================
LINEUP Scheduling Complete
===================================
Scheduled orders : 35
Overflow orders  : 0
SAP minutes      : unchanged by default
Staffing         : explicit overrides only
Queue stability  : current + one automatic order
Insights         : assignment reasons and confidence


===================================
LINEUP Dashboard Build Complete
===================================
Input       : scheduled_orders.csv
Output      : C:\LINEUP\output\dashboard.html
Insights    : assignment reasons and confidence
Remaining   : SAP versus adjusted
Utilisation : working-calendar aware


===================================
LINEUP Schedule Report Complete
===================================
Bench utilisation: bench_utilisation.csv
Schedule summary : schedule_summary.csv


===================================
LINEUP Split Recommendations Complete
===================================
Recommendations : 0
Window          : due today or next working day only
SAP minutes     : used unchanged by default
Staffing        : explicit overrides only
Planner work    : live, held, split, forced and board orders excluded
Output          : split_recommendations.csv

[25/07/2026  5:02:54.83] Step 5 - Marking LINEUP run as successful... 
LINEUP status marked as successful.
[25/07/2026  5:02:55.15] Step 6 - Rebuilding dashboard with final status... 

===================================
LINEUP Dashboard Build Complete
===================================
Input       : scheduled_orders.csv
Output      : C:\LINEUP\output\dashboard.html
Insights    : assignment reasons and confidence
Remaining   : SAP versus adjusted
Utilisation : working-calendar aware

=================================== 
LINEUP background update finished 
25/07/2026  5:02:55.48 
=================================== 
 
=================================== 
LINEUP background update started 
25/07/2026  5:15:03.15 
=================================== 
[25/07/2026  5:15:03.15] Activating virtual environment... 
[25/07/2026  5:15:03.67] Step 0 - Marking LINEUP run as started... 
LINEUP status marked as running.
[25/07/2026  5:15:03.97] Step 1 - Backing up LINEUP config... 

===================================
LINEUP Config Backup Complete
===================================
Backup folder : C:\LINEUP\backups\2026-07-25_051504
Files copied  : 4
Old backups removed: 1

[25/07/2026  5:15:04.33] Step 2 - Running SAP capacity export... 
COOIS capacities export complete:
C:\LINEUP\data\raw\COOIS_Capacities_Latest.txt
[25/07/2026  5:15:31.02] Step 3 - Running SAP production list export... 
COOIS production list export complete:
C:\LINEUP\data\raw\COOIS_ProductionList_Latest.txt
[25/07/2026  5:18:50.16] Step 4 - Running LINEUP processing pipeline... 
LINEUP
Starting capacity parser...


===================================
LINEUP Capacity Parser Complete
===================================
Input : COOIS_Capacities_Latest.txt
Output: capacities_clean.csv
Rows  : 6226


===================================
LINEUP Production Parser Complete
===================================
Input : COOIS_ProductionList_Latest.txt
Output: production_list_clean.csv
Rows  : 2371


===================================
LINEUP Capacity Summary Complete
===================================
Input : capacities_clean.csv
Output: capacities_order_summary.csv
Rows  : 970


===================================
LINEUP Merge Complete
===================================
Production input : production_list_clean.csv
Capacity input   : capacities_order_summary.csv
Output           : master_schedule.csv
Rows             : 970
Missing metadata : 0


===================================
LINEUP Scheduling Complete
===================================
Scheduled orders : 35
Overflow orders  : 0
SAP minutes      : unchanged by default
Staffing         : explicit overrides only
Queue stability  : current + one automatic order
Insights         : assignment reasons and confidence


===================================
LINEUP Dashboard Build Complete
===================================
Input       : scheduled_orders.csv
Output      : C:\LINEUP\output\dashboard.html
Insights    : assignment reasons and confidence
Remaining   : SAP versus adjusted
Utilisation : working-calendar aware


===================================
LINEUP Schedule Report Complete
===================================
Bench utilisation: bench_utilisation.csv
Schedule summary : schedule_summary.csv


===================================
LINEUP Split Recommendations Complete
===================================
Recommendations : 0
Window          : due today or next working day only
SAP minutes     : used unchanged by default
Staffing        : explicit overrides only
Planner work    : live, held, split, forced and board orders excluded
Output          : split_recommendations.csv

[25/07/2026  5:18:50.65] Step 5 - Marking LINEUP run as successful... 
LINEUP status marked as successful.
[25/07/2026  5:18:50.96] Step 6 - Rebuilding dashboard with final status... 

===================================
LINEUP Dashboard Build Complete
===================================
Input       : scheduled_orders.csv
Output      : C:\LINEUP\output\dashboard.html
Insights    : assignment reasons and confidence
Remaining   : SAP versus adjusted
Utilisation : working-calendar aware

=================================== 
LINEUP background update finished 
25/07/2026  5:18:51.30 
=================================== 
 
=================================== 
LINEUP background update started 
25/07/2026  5:30:03.13 
=================================== 
[25/07/2026  5:30:03.13] Activating virtual environment... 
[25/07/2026  5:30:03.66] Step 0 - Marking LINEUP run as started... 
LINEUP status marked as running.
[25/07/2026  5:30:03.99] Step 1 - Backing up LINEUP config... 

===================================
LINEUP Config Backup Complete
===================================
Backup folder : C:\LINEUP\backups\2026-07-25_053004
Files copied  : 4
Old backups removed: 1

[25/07/2026  5:30:04.34] Step 2 - Running SAP capacity export... 
COOIS capacities export complete:
C:\LINEUP\data\raw\COOIS_Capacities_Latest.txt
[25/07/2026  5:30:28.29] Step 3 - Running SAP production list export... 
COOIS production list export complete:
C:\LINEUP\data\raw\COOIS_ProductionList_Latest.txt
[25/07/2026  5:32:59.67] Step 4 - Running LINEUP processing pipeline... 
LINEUP
Starting capacity parser...


===================================
LINEUP Capacity Parser Complete
===================================
Input : COOIS_Capacities_Latest.txt
Output: capacities_clean.csv
Rows  : 6226


===================================
LINEUP Production Parser Complete
===================================
Input : COOIS_ProductionList_Latest.txt
Output: production_list_clean.csv
Rows  : 2371


===================================
LINEUP Capacity Summary Complete
===================================
Input : capacities_clean.csv
Output: capacities_order_summary.csv
Rows  : 970


===================================
LINEUP Merge Complete
===================================
Production input : production_list_clean.csv
Capacity input   : capacities_order_summary.csv
Output           : master_schedule.csv
Rows             : 970
Missing metadata : 0


===================================
LINEUP Scheduling Complete
===================================
Scheduled orders : 35
Overflow orders  : 0
SAP minutes      : unchanged by default
Staffing         : explicit overrides only
Queue stability  : current + one automatic order
Insights         : assignment reasons and confidence


===================================
LINEUP Dashboard Build Complete
===================================
Input       : scheduled_orders.csv
Output      : C:\LINEUP\output\dashboard.html
Insights    : assignment reasons and confidence
Remaining   : SAP versus adjusted
Utilisation : working-calendar aware


===================================
LINEUP Schedule Report Complete
===================================
Bench utilisation: bench_utilisation.csv
Schedule summary : schedule_summary.csv


===================================
LINEUP Split Recommendations Complete
===================================
Recommendations : 0
Window          : due today or next working day only
SAP minutes     : used unchanged by default
Staffing        : explicit overrides only
Planner work    : live, held, split, forced and board orders excluded
Output          : split_recommendations.csv

[25/07/2026  5:33:00.15] Step 5 - Marking LINEUP run as successful... 
LINEUP status marked as successful.
[25/07/2026  5:33:00.45] Step 6 - Rebuilding dashboard with final status... 

===================================
LINEUP Dashboard Build Complete
===================================
Input       : scheduled_orders.csv
Output      : C:\LINEUP\output\dashboard.html
Insights    : assignment reasons and confidence
Remaining   : SAP versus adjusted
Utilisation : working-calendar aware

=================================== 
LINEUP background update finished 
25/07/2026  5:33:00.79 
=================================== 
 
=================================== 
LINEUP background update started 
25/07/2026  5:45:03.10 
=================================== 
[25/07/2026  5:45:03.11] Activating virtual environment... 
[25/07/2026  5:45:03.61] Step 0 - Marking LINEUP run as started... 
LINEUP status marked as running.
[25/07/2026  5:45:03.91] Step 1 - Backing up LINEUP config... 

===================================
LINEUP Config Backup Complete
===================================
Backup folder : C:\LINEUP\backups\2026-07-25_054504
Files copied  : 4
Old backups removed: 1

[25/07/2026  5:45:04.26] Step 2 - Running SAP capacity export... 
COOIS capacities export complete:
C:\LINEUP\data\raw\COOIS_Capacities_Latest.txt
[25/07/2026  5:45:28.84] Step 3 - Running SAP production list export... 
COOIS production list export complete:
C:\LINEUP\data\raw\COOIS_ProductionList_Latest.txt
[25/07/2026  5:47:31.92] Step 4 - Running LINEUP processing pipeline... 
LINEUP
Starting capacity parser...


===================================
LINEUP Capacity Parser Complete
===================================
Input : COOIS_Capacities_Latest.txt
Output: capacities_clean.csv
Rows  : 6226


===================================
LINEUP Production Parser Complete
===================================
Input : COOIS_ProductionList_Latest.txt
Output: production_list_clean.csv
Rows  : 2371


===================================
LINEUP Capacity Summary Complete
===================================
Input : capacities_clean.csv
Output: capacities_order_summary.csv
Rows  : 970


===================================
LINEUP Merge Complete
===================================
Production input : production_list_clean.csv
Capacity input   : capacities_order_summary.csv
Output           : master_schedule.csv
Rows             : 970
Missing metadata : 0


===================================
LINEUP Scheduling Complete
===================================
Scheduled orders : 35
Overflow orders  : 0
SAP minutes      : unchanged by default
Staffing         : explicit overrides only
Queue stability  : current + one automatic order
Insights         : assignment reasons and confidence


===================================
LINEUP Dashboard Build Complete
===================================
Input       : scheduled_orders.csv
Output      : C:\LINEUP\output\dashboard.html
Insights    : assignment reasons and confidence
Remaining   : SAP versus adjusted
Utilisation : working-calendar aware


===================================
LINEUP Schedule Report Complete
===================================
Bench utilisation: bench_utilisation.csv
Schedule summary : schedule_summary.csv


===================================
LINEUP Split Recommendations Complete
===================================
Recommendations : 0
Window          : due today or next working day only
SAP minutes     : used unchanged by default
Staffing        : explicit overrides only
Planner work    : live, held, split, forced and board orders excluded
Output          : split_recommendations.csv

[25/07/2026  5:47:32.39] Step 5 - Marking LINEUP run as successful... 
LINEUP status marked as successful.
[25/07/2026  5:47:32.71] Step 6 - Rebuilding dashboard with final status... 

===================================
LINEUP Dashboard Build Complete
===================================
Input       : scheduled_orders.csv
Output      : C:\LINEUP\output\dashboard.html
Insights    : assignment reasons and confidence
Remaining   : SAP versus adjusted
Utilisation : working-calendar aware

=================================== 
LINEUP background update finished 
25/07/2026  5:47:33.04 
=================================== 
 
=================================== 
LINEUP background update started 
25/07/2026  6:00:03.26 
=================================== 
[25/07/2026  6:00:03.26] Activating virtual environment... 
[25/07/2026  6:00:03.78] Step 0 - Marking LINEUP run as started... 
LINEUP status marked as running.
[25/07/2026  6:00:04.10] Step 1 - Backing up LINEUP config... 

===================================
LINEUP Config Backup Complete
===================================
Backup folder : C:\LINEUP\backups\2026-07-25_060004
Files copied  : 4
Old backups removed: 1

[25/07/2026  6:00:04.45] Step 2 - Running SAP capacity export... 
COOIS capacities export complete:
C:\LINEUP\data\raw\COOIS_Capacities_Latest.txt
[25/07/2026  6:00:28.58] Step 3 - Running SAP production list export... 
COOIS production list export complete:
C:\LINEUP\data\raw\COOIS_ProductionList_Latest.txt
[25/07/2026  6:02:55.54] Step 4 - Running LINEUP processing pipeline... 
LINEUP
Starting capacity parser...


===================================
LINEUP Capacity Parser Complete
===================================
Input : COOIS_Capacities_Latest.txt
Output: capacities_clean.csv
Rows  : 6226


===================================
LINEUP Production Parser Complete
===================================
Input : COOIS_ProductionList_Latest.txt
Output: production_list_clean.csv
Rows  : 2371


===================================
LINEUP Capacity Summary Complete
===================================
Input : capacities_clean.csv
Output: capacities_order_summary.csv
Rows  : 970


===================================
LINEUP Merge Complete
===================================
Production input : production_list_clean.csv
Capacity input   : capacities_order_summary.csv
Output           : master_schedule.csv
Rows             : 970
Missing metadata : 0


===================================
LINEUP Scheduling Complete
===================================
Scheduled orders : 35
Overflow orders  : 0
SAP minutes      : unchanged by default
Staffing         : explicit overrides only
Queue stability  : current + one automatic order
Insights         : assignment reasons and confidence


===================================
LINEUP Dashboard Build Complete
===================================
Input       : scheduled_orders.csv
Output      : C:\LINEUP\output\dashboard.html
Insights    : assignment reasons and confidence
Remaining   : SAP versus adjusted
Utilisation : working-calendar aware


===================================
LINEUP Schedule Report Complete
===================================
Bench utilisation: bench_utilisation.csv
Schedule summary : schedule_summary.csv


===================================
LINEUP Split Recommendations Complete
===================================
Recommendations : 0
Window          : due today or next working day only
SAP minutes     : used unchanged by default
Staffing        : explicit overrides only
Planner work    : live, held, split, forced and board orders excluded
Output          : split_recommendations.csv

[25/07/2026  6:02:56.05] Step 5 - Marking LINEUP run as successful... 
LINEUP status marked as successful.
[25/07/2026  6:02:56.39] Step 6 - Rebuilding dashboard with final status... 

===================================
LINEUP Dashboard Build Complete
===================================
Input       : scheduled_orders.csv
Output      : C:\LINEUP\output\dashboard.html
Insights    : assignment reasons and confidence
Remaining   : SAP versus adjusted
Utilisation : working-calendar aware

=================================== 
LINEUP background update finished 
25/07/2026  6:02:56.73 
=================================== 
 
=================================== 
LINEUP background update started 
25/07/2026  6:15:03.18 
=================================== 
[25/07/2026  6:15:03.18] Activating virtual environment... 
[25/07/2026  6:15:03.70] Step 0 - Marking LINEUP run as started... 
LINEUP status marked as running.
[25/07/2026  6:15:04.04] Step 1 - Backing up LINEUP config... 

===================================
LINEUP Config Backup Complete
===================================
Backup folder : C:\LINEUP\backups\2026-07-25_061504
Files copied  : 4
Old backups removed: 1

[25/07/2026  6:15:04.39] Step 2 - Running SAP capacity export... 
COOIS capacities export complete:
C:\LINEUP\data\raw\COOIS_Capacities_Latest.txt
[25/07/2026  6:15:28.38] Step 3 - Running SAP production list export... 
COOIS production list export complete:
C:\LINEUP\data\raw\COOIS_ProductionList_Latest.txt
[25/07/2026  6:17:41.30] Step 4 - Running LINEUP processing pipeline... 
LINEUP
Starting capacity parser...


===================================
LINEUP Capacity Parser Complete
===================================
Input : COOIS_Capacities_Latest.txt
Output: capacities_clean.csv
Rows  : 6226


===================================
LINEUP Production Parser Complete
===================================
Input : COOIS_ProductionList_Latest.txt
Output: production_list_clean.csv
Rows  : 2371


===================================
LINEUP Capacity Summary Complete
===================================
Input : capacities_clean.csv
Output: capacities_order_summary.csv
Rows  : 970


===================================
LINEUP Merge Complete
===================================
Production input : production_list_clean.csv
Capacity input   : capacities_order_summary.csv
Output           : master_schedule.csv
Rows             : 970
Missing metadata : 0


===================================
LINEUP Scheduling Complete
===================================
Scheduled orders : 35
Overflow orders  : 0
SAP minutes      : unchanged by default
Staffing         : explicit overrides only
Queue stability  : current + one automatic order
Insights         : assignment reasons and confidence


===================================
LINEUP Dashboard Build Complete
===================================
Input       : scheduled_orders.csv
Output      : C:\LINEUP\output\dashboard.html
Insights    : assignment reasons and confidence
Remaining   : SAP versus adjusted
Utilisation : working-calendar aware


===================================
LINEUP Schedule Report Complete
===================================
Bench utilisation: bench_utilisation.csv
Schedule summary : schedule_summary.csv


===================================
LINEUP Split Recommendations Complete
===================================
Recommendations : 0
Window          : due today or next working day only
SAP minutes     : used unchanged by default
Staffing        : explicit overrides only
Planner work    : live, held, split, forced and board orders excluded
Output          : split_recommendations.csv

[25/07/2026  6:17:41.78] Step 5 - Marking LINEUP run as successful... 
LINEUP status marked as successful.
[25/07/2026  6:17:42.07] Step 6 - Rebuilding dashboard with final status... 

===================================
LINEUP Dashboard Build Complete
===================================
Input       : scheduled_orders.csv
Output      : C:\LINEUP\output\dashboard.html
Insights    : assignment reasons and confidence
Remaining   : SAP versus adjusted
Utilisation : working-calendar aware

=================================== 
LINEUP background update finished 
25/07/2026  6:17:42.39 
=================================== 
 
=================================== 
LINEUP background update started 
25/07/2026  6:30:03.22 
=================================== 
[25/07/2026  6:30:03.23] Activating virtual environment... 
[25/07/2026  6:30:03.80] Step 0 - Marking LINEUP run as started... 
LINEUP status marked as running.
[25/07/2026  6:30:04.23] Step 1 - Backing up LINEUP config... 

===================================
LINEUP Config Backup Complete
===================================
Backup folder : C:\LINEUP\backups\2026-07-25_063004
Files copied  : 4
Old backups removed: 1

[25/07/2026  6:30:04.63] Step 2 - Running SAP capacity export... 
COOIS capacities export complete:
C:\LINEUP\data\raw\COOIS_Capacities_Latest.txt
[25/07/2026  6:30:28.67] Step 3 - Running SAP production list export... 
COOIS production list export complete:
C:\LINEUP\data\raw\COOIS_ProductionList_Latest.txt
[25/07/2026  6:33:05.80] Step 4 - Running LINEUP processing pipeline... 
LINEUP
Starting capacity parser...


===================================
LINEUP Capacity Parser Complete
===================================
Input : COOIS_Capacities_Latest.txt
Output: capacities_clean.csv
Rows  : 6226


===================================
LINEUP Production Parser Complete
===================================
Input : COOIS_ProductionList_Latest.txt
Output: production_list_clean.csv
Rows  : 2371


===================================
LINEUP Capacity Summary Complete
===================================
Input : capacities_clean.csv
Output: capacities_order_summary.csv
Rows  : 970


===================================
LINEUP Merge Complete
===================================
Production input : production_list_clean.csv
Capacity input   : capacities_order_summary.csv
Output           : master_schedule.csv
Rows             : 970
Missing metadata : 0


===================================
LINEUP Scheduling Complete
===================================
Scheduled orders : 35
Overflow orders  : 0
SAP minutes      : unchanged by default
Staffing         : explicit overrides only
Queue stability  : current + one automatic order
Insights         : assignment reasons and confidence


===================================
LINEUP Dashboard Build Complete
===================================
Input       : scheduled_orders.csv
Output      : C:\LINEUP\output\dashboard.html
Insights    : assignment reasons and confidence
Remaining   : SAP versus adjusted
Utilisation : working-calendar aware


===================================
LINEUP Schedule Report Complete
===================================
Bench utilisation: bench_utilisation.csv
Schedule summary : schedule_summary.csv


===================================
LINEUP Split Recommendations Complete
===================================
Recommendations : 0
Window          : due today or next working day only
SAP minutes     : used unchanged by default
Staffing        : explicit overrides only
Planner work    : live, held, split, forced and board orders excluded
Output          : split_recommendations.csv

[25/07/2026  6:33:06.50] Step 5 - Marking LINEUP run as successful... 
LINEUP status marked as successful.
[25/07/2026  6:33:06.83] Step 6 - Rebuilding dashboard with final status... 

===================================
LINEUP Dashboard Build Complete
===================================
Input       : scheduled_orders.csv
Output      : C:\LINEUP\output\dashboard.html
Insights    : assignment reasons and confidence
Remaining   : SAP versus adjusted
Utilisation : working-calendar aware

=================================== 
LINEUP background update finished 
25/07/2026  6:33:07.19 
=================================== 
 
=================================== 
LINEUP background update started 
25/07/2026  6:45:03.30 
=================================== 
[25/07/2026  6:45:03.30] Activating virtual environment... 
[25/07/2026  6:45:03.87] Step 0 - Marking LINEUP run as started... 
LINEUP status marked as running.
[25/07/2026  6:45:04.20] Step 1 - Backing up LINEUP config... 

===================================
LINEUP Config Backup Complete
===================================
Backup folder : C:\LINEUP\backups\2026-07-25_064504
Files copied  : 4
Old backups removed: 1

[25/07/2026  6:45:04.58] Step 2 - Running SAP capacity export... 
COOIS capacities export complete:
C:\LINEUP\data\raw\COOIS_Capacities_Latest.txt
[25/07/2026  6:45:28.46] Step 3 - Running SAP production list export... 
COOIS production list export complete:
C:\LINEUP\data\raw\COOIS_ProductionList_Latest.txt
[25/07/2026  6:47:14.09] Step 4 - Running LINEUP processing pipeline... 
LINEUP
Starting capacity parser...


===================================
LINEUP Capacity Parser Complete
===================================
Input : COOIS_Capacities_Latest.txt
Output: capacities_clean.csv
Rows  : 6226


===================================
LINEUP Production Parser Complete
===================================
Input : COOIS_ProductionList_Latest.txt
Output: production_list_clean.csv
Rows  : 2371


===================================
LINEUP Capacity Summary Complete
===================================
Input : capacities_clean.csv
Output: capacities_order_summary.csv
Rows  : 970


===================================
LINEUP Merge Complete
===================================
Production input : production_list_clean.csv
Capacity input   : capacities_order_summary.csv
Output           : master_schedule.csv
Rows             : 970
Missing metadata : 0


===================================
LINEUP Scheduling Complete
===================================
Scheduled orders : 35
Overflow orders  : 0
SAP minutes      : unchanged by default
Staffing         : explicit overrides only
Queue stability  : current + one automatic order
Insights         : assignment reasons and confidence


===================================
LINEUP Dashboard Build Complete
===================================
Input       : scheduled_orders.csv
Output      : C:\LINEUP\output\dashboard.html
Insights    : assignment reasons and confidence
Remaining   : SAP versus adjusted
Utilisation : working-calendar aware


===================================
LINEUP Schedule Report Complete
===================================
Bench utilisation: bench_utilisation.csv
Schedule summary : schedule_summary.csv


===================================
LINEUP Split Recommendations Complete
===================================
Recommendations : 0
Window          : due today or next working day only
SAP minutes     : used unchanged by default
Staffing        : explicit overrides only
Planner work    : live, held, split, forced and board orders excluded
Output          : split_recommendations.csv

[25/07/2026  6:47:14.57] Step 5 - Marking LINEUP run as successful... 
LINEUP status marked as successful.
[25/07/2026  6:47:14.87] Step 6 - Rebuilding dashboard with final status... 

===================================
LINEUP Dashboard Build Complete
===================================
Input       : scheduled_orders.csv
Output      : C:\LINEUP\output\dashboard.html
Insights    : assignment reasons and confidence
Remaining   : SAP versus adjusted
Utilisation : working-calendar aware

=================================== 
LINEUP background update finished 
25/07/2026  6:47:15.21 
=================================== 
 
=================================== 
LINEUP background update started 
25/07/2026  7:00:03.25 
=================================== 
[25/07/2026  7:00:03.25] Activating virtual environment... 
[25/07/2026  7:00:03.75] Step 0 - Marking LINEUP run as started... 
LINEUP status marked as running.
[25/07/2026  7:00:04.09] Step 1 - Backing up LINEUP config... 

===================================
LINEUP Config Backup Complete
===================================
Backup folder : C:\LINEUP\backups\2026-07-25_070004
Files copied  : 4
Old backups removed: 1

[25/07/2026  7:00:04.41] Step 2 - Running SAP capacity export... 
COOIS capacities export complete:
C:\LINEUP\data\raw\COOIS_Capacities_Latest.txt
[25/07/2026  7:00:26.88] Step 3 - Running SAP production list export... 
COOIS production list export complete:
C:\LINEUP\data\raw\COOIS_ProductionList_Latest.txt
[25/07/2026  7:02:54.95] Step 4 - Running LINEUP processing pipeline... 
LINEUP
Starting capacity parser...


===================================
LINEUP Capacity Parser Complete
===================================
Input : COOIS_Capacities_Latest.txt
Output: capacities_clean.csv
Rows  : 6226


===================================
LINEUP Production Parser Complete
===================================
Input : COOIS_ProductionList_Latest.txt
Output: production_list_clean.csv
Rows  : 2371


===================================
LINEUP Capacity Summary Complete
===================================
Input : capacities_clean.csv
Output: capacities_order_summary.csv
Rows  : 970


===================================
LINEUP Merge Complete
===================================
Production input : production_list_clean.csv
Capacity input   : capacities_order_summary.csv
Output           : master_schedule.csv
Rows             : 970
Missing metadata : 0


===================================
LINEUP Scheduling Complete
===================================
Scheduled orders : 35
Overflow orders  : 0
SAP minutes      : unchanged by default
Staffing         : explicit overrides only
Queue stability  : current + one automatic order
Insights         : assignment reasons and confidence


===================================
LINEUP Dashboard Build Complete
===================================
Input       : scheduled_orders.csv
Output      : C:\LINEUP\output\dashboard.html
Insights    : assignment reasons and confidence
Remaining   : SAP versus adjusted
Utilisation : working-calendar aware


===================================
LINEUP Schedule Report Complete
===================================
Bench utilisation: bench_utilisation.csv
Schedule summary : schedule_summary.csv


===================================
LINEUP Split Recommendations Complete
===================================
Recommendations : 0
Window          : due today or next working day only
SAP minutes     : used unchanged by default
Staffing        : explicit overrides only
Planner work    : live, held, split, forced and board orders excluded
Output          : split_recommendations.csv

[25/07/2026  7:02:55.41] Step 5 - Marking LINEUP run as successful... 
LINEUP status marked as successful.
[25/07/2026  7:02:55.74] Step 6 - Rebuilding dashboard with final status... 

===================================
LINEUP Dashboard Build Complete
===================================
Input       : scheduled_orders.csv
Output      : C:\LINEUP\output\dashboard.html
Insights    : assignment reasons and confidence
Remaining   : SAP versus adjusted
Utilisation : working-calendar aware

=================================== 
LINEUP background update finished 
25/07/2026  7:02:56.09 
=================================== 
 
=================================== 
LINEUP background update started 
25/07/2026  7:15:03.28 
=================================== 
[25/07/2026  7:15:03.29] Activating virtual environment... 
[25/07/2026  7:15:03.84] Step 0 - Marking LINEUP run as started... 
LINEUP status marked as running.
[25/07/2026  7:15:04.17] Step 1 - Backing up LINEUP config... 

===================================
LINEUP Config Backup Complete
===================================
Backup folder : C:\LINEUP\backups\2026-07-25_071504
Files copied  : 4
Old backups removed: 1

[25/07/2026  7:15:04.53] Step 2 - Running SAP capacity export... 
COOIS capacities export complete:
C:\LINEUP\data\raw\COOIS_Capacities_Latest.txt
[25/07/2026  7:15:27.37] Step 3 - Running SAP production list export... 
COOIS production list export complete:
C:\LINEUP\data\raw\COOIS_ProductionList_Latest.txt
[25/07/2026  7:17:14.78] Step 4 - Running LINEUP processing pipeline... 
LINEUP
Starting capacity parser...


===================================
LINEUP Capacity Parser Complete
===================================
Input : COOIS_Capacities_Latest.txt
Output: capacities_clean.csv
Rows  : 6226


===================================
LINEUP Production Parser Complete
===================================
Input : COOIS_ProductionList_Latest.txt
Output: production_list_clean.csv
Rows  : 2371


===================================
LINEUP Capacity Summary Complete
===================================
Input : capacities_clean.csv
Output: capacities_order_summary.csv
Rows  : 970


===================================
LINEUP Merge Complete
===================================
Production input : production_list_clean.csv
Capacity input   : capacities_order_summary.csv
Output           : master_schedule.csv
Rows             : 970
Missing metadata : 0


===================================
LINEUP Scheduling Complete
===================================
Scheduled orders : 35
Overflow orders  : 0
SAP minutes      : unchanged by default
Staffing         : explicit overrides only
Queue stability  : current + one automatic order
Insights         : assignment reasons and confidence


===================================
LINEUP Dashboard Build Complete
===================================
Input       : scheduled_orders.csv
Output      : C:\LINEUP\output\dashboard.html
Insights    : assignment reasons and confidence
Remaining   : SAP versus adjusted
Utilisation : working-calendar aware


===================================
LINEUP Schedule Report Complete
===================================
Bench utilisation: bench_utilisation.csv
Schedule summary : schedule_summary.csv


===================================
LINEUP Split Recommendations Complete
===================================
Recommendations : 0
Window          : due today or next working day only
SAP minutes     : used unchanged by default
Staffing        : explicit overrides only
Planner work    : live, held, split, forced and board orders excluded
Output          : split_recommendations.csv

[25/07/2026  7:17:15.25] Step 5 - Marking LINEUP run as successful... 
LINEUP status marked as successful.
[25/07/2026  7:17:15.57] Step 6 - Rebuilding dashboard with final status... 

===================================
LINEUP Dashboard Build Complete
===================================
Input       : scheduled_orders.csv
Output      : C:\LINEUP\output\dashboard.html
Insights    : assignment reasons and confidence
Remaining   : SAP versus adjusted
Utilisation : working-calendar aware

=================================== 
LINEUP background update finished 
25/07/2026  7:17:15.93 
=================================== 
 
=================================== 
LINEUP background update started 
25/07/2026  7:30:03.20 
=================================== 
[25/07/2026  7:30:03.20] Activating virtual environment... 
[25/07/2026  7:30:03.71] Step 0 - Marking LINEUP run as started... 
LINEUP status marked as running.
[25/07/2026  7:30:04.03] Step 1 - Backing up LINEUP config... 

===================================
LINEUP Config Backup Complete
===================================
Backup folder : C:\LINEUP\backups\2026-07-25_073004
Files copied  : 4
Old backups removed: 1

[25/07/2026  7:30:04.39] Step 2 - Running SAP capacity export... 
COOIS capacities export complete:
C:\LINEUP\data\raw\COOIS_Capacities_Latest.txt
[25/07/2026  7:30:26.82] Step 3 - Running SAP production list export... 
COOIS production list export complete:
C:\LINEUP\data\raw\COOIS_ProductionList_Latest.txt
[25/07/2026  7:32:24.04] Step 4 - Running LINEUP processing pipeline... 
LINEUP
Starting capacity parser...


===================================
LINEUP Capacity Parser Complete
===================================
Input : COOIS_Capacities_Latest.txt
Output: capacities_clean.csv
Rows  : 6226


===================================
LINEUP Production Parser Complete
===================================
Input : COOIS_ProductionList_Latest.txt
Output: production_list_clean.csv
Rows  : 2371


===================================
LINEUP Capacity Summary Complete
===================================
Input : capacities_clean.csv
Output: capacities_order_summary.csv
Rows  : 970


===================================
LINEUP Merge Complete
===================================
Production input : production_list_clean.csv
Capacity input   : capacities_order_summary.csv
Output           : master_schedule.csv
Rows             : 970
Missing metadata : 0


===================================
LINEUP Scheduling Complete
===================================
Scheduled orders : 35
Overflow orders  : 0
SAP minutes      : unchanged by default
Staffing         : explicit overrides only
Queue stability  : current + one automatic order
Insights         : assignment reasons and confidence


===================================
LINEUP Dashboard Build Complete
===================================
Input       : scheduled_orders.csv
Output      : C:\LINEUP\output\dashboard.html
Insights    : assignment reasons and confidence
Remaining   : SAP versus adjusted
Utilisation : working-calendar aware


===================================
LINEUP Schedule Report Complete
===================================
Bench utilisation: bench_utilisation.csv
Schedule summary : schedule_summary.csv


===================================
LINEUP Split Recommendations Complete
===================================
Recommendations : 0
Window          : due today or next working day only
SAP minutes     : used unchanged by default
Staffing        : explicit overrides only
Planner work    : live, held, split, forced and board orders excluded
Output          : split_recommendations.csv

[25/07/2026  7:32:24.55] Step 5 - Marking LINEUP run as successful... 
LINEUP status marked as successful.
[25/07/2026  7:32:24.89] Step 6 - Rebuilding dashboard with final status... 

===================================
LINEUP Dashboard Build Complete
===================================
Input       : scheduled_orders.csv
Output      : C:\LINEUP\output\dashboard.html
Insights    : assignment reasons and confidence
Remaining   : SAP versus adjusted
Utilisation : working-calendar aware

=================================== 
LINEUP background update finished 
25/07/2026  7:32:25.25 
=================================== 
 
=================================== 
LINEUP background update started 
25/07/2026  7:45:03.11 
=================================== 
[25/07/2026  7:45:03.12] Activating virtual environment... 
[25/07/2026  7:45:03.63] Step 0 - Marking LINEUP run as started... 
LINEUP status marked as running.
[25/07/2026  7:45:03.95] Step 1 - Backing up LINEUP config... 

===================================
LINEUP Config Backup Complete
===================================
Backup folder : C:\LINEUP\backups\2026-07-25_074504
Files copied  : 4
Old backups removed: 1

[25/07/2026  7:45:04.29] Step 2 - Running SAP capacity export... 
COOIS capacities export complete:
C:\LINEUP\data\raw\COOIS_Capacities_Latest.txt
[25/07/2026  7:45:26.91] Step 3 - Running SAP production list export... 
COOIS production list export complete:
C:\LINEUP\data\raw\COOIS_ProductionList_Latest.txt
[25/07/2026  7:47:13.66] Step 4 - Running LINEUP processing pipeline... 
LINEUP
Starting capacity parser...


===================================
LINEUP Capacity Parser Complete
===================================
Input : COOIS_Capacities_Latest.txt
Output: capacities_clean.csv
Rows  : 6226


===================================
LINEUP Production Parser Complete
===================================
Input : COOIS_ProductionList_Latest.txt
Output: production_list_clean.csv
Rows  : 2371


===================================
LINEUP Capacity Summary Complete
===================================
Input : capacities_clean.csv
Output: capacities_order_summary.csv
Rows  : 970


===================================
LINEUP Merge Complete
===================================
Production input : production_list_clean.csv
Capacity input   : capacities_order_summary.csv
Output           : master_schedule.csv
Rows             : 970
Missing metadata : 0


===================================
LINEUP Scheduling Complete
===================================
Scheduled orders : 35
Overflow orders  : 0
SAP minutes      : unchanged by default
Staffing         : explicit overrides only
Queue stability  : current + one automatic order
Insights         : assignment reasons and confidence


===================================
LINEUP Dashboard Build Complete
===================================
Input       : scheduled_orders.csv
Output      : C:\LINEUP\output\dashboard.html
Insights    : assignment reasons and confidence
Remaining   : SAP versus adjusted
Utilisation : working-calendar aware


===================================
LINEUP Schedule Report Complete
===================================
Bench utilisation: bench_utilisation.csv
Schedule summary : schedule_summary.csv


===================================
LINEUP Split Recommendations Complete
===================================
Recommendations : 0
Window          : due today or next working day only
SAP minutes     : used unchanged by default
Staffing        : explicit overrides only
Planner work    : live, held, split, forced and board orders excluded
Output          : split_recommendations.csv

[25/07/2026  7:47:14.14] Step 5 - Marking LINEUP run as successful... 
LINEUP status marked as successful.
[25/07/2026  7:47:14.46] Step 6 - Rebuilding dashboard with final status... 

===================================
LINEUP Dashboard Build Complete
===================================
Input       : scheduled_orders.csv
Output      : C:\LINEUP\output\dashboard.html
Insights    : assignment reasons and confidence
Remaining   : SAP versus adjusted
Utilisation : working-calendar aware

=================================== 
LINEUP background update finished 
25/07/2026  7:47:14.81 
=================================== 
 
=================================== 
LINEUP background update started 
25/07/2026  8:00:03.17 
=================================== 
[25/07/2026  8:00:03.17] Activating virtual environment... 
[25/07/2026  8:00:03.69] Step 0 - Marking LINEUP run as started... 
LINEUP status marked as running.
[25/07/2026  8:00:04.03] Step 1 - Backing up LINEUP config... 

===================================
LINEUP Config Backup Complete
===================================
Backup folder : C:\LINEUP\backups\2026-07-25_080004
Files copied  : 4
Old backups removed: 1

[25/07/2026  8:00:04.35] Step 2 - Running SAP capacity export... 
COOIS capacities export complete:
C:\LINEUP\data\raw\COOIS_Capacities_Latest.txt
[25/07/2026  8:00:29.74] Step 3 - Running SAP production list export... 
COOIS production list export complete:
C:\LINEUP\data\raw\COOIS_ProductionList_Latest.txt
[25/07/2026  8:03:11.86] Step 4 - Running LINEUP processing pipeline... 
LINEUP
Starting capacity parser...


===================================
LINEUP Capacity Parser Complete
===================================
Input : COOIS_Capacities_Latest.txt
Output: capacities_clean.csv
Rows  : 6226


===================================
LINEUP Production Parser Complete
===================================
Input : COOIS_ProductionList_Latest.txt
Output: production_list_clean.csv
Rows  : 2371


===================================
LINEUP Capacity Summary Complete
===================================
Input : capacities_clean.csv
Output: capacities_order_summary.csv
Rows  : 970


===================================
LINEUP Merge Complete
===================================
Production input : production_list_clean.csv
Capacity input   : capacities_order_summary.csv
Output           : master_schedule.csv
Rows             : 970
Missing metadata : 0


===================================
LINEUP Scheduling Complete
===================================
Scheduled orders : 35
Overflow orders  : 0
SAP minutes      : unchanged by default
Staffing         : explicit overrides only
Queue stability  : current + one automatic order
Insights         : assignment reasons and confidence


===================================
LINEUP Dashboard Build Complete
===================================
Input       : scheduled_orders.csv
Output      : C:\LINEUP\output\dashboard.html
Insights    : assignment reasons and confidence
Remaining   : SAP versus adjusted
Utilisation : working-calendar aware


===================================
LINEUP Schedule Report Complete
===================================
Bench utilisation: bench_utilisation.csv
Schedule summary : schedule_summary.csv


===================================
LINEUP Split Recommendations Complete
===================================
Recommendations : 0
Window          : due today or next working day only
SAP minutes     : used unchanged by default
Staffing        : explicit overrides only
Planner work    : live, held, split, forced and board orders excluded
Output          : split_recommendations.csv

[25/07/2026  8:03:12.34] Step 5 - Marking LINEUP run as successful... 
LINEUP status marked as successful.
[25/07/2026  8:03:12.64] Step 6 - Rebuilding dashboard with final status... 

===================================
LINEUP Dashboard Build Complete
===================================
Input       : scheduled_orders.csv
Output      : C:\LINEUP\output\dashboard.html
Insights    : assignment reasons and confidence
Remaining   : SAP versus adjusted
Utilisation : working-calendar aware

=================================== 
LINEUP background update finished 
25/07/2026  8:03:12.97 
=================================== 
 
=================================== 
LINEUP background update started 
25/07/2026  8:15:03.13 
=================================== 
[25/07/2026  8:15:03.13] Activating virtual environment... 
[25/07/2026  8:15:03.65] Step 0 - Marking LINEUP run as started... 
LINEUP status marked as running.
[25/07/2026  8:15:03.97] Step 1 - Backing up LINEUP config... 

===================================
LINEUP Config Backup Complete
===================================
Backup folder : C:\LINEUP\backups\2026-07-25_081504
Files copied  : 4
Old backups removed: 1

[25/07/2026  8:15:04.30] Step 2 - Running SAP capacity export... 
COOIS capacities export complete:
C:\LINEUP\data\raw\COOIS_Capacities_Latest.txt
[25/07/2026  8:15:27.50] Step 3 - Running SAP production list export... 
COOIS production list export complete:
C:\LINEUP\data\raw\COOIS_ProductionList_Latest.txt
[25/07/2026  8:17:30.32] Step 4 - Running LINEUP processing pipeline... 
LINEUP
Starting capacity parser...


===================================
LINEUP Capacity Parser Complete
===================================
Input : COOIS_Capacities_Latest.txt
Output: capacities_clean.csv
Rows  : 6226


===================================
LINEUP Production Parser Complete
===================================
Input : COOIS_ProductionList_Latest.txt
Output: production_list_clean.csv
Rows  : 2371


===================================
LINEUP Capacity Summary Complete
===================================
Input : capacities_clean.csv
Output: capacities_order_summary.csv
Rows  : 970


===================================
LINEUP Merge Complete
===================================
Production input : production_list_clean.csv
Capacity input   : capacities_order_summary.csv
Output           : master_schedule.csv
Rows             : 970
Missing metadata : 0


===================================
LINEUP Scheduling Complete
===================================
Scheduled orders : 35
Overflow orders  : 0
SAP minutes      : unchanged by default
Staffing         : explicit overrides only
Queue stability  : current + one automatic order
Insights         : assignment reasons and confidence


===================================
LINEUP Dashboard Build Complete
===================================
Input       : scheduled_orders.csv
Output      : C:\LINEUP\output\dashboard.html
Insights    : assignment reasons and confidence
Remaining   : SAP versus adjusted
Utilisation : working-calendar aware


===================================
LINEUP Schedule Report Complete
===================================
Bench utilisation: bench_utilisation.csv
Schedule summary : schedule_summary.csv


===================================
LINEUP Split Recommendations Complete
===================================
Recommendations : 0
Window          : due today or next working day only
SAP minutes     : used unchanged by default
Staffing        : explicit overrides only
Planner work    : live, held, split, forced and board orders excluded
Output          : split_recommendations.csv

[25/07/2026  8:17:30.80] Step 5 - Marking LINEUP run as successful... 
LINEUP status marked as successful.
[25/07/2026  8:17:31.12] Step 6 - Rebuilding dashboard with final status... 

===================================
LINEUP Dashboard Build Complete
===================================
Input       : scheduled_orders.csv
Output      : C:\LINEUP\output\dashboard.html
Insights    : assignment reasons and confidence
Remaining   : SAP versus adjusted
Utilisation : working-calendar aware

=================================== 
LINEUP background update finished 
25/07/2026  8:17:31.47 
=================================== 
 
=================================== 
LINEUP background update started 
25/07/2026  8:30:03.16 
=================================== 
[25/07/2026  8:30:03.16] Activating virtual environment... 
[25/07/2026  8:30:03.67] Step 0 - Marking LINEUP run as started... 
LINEUP status marked as running.
[25/07/2026  8:30:03.97] Step 1 - Backing up LINEUP config... 

===================================
LINEUP Config Backup Complete
===================================
Backup folder : C:\LINEUP\backups\2026-07-25_083004
Files copied  : 4
Old backups removed: 1

[25/07/2026  8:30:04.32] Step 2 - Running SAP capacity export... 
COOIS capacities export complete:
C:\LINEUP\data\raw\COOIS_Capacities_Latest.txt
[25/07/2026  8:30:56.52] Step 3 - Running SAP production list export... 
COOIS production list export complete:
C:\LINEUP\data\raw\COOIS_ProductionList_Latest.txt
[25/07/2026  8:33:02.25] Step 4 - Running LINEUP processing pipeline... 
LINEUP
Starting capacity parser...


===================================
LINEUP Capacity Parser Complete
===================================
Input : COOIS_Capacities_Latest.txt
Output: capacities_clean.csv
Rows  : 6226


===================================
LINEUP Production Parser Complete
===================================
Input : COOIS_ProductionList_Latest.txt
Output: production_list_clean.csv
Rows  : 2371


===================================
LINEUP Capacity Summary Complete
===================================
Input : capacities_clean.csv
Output: capacities_order_summary.csv
Rows  : 970


===================================
LINEUP Merge Complete
===================================
Production input : production_list_clean.csv
Capacity input   : capacities_order_summary.csv
Output           : master_schedule.csv
Rows             : 970
Missing metadata : 0


===================================
LINEUP Scheduling Complete
===================================
Scheduled orders : 35
Overflow orders  : 0
SAP minutes      : unchanged by default
Staffing         : explicit overrides only
Queue stability  : current + one automatic order
Insights         : assignment reasons and confidence


===================================
LINEUP Dashboard Build Complete
===================================
Input       : scheduled_orders.csv
Output      : C:\LINEUP\output\dashboard.html
Insights    : assignment reasons and confidence
Remaining   : SAP versus adjusted
Utilisation : working-calendar aware


===================================
LINEUP Schedule Report Complete
===================================
Bench utilisation: bench_utilisation.csv
Schedule summary : schedule_summary.csv


===================================
LINEUP Split Recommendations Complete
===================================
Recommendations : 0
Window          : due today or next working day only
SAP minutes     : used unchanged by default
Staffing        : explicit overrides only
Planner work    : live, held, split, forced and board orders excluded
Output          : split_recommendations.csv

[25/07/2026  8:33:02.73] Step 5 - Marking LINEUP run as successful... 
LINEUP status marked as successful.
[25/07/2026  8:33:03.04] Step 6 - Rebuilding dashboard with final status... 

===================================
LINEUP Dashboard Build Complete
===================================
Input       : scheduled_orders.csv
Output      : C:\LINEUP\output\dashboard.html
Insights    : assignment reasons and confidence
Remaining   : SAP versus adjusted
Utilisation : working-calendar aware

=================================== 
LINEUP background update finished 
25/07/2026  8:33:03.36 
=================================== 
 
=================================== 
LINEUP background update started 
25/07/2026  8:45:03.13 
=================================== 
[25/07/2026  8:45:03.14] Activating virtual environment... 
[25/07/2026  8:45:03.65] Step 0 - Marking LINEUP run as started... 
LINEUP status marked as running.
[25/07/2026  8:45:03.98] Step 1 - Backing up LINEUP config... 

===================================
LINEUP Config Backup Complete
===================================
Backup folder : C:\LINEUP\backups\2026-07-25_084504
Files copied  : 4
Old backups removed: 1

[25/07/2026  8:45:04.34] Step 2 - Running SAP capacity export... 
COOIS capacities export complete:
C:\LINEUP\data\raw\COOIS_Capacities_Latest.txt
[25/07/2026  8:45:29.84] Step 3 - Running SAP production list export... 
COOIS production list export complete:
C:\LINEUP\data\raw\COOIS_ProductionList_Latest.txt
[25/07/2026  8:47:22.61] Step 4 - Running LINEUP processing pipeline... 
LINEUP
Starting capacity parser...


===================================
LINEUP Capacity Parser Complete
===================================
Input : COOIS_Capacities_Latest.txt
Output: capacities_clean.csv
Rows  : 6226


===================================
LINEUP Production Parser Complete
===================================
Input : COOIS_ProductionList_Latest.txt
Output: production_list_clean.csv
Rows  : 2371


===================================
LINEUP Capacity Summary Complete
===================================
Input : capacities_clean.csv
Output: capacities_order_summary.csv
Rows  : 970


===================================
LINEUP Merge Complete
===================================
Production input : production_list_clean.csv
Capacity input   : capacities_order_summary.csv
Output           : master_schedule.csv
Rows             : 970
Missing metadata : 0


===================================
LINEUP Scheduling Complete
===================================
Scheduled orders : 35
Overflow orders  : 0
SAP minutes      : unchanged by default
Staffing         : explicit overrides only
Queue stability  : current + one automatic order
Insights         : assignment reasons and confidence


===================================
LINEUP Dashboard Build Complete
===================================
Input       : scheduled_orders.csv
Output      : C:\LINEUP\output\dashboard.html
Insights    : assignment reasons and confidence
Remaining   : SAP versus adjusted
Utilisation : working-calendar aware


===================================
LINEUP Schedule Report Complete
===================================
Bench utilisation: bench_utilisation.csv
Schedule summary : schedule_summary.csv


===================================
LINEUP Split Recommendations Complete
===================================
Recommendations : 0
Window          : due today or next working day only
SAP minutes     : used unchanged by default
Staffing        : explicit overrides only
Planner work    : live, held, split, forced and board orders excluded
Output          : split_recommendations.csv

[25/07/2026  8:47:23.08] Step 5 - Marking LINEUP run as successful... 
LINEUP status marked as successful.
[25/07/2026  8:47:23.38] Step 6 - Rebuilding dashboard with final status... 

===================================
LINEUP Dashboard Build Complete
===================================
Input       : scheduled_orders.csv
Output      : C:\LINEUP\output\dashboard.html
Insights    : assignment reasons and confidence
Remaining   : SAP versus adjusted
Utilisation : working-calendar aware

=================================== 
LINEUP background update finished 
25/07/2026  8:47:23.73 
=================================== 
 
=================================== 
LINEUP background update started 
25/07/2026  9:00:03.23 
=================================== 
[25/07/2026  9:00:03.25] Activating virtual environment... 
[25/07/2026  9:00:03.76] Step 0 - Marking LINEUP run as started... 
LINEUP status marked as running.
[25/07/2026  9:00:04.09] Step 1 - Backing up LINEUP config... 

===================================
LINEUP Config Backup Complete
===================================
Backup folder : C:\LINEUP\backups\2026-07-25_090004
Files copied  : 4
Old backups removed: 1

[25/07/2026  9:00:04.42] Step 2 - Running SAP capacity export... 
COOIS capacities export complete:
C:\LINEUP\data\raw\COOIS_Capacities_Latest.txt
[25/07/2026  9:00:29.91] Step 3 - Running SAP production list export... 
COOIS production list export complete:
C:\LINEUP\data\raw\COOIS_ProductionList_Latest.txt
[25/07/2026  9:02:39.97] Step 4 - Running LINEUP processing pipeline... 
LINEUP
Starting capacity parser...


===================================
LINEUP Capacity Parser Complete
===================================
Input : COOIS_Capacities_Latest.txt
Output: capacities_clean.csv
Rows  : 6226


===================================
LINEUP Production Parser Complete
===================================
Input : COOIS_ProductionList_Latest.txt
Output: production_list_clean.csv
Rows  : 2371


===================================
LINEUP Capacity Summary Complete
===================================
Input : capacities_clean.csv
Output: capacities_order_summary.csv
Rows  : 970


===================================
LINEUP Merge Complete
===================================
Production input : production_list_clean.csv
Capacity input   : capacities_order_summary.csv
Output           : master_schedule.csv
Rows             : 970
Missing metadata : 0


===================================
LINEUP Scheduling Complete
===================================
Scheduled orders : 35
Overflow orders  : 0
SAP minutes      : unchanged by default
Staffing         : explicit overrides only
Queue stability  : current + one automatic order
Insights         : assignment reasons and confidence


===================================
LINEUP Dashboard Build Complete
===================================
Input       : scheduled_orders.csv
Output      : C:\LINEUP\output\dashboard.html
Insights    : assignment reasons and confidence
Remaining   : SAP versus adjusted
Utilisation : working-calendar aware


===================================
LINEUP Schedule Report Complete
===================================
Bench utilisation: bench_utilisation.csv
Schedule summary : schedule_summary.csv


===================================
LINEUP Split Recommendations Complete
===================================
Recommendations : 0
Window          : due today or next working day only
SAP minutes     : used unchanged by default
Staffing        : explicit overrides only
Planner work    : live, held, split, forced and board orders excluded
Output          : split_recommendations.csv

[25/07/2026  9:02:40.46] Step 5 - Marking LINEUP run as successful... 
LINEUP status marked as successful.
[25/07/2026  9:02:40.78] Step 6 - Rebuilding dashboard with final status... 

===================================
LINEUP Dashboard Build Complete
===================================
Input       : scheduled_orders.csv
Output      : C:\LINEUP\output\dashboard.html
Insights    : assignment reasons and confidence
Remaining   : SAP versus adjusted
Utilisation : working-calendar aware

=================================== 
LINEUP background update finished 
25/07/2026  9:02:41.11 
=================================== 
 
=================================== 
LINEUP background update started 
25/07/2026  9:15:03.18 
=================================== 
[25/07/2026  9:15:03.18] Activating virtual environment... 
[25/07/2026  9:15:03.71] Step 0 - Marking LINEUP run as started... 
LINEUP status marked as running.
[25/07/2026  9:15:04.03] Step 1 - Backing up LINEUP config... 

===================================
LINEUP Config Backup Complete
===================================
Backup folder : C:\LINEUP\backups\2026-07-25_091504
Files copied  : 4
Old backups removed: 1

[25/07/2026  9:15:04.38] Step 2 - Running SAP capacity export... 
COOIS capacities export complete:
C:\LINEUP\data\raw\COOIS_Capacities_Latest.txt
[25/07/2026  9:15:30.29] Step 3 - Running SAP production list export... 
COOIS production list export complete:
C:\LINEUP\data\raw\COOIS_ProductionList_Latest.txt
[25/07/2026  9:17:23.50] Step 4 - Running LINEUP processing pipeline... 
LINEUP
Starting capacity parser...


===================================
LINEUP Capacity Parser Complete
===================================
Input : COOIS_Capacities_Latest.txt
Output: capacities_clean.csv
Rows  : 6226


===================================
LINEUP Production Parser Complete
===================================
Input : COOIS_ProductionList_Latest.txt
Output: production_list_clean.csv
Rows  : 2371


===================================
LINEUP Capacity Summary Complete
===================================
Input : capacities_clean.csv
Output: capacities_order_summary.csv
Rows  : 970


===================================
LINEUP Merge Complete
===================================
Production input : production_list_clean.csv
Capacity input   : capacities_order_summary.csv
Output           : master_schedule.csv
Rows             : 970
Missing metadata : 0


===================================
LINEUP Scheduling Complete
===================================
Scheduled orders : 35
Overflow orders  : 0
SAP minutes      : unchanged by default
Staffing         : explicit overrides only
Queue stability  : current + one automatic order
Insights         : assignment reasons and confidence


===================================
LINEUP Dashboard Build Complete
===================================
Input       : scheduled_orders.csv
Output      : C:\LINEUP\output\dashboard.html
Insights    : assignment reasons and confidence
Remaining   : SAP versus adjusted
Utilisation : working-calendar aware


===================================
LINEUP Schedule Report Complete
===================================
Bench utilisation: bench_utilisation.csv
Schedule summary : schedule_summary.csv


===================================
LINEUP Split Recommendations Complete
===================================
Recommendations : 0
Window          : due today or next working day only
SAP minutes     : used unchanged by default
Staffing        : explicit overrides only
Planner work    : live, held, split, forced and board orders excluded
Output          : split_recommendations.csv

[25/07/2026  9:17:23.96] Step 5 - Marking LINEUP run as successful... 
LINEUP status marked as successful.
[25/07/2026  9:17:24.27] Step 6 - Rebuilding dashboard with final status... 

===================================
LINEUP Dashboard Build Complete
===================================
Input       : scheduled_orders.csv
Output      : C:\LINEUP\output\dashboard.html
Insights    : assignment reasons and confidence
Remaining   : SAP versus adjusted
Utilisation : working-calendar aware

=================================== 
LINEUP background update finished 
25/07/2026  9:17:24.59 
=================================== 
 
=================================== 
LINEUP background update started 
25/07/2026  9:30:03.12 
=================================== 
[25/07/2026  9:30:03.13] Activating virtual environment... 
[25/07/2026  9:30:03.64] Step 0 - Marking LINEUP run as started... 
LINEUP status marked as running.
[25/07/2026  9:30:03.97] Step 1 - Backing up LINEUP config... 

===================================
LINEUP Config Backup Complete
===================================
Backup folder : C:\LINEUP\backups\2026-07-25_093004
Files copied  : 4
Old backups removed: 1

[25/07/2026  9:30:04.30] Step 2 - Running SAP capacity export... 
COOIS capacities export complete:
C:\LINEUP\data\raw\COOIS_Capacities_Latest.txt
[25/07/2026  9:30:26.81] Step 3 - Running SAP production list export... 
COOIS production list export complete:
C:\LINEUP\data\raw\COOIS_ProductionList_Latest.txt
[25/07/2026  9:32:11.41] Step 4 - Running LINEUP processing pipeline... 
LINEUP
Starting capacity parser...


===================================
LINEUP Capacity Parser Complete
===================================
Input : COOIS_Capacities_Latest.txt
Output: capacities_clean.csv
Rows  : 6226


===================================
LINEUP Production Parser Complete
===================================
Input : COOIS_ProductionList_Latest.txt
Output: production_list_clean.csv
Rows  : 2371


===================================
LINEUP Capacity Summary Complete
===================================
Input : capacities_clean.csv
Output: capacities_order_summary.csv
Rows  : 970


===================================
LINEUP Merge Complete
===================================
Production input : production_list_clean.csv
Capacity input   : capacities_order_summary.csv
Output           : master_schedule.csv
Rows             : 970
Missing metadata : 0


===================================
LINEUP Scheduling Complete
===================================
Scheduled orders : 35
Overflow orders  : 0
SAP minutes      : unchanged by default
Staffing         : explicit overrides only
Queue stability  : current + one automatic order
Insights         : assignment reasons and confidence


===================================
LINEUP Dashboard Build Complete
===================================
Input       : scheduled_orders.csv
Output      : C:\LINEUP\output\dashboard.html
Insights    : assignment reasons and confidence
Remaining   : SAP versus adjusted
Utilisation : working-calendar aware


===================================
LINEUP Schedule Report Complete
===================================
Bench utilisation: bench_utilisation.csv
Schedule summary : schedule_summary.csv


===================================
LINEUP Split Recommendations Complete
===================================
Recommendations : 0
Window          : due today or next working day only
SAP minutes     : used unchanged by default
Staffing        : explicit overrides only
Planner work    : live, held, split, forced and board orders excluded
Output          : split_recommendations.csv

[25/07/2026  9:32:11.90] Step 5 - Marking LINEUP run as successful... 
LINEUP status marked as successful.
[25/07/2026  9:32:12.21] Step 6 - Rebuilding dashboard with final status... 

===================================
LINEUP Dashboard Build Complete
===================================
Input       : scheduled_orders.csv
Output      : C:\LINEUP\output\dashboard.html
Insights    : assignment reasons and confidence
Remaining   : SAP versus adjusted
Utilisation : working-calendar aware

=================================== 
LINEUP background update finished 
25/07/2026  9:32:12.56 
=================================== 
 
=================================== 
LINEUP background update started 
25/07/2026  9:45:03.13 
=================================== 
[25/07/2026  9:45:03.13] Activating virtual environment... 
[25/07/2026  9:45:03.64] Step 0 - Marking LINEUP run as started... 
LINEUP status marked as running.
[25/07/2026  9:45:03.97] Step 1 - Backing up LINEUP config... 

===================================
LINEUP Config Backup Complete
===================================
Backup folder : C:\LINEUP\backups\2026-07-25_094504
Files copied  : 4
Old backups removed: 1

[25/07/2026  9:45:04.32] Step 2 - Running SAP capacity export... 
COOIS capacities export complete:
C:\LINEUP\data\raw\COOIS_Capacities_Latest.txt
[25/07/2026  9:45:27.01] Step 3 - Running SAP production list export... 
COOIS production list export complete:
C:\LINEUP\data\raw\COOIS_ProductionList_Latest.txt
[25/07/2026  9:47:00.68] Step 4 - Running LINEUP processing pipeline... 
LINEUP
Starting capacity parser...


===================================
LINEUP Capacity Parser Complete
===================================
Input : COOIS_Capacities_Latest.txt
Output: capacities_clean.csv
Rows  : 6226


===================================
LINEUP Production Parser Complete
===================================
Input : COOIS_ProductionList_Latest.txt
Output: production_list_clean.csv
Rows  : 2371


===================================
LINEUP Capacity Summary Complete
===================================
Input : capacities_clean.csv
Output: capacities_order_summary.csv
Rows  : 970


===================================
LINEUP Merge Complete
===================================
Production input : production_list_clean.csv
Capacity input   : capacities_order_summary.csv
Output           : master_schedule.csv
Rows             : 970
Missing metadata : 0


===================================
LINEUP Scheduling Complete
===================================
Scheduled orders : 35
Overflow orders  : 0
SAP minutes      : unchanged by default
Staffing         : explicit overrides only
Queue stability  : current + one automatic order
Insights         : assignment reasons and confidence


===================================
LINEUP Dashboard Build Complete
===================================
Input       : scheduled_orders.csv
Output      : C:\LINEUP\output\dashboard.html
Insights    : assignment reasons and confidence
Remaining   : SAP versus adjusted
Utilisation : working-calendar aware


===================================
LINEUP Schedule Report Complete
===================================
Bench utilisation: bench_utilisation.csv
Schedule summary : schedule_summary.csv


===================================
LINEUP Split Recommendations Complete
===================================
Recommendations : 0
Window          : due today or next working day only
SAP minutes     : used unchanged by default
Staffing        : explicit overrides only
Planner work    : live, held, split, forced and board orders excluded
Output          : split_recommendations.csv

[25/07/2026  9:47:01.17] Step 5 - Marking LINEUP run as successful... 
LINEUP status marked as successful.
[25/07/2026  9:47:01.52] Step 6 - Rebuilding dashboard with final status... 

===================================
LINEUP Dashboard Build Complete
===================================
Input       : scheduled_orders.csv
Output      : C:\LINEUP\output\dashboard.html
Insights    : assignment reasons and confidence
Remaining   : SAP versus adjusted
Utilisation : working-calendar aware

=================================== 
LINEUP background update finished 
25/07/2026  9:47:02.06 
=================================== 
 
=================================== 
LINEUP background update started 
25/07/2026 10:00:03.13 
=================================== 
[25/07/2026 10:00:03.13] Activating virtual environment... 
[25/07/2026 10:00:03.63] Step 0 - Marking LINEUP run as started... 
LINEUP status marked as running.
[25/07/2026 10:00:03.94] Step 1 - Backing up LINEUP config... 

===================================
LINEUP Config Backup Complete
===================================
Backup folder : C:\LINEUP\backups\2026-07-25_100004
Files copied  : 4
Old backups removed: 1

[25/07/2026 10:00:04.27] Step 2 - Running SAP capacity export... 
COOIS capacities export complete:
C:\LINEUP\data\raw\COOIS_Capacities_Latest.txt
[25/07/2026 10:00:27.27] Step 3 - Running SAP production list export... 
COOIS production list export complete:
C:\LINEUP\data\raw\COOIS_ProductionList_Latest.txt
[25/07/2026 10:02:56.27] Step 4 - Running LINEUP processing pipeline... 
LINEUP
Starting capacity parser...


===================================
LINEUP Capacity Parser Complete
===================================
Input : COOIS_Capacities_Latest.txt
Output: capacities_clean.csv
Rows  : 6226


===================================
LINEUP Production Parser Complete
===================================
Input : COOIS_ProductionList_Latest.txt
Output: production_list_clean.csv
Rows  : 2371


===================================
LINEUP Capacity Summary Complete
===================================
Input : capacities_clean.csv
Output: capacities_order_summary.csv
Rows  : 970


===================================
LINEUP Merge Complete
===================================
Production input : production_list_clean.csv
Capacity input   : capacities_order_summary.csv
Output           : master_schedule.csv
Rows             : 970
Missing metadata : 0


===================================
LINEUP Scheduling Complete
===================================
Scheduled orders : 35
Overflow orders  : 0
SAP minutes      : unchanged by default
Staffing         : explicit overrides only
Queue stability  : current + one automatic order
Insights         : assignment reasons and confidence


===================================
LINEUP Dashboard Build Complete
===================================
Input       : scheduled_orders.csv
Output      : C:\LINEUP\output\dashboard.html
Insights    : assignment reasons and confidence
Remaining   : SAP versus adjusted
Utilisation : working-calendar aware


===================================
LINEUP Schedule Report Complete
===================================
Bench utilisation: bench_utilisation.csv
Schedule summary : schedule_summary.csv


===================================
LINEUP Split Recommendations Complete
===================================
Recommendations : 0
Window          : due today or next working day only
SAP minutes     : used unchanged by default
Staffing        : explicit overrides only
Planner work    : live, held, split, forced and board orders excluded
Output          : split_recommendations.csv

[25/07/2026 10:02:56.75] Step 5 - Marking LINEUP run as successful... 
LINEUP status marked as successful.
[25/07/2026 10:02:57.10] Step 6 - Rebuilding dashboard with final status... 

===================================
LINEUP Dashboard Build Complete
===================================
Input       : scheduled_orders.csv
Output      : C:\LINEUP\output\dashboard.html
Insights    : assignment reasons and confidence
Remaining   : SAP versus adjusted
Utilisation : working-calendar aware

=================================== 
LINEUP background update finished 
25/07/2026 10:02:57.49 
=================================== 
 
=================================== 
LINEUP background update started 
25/07/2026 10:15:03.18 
=================================== 
[25/07/2026 10:15:03.18] Activating virtual environment... 
[25/07/2026 10:15:03.71] Step 0 - Marking LINEUP run as started... 
LINEUP status marked as running.
[25/07/2026 10:15:04.03] Step 1 - Backing up LINEUP config... 

===================================
LINEUP Config Backup Complete
===================================
Backup folder : C:\LINEUP\backups\2026-07-25_101504
Files copied  : 4
Old backups removed: 1

[25/07/2026 10:15:04.39] Step 2 - Running SAP capacity export... 
COOIS capacities export complete:
C:\LINEUP\data\raw\COOIS_Capacities_Latest.txt
[25/07/2026 10:15:27.81] Step 3 - Running SAP production list export... 
COOIS production list export complete:
C:\LINEUP\data\raw\COOIS_ProductionList_Latest.txt
[25/07/2026 10:17:17.18] Step 4 - Running LINEUP processing pipeline... 
LINEUP
Starting capacity parser...


===================================
LINEUP Capacity Parser Complete
===================================
Input : COOIS_Capacities_Latest.txt
Output: capacities_clean.csv
Rows  : 6226


===================================
LINEUP Production Parser Complete
===================================
Input : COOIS_ProductionList_Latest.txt
Output: production_list_clean.csv
Rows  : 2371


===================================
LINEUP Capacity Summary Complete
===================================
Input : capacities_clean.csv
Output: capacities_order_summary.csv
Rows  : 970


===================================
LINEUP Merge Complete
===================================
Production input : production_list_clean.csv
Capacity input   : capacities_order_summary.csv
Output           : master_schedule.csv
Rows             : 970
Missing metadata : 0


===================================
LINEUP Scheduling Complete
===================================
Scheduled orders : 35
Overflow orders  : 0
SAP minutes      : unchanged by default
Staffing         : explicit overrides only
Queue stability  : current + one automatic order
Insights         : assignment reasons and confidence


===================================
LINEUP Dashboard Build Complete
===================================
Input       : scheduled_orders.csv
Output      : C:\LINEUP\output\dashboard.html
Insights    : assignment reasons and confidence
Remaining   : SAP versus adjusted
Utilisation : working-calendar aware


===================================
LINEUP Schedule Report Complete
===================================
Bench utilisation: bench_utilisation.csv
Schedule summary : schedule_summary.csv


===================================
LINEUP Split Recommendations Complete
===================================
Recommendations : 0
Window          : due today or next working day only
SAP minutes     : used unchanged by default
Staffing        : explicit overrides only
Planner work    : live, held, split, forced and board orders excluded
Output          : split_recommendations.csv

[25/07/2026 10:17:17.82] Step 5 - Marking LINEUP run as successful... 
LINEUP status marked as successful.
[25/07/2026 10:17:18.12] Step 6 - Rebuilding dashboard with final status... 

===================================
LINEUP Dashboard Build Complete
===================================
Input       : scheduled_orders.csv
Output      : C:\LINEUP\output\dashboard.html
Insights    : assignment reasons and confidence
Remaining   : SAP versus adjusted
Utilisation : working-calendar aware

=================================== 
LINEUP background update finished 
25/07/2026 10:17:18.44 
=================================== 
 
=================================== 
LINEUP background update started 
25/07/2026 10:30:03.51 
=================================== 
[25/07/2026 10:30:03.52] Activating virtual environment... 
[25/07/2026 10:30:04.02] Step 0 - Marking LINEUP run as started... 
LINEUP status marked as running.
[25/07/2026 10:30:04.36] Step 1 - Backing up LINEUP config... 

===================================
LINEUP Config Backup Complete
===================================
Backup folder : C:\LINEUP\backups\2026-07-25_103004
Files copied  : 4
Old backups removed: 1

[25/07/2026 10:30:04.71] Step 2 - Running SAP capacity export... 
COOIS capacities export complete:
C:\LINEUP\data\raw\COOIS_Capacities_Latest.txt
[25/07/2026 10:30:27.95] Step 3 - Running SAP production list export... 
COOIS production list export complete:
C:\LINEUP\data\raw\COOIS_ProductionList_Latest.txt
[25/07/2026 10:32:11.79] Step 4 - Running LINEUP processing pipeline... 
LINEUP
Starting capacity parser...


===================================
LINEUP Capacity Parser Complete
===================================
Input : COOIS_Capacities_Latest.txt
Output: capacities_clean.csv
Rows  : 6226


===================================
LINEUP Production Parser Complete
===================================
Input : COOIS_ProductionList_Latest.txt
Output: production_list_clean.csv
Rows  : 2371


===================================
LINEUP Capacity Summary Complete
===================================
Input : capacities_clean.csv
Output: capacities_order_summary.csv
Rows  : 970


===================================
LINEUP Merge Complete
===================================
Production input : production_list_clean.csv
Capacity input   : capacities_order_summary.csv
Output           : master_schedule.csv
Rows             : 970
Missing metadata : 0


===================================
LINEUP Scheduling Complete
===================================
Scheduled orders : 35
Overflow orders  : 0
SAP minutes      : unchanged by default
Staffing         : explicit overrides only
Queue stability  : current + one automatic order
Insights         : assignment reasons and confidence


===================================
LINEUP Dashboard Build Complete
===================================
Input       : scheduled_orders.csv
Output      : C:\LINEUP\output\dashboard.html
Insights    : assignment reasons and confidence
Remaining   : SAP versus adjusted
Utilisation : working-calendar aware


===================================
LINEUP Schedule Report Complete
===================================
Bench utilisation: bench_utilisation.csv
Schedule summary : schedule_summary.csv


===================================
LINEUP Split Recommendations Complete
===================================
Recommendations : 0
Window          : due today or next working day only
SAP minutes     : used unchanged by default
Staffing        : explicit overrides only
Planner work    : live, held, split, forced and board orders excluded
Output          : split_recommendations.csv

[25/07/2026 10:32:12.27] Step 5 - Marking LINEUP run as successful... 
LINEUP status marked as successful.
[25/07/2026 10:32:12.58] Step 6 - Rebuilding dashboard with final status... 

===================================
LINEUP Dashboard Build Complete
===================================
Input       : scheduled_orders.csv
Output      : C:\LINEUP\output\dashboard.html
Insights    : assignment reasons and confidence
Remaining   : SAP versus adjusted
Utilisation : working-calendar aware

=================================== 
LINEUP background update finished 
25/07/2026 10:32:12.90 
=================================== 
 
=================================== 
LINEUP background update started 
25/07/2026 10:45:03.68 
=================================== 
[25/07/2026 10:45:03.68] Activating virtual environment... 
[25/07/2026 10:45:04.30] Step 0 - Marking LINEUP run as started... 
LINEUP status marked as running.
[25/07/2026 10:45:04.79] Step 1 - Backing up LINEUP config... 

===================================
LINEUP Config Backup Complete
===================================
Backup folder : C:\LINEUP\backups\2026-07-25_104505
Files copied  : 4
Old backups removed: 1

[25/07/2026 10:45:05.21] Step 2 - Running SAP capacity export... 
COOIS capacities export complete:
C:\LINEUP\data\raw\COOIS_Capacities_Latest.txt
[25/07/2026 10:45:27.83] Step 3 - Running SAP production list export... 
COOIS production list export complete:
C:\LINEUP\data\raw\COOIS_ProductionList_Latest.txt
[25/07/2026 10:47:03.32] Step 4 - Running LINEUP processing pipeline... 
LINEUP
Starting capacity parser...


===================================
LINEUP Capacity Parser Complete
===================================
Input : COOIS_Capacities_Latest.txt
Output: capacities_clean.csv
Rows  : 6226


===================================
LINEUP Production Parser Complete
===================================
Input : COOIS_ProductionList_Latest.txt
Output: production_list_clean.csv
Rows  : 2371


===================================
LINEUP Capacity Summary Complete
===================================
Input : capacities_clean.csv
Output: capacities_order_summary.csv
Rows  : 970


===================================
LINEUP Merge Complete
===================================
Production input : production_list_clean.csv
Capacity input   : capacities_order_summary.csv
Output           : master_schedule.csv
Rows             : 970
Missing metadata : 0


===================================
LINEUP Scheduling Complete
===================================
Scheduled orders : 35
Overflow orders  : 0
SAP minutes      : unchanged by default
Staffing         : explicit overrides only
Queue stability  : current + one automatic order
Insights         : assignment reasons and confidence


===================================
LINEUP Dashboard Build Complete
===================================
Input       : scheduled_orders.csv
Output      : C:\LINEUP\output\dashboard.html
Insights    : assignment reasons and confidence
Remaining   : SAP versus adjusted
Utilisation : working-calendar aware


===================================
LINEUP Schedule Report Complete
===================================
Bench utilisation: bench_utilisation.csv
Schedule summary : schedule_summary.csv


===================================
LINEUP Split Recommendations Complete
===================================
Recommendations : 0
Window          : due today or next working day only
SAP minutes     : used unchanged by default
Staffing        : explicit overrides only
Planner work    : live, held, split, forced and board orders excluded
Output          : split_recommendations.csv

[25/07/2026 10:47:03.90] Step 5 - Marking LINEUP run as successful... 
LINEUP status marked as successful.
[25/07/2026 10:47:04.22] Step 6 - Rebuilding dashboard with final status... 

===================================
LINEUP Dashboard Build Complete
===================================
Input       : scheduled_orders.csv
Output      : C:\LINEUP\output\dashboard.html
Insights    : assignment reasons and confidence
Remaining   : SAP versus adjusted
Utilisation : working-calendar aware

=================================== 
LINEUP background update finished 
25/07/2026 10:47:04.59 
=================================== 
 
=================================== 
LINEUP background update started 
25/07/2026 11:00:03.38 
=================================== 
[25/07/2026 11:00:03.38] Activating virtual environment... 
[25/07/2026 11:00:03.92] Step 0 - Marking LINEUP run as started... 
LINEUP status marked as running.
[25/07/2026 11:00:04.24] Step 1 - Backing up LINEUP config... 

===================================
LINEUP Config Backup Complete
===================================
Backup folder : C:\LINEUP\backups\2026-07-25_110004
Files copied  : 4
Old backups removed: 1

[25/07/2026 11:00:04.58] Step 2 - Running SAP capacity export... 
COOIS capacities export complete:
C:\LINEUP\data\raw\COOIS_Capacities_Latest.txt
[25/07/2026 11:00:28.40] Step 3 - Running SAP production list export... 
COOIS production list export complete:
C:\LINEUP\data\raw\COOIS_ProductionList_Latest.txt
[25/07/2026 11:02:26.42] Step 4 - Running LINEUP processing pipeline... 
LINEUP
Starting capacity parser...


===================================
LINEUP Capacity Parser Complete
===================================
Input : COOIS_Capacities_Latest.txt
Output: capacities_clean.csv
Rows  : 6226


===================================
LINEUP Production Parser Complete
===================================
Input : COOIS_ProductionList_Latest.txt
Output: production_list_clean.csv
Rows  : 2371


===================================
LINEUP Capacity Summary Complete
===================================
Input : capacities_clean.csv
Output: capacities_order_summary.csv
Rows  : 970


===================================
LINEUP Merge Complete
===================================
Production input : production_list_clean.csv
Capacity input   : capacities_order_summary.csv
Output           : master_schedule.csv
Rows             : 970
Missing metadata : 0


===================================
LINEUP Scheduling Complete
===================================
Scheduled orders : 35
Overflow orders  : 0
SAP minutes      : unchanged by default
Staffing         : explicit overrides only
Queue stability  : current + one automatic order
Insights         : assignment reasons and confidence


===================================
LINEUP Dashboard Build Complete
===================================
Input       : scheduled_orders.csv
Output      : C:\LINEUP\output\dashboard.html
Insights    : assignment reasons and confidence
Remaining   : SAP versus adjusted
Utilisation : working-calendar aware


===================================
LINEUP Schedule Report Complete
===================================
Bench utilisation: bench_utilisation.csv
Schedule summary : schedule_summary.csv


===================================
LINEUP Split Recommendations Complete
===================================
Recommendations : 0
Window          : due today or next working day only
SAP minutes     : used unchanged by default
Staffing        : explicit overrides only
Planner work    : live, held, split, forced and board orders excluded
Output          : split_recommendations.csv

[25/07/2026 11:02:26.90] Step 5 - Marking LINEUP run as successful... 
LINEUP status marked as successful.
[25/07/2026 11:02:27.19] Step 6 - Rebuilding dashboard with final status... 

===================================
LINEUP Dashboard Build Complete
===================================
Input       : scheduled_orders.csv
Output      : C:\LINEUP\output\dashboard.html
Insights    : assignment reasons and confidence
Remaining   : SAP versus adjusted
Utilisation : working-calendar aware

=================================== 
LINEUP background update finished 
25/07/2026 11:02:27.51 
=================================== 
 
=================================== 
LINEUP background update started 
25/07/2026 11:15:03.26 
=================================== 
[25/07/2026 11:15:03.26] Activating virtual environment... 
[25/07/2026 11:15:03.78] Step 0 - Marking LINEUP run as started... 
LINEUP status marked as running.
[25/07/2026 11:15:04.12] Step 1 - Backing up LINEUP config... 

===================================
LINEUP Config Backup Complete
===================================
Backup folder : C:\LINEUP\backups\2026-07-25_111504
Files copied  : 4
Old backups removed: 1

[25/07/2026 11:15:04.45] Step 2 - Running SAP capacity export... 
COOIS capacities export complete:
C:\LINEUP\data\raw\COOIS_Capacities_Latest.txt
[25/07/2026 11:15:26.71] Step 3 - Running SAP production list export... 
COOIS production list export complete:
C:\LINEUP\data\raw\COOIS_ProductionList_Latest.txt
[25/07/2026 11:17:05.14] Step 4 - Running LINEUP processing pipeline... 
LINEUP
Starting capacity parser...


===================================
LINEUP Capacity Parser Complete
===================================
Input : COOIS_Capacities_Latest.txt
Output: capacities_clean.csv
Rows  : 6226


===================================
LINEUP Production Parser Complete
===================================
Input : COOIS_ProductionList_Latest.txt
Output: production_list_clean.csv
Rows  : 2371


===================================
LINEUP Capacity Summary Complete
===================================
Input : capacities_clean.csv
Output: capacities_order_summary.csv
Rows  : 970


===================================
LINEUP Merge Complete
===================================
Production input : production_list_clean.csv
Capacity input   : capacities_order_summary.csv
Output           : master_schedule.csv
Rows             : 970
Missing metadata : 0


===================================
LINEUP Scheduling Complete
===================================
Scheduled orders : 36
Overflow orders  : 0
SAP minutes      : unchanged by default
Staffing         : explicit overrides only
Queue stability  : current + one automatic order
Insights         : assignment reasons and confidence


===================================
LINEUP Dashboard Build Complete
===================================
Input       : scheduled_orders.csv
Output      : C:\LINEUP\output\dashboard.html
Insights    : assignment reasons and confidence
Remaining   : SAP versus adjusted
Utilisation : working-calendar aware


===================================
LINEUP Schedule Report Complete
===================================
Bench utilisation: bench_utilisation.csv
Schedule summary : schedule_summary.csv


===================================
LINEUP Split Recommendations Complete
===================================
Recommendations : 0
Window          : due today or next working day only
SAP minutes     : used unchanged by default
Staffing        : explicit overrides only
Planner work    : live, held, split, forced and board orders excluded
Output          : split_recommendations.csv

[25/07/2026 11:17:05.66] Step 5 - Marking LINEUP run as successful... 
LINEUP status marked as successful.
[25/07/2026 11:17:05.99] Step 6 - Rebuilding dashboard with final status... 

===================================
LINEUP Dashboard Build Complete
===================================
Input       : scheduled_orders.csv
Output      : C:\LINEUP\output\dashboard.html
Insights    : assignment reasons and confidence
Remaining   : SAP versus adjusted
Utilisation : working-calendar aware

=================================== 
LINEUP background update finished 
25/07/2026 11:17:06.32 
=================================== 
 
=================================== 
LINEUP background update started 
25/07/2026 11:30:03.34 
=================================== 
[25/07/2026 11:30:03.34] Activating virtual environment... 
[25/07/2026 11:30:03.85] Step 0 - Marking LINEUP run as started... 
LINEUP status marked as running.
[25/07/2026 11:30:04.24] Step 1 - Backing up LINEUP config... 

===================================
LINEUP Config Backup Complete
===================================
Backup folder : C:\LINEUP\backups\2026-07-25_113004
Files copied  : 4
Old backups removed: 1

[25/07/2026 11:30:04.57] Step 2 - Running SAP capacity export... 
COOIS capacities export complete:
C:\LINEUP\data\raw\COOIS_Capacities_Latest.txt
[25/07/2026 11:30:26.69] Step 3 - Running SAP production list export... 
COOIS production list export complete:
C:\LINEUP\data\raw\COOIS_ProductionList_Latest.txt
[25/07/2026 11:32:10.45] Step 4 - Running LINEUP processing pipeline... 
LINEUP
Starting capacity parser...


===================================
LINEUP Capacity Parser Complete
===================================
Input : COOIS_Capacities_Latest.txt
Output: capacities_clean.csv
Rows  : 6226


===================================
LINEUP Production Parser Complete
===================================
Input : COOIS_ProductionList_Latest.txt
Output: production_list_clean.csv
Rows  : 2371


===================================
LINEUP Capacity Summary Complete
===================================
Input : capacities_clean.csv
Output: capacities_order_summary.csv
Rows  : 970


===================================
LINEUP Merge Complete
===================================
Production input : production_list_clean.csv
Capacity input   : capacities_order_summary.csv
Output           : master_schedule.csv
Rows             : 970
Missing metadata : 0


===================================
LINEUP Scheduling Complete
===================================
Scheduled orders : 36
Overflow orders  : 0
SAP minutes      : unchanged by default
Staffing         : explicit overrides only
Queue stability  : current + one automatic order
Insights         : assignment reasons and confidence


===================================
LINEUP Dashboard Build Complete
===================================
Input       : scheduled_orders.csv
Output      : C:\LINEUP\output\dashboard.html
Insights    : assignment reasons and confidence
Remaining   : SAP versus adjusted
Utilisation : working-calendar aware


===================================
LINEUP Schedule Report Complete
===================================
Bench utilisation: bench_utilisation.csv
Schedule summary : schedule_summary.csv


===================================
LINEUP Split Recommendations Complete
===================================
Recommendations : 0
Window          : due today or next working day only
SAP minutes     : used unchanged by default
Staffing        : explicit overrides only
Planner work    : live, held, split, forced and board orders excluded
Output          : split_recommendations.csv

[25/07/2026 11:32:10.94] Step 5 - Marking LINEUP run as successful... 
LINEUP status marked as successful.
[25/07/2026 11:32:11.26] Step 6 - Rebuilding dashboard with final status... 

===================================
LINEUP Dashboard Build Complete
===================================
Input       : scheduled_orders.csv
Output      : C:\LINEUP\output\dashboard.html
Insights    : assignment reasons and confidence
Remaining   : SAP versus adjusted
Utilisation : working-calendar aware

=================================== 
LINEUP background update finished 
25/07/2026 11:32:11.58 
=================================== 
 
=================================== 
LINEUP background update started 
25/07/2026 11:45:03.14 
=================================== 
[25/07/2026 11:45:03.15] Activating virtual environment... 
[25/07/2026 11:45:03.67] Step 0 - Marking LINEUP run as started... 
LINEUP status marked as running.
[25/07/2026 11:45:03.97] Step 1 - Backing up LINEUP config... 

===================================
LINEUP Config Backup Complete
===================================
Backup folder : C:\LINEUP\backups\2026-07-25_114504
Files copied  : 4
Old backups removed: 1

[25/07/2026 11:45:04.34] Step 2 - Running SAP capacity export... 
COOIS capacities export complete:
C:\LINEUP\data\raw\COOIS_Capacities_Latest.txt
[25/07/2026 11:45:26.38] Step 3 - Running SAP production list export... 
COOIS production list export complete:
C:\LINEUP\data\raw\COOIS_ProductionList_Latest.txt
[25/07/2026 11:47:02.50] Step 4 - Running LINEUP processing pipeline... 
LINEUP
Starting capacity parser...


===================================
LINEUP Capacity Parser Complete
===================================
Input : COOIS_Capacities_Latest.txt
Output: capacities_clean.csv
Rows  : 6226


===================================
LINEUP Production Parser Complete
===================================
Input : COOIS_ProductionList_Latest.txt
Output: production_list_clean.csv
Rows  : 2371


===================================
LINEUP Capacity Summary Complete
===================================
Input : capacities_clean.csv
Output: capacities_order_summary.csv
Rows  : 970


===================================
LINEUP Merge Complete
===================================
Production input : production_list_clean.csv
Capacity input   : capacities_order_summary.csv
Output           : master_schedule.csv
Rows             : 970
Missing metadata : 0


===================================
LINEUP Scheduling Complete
===================================
Scheduled orders : 36
Overflow orders  : 0
SAP minutes      : unchanged by default
Staffing         : explicit overrides only
Queue stability  : current + one automatic order
Insights         : assignment reasons and confidence


===================================
LINEUP Dashboard Build Complete
===================================
Input       : scheduled_orders.csv
Output      : C:\LINEUP\output\dashboard.html
Insights    : assignment reasons and confidence
Remaining   : SAP versus adjusted
Utilisation : working-calendar aware


===================================
LINEUP Schedule Report Complete
===================================
Bench utilisation: bench_utilisation.csv
Schedule summary : schedule_summary.csv


===================================
LINEUP Split Recommendations Complete
===================================
Recommendations : 0
Window          : due today or next working day only
SAP minutes     : used unchanged by default
Staffing        : explicit overrides only
Planner work    : live, held, split, forced and board orders excluded
Output          : split_recommendations.csv

[25/07/2026 11:47:03.02] Step 5 - Marking LINEUP run as successful... 
LINEUP status marked as successful.
[25/07/2026 11:47:03.33] Step 6 - Rebuilding dashboard with final status... 

===================================
LINEUP Dashboard Build Complete
===================================
Input       : scheduled_orders.csv
Output      : C:\LINEUP\output\dashboard.html
Insights    : assignment reasons and confidence
Remaining   : SAP versus adjusted
Utilisation : working-calendar aware

=================================== 
LINEUP background update finished 
25/07/2026 11:47:03.64 
=================================== 
 
=================================== 
LINEUP background update started 
25/07/2026 12:00:03.16 
=================================== 
[25/07/2026 12:00:03.16] Activating virtual environment... 
[25/07/2026 12:00:03.69] Step 0 - Marking LINEUP run as started... 
LINEUP status marked as running.
[25/07/2026 12:00:04.00] Step 1 - Backing up LINEUP config... 

===================================
LINEUP Config Backup Complete
===================================
Backup folder : C:\LINEUP\backups\2026-07-25_120004
Files copied  : 4
Old backups removed: 1

[25/07/2026 12:00:04.36] Step 2 - Running SAP capacity export... 
COOIS capacities export complete:
C:\LINEUP\data\raw\COOIS_Capacities_Latest.txt
[25/07/2026 12:00:28.71] Step 3 - Running SAP production list export... 
COOIS production list export complete:
C:\LINEUP\data\raw\COOIS_ProductionList_Latest.txt
[25/07/2026 12:02:36.80] Step 4 - Running LINEUP processing pipeline... 
LINEUP
Starting capacity parser...


===================================
LINEUP Capacity Parser Complete
===================================
Input : COOIS_Capacities_Latest.txt
Output: capacities_clean.csv
Rows  : 6226


===================================
LINEUP Production Parser Complete
===================================
Input : COOIS_ProductionList_Latest.txt
Output: production_list_clean.csv
Rows  : 2371


===================================
LINEUP Capacity Summary Complete
===================================
Input : capacities_clean.csv
Output: capacities_order_summary.csv
Rows  : 970


===================================
LINEUP Merge Complete
===================================
Production input : production_list_clean.csv
Capacity input   : capacities_order_summary.csv
Output           : master_schedule.csv
Rows             : 970
Missing metadata : 0


===================================
LINEUP Scheduling Complete
===================================
Scheduled orders : 36
Overflow orders  : 0
SAP minutes      : unchanged by default
Staffing         : explicit overrides only
Queue stability  : current + one automatic order
Insights         : assignment reasons and confidence


===================================
LINEUP Dashboard Build Complete
===================================
Input       : scheduled_orders.csv
Output      : C:\LINEUP\output\dashboard.html
Insights    : assignment reasons and confidence
Remaining   : SAP versus adjusted
Utilisation : working-calendar aware


===================================
LINEUP Schedule Report Complete
===================================
Bench utilisation: bench_utilisation.csv
Schedule summary : schedule_summary.csv


===================================
LINEUP Split Recommendations Complete
===================================
Recommendations : 0
Window          : due today or next working day only
SAP minutes     : used unchanged by default
Staffing        : explicit overrides only
Planner work    : live, held, split, forced and board orders excluded
Output          : split_recommendations.csv

[25/07/2026 12:02:37.37] Step 5 - Marking LINEUP run as successful... 
LINEUP status marked as successful.
[25/07/2026 12:02:37.70] Step 6 - Rebuilding dashboard with final status... 

===================================
LINEUP Dashboard Build Complete
===================================
Input       : scheduled_orders.csv
Output      : C:\LINEUP\output\dashboard.html
Insights    : assignment reasons and confidence
Remaining   : SAP versus adjusted
Utilisation : working-calendar aware

=================================== 
LINEUP background update finished 
25/07/2026 12:02:38.06 
=================================== 
 
=================================== 
LINEUP background update started 
25/07/2026 12:15:03.17 
=================================== 
[25/07/2026 12:15:03.17] Activating virtual environment... 
[25/07/2026 12:15:03.69] Step 0 - Marking LINEUP run as started... 
LINEUP status marked as running.
[25/07/2026 12:15:04.00] Step 1 - Backing up LINEUP config... 

===================================
LINEUP Config Backup Complete
===================================
Backup folder : C:\LINEUP\backups\2026-07-25_121504
Files copied  : 4
Old backups removed: 1

[25/07/2026 12:15:04.34] Step 2 - Running SAP capacity export... 
COOIS capacities export complete:
C:\LINEUP\data\raw\COOIS_Capacities_Latest.txt
[25/07/2026 12:15:26.56] Step 3 - Running SAP production list export... 
COOIS production list export complete:
C:\LINEUP\data\raw\COOIS_ProductionList_Latest.txt
[25/07/2026 12:17:10.35] Step 4 - Running LINEUP processing pipeline... 
LINEUP
Starting capacity parser...


===================================
LINEUP Capacity Parser Complete
===================================
Input : COOIS_Capacities_Latest.txt
Output: capacities_clean.csv
Rows  : 6226


===================================
LINEUP Production Parser Complete
===================================
Input : COOIS_ProductionList_Latest.txt
Output: production_list_clean.csv
Rows  : 2371


===================================
LINEUP Capacity Summary Complete
===================================
Input : capacities_clean.csv
Output: capacities_order_summary.csv
Rows  : 970


===================================
LINEUP Merge Complete
===================================
Production input : production_list_clean.csv
Capacity input   : capacities_order_summary.csv
Output           : master_schedule.csv
Rows             : 970
Missing metadata : 0


===================================
LINEUP Scheduling Complete
===================================
Scheduled orders : 36
Overflow orders  : 0
SAP minutes      : unchanged by default
Staffing         : explicit overrides only
Queue stability  : current + one automatic order
Insights         : assignment reasons and confidence


===================================
LINEUP Dashboard Build Complete
===================================
Input       : scheduled_orders.csv
Output      : C:\LINEUP\output\dashboard.html
Insights    : assignment reasons and confidence
Remaining   : SAP versus adjusted
Utilisation : working-calendar aware


===================================
LINEUP Schedule Report Complete
===================================
Bench utilisation: bench_utilisation.csv
Schedule summary : schedule_summary.csv


===================================
LINEUP Split Recommendations Complete
===================================
Recommendations : 0
Window          : due today or next working day only
SAP minutes     : used unchanged by default
Staffing        : explicit overrides only
Planner work    : live, held, split, forced and board orders excluded
Output          : split_recommendations.csv

[25/07/2026 12:17:10.82] Step 5 - Marking LINEUP run as successful... 
LINEUP status marked as successful.
[25/07/2026 12:17:11.13] Step 6 - Rebuilding dashboard with final status... 

===================================
LINEUP Dashboard Build Complete
===================================
Input       : scheduled_orders.csv
Output      : C:\LINEUP\output\dashboard.html
Insights    : assignment reasons and confidence
Remaining   : SAP versus adjusted
Utilisation : working-calendar aware

=================================== 
LINEUP background update finished 
25/07/2026 12:17:11.44 
=================================== 
 
=================================== 
LINEUP background update started 
25/07/2026 12:30:03.17 
=================================== 
[25/07/2026 12:30:03.19] Activating virtual environment... 
[25/07/2026 12:30:03.71] Step 0 - Marking LINEUP run as started... 
LINEUP status marked as running.
[25/07/2026 12:30:04.03] Step 1 - Backing up LINEUP config... 

===================================
LINEUP Config Backup Complete
===================================
Backup folder : C:\LINEUP\backups\2026-07-25_123004
Files copied  : 4
Old backups removed: 1

[25/07/2026 12:30:04.37] Step 2 - Running SAP capacity export... 
COOIS capacities export complete:
C:\LINEUP\data\raw\COOIS_Capacities_Latest.txt
[25/07/2026 12:30:26.96] Step 3 - Running SAP production list export... 
COOIS production list export complete:
C:\LINEUP\data\raw\COOIS_ProductionList_Latest.txt
[25/07/2026 12:32:19.11] Step 4 - Running LINEUP processing pipeline... 
LINEUP
Starting capacity parser...


===================================
LINEUP Capacity Parser Complete
===================================
Input : COOIS_Capacities_Latest.txt
Output: capacities_clean.csv
Rows  : 6226


===================================
LINEUP Production Parser Complete
===================================
Input : COOIS_ProductionList_Latest.txt
Output: production_list_clean.csv
Rows  : 2371


===================================
LINEUP Capacity Summary Complete
===================================
Input : capacities_clean.csv
Output: capacities_order_summary.csv
Rows  : 970


===================================
LINEUP Merge Complete
===================================
Production input : production_list_clean.csv
Capacity input   : capacities_order_summary.csv
Output           : master_schedule.csv
Rows             : 970
Missing metadata : 0


===================================
LINEUP Scheduling Complete
===================================
Scheduled orders : 36
Overflow orders  : 0
SAP minutes      : unchanged by default
Staffing         : explicit overrides only
Queue stability  : current + one automatic order
Insights         : assignment reasons and confidence


===================================
LINEUP Dashboard Build Complete
===================================
Input       : scheduled_orders.csv
Output      : C:\LINEUP\output\dashboard.html
Insights    : assignment reasons and confidence
Remaining   : SAP versus adjusted
Utilisation : working-calendar aware


===================================
LINEUP Schedule Report Complete
===================================
Bench utilisation: bench_utilisation.csv
Schedule summary : schedule_summary.csv


===================================
LINEUP Split Recommendations Complete
===================================
Recommendations : 0
Window          : due today or next working day only
SAP minutes     : used unchanged by default
Staffing        : explicit overrides only
Planner work    : live, held, split, forced and board orders excluded
Output          : split_recommendations.csv

[25/07/2026 12:32:19.61] Step 5 - Marking LINEUP run as successful... 
LINEUP status marked as successful.
[25/07/2026 12:32:19.92] Step 6 - Rebuilding dashboard with final status... 

===================================
LINEUP Dashboard Build Complete
===================================
Input       : scheduled_orders.csv
Output      : C:\LINEUP\output\dashboard.html
Insights    : assignment reasons and confidence
Remaining   : SAP versus adjusted
Utilisation : working-calendar aware

=================================== 
LINEUP background update finished 
25/07/2026 12:32:20.23 
=================================== 
 
=================================== 
LINEUP background update started 
25/07/2026 12:45:03.10 
=================================== 
[25/07/2026 12:45:03.10] Activating virtual environment... 
[25/07/2026 12:45:03.60] Step 0 - Marking LINEUP run as started... 
LINEUP status marked as running.
[25/07/2026 12:45:03.91] Step 1 - Backing up LINEUP config... 

===================================
LINEUP Config Backup Complete
===================================
Backup folder : C:\LINEUP\backups\2026-07-25_124504
Files copied  : 4
Old backups removed: 1

[25/07/2026 12:45:04.25] Step 2 - Running SAP capacity export... 
COOIS capacities export complete:
C:\LINEUP\data\raw\COOIS_Capacities_Latest.txt
[25/07/2026 12:45:26.12] Step 3 - Running SAP production list export... 
COOIS production list export complete:
C:\LINEUP\data\raw\COOIS_ProductionList_Latest.txt
[25/07/2026 12:47:03.08] Step 4 - Running LINEUP processing pipeline... 
LINEUP
Starting capacity parser...


===================================
LINEUP Capacity Parser Complete
===================================
Input : COOIS_Capacities_Latest.txt
Output: capacities_clean.csv
Rows  : 6226


===================================
LINEUP Production Parser Complete
===================================
Input : COOIS_ProductionList_Latest.txt
Output: production_list_clean.csv
Rows  : 2371


===================================
LINEUP Capacity Summary Complete
===================================
Input : capacities_clean.csv
Output: capacities_order_summary.csv
Rows  : 970


===================================
LINEUP Merge Complete
===================================
Production input : production_list_clean.csv
Capacity input   : capacities_order_summary.csv
Output           : master_schedule.csv
Rows             : 970
Missing metadata : 0


===================================
LINEUP Scheduling Complete
===================================
Scheduled orders : 36
Overflow orders  : 0
SAP minutes      : unchanged by default
Staffing         : explicit overrides only
Queue stability  : current + one automatic order
Insights         : assignment reasons and confidence


===================================
LINEUP Dashboard Build Complete
===================================
Input       : scheduled_orders.csv
Output      : C:\LINEUP\output\dashboard.html
Insights    : assignment reasons and confidence
Remaining   : SAP versus adjusted
Utilisation : working-calendar aware


===================================
LINEUP Schedule Report Complete
===================================
Bench utilisation: bench_utilisation.csv
Schedule summary : schedule_summary.csv


===================================
LINEUP Split Recommendations Complete
===================================
Recommendations : 0
Window          : due today or next working day only
SAP minutes     : used unchanged by default
Staffing        : explicit overrides only
Planner work    : live, held, split, forced and board orders excluded
Output          : split_recommendations.csv

[25/07/2026 12:47:03.58] Step 5 - Marking LINEUP run as successful... 
LINEUP status marked as successful.
[25/07/2026 12:47:03.89] Step 6 - Rebuilding dashboard with final status... 

===================================
LINEUP Dashboard Build Complete
===================================
Input       : scheduled_orders.csv
Output      : C:\LINEUP\output\dashboard.html
Insights    : assignment reasons and confidence
Remaining   : SAP versus adjusted
Utilisation : working-calendar aware

=================================== 
LINEUP background update finished 
25/07/2026 12:47:04.24 
=================================== 
 
=================================== 
LINEUP background update started 
25/07/2026 13:00:03.68 
=================================== 
[25/07/2026 13:00:03.69] Activating virtual environment... 
[25/07/2026 13:00:04.20] Step 0 - Marking LINEUP run as started... 
LINEUP status marked as running.
[25/07/2026 13:00:04.53] Step 1 - Backing up LINEUP config... 

===================================
LINEUP Config Backup Complete
===================================
Backup folder : C:\LINEUP\backups\2026-07-25_130004
Files copied  : 4
Old backups removed: 1

[25/07/2026 13:00:04.87] Step 2 - Running SAP capacity export... 
COOIS capacities export complete:
C:\LINEUP\data\raw\COOIS_Capacities_Latest.txt
[25/07/2026 13:00:28.31] Step 3 - Running SAP production list export... 
COOIS production list export complete:
C:\LINEUP\data\raw\COOIS_ProductionList_Latest.txt
[25/07/2026 13:02:27.25] Step 4 - Running LINEUP processing pipeline... 
LINEUP
Starting capacity parser...


===================================
LINEUP Capacity Parser Complete
===================================
Input : COOIS_Capacities_Latest.txt
Output: capacities_clean.csv
Rows  : 6226


===================================
LINEUP Production Parser Complete
===================================
Input : COOIS_ProductionList_Latest.txt
Output: production_list_clean.csv
Rows  : 2371


===================================
LINEUP Capacity Summary Complete
===================================
Input : capacities_clean.csv
Output: capacities_order_summary.csv
Rows  : 970


===================================
LINEUP Merge Complete
===================================
Production input : production_list_clean.csv
Capacity input   : capacities_order_summary.csv
Output           : master_schedule.csv
Rows             : 970
Missing metadata : 0


===================================
LINEUP Scheduling Complete
===================================
Scheduled orders : 36
Overflow orders  : 0
SAP minutes      : unchanged by default
Staffing         : explicit overrides only
Queue stability  : current + one automatic order
Insights         : assignment reasons and confidence


===================================
LINEUP Dashboard Build Complete
===================================
Input       : scheduled_orders.csv
Output      : C:\LINEUP\output\dashboard.html
Insights    : assignment reasons and confidence
Remaining   : SAP versus adjusted
Utilisation : working-calendar aware


===================================
LINEUP Schedule Report Complete
===================================
Bench utilisation: bench_utilisation.csv
Schedule summary : schedule_summary.csv


===================================
LINEUP Split Recommendations Complete
===================================
Recommendations : 0
Window          : due today or next working day only
SAP minutes     : used unchanged by default
Staffing        : explicit overrides only
Planner work    : live, held, split, forced and board orders excluded
Output          : split_recommendations.csv

[25/07/2026 13:02:27.75] Step 5 - Marking LINEUP run as successful... 
LINEUP status marked as successful.
[25/07/2026 13:02:28.05] Step 6 - Rebuilding dashboard with final status... 

===================================
LINEUP Dashboard Build Complete
===================================
Input       : scheduled_orders.csv
Output      : C:\LINEUP\output\dashboard.html
Insights    : assignment reasons and confidence
Remaining   : SAP versus adjusted
Utilisation : working-calendar aware

=================================== 
LINEUP background update finished 
25/07/2026 13:02:28.37 
=================================== 
 
=================================== 
LINEUP background update started 
25/07/2026 13:15:03.15 
=================================== 
[25/07/2026 13:15:03.15] Activating virtual environment... 
[25/07/2026 13:15:03.66] Step 0 - Marking LINEUP run as started... 
LINEUP status marked as running.
[25/07/2026 13:15:03.99] Step 1 - Backing up LINEUP config... 

===================================
LINEUP Config Backup Complete
===================================
Backup folder : C:\LINEUP\backups\2026-07-25_131504
Files copied  : 4
Old backups removed: 1

[25/07/2026 13:15:04.35] Step 2 - Running SAP capacity export... 
COOIS capacities export complete:
C:\LINEUP\data\raw\COOIS_Capacities_Latest.txt
[25/07/2026 13:15:26.62] Step 3 - Running SAP production list export... 
COOIS production list export complete:
C:\LINEUP\data\raw\COOIS_ProductionList_Latest.txt
[25/07/2026 13:16:58.49] Step 4 - Running LINEUP processing pipeline... 
LINEUP
Starting capacity parser...


===================================
LINEUP Capacity Parser Complete
===================================
Input : COOIS_Capacities_Latest.txt
Output: capacities_clean.csv
Rows  : 6226


===================================
LINEUP Production Parser Complete
===================================
Input : COOIS_ProductionList_Latest.txt
Output: production_list_clean.csv
Rows  : 2371


===================================
LINEUP Capacity Summary Complete
===================================
Input : capacities_clean.csv
Output: capacities_order_summary.csv
Rows  : 970


===================================
LINEUP Merge Complete
===================================
Production input : production_list_clean.csv
Capacity input   : capacities_order_summary.csv
Output           : master_schedule.csv
Rows             : 970
Missing metadata : 0


===================================
LINEUP Scheduling Complete
===================================
Scheduled orders : 36
Overflow orders  : 0
SAP minutes      : unchanged by default
Staffing         : explicit overrides only
Queue stability  : current + one automatic order
Insights         : assignment reasons and confidence


===================================
LINEUP Dashboard Build Complete
===================================
Input       : scheduled_orders.csv
Output      : C:\LINEUP\output\dashboard.html
Insights    : assignment reasons and confidence
Remaining   : SAP versus adjusted
Utilisation : working-calendar aware


===================================
LINEUP Schedule Report Complete
===================================
Bench utilisation: bench_utilisation.csv
Schedule summary : schedule_summary.csv


===================================
LINEUP Split Recommendations Complete
===================================
Recommendations : 0
Window          : due today or next working day only
SAP minutes     : used unchanged by default
Staffing        : explicit overrides only
Planner work    : live, held, split, forced and board orders excluded
Output          : split_recommendations.csv

[25/07/2026 13:16:58.99] Step 5 - Marking LINEUP run as successful... 
LINEUP status marked as successful.
[25/07/2026 13:16:59.31] Step 6 - Rebuilding dashboard with final status... 

===================================
LINEUP Dashboard Build Complete
===================================
Input       : scheduled_orders.csv
Output      : C:\LINEUP\output\dashboard.html
Insights    : assignment reasons and confidence
Remaining   : SAP versus adjusted
Utilisation : working-calendar aware

=================================== 
LINEUP background update finished 
25/07/2026 13:16:59.68 
=================================== 
 
=================================== 
LINEUP background update started 
25/07/2026 13:30:03.16 
=================================== 
[25/07/2026 13:30:03.17] Activating virtual environment... 
[25/07/2026 13:30:03.88] Step 0 - Marking LINEUP run as started... 
LINEUP status marked as running.
[25/07/2026 13:30:04.26] Step 1 - Backing up LINEUP config... 

===================================
LINEUP Config Backup Complete
===================================
Backup folder : C:\LINEUP\backups\2026-07-25_133004
Files copied  : 4
Old backups removed: 1

[25/07/2026 13:30:04.61] Step 2 - Running SAP capacity export... 
COOIS capacities export complete:
C:\LINEUP\data\raw\COOIS_Capacities_Latest.txt
[25/07/2026 13:30:28.79] Step 3 - Running SAP production list export... 
COOIS production list export complete:
C:\LINEUP\data\raw\COOIS_ProductionList_Latest.txt
[25/07/2026 13:32:14.04] Step 4 - Running LINEUP processing pipeline... 
LINEUP
Starting capacity parser...


===================================
LINEUP Capacity Parser Complete
===================================
Input : COOIS_Capacities_Latest.txt
Output: capacities_clean.csv
Rows  : 6226


===================================
LINEUP Production Parser Complete
===================================
Input : COOIS_ProductionList_Latest.txt
Output: production_list_clean.csv
Rows  : 2371


===================================
LINEUP Capacity Summary Complete
===================================
Input : capacities_clean.csv
Output: capacities_order_summary.csv
Rows  : 970


===================================
LINEUP Merge Complete
===================================
Production input : production_list_clean.csv
Capacity input   : capacities_order_summary.csv
Output           : master_schedule.csv
Rows             : 970
Missing metadata : 0


===================================
LINEUP Scheduling Complete
===================================
Scheduled orders : 36
Overflow orders  : 0
SAP minutes      : unchanged by default
Staffing         : explicit overrides only
Queue stability  : current + one automatic order
Insights         : assignment reasons and confidence


===================================
LINEUP Dashboard Build Complete
===================================
Input       : scheduled_orders.csv
Output      : C:\LINEUP\output\dashboard.html
Insights    : assignment reasons and confidence
Remaining   : SAP versus adjusted
Utilisation : working-calendar aware


===================================
LINEUP Schedule Report Complete
===================================
Bench utilisation: bench_utilisation.csv
Schedule summary : schedule_summary.csv


===================================
LINEUP Split Recommendations Complete
===================================
Recommendations : 0
Window          : due today or next working day only
SAP minutes     : used unchanged by default
Staffing        : explicit overrides only
Planner work    : live, held, split, forced and board orders excluded
Output          : split_recommendations.csv

[25/07/2026 13:32:14.59] Step 5 - Marking LINEUP run as successful... 
LINEUP status marked as successful.
[25/07/2026 13:32:14.89] Step 6 - Rebuilding dashboard with final status... 

===================================
LINEUP Dashboard Build Complete
===================================
Input       : scheduled_orders.csv
Output      : C:\LINEUP\output\dashboard.html
Insights    : assignment reasons and confidence
Remaining   : SAP versus adjusted
Utilisation : working-calendar aware

=================================== 
LINEUP background update finished 
25/07/2026 13:32:15.24 
=================================== 
 
=================================== 
LINEUP background update started 
25/07/2026 13:45:03.16 
=================================== 
[25/07/2026 13:45:03.16] Activating virtual environment... 
[25/07/2026 13:45:03.67] Step 0 - Marking LINEUP run as started... 
LINEUP status marked as running.
[25/07/2026 13:45:04.01] Step 1 - Backing up LINEUP config... 

===================================
LINEUP Config Backup Complete
===================================
Backup folder : C:\LINEUP\backups\2026-07-25_134504
Files copied  : 4
Old backups removed: 1

[25/07/2026 13:45:04.36] Step 2 - Running SAP capacity export... 
COOIS capacities export complete:
C:\LINEUP\data\raw\COOIS_Capacities_Latest.txt
[25/07/2026 13:45:27.42] Step 3 - Running SAP production list export... 
COOIS production list export complete:
C:\LINEUP\data\raw\COOIS_ProductionList_Latest.txt
[25/07/2026 13:46:58.08] Step 4 - Running LINEUP processing pipeline... 
LINEUP
Starting capacity parser...


===================================
LINEUP Capacity Parser Complete
===================================
Input : COOIS_Capacities_Latest.txt
Output: capacities_clean.csv
Rows  : 6226


===================================
LINEUP Production Parser Complete
===================================
Input : COOIS_ProductionList_Latest.txt
Output: production_list_clean.csv
Rows  : 2371


===================================
LINEUP Capacity Summary Complete
===================================
Input : capacities_clean.csv
Output: capacities_order_summary.csv
Rows  : 970


===================================
LINEUP Merge Complete
===================================
Production input : production_list_clean.csv
Capacity input   : capacities_order_summary.csv
Output           : master_schedule.csv
Rows             : 970
Missing metadata : 0


===================================
LINEUP Scheduling Complete
===================================
Scheduled orders : 36
Overflow orders  : 0
SAP minutes      : unchanged by default
Staffing         : explicit overrides only
Queue stability  : current + one automatic order
Insights         : assignment reasons and confidence


===================================
LINEUP Dashboard Build Complete
===================================
Input       : scheduled_orders.csv
Output      : C:\LINEUP\output\dashboard.html
Insights    : assignment reasons and confidence
Remaining   : SAP versus adjusted
Utilisation : working-calendar aware


===================================
LINEUP Schedule Report Complete
===================================
Bench utilisation: bench_utilisation.csv
Schedule summary : schedule_summary.csv


===================================
LINEUP Split Recommendations Complete
===================================
Recommendations : 0
Window          : due today or next working day only
SAP minutes     : used unchanged by default
Staffing        : explicit overrides only
Planner work    : live, held, split, forced and board orders excluded
Output          : split_recommendations.csv

[25/07/2026 13:46:58.59] Step 5 - Marking LINEUP run as successful... 
LINEUP status marked as successful.
[25/07/2026 13:46:58.91] Step 6 - Rebuilding dashboard with final status... 

===================================
LINEUP Dashboard Build Complete
===================================
Input       : scheduled_orders.csv
Output      : C:\LINEUP\output\dashboard.html
Insights    : assignment reasons and confidence
Remaining   : SAP versus adjusted
Utilisation : working-calendar aware

=================================== 
LINEUP background update finished 
25/07/2026 13:46:59.24 
=================================== 
 
=================================== 
LINEUP background update started 
25/07/2026 14:00:03.16 
=================================== 
[25/07/2026 14:00:03.16] Activating virtual environment... 
[25/07/2026 14:00:03.67] Step 0 - Marking LINEUP run as started... 
LINEUP status marked as running.
[25/07/2026 14:00:03.97] Step 1 - Backing up LINEUP config... 

===================================
LINEUP Config Backup Complete
===================================
Backup folder : C:\LINEUP\backups\2026-07-25_140004
Files copied  : 4
Old backups removed: 1

[25/07/2026 14:00:04.30] Step 2 - Running SAP capacity export... 
COOIS capacities export complete:
C:\LINEUP\data\raw\COOIS_Capacities_Latest.txt
[25/07/2026 14:00:28.50] Step 3 - Running SAP production list export... 
COOIS production list export complete:
C:\LINEUP\data\raw\COOIS_ProductionList_Latest.txt
[25/07/2026 14:03:15.62] Step 4 - Running LINEUP processing pipeline... 
LINEUP
Starting capacity parser...


===================================
LINEUP Capacity Parser Complete
===================================
Input : COOIS_Capacities_Latest.txt
Output: capacities_clean.csv
Rows  : 6226


===================================
LINEUP Production Parser Complete
===================================
Input : COOIS_ProductionList_Latest.txt
Output: production_list_clean.csv
Rows  : 2371


===================================
LINEUP Capacity Summary Complete
===================================
Input : capacities_clean.csv
Output: capacities_order_summary.csv
Rows  : 970


===================================
LINEUP Merge Complete
===================================
Production input : production_list_clean.csv
Capacity input   : capacities_order_summary.csv
Output           : master_schedule.csv
Rows             : 970
Missing metadata : 0


===================================
LINEUP Scheduling Complete
===================================
Scheduled orders : 39
Overflow orders  : 0
SAP minutes      : unchanged by default
Staffing         : explicit overrides only
Queue stability  : current + one automatic order
Insights         : assignment reasons and confidence


===================================
LINEUP Dashboard Build Complete
===================================
Input       : scheduled_orders.csv
Output      : C:\LINEUP\output\dashboard.html
Insights    : assignment reasons and confidence
Remaining   : SAP versus adjusted
Utilisation : working-calendar aware


===================================
LINEUP Schedule Report Complete
===================================
Bench utilisation: bench_utilisation.csv
Schedule summary : schedule_summary.csv


===================================
LINEUP Split Recommendations Complete
===================================
Recommendations : 0
Window          : due today or next working day only
SAP minutes     : used unchanged by default
Staffing        : explicit overrides only
Planner work    : live, held, split, forced and board orders excluded
Output          : split_recommendations.csv

[25/07/2026 14:03:16.15] Step 5 - Marking LINEUP run as successful... 
LINEUP status marked as successful.
[25/07/2026 14:03:16.45] Step 6 - Rebuilding dashboard with final status... 

===================================
LINEUP Dashboard Build Complete
===================================
Input       : scheduled_orders.csv
Output      : C:\LINEUP\output\dashboard.html
Insights    : assignment reasons and confidence
Remaining   : SAP versus adjusted
Utilisation : working-calendar aware

=================================== 
LINEUP background update finished 
25/07/2026 14:03:16.80 
=================================== 
 
=================================== 
LINEUP background update started 
25/07/2026 14:15:03.14 
=================================== 
[25/07/2026 14:15:03.15] Activating virtual environment... 
[25/07/2026 14:15:03.65] Step 0 - Marking LINEUP run as started... 
LINEUP status marked as running.
[25/07/2026 14:15:03.99] Step 1 - Backing up LINEUP config... 

===================================
LINEUP Config Backup Complete
===================================
Backup folder : C:\LINEUP\backups\2026-07-25_141504
Files copied  : 4
Old backups removed: 1

[25/07/2026 14:15:04.34] Step 2 - Running SAP capacity export... 
COOIS capacities export complete:
C:\LINEUP\data\raw\COOIS_Capacities_Latest.txt
[25/07/2026 14:15:27.11] Step 3 - Running SAP production list export... 
COOIS production list export complete:
C:\LINEUP\data\raw\COOIS_ProductionList_Latest.txt
[25/07/2026 14:17:06.11] Step 4 - Running LINEUP processing pipeline... 
LINEUP
Starting capacity parser...


===================================
LINEUP Capacity Parser Complete
===================================
Input : COOIS_Capacities_Latest.txt
Output: capacities_clean.csv
Rows  : 6226


===================================
LINEUP Production Parser Complete
===================================
Input : COOIS_ProductionList_Latest.txt
Output: production_list_clean.csv
Rows  : 2371


===================================
LINEUP Capacity Summary Complete
===================================
Input : capacities_clean.csv
Output: capacities_order_summary.csv
Rows  : 970


===================================
LINEUP Merge Complete
===================================
Production input : production_list_clean.csv
Capacity input   : capacities_order_summary.csv
Output           : master_schedule.csv
Rows             : 970
Missing metadata : 0


===================================
LINEUP Scheduling Complete
===================================
Scheduled orders : 39
Overflow orders  : 0
SAP minutes      : unchanged by default
Staffing         : explicit overrides only
Queue stability  : current + one automatic order
Insights         : assignment reasons and confidence


===================================
LINEUP Dashboard Build Complete
===================================
Input       : scheduled_orders.csv
Output      : C:\LINEUP\output\dashboard.html
Insights    : assignment reasons and confidence
Remaining   : SAP versus adjusted
Utilisation : working-calendar aware


===================================
LINEUP Schedule Report Complete
===================================
Bench utilisation: bench_utilisation.csv
Schedule summary : schedule_summary.csv


===================================
LINEUP Split Recommendations Complete
===================================
Recommendations : 0
Window          : due today or next working day only
SAP minutes     : used unchanged by default
Staffing        : explicit overrides only
Planner work    : live, held, split, forced and board orders excluded
Output          : split_recommendations.csv

[25/07/2026 14:17:06.60] Step 5 - Marking LINEUP run as successful... 
LINEUP status marked as successful.
[25/07/2026 14:17:06.90] Step 6 - Rebuilding dashboard with final status... 

===================================
LINEUP Dashboard Build Complete
===================================
Input       : scheduled_orders.csv
Output      : C:\LINEUP\output\dashboard.html
Insights    : assignment reasons and confidence
Remaining   : SAP versus adjusted
Utilisation : working-calendar aware

=================================== 
LINEUP background update finished 
25/07/2026 14:17:07.24 
=================================== 
 
=================================== 
LINEUP background update started 
25/07/2026 14:30:03.12 
=================================== 
[25/07/2026 14:30:03.12] Activating virtual environment... 
[25/07/2026 14:30:03.64] Step 0 - Marking LINEUP run as started... 
LINEUP status marked as running.
[25/07/2026 14:30:04.10] Step 1 - Backing up LINEUP config... 

===================================
LINEUP Config Backup Complete
===================================
Backup folder : C:\LINEUP\backups\2026-07-25_143004
Files copied  : 4
Old backups removed: 1

[25/07/2026 14:30:04.44] Step 2 - Running SAP capacity export... 
COOIS capacities export complete:
C:\LINEUP\data\raw\COOIS_Capacities_Latest.txt
[25/07/2026 14:30:27.53] Step 3 - Running SAP production list export... 
COOIS production list export complete:
C:\LINEUP\data\raw\COOIS_ProductionList_Latest.txt
[25/07/2026 14:32:06.54] Step 4 - Running LINEUP processing pipeline... 
LINEUP
Starting capacity parser...


===================================
LINEUP Capacity Parser Complete
===================================
Input : COOIS_Capacities_Latest.txt
Output: capacities_clean.csv
Rows  : 6226


===================================
LINEUP Production Parser Complete
===================================
Input : COOIS_ProductionList_Latest.txt
Output: production_list_clean.csv
Rows  : 2371


===================================
LINEUP Capacity Summary Complete
===================================
Input : capacities_clean.csv
Output: capacities_order_summary.csv
Rows  : 970


===================================
LINEUP Merge Complete
===================================
Production input : production_list_clean.csv
Capacity input   : capacities_order_summary.csv
Output           : master_schedule.csv
Rows             : 970
Missing metadata : 0


===================================
LINEUP Scheduling Complete
===================================
Scheduled orders : 39
Overflow orders  : 0
SAP minutes      : unchanged by default
Staffing         : explicit overrides only
Queue stability  : current + one automatic order
Insights         : assignment reasons and confidence


===================================
LINEUP Dashboard Build Complete
===================================
Input       : scheduled_orders.csv
Output      : C:\LINEUP\output\dashboard.html
Insights    : assignment reasons and confidence
Remaining   : SAP versus adjusted
Utilisation : working-calendar aware


===================================
LINEUP Schedule Report Complete
===================================
Bench utilisation: bench_utilisation.csv
Schedule summary : schedule_summary.csv


===================================
LINEUP Split Recommendations Complete
===================================
Recommendations : 0
Window          : due today or next working day only
SAP minutes     : used unchanged by default
Staffing        : explicit overrides only
Planner work    : live, held, split, forced and board orders excluded
Output          : split_recommendations.csv

[25/07/2026 14:32:07.03] Step 5 - Marking LINEUP run as successful... 
LINEUP status marked as successful.
[25/07/2026 14:32:07.35] Step 6 - Rebuilding dashboard with final status... 

===================================
LINEUP Dashboard Build Complete
===================================
Input       : scheduled_orders.csv
Output      : C:\LINEUP\output\dashboard.html
Insights    : assignment reasons and confidence
Remaining   : SAP versus adjusted
Utilisation : working-calendar aware

=================================== 
LINEUP background update finished 
25/07/2026 14:32:07.68 
=================================== 
 
=================================== 
LINEUP background update started 
25/07/2026 14:45:03.13 
=================================== 
[25/07/2026 14:45:03.14] Activating virtual environment... 
[25/07/2026 14:45:03.64] Step 0 - Marking LINEUP run as started... 
LINEUP status marked as running.
[25/07/2026 14:45:03.96] Step 1 - Backing up LINEUP config... 

===================================
LINEUP Config Backup Complete
===================================
Backup folder : C:\LINEUP\backups\2026-07-25_144504
Files copied  : 4
Old backups removed: 1

[25/07/2026 14:45:04.32] Step 2 - Running SAP capacity export... 
COOIS capacities export complete:
C:\LINEUP\data\raw\COOIS_Capacities_Latest.txt
[25/07/2026 14:45:26.70] Step 3 - Running SAP production list export... 
COOIS production list export complete:
C:\LINEUP\data\raw\COOIS_ProductionList_Latest.txt
[25/07/2026 14:46:57.81] Step 4 - Running LINEUP processing pipeline... 
LINEUP
Starting capacity parser...


===================================
LINEUP Capacity Parser Complete
===================================
Input : COOIS_Capacities_Latest.txt
Output: capacities_clean.csv
Rows  : 6226


===================================
LINEUP Production Parser Complete
===================================
Input : COOIS_ProductionList_Latest.txt
Output: production_list_clean.csv
Rows  : 2371


===================================
LINEUP Capacity Summary Complete
===================================
Input : capacities_clean.csv
Output: capacities_order_summary.csv
Rows  : 970


===================================
LINEUP Merge Complete
===================================
Production input : production_list_clean.csv
Capacity input   : capacities_order_summary.csv
Output           : master_schedule.csv
Rows             : 970
Missing metadata : 0


===================================
LINEUP Scheduling Complete
===================================
Scheduled orders : 39
Overflow orders  : 0
SAP minutes      : unchanged by default
Staffing         : explicit overrides only
Queue stability  : current + one automatic order
Insights         : assignment reasons and confidence


===================================
LINEUP Dashboard Build Complete
===================================
Input       : scheduled_orders.csv
Output      : C:\LINEUP\output\dashboard.html
Insights    : assignment reasons and confidence
Remaining   : SAP versus adjusted
Utilisation : working-calendar aware


===================================
LINEUP Schedule Report Complete
===================================
Bench utilisation: bench_utilisation.csv
Schedule summary : schedule_summary.csv


===================================
LINEUP Split Recommendations Complete
===================================
Recommendations : 0
Window          : due today or next working day only
SAP minutes     : used unchanged by default
Staffing        : explicit overrides only
Planner work    : live, held, split, forced and board orders excluded
Output          : split_recommendations.csv

[25/07/2026 14:46:58.35] Step 5 - Marking LINEUP run as successful... 
LINEUP status marked as successful.
[25/07/2026 14:46:58.66] Step 6 - Rebuilding dashboard with final status... 

===================================
LINEUP Dashboard Build Complete
===================================
Input       : scheduled_orders.csv
Output      : C:\LINEUP\output\dashboard.html
Insights    : assignment reasons and confidence
Remaining   : SAP versus adjusted
Utilisation : working-calendar aware

=================================== 
LINEUP background update finished 
25/07/2026 14:46:58.99 
=================================== 
 
=================================== 
LINEUP background update started 
25/07/2026 15:00:03.24 
=================================== 
[25/07/2026 15:00:03.24] Activating virtual environment... 
[25/07/2026 15:00:03.76] Step 0 - Marking LINEUP run as started... 
LINEUP status marked as running.
[25/07/2026 15:00:04.08] Step 1 - Backing up LINEUP config... 

===================================
LINEUP Config Backup Complete
===================================
Backup folder : C:\LINEUP\backups\2026-07-25_150004
Files copied  : 4
Old backups removed: 1

[25/07/2026 15:00:04.41] Step 2 - Running SAP capacity export... 
COOIS capacities export complete:
C:\LINEUP\data\raw\COOIS_Capacities_Latest.txt
[25/07/2026 15:00:27.83] Step 3 - Running SAP production list export... 
COOIS production list export complete:
C:\LINEUP\data\raw\COOIS_ProductionList_Latest.txt
[25/07/2026 15:02:43.70] Step 4 - Running LINEUP processing pipeline... 
LINEUP
Starting capacity parser...


===================================
LINEUP Capacity Parser Complete
===================================
Input : COOIS_Capacities_Latest.txt
Output: capacities_clean.csv
Rows  : 6226


===================================
LINEUP Production Parser Complete
===================================
Input : COOIS_ProductionList_Latest.txt
Output: production_list_clean.csv
Rows  : 2371


===================================
LINEUP Capacity Summary Complete
===================================
Input : capacities_clean.csv
Output: capacities_order_summary.csv
Rows  : 970


===================================
LINEUP Merge Complete
===================================
Production input : production_list_clean.csv
Capacity input   : capacities_order_summary.csv
Output           : master_schedule.csv
Rows             : 970
Missing metadata : 0


===================================
LINEUP Scheduling Complete
===================================
Scheduled orders : 39
Overflow orders  : 0
SAP minutes      : unchanged by default
Staffing         : explicit overrides only
Queue stability  : current + one automatic order
Insights         : assignment reasons and confidence


===================================
LINEUP Dashboard Build Complete
===================================
Input       : scheduled_orders.csv
Output      : C:\LINEUP\output\dashboard.html
Insights    : assignment reasons and confidence
Remaining   : SAP versus adjusted
Utilisation : working-calendar aware


===================================
LINEUP Schedule Report Complete
===================================
Bench utilisation: bench_utilisation.csv
Schedule summary : schedule_summary.csv


===================================
LINEUP Split Recommendations Complete
===================================
Recommendations : 0
Window          : due today or next working day only
SAP minutes     : used unchanged by default
Staffing        : explicit overrides only
Planner work    : live, held, split, forced and board orders excluded
Output          : split_recommendations.csv

[25/07/2026 15:02:44.21] Step 5 - Marking LINEUP run as successful... 
LINEUP status marked as successful.
[25/07/2026 15:02:44.54] Step 6 - Rebuilding dashboard with final status... 

===================================
LINEUP Dashboard Build Complete
===================================
Input       : scheduled_orders.csv
Output      : C:\LINEUP\output\dashboard.html
Insights    : assignment reasons and confidence
Remaining   : SAP versus adjusted
Utilisation : working-calendar aware

=================================== 
LINEUP background update finished 
25/07/2026 15:02:44.87 
=================================== 
 
=================================== 
LINEUP background update started 
25/07/2026 15:15:03.35 
=================================== 
[25/07/2026 15:15:03.35] Activating virtual environment... 
[25/07/2026 15:15:03.89] Step 0 - Marking LINEUP run as started... 
LINEUP status marked as running.
[25/07/2026 15:15:04.20] Step 1 - Backing up LINEUP config... 

===================================
LINEUP Config Backup Complete
===================================
Backup folder : C:\LINEUP\backups\2026-07-25_151504
Files copied  : 4
Old backups removed: 1

[25/07/2026 15:15:04.56] Step 2 - Running SAP capacity export... 
COOIS capacities export complete:
C:\LINEUP\data\raw\COOIS_Capacities_Latest.txt
[25/07/2026 15:15:26.66] Step 3 - Running SAP production list export... 
COOIS production list export complete:
C:\LINEUP\data\raw\COOIS_ProductionList_Latest.txt
[25/07/2026 15:16:59.91] Step 4 - Running LINEUP processing pipeline... 
LINEUP
Starting capacity parser...


===================================
LINEUP Capacity Parser Complete
===================================
Input : COOIS_Capacities_Latest.txt
Output: capacities_clean.csv
Rows  : 6226


===================================
LINEUP Production Parser Complete
===================================
Input : COOIS_ProductionList_Latest.txt
Output: production_list_clean.csv
Rows  : 2371


===================================
LINEUP Capacity Summary Complete
===================================
Input : capacities_clean.csv
Output: capacities_order_summary.csv
Rows  : 970


===================================
LINEUP Merge Complete
===================================
Production input : production_list_clean.csv
Capacity input   : capacities_order_summary.csv
Output           : master_schedule.csv
Rows             : 970
Missing metadata : 0


===================================
LINEUP Scheduling Complete
===================================
Scheduled orders : 39
Overflow orders  : 0
SAP minutes      : unchanged by default
Staffing         : explicit overrides only
Queue stability  : current + one automatic order
Insights         : assignment reasons and confidence


===================================
LINEUP Dashboard Build Complete
===================================
Input       : scheduled_orders.csv
Output      : C:\LINEUP\output\dashboard.html
Insights    : assignment reasons and confidence
Remaining   : SAP versus adjusted
Utilisation : working-calendar aware


===================================
LINEUP Schedule Report Complete
===================================
Bench utilisation: bench_utilisation.csv
Schedule summary : schedule_summary.csv


===================================
LINEUP Split Recommendations Complete
===================================
Recommendations : 0
Window          : due today or next working day only
SAP minutes     : used unchanged by default
Staffing        : explicit overrides only
Planner work    : live, held, split, forced and board orders excluded
Output          : split_recommendations.csv

[25/07/2026 15:17:00.39] Step 5 - Marking LINEUP run as successful... 
LINEUP status marked as successful.
[25/07/2026 15:17:00.71] Step 6 - Rebuilding dashboard with final status... 

===================================
LINEUP Dashboard Build Complete
===================================
Input       : scheduled_orders.csv
Output      : C:\LINEUP\output\dashboard.html
Insights    : assignment reasons and confidence
Remaining   : SAP versus adjusted
Utilisation : working-calendar aware

=================================== 
LINEUP background update finished 
25/07/2026 15:17:01.05 
=================================== 
 
=================================== 
LINEUP background update started 
25/07/2026 15:30:03.12 
=================================== 
[25/07/2026 15:30:03.12] Activating virtual environment... 
[25/07/2026 15:30:03.65] Step 0 - Marking LINEUP run as started... 
LINEUP status marked as running.
[25/07/2026 15:30:03.97] Step 1 - Backing up LINEUP config... 

===================================
LINEUP Config Backup Complete
===================================
Backup folder : C:\LINEUP\backups\2026-07-25_153004
Files copied  : 4
Old backups removed: 1

[25/07/2026 15:30:04.29] Step 2 - Running SAP capacity export... 
COOIS capacities export complete:
C:\LINEUP\data\raw\COOIS_Capacities_Latest.txt
[25/07/2026 15:30:27.25] Step 3 - Running SAP production list export... 
COOIS production list export complete:
C:\LINEUP\data\raw\COOIS_ProductionList_Latest.txt
[25/07/2026 15:32:13.03] Step 4 - Running LINEUP processing pipeline... 
LINEUP
Starting capacity parser...


===================================
LINEUP Capacity Parser Complete
===================================
Input : COOIS_Capacities_Latest.txt
Output: capacities_clean.csv
Rows  : 6226


===================================
LINEUP Production Parser Complete
===================================
Input : COOIS_ProductionList_Latest.txt
Output: production_list_clean.csv
Rows  : 2371


===================================
LINEUP Capacity Summary Complete
===================================
Input : capacities_clean.csv
Output: capacities_order_summary.csv
Rows  : 970


===================================
LINEUP Merge Complete
===================================
Production input : production_list_clean.csv
Capacity input   : capacities_order_summary.csv
Output           : master_schedule.csv
Rows             : 970
Missing metadata : 0


===================================
LINEUP Scheduling Complete
===================================
Scheduled orders : 39
Overflow orders  : 0
SAP minutes      : unchanged by default
Staffing         : explicit overrides only
Queue stability  : current + one automatic order
Insights         : assignment reasons and confidence


===================================
LINEUP Dashboard Build Complete
===================================
Input       : scheduled_orders.csv
Output      : C:\LINEUP\output\dashboard.html
Insights    : assignment reasons and confidence
Remaining   : SAP versus adjusted
Utilisation : working-calendar aware


===================================
LINEUP Schedule Report Complete
===================================
Bench utilisation: bench_utilisation.csv
Schedule summary : schedule_summary.csv


===================================
LINEUP Split Recommendations Complete
===================================
Recommendations : 0
Window          : due today or next working day only
SAP minutes     : used unchanged by default
Staffing        : explicit overrides only
Planner work    : live, held, split, forced and board orders excluded
Output          : split_recommendations.csv

[25/07/2026 15:32:13.53] Step 5 - Marking LINEUP run as successful... 
LINEUP status marked as successful.
[25/07/2026 15:32:13.83] Step 6 - Rebuilding dashboard with final status... 

===================================
LINEUP Dashboard Build Complete
===================================
Input       : scheduled_orders.csv
Output      : C:\LINEUP\output\dashboard.html
Insights    : assignment reasons and confidence
Remaining   : SAP versus adjusted
Utilisation : working-calendar aware

=================================== 
LINEUP background update finished 
25/07/2026 15:32:14.14 
=================================== 
 
=================================== 
LINEUP background update started 
25/07/2026 15:45:03.17 
=================================== 
[25/07/2026 15:45:03.18] Activating virtual environment... 
[25/07/2026 15:45:03.70] Step 0 - Marking LINEUP run as started... 
LINEUP status marked as running.
[25/07/2026 15:45:04.01] Step 1 - Backing up LINEUP config... 

===================================
LINEUP Config Backup Complete
===================================
Backup folder : C:\LINEUP\backups\2026-07-25_154504
Files copied  : 4
Old backups removed: 1

[25/07/2026 15:45:04.37] Step 2 - Running SAP capacity export... 
COOIS capacities export complete:
C:\LINEUP\data\raw\COOIS_Capacities_Latest.txt
[25/07/2026 15:45:26.41] Step 3 - Running SAP production list export... 
COOIS production list export complete:
C:\LINEUP\data\raw\COOIS_ProductionList_Latest.txt
[25/07/2026 15:46:59.08] Step 4 - Running LINEUP processing pipeline... 
LINEUP
Starting capacity parser...


===================================
LINEUP Capacity Parser Complete
===================================
Input : COOIS_Capacities_Latest.txt
Output: capacities_clean.csv
Rows  : 6226


===================================
LINEUP Production Parser Complete
===================================
Input : COOIS_ProductionList_Latest.txt
Output: production_list_clean.csv
Rows  : 2371


===================================
LINEUP Capacity Summary Complete
===================================
Input : capacities_clean.csv
Output: capacities_order_summary.csv
Rows  : 970


===================================
LINEUP Merge Complete
===================================
Production input : production_list_clean.csv
Capacity input   : capacities_order_summary.csv
Output           : master_schedule.csv
Rows             : 970
Missing metadata : 0


===================================
LINEUP Scheduling Complete
===================================
Scheduled orders : 39
Overflow orders  : 0
SAP minutes      : unchanged by default
Staffing         : explicit overrides only
Queue stability  : current + one automatic order
Insights         : assignment reasons and confidence


===================================
LINEUP Dashboard Build Complete
===================================
Input       : scheduled_orders.csv
Output      : C:\LINEUP\output\dashboard.html
Insights    : assignment reasons and confidence
Remaining   : SAP versus adjusted
Utilisation : working-calendar aware


===================================
LINEUP Schedule Report Complete
===================================
Bench utilisation: bench_utilisation.csv
Schedule summary : schedule_summary.csv


===================================
LINEUP Split Recommendations Complete
===================================
Recommendations : 0
Window          : due today or next working day only
SAP minutes     : used unchanged by default
Staffing        : explicit overrides only
Planner work    : live, held, split, forced and board orders excluded
Output          : split_recommendations.csv

[25/07/2026 15:46:59.60] Step 5 - Marking LINEUP run as successful... 
LINEUP status marked as successful.
[25/07/2026 15:46:59.91] Step 6 - Rebuilding dashboard with final status... 

===================================
LINEUP Dashboard Build Complete
===================================
Input       : scheduled_orders.csv
Output      : C:\LINEUP\output\dashboard.html
Insights    : assignment reasons and confidence
Remaining   : SAP versus adjusted
Utilisation : working-calendar aware

=================================== 
LINEUP background update finished 
25/07/2026 15:47:00.25 
=================================== 
 
=================================== 
LINEUP background update started 
25/07/2026 16:00:03.12 
=================================== 
[25/07/2026 16:00:03.13] Activating virtual environment... 
[25/07/2026 16:00:03.64] Step 0 - Marking LINEUP run as started... 
LINEUP status marked as running.
[25/07/2026 16:00:03.97] Step 1 - Backing up LINEUP config... 

===================================
LINEUP Config Backup Complete
===================================
Backup folder : C:\LINEUP\backups\2026-07-25_160004
Files copied  : 4
Old backups removed: 1

[25/07/2026 16:00:04.32] Step 2 - Running SAP capacity export... 
COOIS capacities export complete:
C:\LINEUP\data\raw\COOIS_Capacities_Latest.txt
[25/07/2026 16:00:28.60] Step 3 - Running SAP production list export... 
COOIS production list export complete:
C:\LINEUP\data\raw\COOIS_ProductionList_Latest.txt
[25/07/2026 16:02:44.55] Step 4 - Running LINEUP processing pipeline... 
LINEUP
Starting capacity parser...


===================================
LINEUP Capacity Parser Complete
===================================
Input : COOIS_Capacities_Latest.txt
Output: capacities_clean.csv
Rows  : 6226


===================================
LINEUP Production Parser Complete
===================================
Input : COOIS_ProductionList_Latest.txt
Output: production_list_clean.csv
Rows  : 2371


===================================
LINEUP Capacity Summary Complete
===================================
Input : capacities_clean.csv
Output: capacities_order_summary.csv
Rows  : 970


===================================
LINEUP Merge Complete
===================================
Production input : production_list_clean.csv
Capacity input   : capacities_order_summary.csv
Output           : master_schedule.csv
Rows             : 970
Missing metadata : 0


===================================
LINEUP Scheduling Complete
===================================
Scheduled orders : 39
Overflow orders  : 0
SAP minutes      : unchanged by default
Staffing         : explicit overrides only
Queue stability  : current + one automatic order
Insights         : assignment reasons and confidence


===================================
LINEUP Dashboard Build Complete
===================================
Input       : scheduled_orders.csv
Output      : C:\LINEUP\output\dashboard.html
Insights    : assignment reasons and confidence
Remaining   : SAP versus adjusted
Utilisation : working-calendar aware


===================================
LINEUP Schedule Report Complete
===================================
Bench utilisation: bench_utilisation.csv
Schedule summary : schedule_summary.csv


===================================
LINEUP Split Recommendations Complete
===================================
Recommendations : 0
Window          : due today or next working day only
SAP minutes     : used unchanged by default
Staffing        : explicit overrides only
Planner work    : live, held, split, forced and board orders excluded
Output          : split_recommendations.csv

[25/07/2026 16:02:45.08] Step 5 - Marking LINEUP run as successful... 
LINEUP status marked as successful.
[25/07/2026 16:02:45.40] Step 6 - Rebuilding dashboard with final status... 

===================================
LINEUP Dashboard Build Complete
===================================
Input       : scheduled_orders.csv
Output      : C:\LINEUP\output\dashboard.html
Insights    : assignment reasons and confidence
Remaining   : SAP versus adjusted
Utilisation : working-calendar aware

=================================== 
LINEUP background update finished 
25/07/2026 16:02:45.73 
=================================== 
 
=================================== 
LINEUP background update started 
25/07/2026 16:15:03.11 
=================================== 
[25/07/2026 16:15:03.11] Activating virtual environment... 
[25/07/2026 16:15:03.62] Step 0 - Marking LINEUP run as started... 
LINEUP status marked as running.
[25/07/2026 16:15:03.96] Step 1 - Backing up LINEUP config... 

===================================
LINEUP Config Backup Complete
===================================
Backup folder : C:\LINEUP\backups\2026-07-25_161504
Files copied  : 4
Old backups removed: 1

[25/07/2026 16:15:04.35] Step 2 - Running SAP capacity export... 
COOIS capacities export complete:
C:\LINEUP\data\raw\COOIS_Capacities_Latest.txt
[25/07/2026 16:15:26.95] Step 3 - Running SAP production list export... 
COOIS production list export complete:
C:\LINEUP\data\raw\COOIS_ProductionList_Latest.txt
[25/07/2026 16:16:59.69] Step 4 - Running LINEUP processing pipeline... 
LINEUP
Starting capacity parser...


===================================
LINEUP Capacity Parser Complete
===================================
Input : COOIS_Capacities_Latest.txt
Output: capacities_clean.csv
Rows  : 6226


===================================
LINEUP Production Parser Complete
===================================
Input : COOIS_ProductionList_Latest.txt
Output: production_list_clean.csv
Rows  : 2371


===================================
LINEUP Capacity Summary Complete
===================================
Input : capacities_clean.csv
Output: capacities_order_summary.csv
Rows  : 970


===================================
LINEUP Merge Complete
===================================
Production input : production_list_clean.csv
Capacity input   : capacities_order_summary.csv
Output           : master_schedule.csv
Rows             : 970
Missing metadata : 0


===================================
LINEUP Scheduling Complete
===================================
Scheduled orders : 39
Overflow orders  : 0
SAP minutes      : unchanged by default
Staffing         : explicit overrides only
Queue stability  : current + one automatic order
Insights         : assignment reasons and confidence


===================================
LINEUP Dashboard Build Complete
===================================
Input       : scheduled_orders.csv
Output      : C:\LINEUP\output\dashboard.html
Insights    : assignment reasons and confidence
Remaining   : SAP versus adjusted
Utilisation : working-calendar aware


===================================
LINEUP Schedule Report Complete
===================================
Bench utilisation: bench_utilisation.csv
Schedule summary : schedule_summary.csv


===================================
LINEUP Split Recommendations Complete
===================================
Recommendations : 0
Window          : due today or next working day only
SAP minutes     : used unchanged by default
Staffing        : explicit overrides only
Planner work    : live, held, split, forced and board orders excluded
Output          : split_recommendations.csv

[25/07/2026 16:17:00.30] Step 5 - Marking LINEUP run as successful... 
LINEUP status marked as successful.
[25/07/2026 16:17:00.61] Step 6 - Rebuilding dashboard with final status... 

===================================
LINEUP Dashboard Build Complete
===================================
Input       : scheduled_orders.csv
Output      : C:\LINEUP\output\dashboard.html
Insights    : assignment reasons and confidence
Remaining   : SAP versus adjusted
Utilisation : working-calendar aware

=================================== 
LINEUP background update finished 
25/07/2026 16:17:00.92 
=================================== 
 
=================================== 
LINEUP background update started 
25/07/2026 16:30:03.22 
=================================== 
[25/07/2026 16:30:03.22] Activating virtual environment... 
[25/07/2026 16:30:03.76] Step 0 - Marking LINEUP run as started... 
LINEUP status marked as running.
[25/07/2026 16:30:04.08] Step 1 - Backing up LINEUP config... 

===================================
LINEUP Config Backup Complete
===================================
Backup folder : C:\LINEUP\backups\2026-07-25_163004
Files copied  : 4
Old backups removed: 1

[25/07/2026 16:30:04.47] Step 2 - Running SAP capacity export... 
COOIS capacities export complete:
C:\LINEUP\data\raw\COOIS_Capacities_Latest.txt
[25/07/2026 16:30:27.78] Step 3 - Running SAP production list export... 
COOIS production list export complete:
C:\LINEUP\data\raw\COOIS_ProductionList_Latest.txt
[25/07/2026 16:32:08.52] Step 4 - Running LINEUP processing pipeline... 
LINEUP
Starting capacity parser...


===================================
LINEUP Capacity Parser Complete
===================================
Input : COOIS_Capacities_Latest.txt
Output: capacities_clean.csv
Rows  : 6226


===================================
LINEUP Production Parser Complete
===================================
Input : COOIS_ProductionList_Latest.txt
Output: production_list_clean.csv
Rows  : 2371


===================================
LINEUP Capacity Summary Complete
===================================
Input : capacities_clean.csv
Output: capacities_order_summary.csv
Rows  : 970


===================================
LINEUP Merge Complete
===================================
Production input : production_list_clean.csv
Capacity input   : capacities_order_summary.csv
Output           : master_schedule.csv
Rows             : 970
Missing metadata : 0


===================================
LINEUP Scheduling Complete
===================================
Scheduled orders : 39
Overflow orders  : 0
SAP minutes      : unchanged by default
Staffing         : explicit overrides only
Queue stability  : current + one automatic order
Insights         : assignment reasons and confidence


===================================
LINEUP Dashboard Build Complete
===================================
Input       : scheduled_orders.csv
Output      : C:\LINEUP\output\dashboard.html
Insights    : assignment reasons and confidence
Remaining   : SAP versus adjusted
Utilisation : working-calendar aware


===================================
LINEUP Schedule Report Complete
===================================
Bench utilisation: bench_utilisation.csv
Schedule summary : schedule_summary.csv


===================================
LINEUP Split Recommendations Complete
===================================
Recommendations : 0
Window          : due today or next working day only
SAP minutes     : used unchanged by default
Staffing        : explicit overrides only
Planner work    : live, held, split, forced and board orders excluded
Output          : split_recommendations.csv

[25/07/2026 16:32:09.04] Step 5 - Marking LINEUP run as successful... 
LINEUP status marked as successful.
[25/07/2026 16:32:09.36] Step 6 - Rebuilding dashboard with final status... 

===================================
LINEUP Dashboard Build Complete
===================================
Input       : scheduled_orders.csv
Output      : C:\LINEUP\output\dashboard.html
Insights    : assignment reasons and confidence
Remaining   : SAP versus adjusted
Utilisation : working-calendar aware

=================================== 
LINEUP background update finished 
25/07/2026 16:32:09.70 
=================================== 
 
=================================== 
LINEUP background update started 
25/07/2026 16:45:03.17 
=================================== 
[25/07/2026 16:45:03.17] Activating virtual environment... 
[25/07/2026 16:45:03.70] Step 0 - Marking LINEUP run as started... 
LINEUP status marked as running.
[25/07/2026 16:45:04.02] Step 1 - Backing up LINEUP config... 

===================================
LINEUP Config Backup Complete
===================================
Backup folder : C:\LINEUP\backups\2026-07-25_164504
Files copied  : 4
Old backups removed: 1

[25/07/2026 16:45:04.39] Step 2 - Running SAP capacity export... 
COOIS capacities export complete:
C:\LINEUP\data\raw\COOIS_Capacities_Latest.txt
[25/07/2026 16:45:26.56] Step 3 - Running SAP production list export... 
COOIS production list export complete:
C:\LINEUP\data\raw\COOIS_ProductionList_Latest.txt
[25/07/2026 16:46:57.86] Step 4 - Running LINEUP processing pipeline... 
LINEUP
Starting capacity parser...


===================================
LINEUP Capacity Parser Complete
===================================
Input : COOIS_Capacities_Latest.txt
Output: capacities_clean.csv
Rows  : 6226


===================================
LINEUP Production Parser Complete
===================================
Input : COOIS_ProductionList_Latest.txt
Output: production_list_clean.csv
Rows  : 2371


===================================
LINEUP Capacity Summary Complete
===================================
Input : capacities_clean.csv
Output: capacities_order_summary.csv
Rows  : 970


===================================
LINEUP Merge Complete
===================================
Production input : production_list_clean.csv
Capacity input   : capacities_order_summary.csv
Output           : master_schedule.csv
Rows             : 970
Missing metadata : 0


===================================
LINEUP Scheduling Complete
===================================
Scheduled orders : 39
Overflow orders  : 0
SAP minutes      : unchanged by default
Staffing         : explicit overrides only
Queue stability  : current + one automatic order
Insights         : assignment reasons and confidence


===================================
LINEUP Dashboard Build Complete
===================================
Input       : scheduled_orders.csv
Output      : C:\LINEUP\output\dashboard.html
Insights    : assignment reasons and confidence
Remaining   : SAP versus adjusted
Utilisation : working-calendar aware


===================================
LINEUP Schedule Report Complete
===================================
Bench utilisation: bench_utilisation.csv
Schedule summary : schedule_summary.csv


===================================
LINEUP Split Recommendations Complete
===================================
Recommendations : 0
Window          : due today or next working day only
SAP minutes     : used unchanged by default
Staffing        : explicit overrides only
Planner work    : live, held, split, forced and board orders excluded
Output          : split_recommendations.csv

[25/07/2026 16:46:58.36] Step 5 - Marking LINEUP run as successful... 
LINEUP status marked as successful.
[25/07/2026 16:46:58.66] Step 6 - Rebuilding dashboard with final status... 

===================================
LINEUP Dashboard Build Complete
===================================
Input       : scheduled_orders.csv
Output      : C:\LINEUP\output\dashboard.html
Insights    : assignment reasons and confidence
Remaining   : SAP versus adjusted
Utilisation : working-calendar aware

=================================== 
LINEUP background update finished 
25/07/2026 16:46:59.00 
=================================== 
 
=================================== 
LINEUP background update started 
25/07/2026 17:00:03.30 
=================================== 
[25/07/2026 17:00:03.30] Activating virtual environment... 
[25/07/2026 17:00:03.83] Step 0 - Marking LINEUP run as started... 
LINEUP status marked as running.
[25/07/2026 17:00:04.17] Step 1 - Backing up LINEUP config... 

===================================
LINEUP Config Backup Complete
===================================
Backup folder : C:\LINEUP\backups\2026-07-25_170004
Files copied  : 4
Old backups removed: 1

[25/07/2026 17:00:04.51] Step 2 - Running SAP capacity export... 
COOIS capacities export complete:
C:\LINEUP\data\raw\COOIS_Capacities_Latest.txt
[25/07/2026 17:00:27.35] Step 3 - Running SAP production list export... 
COOIS production list export complete:
C:\LINEUP\data\raw\COOIS_ProductionList_Latest.txt
[25/07/2026 17:02:32.40] Step 4 - Running LINEUP processing pipeline... 
LINEUP
Starting capacity parser...


===================================
LINEUP Capacity Parser Complete
===================================
Input : COOIS_Capacities_Latest.txt
Output: capacities_clean.csv
Rows  : 6226


===================================
LINEUP Production Parser Complete
===================================
Input : COOIS_ProductionList_Latest.txt
Output: production_list_clean.csv
Rows  : 2371


===================================
LINEUP Capacity Summary Complete
===================================
Input : capacities_clean.csv
Output: capacities_order_summary.csv
Rows  : 970


===================================
LINEUP Merge Complete
===================================
Production input : production_list_clean.csv
Capacity input   : capacities_order_summary.csv
Output           : master_schedule.csv
Rows             : 970
Missing metadata : 0


===================================
LINEUP Scheduling Complete
===================================
Scheduled orders : 39
Overflow orders  : 0
SAP minutes      : unchanged by default
Staffing         : explicit overrides only
Queue stability  : current + one automatic order
Insights         : assignment reasons and confidence


===================================
LINEUP Dashboard Build Complete
===================================
Input       : scheduled_orders.csv
Output      : C:\LINEUP\output\dashboard.html
Insights    : assignment reasons and confidence
Remaining   : SAP versus adjusted
Utilisation : working-calendar aware


===================================
LINEUP Schedule Report Complete
===================================
Bench utilisation: bench_utilisation.csv
Schedule summary : schedule_summary.csv


===================================
LINEUP Split Recommendations Complete
===================================
Recommendations : 0
Window          : due today or next working day only
SAP minutes     : used unchanged by default
Staffing        : explicit overrides only
Planner work    : live, held, split, forced and board orders excluded
Output          : split_recommendations.csv

[25/07/2026 17:02:32.89] Step 5 - Marking LINEUP run as successful... 
LINEUP status marked as successful.
[25/07/2026 17:02:33.19] Step 6 - Rebuilding dashboard with final status... 

===================================
LINEUP Dashboard Build Complete
===================================
Input       : scheduled_orders.csv
Output      : C:\LINEUP\output\dashboard.html
Insights    : assignment reasons and confidence
Remaining   : SAP versus adjusted
Utilisation : working-calendar aware

=================================== 
LINEUP background update finished 
25/07/2026 17:02:33.51 
=================================== 
 
=================================== 
LINEUP background update started 
25/07/2026 17:15:03.28 
=================================== 
[25/07/2026 17:15:03.28] Activating virtual environment... 
[25/07/2026 17:15:03.81] Step 0 - Marking LINEUP run as started... 
LINEUP status marked as running.
[25/07/2026 17:15:04.15] Step 1 - Backing up LINEUP config... 

===================================
LINEUP Config Backup Complete
===================================
Backup folder : C:\LINEUP\backups\2026-07-25_171504
Files copied  : 4
Old backups removed: 1

[25/07/2026 17:15:04.49] Step 2 - Running SAP capacity export... 
COOIS capacities export complete:
C:\LINEUP\data\raw\COOIS_Capacities_Latest.txt
[25/07/2026 17:15:27.05] Step 3 - Running SAP production list export... 
COOIS production list export complete:
C:\LINEUP\data\raw\COOIS_ProductionList_Latest.txt
[25/07/2026 17:17:05.57] Step 4 - Running LINEUP processing pipeline... 
LINEUP
Starting capacity parser...


===================================
LINEUP Capacity Parser Complete
===================================
Input : COOIS_Capacities_Latest.txt
Output: capacities_clean.csv
Rows  : 6226


===================================
LINEUP Production Parser Complete
===================================
Input : COOIS_ProductionList_Latest.txt
Output: production_list_clean.csv
Rows  : 2371


===================================
LINEUP Capacity Summary Complete
===================================
Input : capacities_clean.csv
Output: capacities_order_summary.csv
Rows  : 970


===================================
LINEUP Merge Complete
===================================
Production input : production_list_clean.csv
Capacity input   : capacities_order_summary.csv
Output           : master_schedule.csv
Rows             : 970
Missing metadata : 0


===================================
LINEUP Scheduling Complete
===================================
Scheduled orders : 39
Overflow orders  : 0
SAP minutes      : unchanged by default
Staffing         : explicit overrides only
Queue stability  : current + one automatic order
Insights         : assignment reasons and confidence


===================================
LINEUP Dashboard Build Complete
===================================
Input       : scheduled_orders.csv
Output      : C:\LINEUP\output\dashboard.html
Insights    : assignment reasons and confidence
Remaining   : SAP versus adjusted
Utilisation : working-calendar aware


===================================
LINEUP Schedule Report Complete
===================================
Bench utilisation: bench_utilisation.csv
Schedule summary : schedule_summary.csv


===================================
LINEUP Split Recommendations Complete
===================================
Recommendations : 0
Window          : due today or next working day only
SAP minutes     : used unchanged by default
Staffing        : explicit overrides only
Planner work    : live, held, split, forced and board orders excluded
Output          : split_recommendations.csv

[25/07/2026 17:17:06.06] Step 5 - Marking LINEUP run as successful... 
LINEUP status marked as successful.
[25/07/2026 17:17:06.37] Step 6 - Rebuilding dashboard with final status... 

===================================
LINEUP Dashboard Build Complete
===================================
Input       : scheduled_orders.csv
Output      : C:\LINEUP\output\dashboard.html
Insights    : assignment reasons and confidence
Remaining   : SAP versus adjusted
Utilisation : working-calendar aware

=================================== 
LINEUP background update finished 
25/07/2026 17:17:06.70 
=================================== 
 
=================================== 
LINEUP background update started 
25/07/2026 17:30:03.16 
=================================== 
[25/07/2026 17:30:03.16] Activating virtual environment... 
[25/07/2026 17:30:03.66] Step 0 - Marking LINEUP run as started... 
LINEUP status marked as running.
[25/07/2026 17:30:04.00] Step 1 - Backing up LINEUP config... 

===================================
LINEUP Config Backup Complete
===================================
Backup folder : C:\LINEUP\backups\2026-07-25_173004
Files copied  : 4
Old backups removed: 1

[25/07/2026 17:30:04.32] Step 2 - Running SAP capacity export... 
COOIS capacities export complete:
C:\LINEUP\data\raw\COOIS_Capacities_Latest.txt
[25/07/2026 17:30:27.00] Step 3 - Running SAP production list export... 
COOIS production list export complete:
C:\LINEUP\data\raw\COOIS_ProductionList_Latest.txt
[25/07/2026 17:32:22.98] Step 4 - Running LINEUP processing pipeline... 
LINEUP
Starting capacity parser...


===================================
LINEUP Capacity Parser Complete
===================================
Input : COOIS_Capacities_Latest.txt
Output: capacities_clean.csv
Rows  : 6226


===================================
LINEUP Production Parser Complete
===================================
Input : COOIS_ProductionList_Latest.txt
Output: production_list_clean.csv
Rows  : 2371


===================================
LINEUP Capacity Summary Complete
===================================
Input : capacities_clean.csv
Output: capacities_order_summary.csv
Rows  : 970


===================================
LINEUP Merge Complete
===================================
Production input : production_list_clean.csv
Capacity input   : capacities_order_summary.csv
Output           : master_schedule.csv
Rows             : 970
Missing metadata : 0


===================================
LINEUP Scheduling Complete
===================================
Scheduled orders : 39
Overflow orders  : 0
SAP minutes      : unchanged by default
Staffing         : explicit overrides only
Queue stability  : current + one automatic order
Insights         : assignment reasons and confidence


===================================
LINEUP Dashboard Build Complete
===================================
Input       : scheduled_orders.csv
Output      : C:\LINEUP\output\dashboard.html
Insights    : assignment reasons and confidence
Remaining   : SAP versus adjusted
Utilisation : working-calendar aware


===================================
LINEUP Schedule Report Complete
===================================
Bench utilisation: bench_utilisation.csv
Schedule summary : schedule_summary.csv


===================================
LINEUP Split Recommendations Complete
===================================
Recommendations : 0
Window          : due today or next working day only
SAP minutes     : used unchanged by default
Staffing        : explicit overrides only
Planner work    : live, held, split, forced and board orders excluded
Output          : split_recommendations.csv

[25/07/2026 17:32:23.45] Step 5 - Marking LINEUP run as successful... 
LINEUP status marked as successful.
[25/07/2026 17:32:23.74] Step 6 - Rebuilding dashboard with final status... 

===================================
LINEUP Dashboard Build Complete
===================================
Input       : scheduled_orders.csv
Output      : C:\LINEUP\output\dashboard.html
Insights    : assignment reasons and confidence
Remaining   : SAP versus adjusted
Utilisation : working-calendar aware

=================================== 
LINEUP background update finished 
25/07/2026 17:32:24.07 
=================================== 
 
=================================== 
LINEUP background update started 
25/07/2026 17:45:03.24 
=================================== 
[25/07/2026 17:45:03.24] Activating virtual environment... 
[25/07/2026 17:45:03.76] Step 0 - Marking LINEUP run as started... 
LINEUP status marked as running.
[25/07/2026 17:45:04.10] Step 1 - Backing up LINEUP config... 

===================================
LINEUP Config Backup Complete
===================================
Backup folder : C:\LINEUP\backups\2026-07-25_174504
Files copied  : 4
Old backups removed: 1

[25/07/2026 17:45:04.44] Step 2 - Running SAP capacity export... 
COOIS capacities export complete:
C:\LINEUP\data\raw\COOIS_Capacities_Latest.txt
[25/07/2026 17:45:26.91] Step 3 - Running SAP production list export... 
COOIS production list export complete:
C:\LINEUP\data\raw\COOIS_ProductionList_Latest.txt
[25/07/2026 17:47:01.18] Step 4 - Running LINEUP processing pipeline... 
LINEUP
Starting capacity parser...


===================================
LINEUP Capacity Parser Complete
===================================
Input : COOIS_Capacities_Latest.txt
Output: capacities_clean.csv
Rows  : 6226


===================================
LINEUP Production Parser Complete
===================================
Input : COOIS_ProductionList_Latest.txt
Output: production_list_clean.csv
Rows  : 2371


===================================
LINEUP Capacity Summary Complete
===================================
Input : capacities_clean.csv
Output: capacities_order_summary.csv
Rows  : 970


===================================
LINEUP Merge Complete
===================================
Production input : production_list_clean.csv
Capacity input   : capacities_order_summary.csv
Output           : master_schedule.csv
Rows             : 970
Missing metadata : 0


===================================
LINEUP Scheduling Complete
===================================
Scheduled orders : 39
Overflow orders  : 0
SAP minutes      : unchanged by default
Staffing         : explicit overrides only
Queue stability  : current + one automatic order
Insights         : assignment reasons and confidence


===================================
LINEUP Dashboard Build Complete
===================================
Input       : scheduled_orders.csv
Output      : C:\LINEUP\output\dashboard.html
Insights    : assignment reasons and confidence
Remaining   : SAP versus adjusted
Utilisation : working-calendar aware


===================================
LINEUP Schedule Report Complete
===================================
Bench utilisation: bench_utilisation.csv
Schedule summary : schedule_summary.csv


===================================
LINEUP Split Recommendations Complete
===================================
Recommendations : 0
Window          : due today or next working day only
SAP minutes     : used unchanged by default
Staffing        : explicit overrides only
Planner work    : live, held, split, forced and board orders excluded
Output          : split_recommendations.csv

[25/07/2026 17:47:01.83] Step 5 - Marking LINEUP run as successful... 
LINEUP status marked as successful.
[25/07/2026 17:47:02.14] Step 6 - Rebuilding dashboard with final status... 

===================================
LINEUP Dashboard Build Complete
===================================
Input       : scheduled_orders.csv
Output      : C:\LINEUP\output\dashboard.html
Insights    : assignment reasons and confidence
Remaining   : SAP versus adjusted
Utilisation : working-calendar aware

=================================== 
LINEUP background update finished 
25/07/2026 17:47:02.46 
=================================== 
 
=================================== 
LINEUP background update started 
25/07/2026 18:00:03.18 
=================================== 
[25/07/2026 18:00:03.18] Activating virtual environment... 
[25/07/2026 18:00:03.68] Step 0 - Marking LINEUP run as started... 
LINEUP status marked as running.
[25/07/2026 18:00:03.98] Step 1 - Backing up LINEUP config... 

===================================
LINEUP Config Backup Complete
===================================
Backup folder : C:\LINEUP\backups\2026-07-25_180004
Files copied  : 4
Old backups removed: 1

[25/07/2026 18:00:04.33] Step 2 - Running SAP capacity export... 
COOIS capacities export complete:
C:\LINEUP\data\raw\COOIS_Capacities_Latest.txt
[25/07/2026 18:00:27.56] Step 3 - Running SAP production list export... 
COOIS production list export complete:
C:\LINEUP\data\raw\COOIS_ProductionList_Latest.txt
[25/07/2026 18:03:06.02] Step 4 - Running LINEUP processing pipeline... 
LINEUP
Starting capacity parser...


===================================
LINEUP Capacity Parser Complete
===================================
Input : COOIS_Capacities_Latest.txt
Output: capacities_clean.csv
Rows  : 6226


===================================
LINEUP Production Parser Complete
===================================
Input : COOIS_ProductionList_Latest.txt
Output: production_list_clean.csv
Rows  : 2371


===================================
LINEUP Capacity Summary Complete
===================================
Input : capacities_clean.csv
Output: capacities_order_summary.csv
Rows  : 970


===================================
LINEUP Merge Complete
===================================
Production input : production_list_clean.csv
Capacity input   : capacities_order_summary.csv
Output           : master_schedule.csv
Rows             : 970
Missing metadata : 0


===================================
LINEUP Scheduling Complete
===================================
Scheduled orders : 39
Overflow orders  : 0
SAP minutes      : unchanged by default
Staffing         : explicit overrides only
Queue stability  : current + one automatic order
Insights         : assignment reasons and confidence


===================================
LINEUP Dashboard Build Complete
===================================
Input       : scheduled_orders.csv
Output      : C:\LINEUP\output\dashboard.html
Insights    : assignment reasons and confidence
Remaining   : SAP versus adjusted
Utilisation : working-calendar aware


===================================
LINEUP Schedule Report Complete
===================================
Bench utilisation: bench_utilisation.csv
Schedule summary : schedule_summary.csv


===================================
LINEUP Split Recommendations Complete
===================================
Recommendations : 0
Window          : due today or next working day only
SAP minutes     : used unchanged by default
Staffing        : explicit overrides only
Planner work    : live, held, split, forced and board orders excluded
Output          : split_recommendations.csv

[25/07/2026 18:03:06.53] Step 5 - Marking LINEUP run as successful... 
LINEUP status marked as successful.
[25/07/2026 18:03:06.86] Step 6 - Rebuilding dashboard with final status... 

===================================
LINEUP Dashboard Build Complete
===================================
Input       : scheduled_orders.csv
Output      : C:\LINEUP\output\dashboard.html
Insights    : assignment reasons and confidence
Remaining   : SAP versus adjusted
Utilisation : working-calendar aware

=================================== 
LINEUP background update finished 
25/07/2026 18:03:07.18 
=================================== 
 
=================================== 
LINEUP background update started 
25/07/2026 18:15:03.13 
=================================== 
[25/07/2026 18:15:03.13] Activating virtual environment... 
[25/07/2026 18:15:03.65] Step 0 - Marking LINEUP run as started... 
LINEUP status marked as running.
[25/07/2026 18:15:04.00] Step 1 - Backing up LINEUP config... 

===================================
LINEUP Config Backup Complete
===================================
Backup folder : C:\LINEUP\backups\2026-07-25_181504
Files copied  : 4
Old backups removed: 1

[25/07/2026 18:15:04.36] Step 2 - Running SAP capacity export... 
COOIS capacities export complete:
C:\LINEUP\data\raw\COOIS_Capacities_Latest.txt
[25/07/2026 18:15:26.74] Step 3 - Running SAP production list export... 
COOIS production list export complete:
C:\LINEUP\data\raw\COOIS_ProductionList_Latest.txt
[25/07/2026 18:17:09.09] Step 4 - Running LINEUP processing pipeline... 
LINEUP
Starting capacity parser...


===================================
LINEUP Capacity Parser Complete
===================================
Input : COOIS_Capacities_Latest.txt
Output: capacities_clean.csv
Rows  : 6226


===================================
LINEUP Production Parser Complete
===================================
Input : COOIS_ProductionList_Latest.txt
Output: production_list_clean.csv
Rows  : 2371


===================================
LINEUP Capacity Summary Complete
===================================
Input : capacities_clean.csv
Output: capacities_order_summary.csv
Rows  : 970


===================================
LINEUP Merge Complete
===================================
Production input : production_list_clean.csv
Capacity input   : capacities_order_summary.csv
Output           : master_schedule.csv
Rows             : 970
Missing metadata : 0


===================================
LINEUP Scheduling Complete
===================================
Scheduled orders : 39
Overflow orders  : 0
SAP minutes      : unchanged by default
Staffing         : explicit overrides only
Queue stability  : current + one automatic order
Insights         : assignment reasons and confidence


===================================
LINEUP Dashboard Build Complete
===================================
Input       : scheduled_orders.csv
Output      : C:\LINEUP\output\dashboard.html
Insights    : assignment reasons and confidence
Remaining   : SAP versus adjusted
Utilisation : working-calendar aware


===================================
LINEUP Schedule Report Complete
===================================
Bench utilisation: bench_utilisation.csv
Schedule summary : schedule_summary.csv


===================================
LINEUP Split Recommendations Complete
===================================
Recommendations : 0
Window          : due today or next working day only
SAP minutes     : used unchanged by default
Staffing        : explicit overrides only
Planner work    : live, held, split, forced and board orders excluded
Output          : split_recommendations.csv

[25/07/2026 18:17:09.59] Step 5 - Marking LINEUP run as successful... 
LINEUP status marked as successful.
[25/07/2026 18:17:09.90] Step 6 - Rebuilding dashboard with final status... 

===================================
LINEUP Dashboard Build Complete
===================================
Input       : scheduled_orders.csv
Output      : C:\LINEUP\output\dashboard.html
Insights    : assignment reasons and confidence
Remaining   : SAP versus adjusted
Utilisation : working-calendar aware

=================================== 
LINEUP background update finished 
25/07/2026 18:17:10.24 
=================================== 
 
=================================== 
LINEUP background update started 
25/07/2026 18:30:03.15 
=================================== 
[25/07/2026 18:30:03.15] Activating virtual environment... 
[25/07/2026 18:30:03.68] Step 0 - Marking LINEUP run as started... 
LINEUP status marked as running.
[25/07/2026 18:30:03.99] Step 1 - Backing up LINEUP config... 

===================================
LINEUP Config Backup Complete
===================================
Backup folder : C:\LINEUP\backups\2026-07-25_183004
Files copied  : 4
Old backups removed: 1

[25/07/2026 18:30:04.33] Step 2 - Running SAP capacity export... 
COOIS capacities export complete:
C:\LINEUP\data\raw\COOIS_Capacities_Latest.txt
[25/07/2026 18:30:26.34] Step 3 - Running SAP production list export... 
COOIS production list export complete:
C:\LINEUP\data\raw\COOIS_ProductionList_Latest.txt
[25/07/2026 18:32:10.52] Step 4 - Running LINEUP processing pipeline... 
LINEUP
Starting capacity parser...


===================================
LINEUP Capacity Parser Complete
===================================
Input : COOIS_Capacities_Latest.txt
Output: capacities_clean.csv
Rows  : 6226


===================================
LINEUP Production Parser Complete
===================================
Input : COOIS_ProductionList_Latest.txt
Output: production_list_clean.csv
Rows  : 2371


===================================
LINEUP Capacity Summary Complete
===================================
Input : capacities_clean.csv
Output: capacities_order_summary.csv
Rows  : 970


===================================
LINEUP Merge Complete
===================================
Production input : production_list_clean.csv
Capacity input   : capacities_order_summary.csv
Output           : master_schedule.csv
Rows             : 970
Missing metadata : 0


===================================
LINEUP Scheduling Complete
===================================
Scheduled orders : 39
Overflow orders  : 0
SAP minutes      : unchanged by default
Staffing         : explicit overrides only
Queue stability  : current + one automatic order
Insights         : assignment reasons and confidence


===================================
LINEUP Dashboard Build Complete
===================================
Input       : scheduled_orders.csv
Output      : C:\LINEUP\output\dashboard.html
Insights    : assignment reasons and confidence
Remaining   : SAP versus adjusted
Utilisation : working-calendar aware


===================================
LINEUP Schedule Report Complete
===================================
Bench utilisation: bench_utilisation.csv
Schedule summary : schedule_summary.csv


===================================
LINEUP Split Recommendations Complete
===================================
Recommendations : 0
Window          : due today or next working day only
SAP minutes     : used unchanged by default
Staffing        : explicit overrides only
Planner work    : live, held, split, forced and board orders excluded
Output          : split_recommendations.csv

[25/07/2026 18:32:11.01] Step 5 - Marking LINEUP run as successful... 
LINEUP status marked as successful.
[25/07/2026 18:32:11.32] Step 6 - Rebuilding dashboard with final status... 

===================================
LINEUP Dashboard Build Complete
===================================
Input       : scheduled_orders.csv
Output      : C:\LINEUP\output\dashboard.html
Insights    : assignment reasons and confidence
Remaining   : SAP versus adjusted
Utilisation : working-calendar aware

=================================== 
LINEUP background update finished 
25/07/2026 18:32:11.65 
=================================== 
 
=================================== 
LINEUP background update started 
25/07/2026 18:45:03.14 
=================================== 
[25/07/2026 18:45:03.14] Activating virtual environment... 
[25/07/2026 18:45:03.67] Step 0 - Marking LINEUP run as started... 
LINEUP status marked as running.
[25/07/2026 18:45:04.00] Step 1 - Backing up LINEUP config... 

===================================
LINEUP Config Backup Complete
===================================
Backup folder : C:\LINEUP\backups\2026-07-25_184504
Files copied  : 4
Old backups removed: 1

[25/07/2026 18:45:04.37] Step 2 - Running SAP capacity export... 
COOIS capacities export complete:
C:\LINEUP\data\raw\COOIS_Capacities_Latest.txt
[25/07/2026 18:45:26.76] Step 3 - Running SAP production list export... 
COOIS production list export complete:
C:\LINEUP\data\raw\COOIS_ProductionList_Latest.txt
[25/07/2026 18:47:04.78] Step 4 - Running LINEUP processing pipeline... 
LINEUP
Starting capacity parser...


===================================
LINEUP Capacity Parser Complete
===================================
Input : COOIS_Capacities_Latest.txt
Output: capacities_clean.csv
Rows  : 6226


===================================
LINEUP Production Parser Complete
===================================
Input : COOIS_ProductionList_Latest.txt
Output: production_list_clean.csv
Rows  : 2371


===================================
LINEUP Capacity Summary Complete
===================================
Input : capacities_clean.csv
Output: capacities_order_summary.csv
Rows  : 970


===================================
LINEUP Merge Complete
===================================
Production input : production_list_clean.csv
Capacity input   : capacities_order_summary.csv
Output           : master_schedule.csv
Rows             : 970
Missing metadata : 0


===================================
LINEUP Scheduling Complete
===================================
Scheduled orders : 39
Overflow orders  : 0
SAP minutes      : unchanged by default
Staffing         : explicit overrides only
Queue stability  : current + one automatic order
Insights         : assignment reasons and confidence


===================================
LINEUP Dashboard Build Complete
===================================
Input       : scheduled_orders.csv
Output      : C:\LINEUP\output\dashboard.html
Insights    : assignment reasons and confidence
Remaining   : SAP versus adjusted
Utilisation : working-calendar aware


===================================
LINEUP Schedule Report Complete
===================================
Bench utilisation: bench_utilisation.csv
Schedule summary : schedule_summary.csv


===================================
LINEUP Split Recommendations Complete
===================================
Recommendations : 0
Window          : due today or next working day only
SAP minutes     : used unchanged by default
Staffing        : explicit overrides only
Planner work    : live, held, split, forced and board orders excluded
Output          : split_recommendations.csv

[25/07/2026 18:47:05.32] Step 5 - Marking LINEUP run as successful... 
LINEUP status marked as successful.
[25/07/2026 18:47:05.64] Step 6 - Rebuilding dashboard with final status... 

===================================
LINEUP Dashboard Build Complete
===================================
Input       : scheduled_orders.csv
Output      : C:\LINEUP\output\dashboard.html
Insights    : assignment reasons and confidence
Remaining   : SAP versus adjusted
Utilisation : working-calendar aware

=================================== 
LINEUP background update finished 
25/07/2026 18:47:05.98 
=================================== 
 
=================================== 
LINEUP background update started 
25/07/2026 19:00:03.36 
=================================== 
[25/07/2026 19:00:03.37] Activating virtual environment... 
[25/07/2026 19:00:03.87] Step 0 - Marking LINEUP run as started... 
LINEUP status marked as running.
[25/07/2026 19:00:04.22] Step 1 - Backing up LINEUP config... 

===================================
LINEUP Config Backup Complete
===================================
Backup folder : C:\LINEUP\backups\2026-07-25_190004
Files copied  : 4
Old backups removed: 1

[25/07/2026 19:00:04.59] Step 2 - Running SAP capacity export... 
COOIS capacities export complete:
C:\LINEUP\data\raw\COOIS_Capacities_Latest.txt
[25/07/2026 19:00:27.95] Step 3 - Running SAP production list export... 
COOIS production list export complete:
C:\LINEUP\data\raw\COOIS_ProductionList_Latest.txt
[25/07/2026 19:02:44.55] Step 4 - Running LINEUP processing pipeline... 
LINEUP
Starting capacity parser...


===================================
LINEUP Capacity Parser Complete
===================================
Input : COOIS_Capacities_Latest.txt
Output: capacities_clean.csv
Rows  : 6226


===================================
LINEUP Production Parser Complete
===================================
Input : COOIS_ProductionList_Latest.txt
Output: production_list_clean.csv
Rows  : 2371


===================================
LINEUP Capacity Summary Complete
===================================
Input : capacities_clean.csv
Output: capacities_order_summary.csv
Rows  : 970


===================================
LINEUP Merge Complete
===================================
Production input : production_list_clean.csv
Capacity input   : capacities_order_summary.csv
Output           : master_schedule.csv
Rows             : 970
Missing metadata : 0


===================================
LINEUP Scheduling Complete
===================================
Scheduled orders : 39
Overflow orders  : 0
SAP minutes      : unchanged by default
Staffing         : explicit overrides only
Queue stability  : current + one automatic order
Insights         : assignment reasons and confidence


===================================
LINEUP Dashboard Build Complete
===================================
Input       : scheduled_orders.csv
Output      : C:\LINEUP\output\dashboard.html
Insights    : assignment reasons and confidence
Remaining   : SAP versus adjusted
Utilisation : working-calendar aware


===================================
LINEUP Schedule Report Complete
===================================
Bench utilisation: bench_utilisation.csv
Schedule summary : schedule_summary.csv


===================================
LINEUP Split Recommendations Complete
===================================
Recommendations : 0
Window          : due today or next working day only
SAP minutes     : used unchanged by default
Staffing        : explicit overrides only
Planner work    : live, held, split, forced and board orders excluded
Output          : split_recommendations.csv

[25/07/2026 19:02:45.02] Step 5 - Marking LINEUP run as successful... 
LINEUP status marked as successful.
[25/07/2026 19:02:45.33] Step 6 - Rebuilding dashboard with final status... 

===================================
LINEUP Dashboard Build Complete
===================================
Input       : scheduled_orders.csv
Output      : C:\LINEUP\output\dashboard.html
Insights    : assignment reasons and confidence
Remaining   : SAP versus adjusted
Utilisation : working-calendar aware

=================================== 
LINEUP background update finished 
25/07/2026 19:02:45.64 
=================================== 
 
=================================== 
LINEUP background update started 
25/07/2026 19:15:03.28 
=================================== 
[25/07/2026 19:15:03.28] Activating virtual environment... 
[25/07/2026 19:15:03.81] Step 0 - Marking LINEUP run as started... 
LINEUP status marked as running.
[25/07/2026 19:15:04.14] Step 1 - Backing up LINEUP config... 

===================================
LINEUP Config Backup Complete
===================================
Backup folder : C:\LINEUP\backups\2026-07-25_191504
Files copied  : 4
Old backups removed: 1

[25/07/2026 19:15:04.48] Step 2 - Running SAP capacity export... 
COOIS capacities export complete:
C:\LINEUP\data\raw\COOIS_Capacities_Latest.txt
[25/07/2026 19:15:27.42] Step 3 - Running SAP production list export... 
COOIS production list export complete:
C:\LINEUP\data\raw\COOIS_ProductionList_Latest.txt
[25/07/2026 19:17:16.70] Step 4 - Running LINEUP processing pipeline... 
LINEUP
Starting capacity parser...


===================================
LINEUP Capacity Parser Complete
===================================
Input : COOIS_Capacities_Latest.txt
Output: capacities_clean.csv
Rows  : 6226


===================================
LINEUP Production Parser Complete
===================================
Input : COOIS_ProductionList_Latest.txt
Output: production_list_clean.csv
Rows  : 2371


===================================
LINEUP Capacity Summary Complete
===================================
Input : capacities_clean.csv
Output: capacities_order_summary.csv
Rows  : 970


===================================
LINEUP Merge Complete
===================================
Production input : production_list_clean.csv
Capacity input   : capacities_order_summary.csv
Output           : master_schedule.csv
Rows             : 970
Missing metadata : 0


===================================
LINEUP Scheduling Complete
===================================
Scheduled orders : 39
Overflow orders  : 0
SAP minutes      : unchanged by default
Staffing         : explicit overrides only
Queue stability  : current + one automatic order
Insights         : assignment reasons and confidence


===================================
LINEUP Dashboard Build Complete
===================================
Input       : scheduled_orders.csv
Output      : C:\LINEUP\output\dashboard.html
Insights    : assignment reasons and confidence
Remaining   : SAP versus adjusted
Utilisation : working-calendar aware


===================================
LINEUP Schedule Report Complete
===================================
Bench utilisation: bench_utilisation.csv
Schedule summary : schedule_summary.csv


===================================
LINEUP Split Recommendations Complete
===================================
Recommendations : 0
Window          : due today or next working day only
SAP minutes     : used unchanged by default
Staffing        : explicit overrides only
Planner work    : live, held, split, forced and board orders excluded
Output          : split_recommendations.csv

[25/07/2026 19:17:17.17] Step 5 - Marking LINEUP run as successful... 
LINEUP status marked as successful.
[25/07/2026 19:17:17.51] Step 6 - Rebuilding dashboard with final status... 

===================================
LINEUP Dashboard Build Complete
===================================
Input       : scheduled_orders.csv
Output      : C:\LINEUP\output\dashboard.html
Insights    : assignment reasons and confidence
Remaining   : SAP versus adjusted
Utilisation : working-calendar aware

=================================== 
LINEUP background update finished 
25/07/2026 19:17:17.84 
=================================== 
 
=================================== 
LINEUP background update started 
25/07/2026 19:30:03.29 
=================================== 
[25/07/2026 19:30:03.30] Activating virtual environment... 
[25/07/2026 19:30:03.90] Step 0 - Marking LINEUP run as started... 
LINEUP status marked as running.
[25/07/2026 19:30:04.22] Step 1 - Backing up LINEUP config... 

===================================
LINEUP Config Backup Complete
===================================
Backup folder : C:\LINEUP\backups\2026-07-25_193004
Files copied  : 4
Old backups removed: 1

[25/07/2026 19:30:04.57] Step 2 - Running SAP capacity export... 
COOIS capacities export complete:
C:\LINEUP\data\raw\COOIS_Capacities_Latest.txt
[25/07/2026 19:30:27.55] Step 3 - Running SAP production list export... 
COOIS production list export complete:
C:\LINEUP\data\raw\COOIS_ProductionList_Latest.txt
[25/07/2026 19:32:11.87] Step 4 - Running LINEUP processing pipeline... 
LINEUP
Starting capacity parser...


===================================
LINEUP Capacity Parser Complete
===================================
Input : COOIS_Capacities_Latest.txt
Output: capacities_clean.csv
Rows  : 6226


===================================
LINEUP Production Parser Complete
===================================
Input : COOIS_ProductionList_Latest.txt
Output: production_list_clean.csv
Rows  : 2371


===================================
LINEUP Capacity Summary Complete
===================================
Input : capacities_clean.csv
Output: capacities_order_summary.csv
Rows  : 970


===================================
LINEUP Merge Complete
===================================
Production input : production_list_clean.csv
Capacity input   : capacities_order_summary.csv
Output           : master_schedule.csv
Rows             : 970
Missing metadata : 0


===================================
LINEUP Scheduling Complete
===================================
Scheduled orders : 39
Overflow orders  : 0
SAP minutes      : unchanged by default
Staffing         : explicit overrides only
Queue stability  : current + one automatic order
Insights         : assignment reasons and confidence


===================================
LINEUP Dashboard Build Complete
===================================
Input       : scheduled_orders.csv
Output      : C:\LINEUP\output\dashboard.html
Insights    : assignment reasons and confidence
Remaining   : SAP versus adjusted
Utilisation : working-calendar aware


===================================
LINEUP Schedule Report Complete
===================================
Bench utilisation: bench_utilisation.csv
Schedule summary : schedule_summary.csv


===================================
LINEUP Split Recommendations Complete
===================================
Recommendations : 0
Window          : due today or next working day only
SAP minutes     : used unchanged by default
Staffing        : explicit overrides only
Planner work    : live, held, split, forced and board orders excluded
Output          : split_recommendations.csv

[25/07/2026 19:32:12.34] Step 5 - Marking LINEUP run as successful... 
LINEUP status marked as successful.
[25/07/2026 19:32:12.64] Step 6 - Rebuilding dashboard with final status... 

===================================
LINEUP Dashboard Build Complete
===================================
Input       : scheduled_orders.csv
Output      : C:\LINEUP\output\dashboard.html
Insights    : assignment reasons and confidence
Remaining   : SAP versus adjusted
Utilisation : working-calendar aware

=================================== 
LINEUP background update finished 
25/07/2026 19:32:12.98 
=================================== 
 
=================================== 
LINEUP background update started 
25/07/2026 19:45:03.17 
=================================== 
[25/07/2026 19:45:03.17] Activating virtual environment... 
[25/07/2026 19:45:03.68] Step 0 - Marking LINEUP run as started... 
LINEUP status marked as running.
[25/07/2026 19:45:04.01] Step 1 - Backing up LINEUP config... 

===================================
LINEUP Config Backup Complete
===================================
Backup folder : C:\LINEUP\backups\2026-07-25_194504
Files copied  : 4
Old backups removed: 1

[25/07/2026 19:45:04.40] Step 2 - Running SAP capacity export... 
COOIS capacities export complete:
C:\LINEUP\data\raw\COOIS_Capacities_Latest.txt
[25/07/2026 19:45:26.35] Step 3 - Running SAP production list export... 
COOIS production list export complete:
C:\LINEUP\data\raw\COOIS_ProductionList_Latest.txt
[25/07/2026 19:46:56.83] Step 4 - Running LINEUP processing pipeline... 
LINEUP
Starting capacity parser...


===================================
LINEUP Capacity Parser Complete
===================================
Input : COOIS_Capacities_Latest.txt
Output: capacities_clean.csv
Rows  : 6226


===================================
LINEUP Production Parser Complete
===================================
Input : COOIS_ProductionList_Latest.txt
Output: production_list_clean.csv
Rows  : 2371


===================================
LINEUP Capacity Summary Complete
===================================
Input : capacities_clean.csv
Output: capacities_order_summary.csv
Rows  : 970


===================================
LINEUP Merge Complete
===================================
Production input : production_list_clean.csv
Capacity input   : capacities_order_summary.csv
Output           : master_schedule.csv
Rows             : 970
Missing metadata : 0


===================================
LINEUP Scheduling Complete
===================================
Scheduled orders : 39
Overflow orders  : 0
SAP minutes      : unchanged by default
Staffing         : explicit overrides only
Queue stability  : current + one automatic order
Insights         : assignment reasons and confidence


===================================
LINEUP Dashboard Build Complete
===================================
Input       : scheduled_orders.csv
Output      : C:\LINEUP\output\dashboard.html
Insights    : assignment reasons and confidence
Remaining   : SAP versus adjusted
Utilisation : working-calendar aware


===================================
LINEUP Schedule Report Complete
===================================
Bench utilisation: bench_utilisation.csv
Schedule summary : schedule_summary.csv


===================================
LINEUP Split Recommendations Complete
===================================
Recommendations : 0
Window          : due today or next working day only
SAP minutes     : used unchanged by default
Staffing        : explicit overrides only
Planner work    : live, held, split, forced and board orders excluded
Output          : split_recommendations.csv

[25/07/2026 19:46:57.33] Step 5 - Marking LINEUP run as successful... 
LINEUP status marked as successful.
[25/07/2026 19:46:57.64] Step 6 - Rebuilding dashboard with final status... 

===================================
LINEUP Dashboard Build Complete
===================================
Input       : scheduled_orders.csv
Output      : C:\LINEUP\output\dashboard.html
Insights    : assignment reasons and confidence
Remaining   : SAP versus adjusted
Utilisation : working-calendar aware

=================================== 
LINEUP background update finished 
25/07/2026 19:46:58.00 
=================================== 
 
=================================== 
LINEUP background update started 
25/07/2026 20:00:03.15 
=================================== 
[25/07/2026 20:00:03.15] Activating virtual environment... 
[25/07/2026 20:00:03.68] Step 0 - Marking LINEUP run as started... 
LINEUP status marked as running.
[25/07/2026 20:00:04.01] Step 1 - Backing up LINEUP config... 

===================================
LINEUP Config Backup Complete
===================================
Backup folder : C:\LINEUP\backups\2026-07-25_200004
Files copied  : 4
Old backups removed: 1

[25/07/2026 20:00:04.35] Step 2 - Running SAP capacity export... 
COOIS capacities export complete:
C:\LINEUP\data\raw\COOIS_Capacities_Latest.txt
[25/07/2026 20:00:27.61] Step 3 - Running SAP production list export... 
COOIS production list export complete:
C:\LINEUP\data\raw\COOIS_ProductionList_Latest.txt
[25/07/2026 20:02:51.70] Step 4 - Running LINEUP processing pipeline... 
LINEUP
Starting capacity parser...


===================================
LINEUP Capacity Parser Complete
===================================
Input : COOIS_Capacities_Latest.txt
Output: capacities_clean.csv
Rows  : 6226


===================================
LINEUP Production Parser Complete
===================================
Input : COOIS_ProductionList_Latest.txt
Output: production_list_clean.csv
Rows  : 2371


===================================
LINEUP Capacity Summary Complete
===================================
Input : capacities_clean.csv
Output: capacities_order_summary.csv
Rows  : 970


===================================
LINEUP Merge Complete
===================================
Production input : production_list_clean.csv
Capacity input   : capacities_order_summary.csv
Output           : master_schedule.csv
Rows             : 970
Missing metadata : 0


===================================
LINEUP Scheduling Complete
===================================
Scheduled orders : 39
Overflow orders  : 0
SAP minutes      : unchanged by default
Staffing         : explicit overrides only
Queue stability  : current + one automatic order
Insights         : assignment reasons and confidence


===================================
LINEUP Dashboard Build Complete
===================================
Input       : scheduled_orders.csv
Output      : C:\LINEUP\output\dashboard.html
Insights    : assignment reasons and confidence
Remaining   : SAP versus adjusted
Utilisation : working-calendar aware


===================================
LINEUP Schedule Report Complete
===================================
Bench utilisation: bench_utilisation.csv
Schedule summary : schedule_summary.csv


===================================
LINEUP Split Recommendations Complete
===================================
Recommendations : 0
Window          : due today or next working day only
SAP minutes     : used unchanged by default
Staffing        : explicit overrides only
Planner work    : live, held, split, forced and board orders excluded
Output          : split_recommendations.csv

[25/07/2026 20:02:52.17] Step 5 - Marking LINEUP run as successful... 
LINEUP status marked as successful.
[25/07/2026 20:02:52.48] Step 6 - Rebuilding dashboard with final status... 

===================================
LINEUP Dashboard Build Complete
===================================
Input       : scheduled_orders.csv
Output      : C:\LINEUP\output\dashboard.html
Insights    : assignment reasons and confidence
Remaining   : SAP versus adjusted
Utilisation : working-calendar aware

=================================== 
LINEUP background update finished 
25/07/2026 20:02:52.79 
=================================== 
 
=================================== 
LINEUP background update started 
25/07/2026 20:15:03.18 
=================================== 
[25/07/2026 20:15:03.18] Activating virtual environment... 
[25/07/2026 20:15:03.69] Step 0 - Marking LINEUP run as started... 
LINEUP status marked as running.
[25/07/2026 20:15:04.00] Step 1 - Backing up LINEUP config... 

===================================
LINEUP Config Backup Complete
===================================
Backup folder : C:\LINEUP\backups\2026-07-25_201504
Files copied  : 4
Old backups removed: 1

[25/07/2026 20:15:04.34] Step 2 - Running SAP capacity export... 
COOIS capacities export complete:
C:\LINEUP\data\raw\COOIS_Capacities_Latest.txt
[25/07/2026 20:15:27.07] Step 3 - Running SAP production list export... 
COOIS production list export complete:
C:\LINEUP\data\raw\COOIS_ProductionList_Latest.txt
[25/07/2026 20:16:59.66] Step 4 - Running LINEUP processing pipeline... 
LINEUP
Starting capacity parser...


===================================
LINEUP Capacity Parser Complete
===================================
Input : COOIS_Capacities_Latest.txt
Output: capacities_clean.csv
Rows  : 6226


===================================
LINEUP Production Parser Complete
===================================
Input : COOIS_ProductionList_Latest.txt
Output: production_list_clean.csv
Rows  : 2371


===================================
LINEUP Capacity Summary Complete
===================================
Input : capacities_clean.csv
Output: capacities_order_summary.csv
Rows  : 970


===================================
LINEUP Merge Complete
===================================
Production input : production_list_clean.csv
Capacity input   : capacities_order_summary.csv
Output           : master_schedule.csv
Rows             : 970
Missing metadata : 0


===================================
LINEUP Scheduling Complete
===================================
Scheduled orders : 39
Overflow orders  : 0
SAP minutes      : unchanged by default
Staffing         : explicit overrides only
Queue stability  : current + one automatic order
Insights         : assignment reasons and confidence


===================================
LINEUP Dashboard Build Complete
===================================
Input       : scheduled_orders.csv
Output      : C:\LINEUP\output\dashboard.html
Insights    : assignment reasons and confidence
Remaining   : SAP versus adjusted
Utilisation : working-calendar aware


===================================
LINEUP Schedule Report Complete
===================================
Bench utilisation: bench_utilisation.csv
Schedule summary : schedule_summary.csv


===================================
LINEUP Split Recommendations Complete
===================================
Recommendations : 0
Window          : due today or next working day only
SAP minutes     : used unchanged by default
Staffing        : explicit overrides only
Planner work    : live, held, split, forced and board orders excluded
Output          : split_recommendations.csv

[25/07/2026 20:17:00.16] Step 5 - Marking LINEUP run as successful... 
LINEUP status marked as successful.
[25/07/2026 20:17:00.48] Step 6 - Rebuilding dashboard with final status... 

===================================
LINEUP Dashboard Build Complete
===================================
Input       : scheduled_orders.csv
Output      : C:\LINEUP\output\dashboard.html
Insights    : assignment reasons and confidence
Remaining   : SAP versus adjusted
Utilisation : working-calendar aware

=================================== 
LINEUP background update finished 
25/07/2026 20:17:00.80 
=================================== 
 
=================================== 
LINEUP background update started 
25/07/2026 20:30:03.07 
=================================== 
[25/07/2026 20:30:03.07] Activating virtual environment... 
[25/07/2026 20:30:03.58] Step 0 - Marking LINEUP run as started... 
LINEUP status marked as running.
[25/07/2026 20:30:03.91] Step 1 - Backing up LINEUP config... 

===================================
LINEUP Config Backup Complete
===================================
Backup folder : C:\LINEUP\backups\2026-07-25_203004
Files copied  : 4
Old backups removed: 1

[25/07/2026 20:30:04.25] Step 2 - Running SAP capacity export... 
COOIS capacities export complete:
C:\LINEUP\data\raw\COOIS_Capacities_Latest.txt
[25/07/2026 20:30:26.52] Step 3 - Running SAP production list export... 
COOIS production list export complete:
C:\LINEUP\data\raw\COOIS_ProductionList_Latest.txt
[25/07/2026 20:32:12.34] Step 4 - Running LINEUP processing pipeline... 
LINEUP
Starting capacity parser...


===================================
LINEUP Capacity Parser Complete
===================================
Input : COOIS_Capacities_Latest.txt
Output: capacities_clean.csv
Rows  : 6226


===================================
LINEUP Production Parser Complete
===================================
Input : COOIS_ProductionList_Latest.txt
Output: production_list_clean.csv
Rows  : 2371


===================================
LINEUP Capacity Summary Complete
===================================
Input : capacities_clean.csv
Output: capacities_order_summary.csv
Rows  : 970


===================================
LINEUP Merge Complete
===================================
Production input : production_list_clean.csv
Capacity input   : capacities_order_summary.csv
Output           : master_schedule.csv
Rows             : 970
Missing metadata : 0


===================================
LINEUP Scheduling Complete
===================================
Scheduled orders : 39
Overflow orders  : 0
SAP minutes      : unchanged by default
Staffing         : explicit overrides only
Queue stability  : current + one automatic order
Insights         : assignment reasons and confidence


===================================
LINEUP Dashboard Build Complete
===================================
Input       : scheduled_orders.csv
Output      : C:\LINEUP\output\dashboard.html
Insights    : assignment reasons and confidence
Remaining   : SAP versus adjusted
Utilisation : working-calendar aware


===================================
LINEUP Schedule Report Complete
===================================
Bench utilisation: bench_utilisation.csv
Schedule summary : schedule_summary.csv


===================================
LINEUP Split Recommendations Complete
===================================
Recommendations : 0
Window          : due today or next working day only
SAP minutes     : used unchanged by default
Staffing        : explicit overrides only
Planner work    : live, held, split, forced and board orders excluded
Output          : split_recommendations.csv

[25/07/2026 20:32:12.81] Step 5 - Marking LINEUP run as successful... 
LINEUP status marked as successful.
[25/07/2026 20:32:13.11] Step 6 - Rebuilding dashboard with final status... 

===================================
LINEUP Dashboard Build Complete
===================================
Input       : scheduled_orders.csv
Output      : C:\LINEUP\output\dashboard.html
Insights    : assignment reasons and confidence
Remaining   : SAP versus adjusted
Utilisation : working-calendar aware

=================================== 
LINEUP background update finished 
25/07/2026 20:32:13.45 
=================================== 
 
=================================== 
LINEUP background update started 
25/07/2026 20:45:03.21 
=================================== 
[25/07/2026 20:45:03.21] Activating virtual environment... 
[25/07/2026 20:45:03.74] Step 0 - Marking LINEUP run as started... 
LINEUP status marked as running.
[25/07/2026 20:45:04.05] Step 1 - Backing up LINEUP config... 

===================================
LINEUP Config Backup Complete
===================================
Backup folder : C:\LINEUP\backups\2026-07-25_204504
Files copied  : 4
Old backups removed: 1

[25/07/2026 20:45:04.39] Step 2 - Running SAP capacity export... 
COOIS capacities export complete:
C:\LINEUP\data\raw\COOIS_Capacities_Latest.txt
[25/07/2026 20:45:27.02] Step 3 - Running SAP production list export... 
COOIS production list export complete:
C:\LINEUP\data\raw\COOIS_ProductionList_Latest.txt
[25/07/2026 20:46:53.17] Step 4 - Running LINEUP processing pipeline... 
LINEUP
Starting capacity parser...


===================================
LINEUP Capacity Parser Complete
===================================
Input : COOIS_Capacities_Latest.txt
Output: capacities_clean.csv
Rows  : 6226


===================================
LINEUP Production Parser Complete
===================================
Input : COOIS_ProductionList_Latest.txt
Output: production_list_clean.csv
Rows  : 2371


===================================
LINEUP Capacity Summary Complete
===================================
Input : capacities_clean.csv
Output: capacities_order_summary.csv
Rows  : 970


===================================
LINEUP Merge Complete
===================================
Production input : production_list_clean.csv
Capacity input   : capacities_order_summary.csv
Output           : master_schedule.csv
Rows             : 970
Missing metadata : 0


===================================
LINEUP Scheduling Complete
===================================
Scheduled orders : 39
Overflow orders  : 0
SAP minutes      : unchanged by default
Staffing         : explicit overrides only
Queue stability  : current + one automatic order
Insights         : assignment reasons and confidence


===================================
LINEUP Dashboard Build Complete
===================================
Input       : scheduled_orders.csv
Output      : C:\LINEUP\output\dashboard.html
Insights    : assignment reasons and confidence
Remaining   : SAP versus adjusted
Utilisation : working-calendar aware


===================================
LINEUP Schedule Report Complete
===================================
Bench utilisation: bench_utilisation.csv
Schedule summary : schedule_summary.csv


===================================
LINEUP Split Recommendations Complete
===================================
Recommendations : 0
Window          : due today or next working day only
SAP minutes     : used unchanged by default
Staffing        : explicit overrides only
Planner work    : live, held, split, forced and board orders excluded
Output          : split_recommendations.csv

[25/07/2026 20:46:53.64] Step 5 - Marking LINEUP run as successful... 
LINEUP status marked as successful.
[25/07/2026 20:46:53.96] Step 6 - Rebuilding dashboard with final status... 

===================================
LINEUP Dashboard Build Complete
===================================
Input       : scheduled_orders.csv
Output      : C:\LINEUP\output\dashboard.html
Insights    : assignment reasons and confidence
Remaining   : SAP versus adjusted
Utilisation : working-calendar aware

=================================== 
LINEUP background update finished 
25/07/2026 20:46:54.30 
=================================== 
 
=================================== 
LINEUP background update started 
25/07/2026 21:00:03.28 
=================================== 
[25/07/2026 21:00:03.28] Activating virtual environment... 
[25/07/2026 21:00:03.81] Step 0 - Marking LINEUP run as started... 
LINEUP status marked as running.
[25/07/2026 21:00:04.12] Step 1 - Backing up LINEUP config... 

===================================
LINEUP Config Backup Complete
===================================
Backup folder : C:\LINEUP\backups\2026-07-25_210004
Files copied  : 4
Old backups removed: 1

[25/07/2026 21:00:04.44] Step 2 - Running SAP capacity export... 
COOIS capacities export complete:
C:\LINEUP\data\raw\COOIS_Capacities_Latest.txt
[25/07/2026 21:00:27.85] Step 3 - Running SAP production list export... 
COOIS production list export complete:
C:\LINEUP\data\raw\COOIS_ProductionList_Latest.txt
[25/07/2026 21:02:22.75] Step 4 - Running LINEUP processing pipeline... 
LINEUP
Starting capacity parser...


===================================
LINEUP Capacity Parser Complete
===================================
Input : COOIS_Capacities_Latest.txt
Output: capacities_clean.csv
Rows  : 6226


===================================
LINEUP Production Parser Complete
===================================
Input : COOIS_ProductionList_Latest.txt
Output: production_list_clean.csv
Rows  : 2371


===================================
LINEUP Capacity Summary Complete
===================================
Input : capacities_clean.csv
Output: capacities_order_summary.csv
Rows  : 970


===================================
LINEUP Merge Complete
===================================
Production input : production_list_clean.csv
Capacity input   : capacities_order_summary.csv
Output           : master_schedule.csv
Rows             : 970
Missing metadata : 0


===================================
LINEUP Scheduling Complete
===================================
Scheduled orders : 39
Overflow orders  : 0
SAP minutes      : unchanged by default
Staffing         : explicit overrides only
Queue stability  : current + one automatic order
Insights         : assignment reasons and confidence


===================================
LINEUP Dashboard Build Complete
===================================
Input       : scheduled_orders.csv
Output      : C:\LINEUP\output\dashboard.html
Insights    : assignment reasons and confidence
Remaining   : SAP versus adjusted
Utilisation : working-calendar aware


===================================
LINEUP Schedule Report Complete
===================================
Bench utilisation: bench_utilisation.csv
Schedule summary : schedule_summary.csv


===================================
LINEUP Split Recommendations Complete
===================================
Recommendations : 0
Window          : due today or next working day only
SAP minutes     : used unchanged by default
Staffing        : explicit overrides only
Planner work    : live, held, split, forced and board orders excluded
Output          : split_recommendations.csv

[25/07/2026 21:02:23.22] Step 5 - Marking LINEUP run as successful... 
LINEUP status marked as successful.
[25/07/2026 21:02:23.52] Step 6 - Rebuilding dashboard with final status... 

===================================
LINEUP Dashboard Build Complete
===================================
Input       : scheduled_orders.csv
Output      : C:\LINEUP\output\dashboard.html
Insights    : assignment reasons and confidence
Remaining   : SAP versus adjusted
Utilisation : working-calendar aware

=================================== 
LINEUP background update finished 
25/07/2026 21:02:23.87 
=================================== 
 
=================================== 
LINEUP background update started 
25/07/2026 21:15:03.21 
=================================== 
[25/07/2026 21:15:03.22] Activating virtual environment... 
[25/07/2026 21:15:03.74] Step 0 - Marking LINEUP run as started... 
LINEUP status marked as running.
[25/07/2026 21:15:04.08] Step 1 - Backing up LINEUP config... 

===================================
LINEUP Config Backup Complete
===================================
Backup folder : C:\LINEUP\backups\2026-07-25_211504
Files copied  : 4
Old backups removed: 1

[25/07/2026 21:15:04.46] Step 2 - Running SAP capacity export... 
COOIS capacities export complete:
C:\LINEUP\data\raw\COOIS_Capacities_Latest.txt
[25/07/2026 21:15:28.57] Step 3 - Running SAP production list export... 
COOIS production list export complete:
C:\LINEUP\data\raw\COOIS_ProductionList_Latest.txt
[25/07/2026 21:17:02.12] Step 4 - Running LINEUP processing pipeline... 
LINEUP
Starting capacity parser...


===================================
LINEUP Capacity Parser Complete
===================================
Input : COOIS_Capacities_Latest.txt
Output: capacities_clean.csv
Rows  : 6226


===================================
LINEUP Production Parser Complete
===================================
Input : COOIS_ProductionList_Latest.txt
Output: production_list_clean.csv
Rows  : 2371


===================================
LINEUP Capacity Summary Complete
===================================
Input : capacities_clean.csv
Output: capacities_order_summary.csv
Rows  : 970


===================================
LINEUP Merge Complete
===================================
Production input : production_list_clean.csv
Capacity input   : capacities_order_summary.csv
Output           : master_schedule.csv
Rows             : 970
Missing metadata : 0


===================================
LINEUP Scheduling Complete
===================================
Scheduled orders : 39
Overflow orders  : 0
SAP minutes      : unchanged by default
Staffing         : explicit overrides only
Queue stability  : current + one automatic order
Insights         : assignment reasons and confidence


===================================
LINEUP Dashboard Build Complete
===================================
Input       : scheduled_orders.csv
Output      : C:\LINEUP\output\dashboard.html
Insights    : assignment reasons and confidence
Remaining   : SAP versus adjusted
Utilisation : working-calendar aware


===================================
LINEUP Schedule Report Complete
===================================
Bench utilisation: bench_utilisation.csv
Schedule summary : schedule_summary.csv


===================================
LINEUP Split Recommendations Complete
===================================
Recommendations : 0
Window          : due today or next working day only
SAP minutes     : used unchanged by default
Staffing        : explicit overrides only
Planner work    : live, held, split, forced and board orders excluded
Output          : split_recommendations.csv

[25/07/2026 21:17:02.63] Step 5 - Marking LINEUP run as successful... 
LINEUP status marked as successful.
[25/07/2026 21:17:02.95] Step 6 - Rebuilding dashboard with final status... 

===================================
LINEUP Dashboard Build Complete
===================================
Input       : scheduled_orders.csv
Output      : C:\LINEUP\output\dashboard.html
Insights    : assignment reasons and confidence
Remaining   : SAP versus adjusted
Utilisation : working-calendar aware

=================================== 
LINEUP background update finished 
25/07/2026 21:17:03.27 
=================================== 
 
=================================== 
LINEUP background update started 
25/07/2026 21:30:03.14 
=================================== 
[25/07/2026 21:30:03.14] Activating virtual environment... 
[25/07/2026 21:30:03.67] Step 0 - Marking LINEUP run as started... 
LINEUP status marked as running.
[25/07/2026 21:30:04.01] Step 1 - Backing up LINEUP config... 

===================================
LINEUP Config Backup Complete
===================================
Backup folder : C:\LINEUP\backups\2026-07-25_213004
Files copied  : 4
Old backups removed: 1

[25/07/2026 21:30:04.35] Step 2 - Running SAP capacity export... 
COOIS capacities export complete:
C:\LINEUP\data\raw\COOIS_Capacities_Latest.txt
[25/07/2026 21:30:27.15] Step 3 - Running SAP production list export... 
COOIS production list export complete:
C:\LINEUP\data\raw\COOIS_ProductionList_Latest.txt
[25/07/2026 21:32:04.20] Step 4 - Running LINEUP processing pipeline... 
LINEUP
Starting capacity parser...


===================================
LINEUP Capacity Parser Complete
===================================
Input : COOIS_Capacities_Latest.txt
Output: capacities_clean.csv
Rows  : 6226


===================================
LINEUP Production Parser Complete
===================================
Input : COOIS_ProductionList_Latest.txt
Output: production_list_clean.csv
Rows  : 2371


===================================
LINEUP Capacity Summary Complete
===================================
Input : capacities_clean.csv
Output: capacities_order_summary.csv
Rows  : 970


===================================
LINEUP Merge Complete
===================================
Production input : production_list_clean.csv
Capacity input   : capacities_order_summary.csv
Output           : master_schedule.csv
Rows             : 970
Missing metadata : 0


===================================
LINEUP Scheduling Complete
===================================
Scheduled orders : 39
Overflow orders  : 0
SAP minutes      : unchanged by default
Staffing         : explicit overrides only
Queue stability  : current + one automatic order
Insights         : assignment reasons and confidence


===================================
LINEUP Dashboard Build Complete
===================================
Input       : scheduled_orders.csv
Output      : C:\LINEUP\output\dashboard.html
Insights    : assignment reasons and confidence
Remaining   : SAP versus adjusted
Utilisation : working-calendar aware


===================================
LINEUP Schedule Report Complete
===================================
Bench utilisation: bench_utilisation.csv
Schedule summary : schedule_summary.csv


===================================
LINEUP Split Recommendations Complete
===================================
Recommendations : 0
Window          : due today or next working day only
SAP minutes     : used unchanged by default
Staffing        : explicit overrides only
Planner work    : live, held, split, forced and board orders excluded
Output          : split_recommendations.csv

[25/07/2026 21:32:04.75] Step 5 - Marking LINEUP run as successful... 
LINEUP status marked as successful.
[25/07/2026 21:32:05.10] Step 6 - Rebuilding dashboard with final status... 

===================================
LINEUP Dashboard Build Complete
===================================
Input       : scheduled_orders.csv
Output      : C:\LINEUP\output\dashboard.html
Insights    : assignment reasons and confidence
Remaining   : SAP versus adjusted
Utilisation : working-calendar aware

=================================== 
LINEUP background update finished 
25/07/2026 21:32:05.43 
=================================== 
 
=================================== 
LINEUP background update started 
25/07/2026 21:45:03.12 
=================================== 
[25/07/2026 21:45:03.13] Activating virtual environment... 
[25/07/2026 21:45:03.63] Step 0 - Marking LINEUP run as started... 
LINEUP status marked as running.
[25/07/2026 21:45:03.95] Step 1 - Backing up LINEUP config... 

===================================
LINEUP Config Backup Complete
===================================
Backup folder : C:\LINEUP\backups\2026-07-25_214504
Files copied  : 4
Old backups removed: 1

[25/07/2026 21:45:04.26] Step 2 - Running SAP capacity export... 
COOIS capacities export complete:
C:\LINEUP\data\raw\COOIS_Capacities_Latest.txt
[25/07/2026 21:45:26.74] Step 3 - Running SAP production list export... 
COOIS production list export complete:
C:\LINEUP\data\raw\COOIS_ProductionList_Latest.txt
[25/07/2026 21:46:58.54] Step 4 - Running LINEUP processing pipeline... 
LINEUP
Starting capacity parser...


===================================
LINEUP Capacity Parser Complete
===================================
Input : COOIS_Capacities_Latest.txt
Output: capacities_clean.csv
Rows  : 6226


===================================
LINEUP Production Parser Complete
===================================
Input : COOIS_ProductionList_Latest.txt
Output: production_list_clean.csv
Rows  : 2371


===================================
LINEUP Capacity Summary Complete
===================================
Input : capacities_clean.csv
Output: capacities_order_summary.csv
Rows  : 970


===================================
LINEUP Merge Complete
===================================
Production input : production_list_clean.csv
Capacity input   : capacities_order_summary.csv
Output           : master_schedule.csv
Rows             : 970
Missing metadata : 0


===================================
LINEUP Scheduling Complete
===================================
Scheduled orders : 39
Overflow orders  : 0
SAP minutes      : unchanged by default
Staffing         : explicit overrides only
Queue stability  : current + one automatic order
Insights         : assignment reasons and confidence


===================================
LINEUP Dashboard Build Complete
===================================
Input       : scheduled_orders.csv
Output      : C:\LINEUP\output\dashboard.html
Insights    : assignment reasons and confidence
Remaining   : SAP versus adjusted
Utilisation : working-calendar aware


===================================
LINEUP Schedule Report Complete
===================================
Bench utilisation: bench_utilisation.csv
Schedule summary : schedule_summary.csv


===================================
LINEUP Split Recommendations Complete
===================================
Recommendations : 0
Window          : due today or next working day only
SAP minutes     : used unchanged by default
Staffing        : explicit overrides only
Planner work    : live, held, split, forced and board orders excluded
Output          : split_recommendations.csv

[25/07/2026 21:46:59.02] Step 5 - Marking LINEUP run as successful... 
LINEUP status marked as successful.
[25/07/2026 21:46:59.32] Step 6 - Rebuilding dashboard with final status... 

===================================
LINEUP Dashboard Build Complete
===================================
Input       : scheduled_orders.csv
Output      : C:\LINEUP\output\dashboard.html
Insights    : assignment reasons and confidence
Remaining   : SAP versus adjusted
Utilisation : working-calendar aware

=================================== 
LINEUP background update finished 
25/07/2026 21:46:59.64 
=================================== 
 
=================================== 
LINEUP background update started 
25/07/2026 22:00:03.14 
=================================== 
[25/07/2026 22:00:03.15] Activating virtual environment... 
[25/07/2026 22:00:03.65] Step 0 - Marking LINEUP run as started... 
LINEUP status marked as running.
[25/07/2026 22:00:03.96] Step 1 - Backing up LINEUP config... 

===================================
LINEUP Config Backup Complete
===================================
Backup folder : C:\LINEUP\backups\2026-07-25_220004
Files copied  : 4
Old backups removed: 1

[25/07/2026 22:00:04.31] Step 2 - Running SAP capacity export... 
COOIS capacities export complete:
C:\LINEUP\data\raw\COOIS_Capacities_Latest.txt
[25/07/2026 22:00:28.70] Step 3 - Running SAP production list export... 
COOIS production list export complete:
C:\LINEUP\data\raw\COOIS_ProductionList_Latest.txt
[25/07/2026 22:02:32.68] Step 4 - Running LINEUP processing pipeline... 
LINEUP
Starting capacity parser...


===================================
LINEUP Capacity Parser Complete
===================================
Input : COOIS_Capacities_Latest.txt
Output: capacities_clean.csv
Rows  : 6226


===================================
LINEUP Production Parser Complete
===================================
Input : COOIS_ProductionList_Latest.txt
Output: production_list_clean.csv
Rows  : 2371


===================================
LINEUP Capacity Summary Complete
===================================
Input : capacities_clean.csv
Output: capacities_order_summary.csv
Rows  : 970


===================================
LINEUP Merge Complete
===================================
Production input : production_list_clean.csv
Capacity input   : capacities_order_summary.csv
Output           : master_schedule.csv
Rows             : 970
Missing metadata : 0


===================================
LINEUP Scheduling Complete
===================================
Scheduled orders : 39
Overflow orders  : 0
SAP minutes      : unchanged by default
Staffing         : explicit overrides only
Queue stability  : current + one automatic order
Insights         : assignment reasons and confidence


===================================
LINEUP Dashboard Build Complete
===================================
Input       : scheduled_orders.csv
Output      : C:\LINEUP\output\dashboard.html
Insights    : assignment reasons and confidence
Remaining   : SAP versus adjusted
Utilisation : working-calendar aware


===================================
LINEUP Schedule Report Complete
===================================
Bench utilisation: bench_utilisation.csv
Schedule summary : schedule_summary.csv


===================================
LINEUP Split Recommendations Complete
===================================
Recommendations : 0
Window          : due today or next working day only
SAP minutes     : used unchanged by default
Staffing        : explicit overrides only
Planner work    : live, held, split, forced and board orders excluded
Output          : split_recommendations.csv

[25/07/2026 22:02:33.16] Step 5 - Marking LINEUP run as successful... 
LINEUP status marked as successful.
[25/07/2026 22:02:33.48] Step 6 - Rebuilding dashboard with final status... 

===================================
LINEUP Dashboard Build Complete
===================================
Input       : scheduled_orders.csv
Output      : C:\LINEUP\output\dashboard.html
Insights    : assignment reasons and confidence
Remaining   : SAP versus adjusted
Utilisation : working-calendar aware

=================================== 
LINEUP background update finished 
25/07/2026 22:02:33.82 
=================================== 
 
=================================== 
LINEUP background update started 
25/07/2026 22:15:03.11 
=================================== 
[25/07/2026 22:15:03.11] Activating virtual environment... 
[25/07/2026 22:15:03.63] Step 0 - Marking LINEUP run as started... 
LINEUP status marked as running.
[25/07/2026 22:15:03.95] Step 1 - Backing up LINEUP config... 

===================================
LINEUP Config Backup Complete
===================================
Backup folder : C:\LINEUP\backups\2026-07-25_221504
Files copied  : 4
Old backups removed: 1

[25/07/2026 22:15:04.29] Step 2 - Running SAP capacity export... 
COOIS capacities export complete:
C:\LINEUP\data\raw\COOIS_Capacities_Latest.txt
[25/07/2026 22:15:27.93] Step 3 - Running SAP production list export... 
COOIS production list export complete:
C:\LINEUP\data\raw\COOIS_ProductionList_Latest.txt
[25/07/2026 22:17:40.39] Step 4 - Running LINEUP processing pipeline... 
LINEUP
Starting capacity parser...


===================================
LINEUP Capacity Parser Complete
===================================
Input : COOIS_Capacities_Latest.txt
Output: capacities_clean.csv
Rows  : 6226


===================================
LINEUP Production Parser Complete
===================================
Input : COOIS_ProductionList_Latest.txt
Output: production_list_clean.csv
Rows  : 2371


===================================
LINEUP Capacity Summary Complete
===================================
Input : capacities_clean.csv
Output: capacities_order_summary.csv
Rows  : 970


===================================
LINEUP Merge Complete
===================================
Production input : production_list_clean.csv
Capacity input   : capacities_order_summary.csv
Output           : master_schedule.csv
Rows             : 970
Missing metadata : 0


===================================
LINEUP Scheduling Complete
===================================
Scheduled orders : 39
Overflow orders  : 0
SAP minutes      : unchanged by default
Staffing         : explicit overrides only
Queue stability  : current + one automatic order
Insights         : assignment reasons and confidence


===================================
LINEUP Dashboard Build Complete
===================================
Input       : scheduled_orders.csv
Output      : C:\LINEUP\output\dashboard.html
Insights    : assignment reasons and confidence
Remaining   : SAP versus adjusted
Utilisation : working-calendar aware


===================================
LINEUP Schedule Report Complete
===================================
Bench utilisation: bench_utilisation.csv
Schedule summary : schedule_summary.csv


===================================
LINEUP Split Recommendations Complete
===================================
Recommendations : 0
Window          : due today or next working day only
SAP minutes     : used unchanged by default
Staffing        : explicit overrides only
Planner work    : live, held, split, forced and board orders excluded
Output          : split_recommendations.csv

[25/07/2026 22:17:40.86] Step 5 - Marking LINEUP run as successful... 
LINEUP status marked as successful.
[25/07/2026 22:17:41.18] Step 6 - Rebuilding dashboard with final status... 

===================================
LINEUP Dashboard Build Complete
===================================
Input       : scheduled_orders.csv
Output      : C:\LINEUP\output\dashboard.html
Insights    : assignment reasons and confidence
Remaining   : SAP versus adjusted
Utilisation : working-calendar aware

=================================== 
LINEUP background update finished 
25/07/2026 22:17:41.53 
=================================== 
 
=================================== 
LINEUP background update started 
25/07/2026 22:30:03.16 
=================================== 
[25/07/2026 22:30:03.16] Activating virtual environment... 
[25/07/2026 22:30:03.66] Step 0 - Marking LINEUP run as started... 
LINEUP status marked as running.
[25/07/2026 22:30:03.98] Step 1 - Backing up LINEUP config... 

===================================
LINEUP Config Backup Complete
===================================
Backup folder : C:\LINEUP\backups\2026-07-25_223004
Files copied  : 4
Old backups removed: 1

[25/07/2026 22:30:04.34] Step 2 - Running SAP capacity export... 
COOIS capacities export complete:
C:\LINEUP\data\raw\COOIS_Capacities_Latest.txt
[25/07/2026 22:30:28.29] Step 3 - Running SAP production list export... 
COOIS production list export complete:
C:\LINEUP\data\raw\COOIS_ProductionList_Latest.txt
[25/07/2026 22:32:52.56] Step 4 - Running LINEUP processing pipeline... 
LINEUP
Starting capacity parser...


===================================
LINEUP Capacity Parser Complete
===================================
Input : COOIS_Capacities_Latest.txt
Output: capacities_clean.csv
Rows  : 6226


===================================
LINEUP Production Parser Complete
===================================
Input : COOIS_ProductionList_Latest.txt
Output: production_list_clean.csv
Rows  : 2371


===================================
LINEUP Capacity Summary Complete
===================================
Input : capacities_clean.csv
Output: capacities_order_summary.csv
Rows  : 970


===================================
LINEUP Merge Complete
===================================
Production input : production_list_clean.csv
Capacity input   : capacities_order_summary.csv
Output           : master_schedule.csv
Rows             : 970
Missing metadata : 0


===================================
LINEUP Scheduling Complete
===================================
Scheduled orders : 39
Overflow orders  : 0
SAP minutes      : unchanged by default
Staffing         : explicit overrides only
Queue stability  : current + one automatic order
Insights         : assignment reasons and confidence


===================================
LINEUP Dashboard Build Complete
===================================
Input       : scheduled_orders.csv
Output      : C:\LINEUP\output\dashboard.html
Insights    : assignment reasons and confidence
Remaining   : SAP versus adjusted
Utilisation : working-calendar aware


===================================
LINEUP Schedule Report Complete
===================================
Bench utilisation: bench_utilisation.csv
Schedule summary : schedule_summary.csv


===================================
LINEUP Split Recommendations Complete
===================================
Recommendations : 0
Window          : due today or next working day only
SAP minutes     : used unchanged by default
Staffing        : explicit overrides only
Planner work    : live, held, split, forced and board orders excluded
Output          : split_recommendations.csv

[25/07/2026 22:32:53.04] Step 5 - Marking LINEUP run as successful... 
LINEUP status marked as successful.
[25/07/2026 22:32:53.34] Step 6 - Rebuilding dashboard with final status... 

===================================
LINEUP Dashboard Build Complete
===================================
Input       : scheduled_orders.csv
Output      : C:\LINEUP\output\dashboard.html
Insights    : assignment reasons and confidence
Remaining   : SAP versus adjusted
Utilisation : working-calendar aware

=================================== 
LINEUP background update finished 
25/07/2026 22:32:53.69 
=================================== 
 
=================================== 
LINEUP background update started 
25/07/2026 22:45:04.10 
=================================== 
[25/07/2026 22:45:04.10] Activating virtual environment... 
[25/07/2026 22:45:04.62] Step 0 - Marking LINEUP run as started... 
LINEUP status marked as running.
[25/07/2026 22:45:04.94] Step 1 - Backing up LINEUP config... 

===================================
LINEUP Config Backup Complete
===================================
Backup folder : C:\LINEUP\backups\2026-07-25_224505
Files copied  : 4
Old backups removed: 1

[25/07/2026 22:45:05.27] Step 2 - Running SAP capacity export... 
COOIS capacities export complete:
C:\LINEUP\data\raw\COOIS_Capacities_Latest.txt
[25/07/2026 22:45:27.83] Step 3 - Running SAP production list export... 
COOIS production list export complete:
C:\LINEUP\data\raw\COOIS_ProductionList_Latest.txt
[25/07/2026 22:47:17.65] Step 4 - Running LINEUP processing pipeline... 
LINEUP
Starting capacity parser...


===================================
LINEUP Capacity Parser Complete
===================================
Input : COOIS_Capacities_Latest.txt
Output: capacities_clean.csv
Rows  : 6226


===================================
LINEUP Production Parser Complete
===================================
Input : COOIS_ProductionList_Latest.txt
Output: production_list_clean.csv
Rows  : 2371


===================================
LINEUP Capacity Summary Complete
===================================
Input : capacities_clean.csv
Output: capacities_order_summary.csv
Rows  : 970


===================================
LINEUP Merge Complete
===================================
Production input : production_list_clean.csv
Capacity input   : capacities_order_summary.csv
Output           : master_schedule.csv
Rows             : 970
Missing metadata : 0


===================================
LINEUP Scheduling Complete
===================================
Scheduled orders : 39
Overflow orders  : 0
SAP minutes      : unchanged by default
Staffing         : explicit overrides only
Queue stability  : current + one automatic order
Insights         : assignment reasons and confidence


===================================
LINEUP Dashboard Build Complete
===================================
Input       : scheduled_orders.csv
Output      : C:\LINEUP\output\dashboard.html
Insights    : assignment reasons and confidence
Remaining   : SAP versus adjusted
Utilisation : working-calendar aware


===================================
LINEUP Schedule Report Complete
===================================
Bench utilisation: bench_utilisation.csv
Schedule summary : schedule_summary.csv


===================================
LINEUP Split Recommendations Complete
===================================
Recommendations : 0
Window          : due today or next working day only
SAP minutes     : used unchanged by default
Staffing        : explicit overrides only
Planner work    : live, held, split, forced and board orders excluded
Output          : split_recommendations.csv

[25/07/2026 22:47:18.13] Step 5 - Marking LINEUP run as successful... 
LINEUP status marked as successful.
[25/07/2026 22:47:18.45] Step 6 - Rebuilding dashboard with final status... 

===================================
LINEUP Dashboard Build Complete
===================================
Input       : scheduled_orders.csv
Output      : C:\LINEUP\output\dashboard.html
Insights    : assignment reasons and confidence
Remaining   : SAP versus adjusted
Utilisation : working-calendar aware

=================================== 
LINEUP background update finished 
25/07/2026 22:47:18.79 
=================================== 
 
=================================== 
LINEUP background update started 
25/07/2026 23:00:03.34 
=================================== 
[25/07/2026 23:00:03.35] Activating virtual environment... 
[25/07/2026 23:00:03.86] Step 0 - Marking LINEUP run as started... 
LINEUP status marked as running.
[25/07/2026 23:00:04.20] Step 1 - Backing up LINEUP config... 

===================================
LINEUP Config Backup Complete
===================================
Backup folder : C:\LINEUP\backups\2026-07-25_230004
Files copied  : 4
Old backups removed: 1

[25/07/2026 23:00:04.55] Step 2 - Running SAP capacity export... 
COOIS capacities export complete:
C:\LINEUP\data\raw\COOIS_Capacities_Latest.txt
[25/07/2026 23:00:27.55] Step 3 - Running SAP production list export... 
COOIS production list export complete:
C:\LINEUP\data\raw\COOIS_ProductionList_Latest.txt
[25/07/2026 23:02:43.50] Step 4 - Running LINEUP processing pipeline... 
LINEUP
Starting capacity parser...


===================================
LINEUP Capacity Parser Complete
===================================
Input : COOIS_Capacities_Latest.txt
Output: capacities_clean.csv
Rows  : 6226


===================================
LINEUP Production Parser Complete
===================================
Input : COOIS_ProductionList_Latest.txt
Output: production_list_clean.csv
Rows  : 2371


===================================
LINEUP Capacity Summary Complete
===================================
Input : capacities_clean.csv
Output: capacities_order_summary.csv
Rows  : 970


===================================
LINEUP Merge Complete
===================================
Production input : production_list_clean.csv
Capacity input   : capacities_order_summary.csv
Output           : master_schedule.csv
Rows             : 970
Missing metadata : 0


===================================
LINEUP Scheduling Complete
===================================
Scheduled orders : 39
Overflow orders  : 0
SAP minutes      : unchanged by default
Staffing         : explicit overrides only
Queue stability  : current + one automatic order
Insights         : assignment reasons and confidence


===================================
LINEUP Dashboard Build Complete
===================================
Input       : scheduled_orders.csv
Output      : C:\LINEUP\output\dashboard.html
Insights    : assignment reasons and confidence
Remaining   : SAP versus adjusted
Utilisation : working-calendar aware


===================================
LINEUP Schedule Report Complete
===================================
Bench utilisation: bench_utilisation.csv
Schedule summary : schedule_summary.csv


===================================
LINEUP Split Recommendations Complete
===================================
Recommendations : 0
Window          : due today or next working day only
SAP minutes     : used unchanged by default
Staffing        : explicit overrides only
Planner work    : live, held, split, forced and board orders excluded
Output          : split_recommendations.csv

[25/07/2026 23:02:43.96] Step 5 - Marking LINEUP run as successful... 
LINEUP status marked as successful.
[25/07/2026 23:02:44.29] Step 6 - Rebuilding dashboard with final status... 

===================================
LINEUP Dashboard Build Complete
===================================
Input       : scheduled_orders.csv
Output      : C:\LINEUP\output\dashboard.html
Insights    : assignment reasons and confidence
Remaining   : SAP versus adjusted
Utilisation : working-calendar aware

=================================== 
LINEUP background update finished 
25/07/2026 23:02:44.65 
=================================== 
 
=================================== 
LINEUP background update started 
25/07/2026 23:15:03.20 
=================================== 
[25/07/2026 23:15:03.21] Activating virtual environment... 
[25/07/2026 23:15:03.72] Step 0 - Marking LINEUP run as started... 
LINEUP status marked as running.
[25/07/2026 23:15:04.02] Step 1 - Backing up LINEUP config... 

===================================
LINEUP Config Backup Complete
===================================
Backup folder : C:\LINEUP\backups\2026-07-25_231504
Files copied  : 4
Old backups removed: 1

[25/07/2026 23:15:04.36] Step 2 - Running SAP capacity export... 
COOIS capacities export complete:
C:\LINEUP\data\raw\COOIS_Capacities_Latest.txt
[25/07/2026 23:15:27.00] Step 3 - Running SAP production list export... 
COOIS production list export complete:
C:\LINEUP\data\raw\COOIS_ProductionList_Latest.txt
[25/07/2026 23:17:25.65] Step 4 - Running LINEUP processing pipeline... 
LINEUP
Starting capacity parser...


===================================
LINEUP Capacity Parser Complete
===================================
Input : COOIS_Capacities_Latest.txt
Output: capacities_clean.csv
Rows  : 6226


===================================
LINEUP Production Parser Complete
===================================
Input : COOIS_ProductionList_Latest.txt
Output: production_list_clean.csv
Rows  : 2371


===================================
LINEUP Capacity Summary Complete
===================================
Input : capacities_clean.csv
Output: capacities_order_summary.csv
Rows  : 970


===================================
LINEUP Merge Complete
===================================
Production input : production_list_clean.csv
Capacity input   : capacities_order_summary.csv
Output           : master_schedule.csv
Rows             : 970
Missing metadata : 0


===================================
LINEUP Scheduling Complete
===================================
Scheduled orders : 39
Overflow orders  : 0
SAP minutes      : unchanged by default
Staffing         : explicit overrides only
Queue stability  : current + one automatic order
Insights         : assignment reasons and confidence


===================================
LINEUP Dashboard Build Complete
===================================
Input       : scheduled_orders.csv
Output      : C:\LINEUP\output\dashboard.html
Insights    : assignment reasons and confidence
Remaining   : SAP versus adjusted
Utilisation : working-calendar aware


===================================
LINEUP Schedule Report Complete
===================================
Bench utilisation: bench_utilisation.csv
Schedule summary : schedule_summary.csv


===================================
LINEUP Split Recommendations Complete
===================================
Recommendations : 0
Window          : due today or next working day only
SAP minutes     : used unchanged by default
Staffing        : explicit overrides only
Planner work    : live, held, split, forced and board orders excluded
Output          : split_recommendations.csv

[25/07/2026 23:17:26.16] Step 5 - Marking LINEUP run as successful... 
LINEUP status marked as successful.
[25/07/2026 23:17:26.49] Step 6 - Rebuilding dashboard with final status... 

===================================
LINEUP Dashboard Build Complete
===================================
Input       : scheduled_orders.csv
Output      : C:\LINEUP\output\dashboard.html
Insights    : assignment reasons and confidence
Remaining   : SAP versus adjusted
Utilisation : working-calendar aware

=================================== 
LINEUP background update finished 
25/07/2026 23:17:26.84 
=================================== 
 
=================================== 
LINEUP background update started 
25/07/2026 23:30:03.16 
=================================== 
[25/07/2026 23:30:03.16] Activating virtual environment... 
[25/07/2026 23:30:03.69] Step 0 - Marking LINEUP run as started... 
LINEUP status marked as running.
[25/07/2026 23:30:04.01] Step 1 - Backing up LINEUP config... 

===================================
LINEUP Config Backup Complete
===================================
Backup folder : C:\LINEUP\backups\2026-07-25_233004
Files copied  : 4
Old backups removed: 1

[25/07/2026 23:30:04.36] Step 2 - Running SAP capacity export... 
COOIS capacities export complete:
C:\LINEUP\data\raw\COOIS_Capacities_Latest.txt
[25/07/2026 23:30:29.79] Step 3 - Running SAP production list export... 
COOIS production list export complete:
C:\LINEUP\data\raw\COOIS_ProductionList_Latest.txt
[25/07/2026 23:32:25.57] Step 4 - Running LINEUP processing pipeline... 
LINEUP
Starting capacity parser...


===================================
LINEUP Capacity Parser Complete
===================================
Input : COOIS_Capacities_Latest.txt
Output: capacities_clean.csv
Rows  : 6226


===================================
LINEUP Production Parser Complete
===================================
Input : COOIS_ProductionList_Latest.txt
Output: production_list_clean.csv
Rows  : 2371


===================================
LINEUP Capacity Summary Complete
===================================
Input : capacities_clean.csv
Output: capacities_order_summary.csv
Rows  : 970


===================================
LINEUP Merge Complete
===================================
Production input : production_list_clean.csv
Capacity input   : capacities_order_summary.csv
Output           : master_schedule.csv
Rows             : 970
Missing metadata : 0


===================================
LINEUP Scheduling Complete
===================================
Scheduled orders : 39
Overflow orders  : 0
SAP minutes      : unchanged by default
Staffing         : explicit overrides only
Queue stability  : current + one automatic order
Insights         : assignment reasons and confidence


===================================
LINEUP Dashboard Build Complete
===================================
Input       : scheduled_orders.csv
Output      : C:\LINEUP\output\dashboard.html
Insights    : assignment reasons and confidence
Remaining   : SAP versus adjusted
Utilisation : working-calendar aware


===================================
LINEUP Schedule Report Complete
===================================
Bench utilisation: bench_utilisation.csv
Schedule summary : schedule_summary.csv


===================================
LINEUP Split Recommendations Complete
===================================
Recommendations : 0
Window          : due today or next working day only
SAP minutes     : used unchanged by default
Staffing        : explicit overrides only
Planner work    : live, held, split, forced and board orders excluded
Output          : split_recommendations.csv

[25/07/2026 23:32:26.06] Step 5 - Marking LINEUP run as successful... 
LINEUP status marked as successful.
[25/07/2026 23:32:26.38] Step 6 - Rebuilding dashboard with final status... 

===================================
LINEUP Dashboard Build Complete
===================================
Input       : scheduled_orders.csv
Output      : C:\LINEUP\output\dashboard.html
Insights    : assignment reasons and confidence
Remaining   : SAP versus adjusted
Utilisation : working-calendar aware

=================================== 
LINEUP background update finished 
25/07/2026 23:32:26.70 
=================================== 
 
=================================== 
LINEUP background update started 
25/07/2026 23:45:03.15 
=================================== 
[25/07/2026 23:45:03.15] Activating virtual environment... 
[25/07/2026 23:45:03.66] Step 0 - Marking LINEUP run as started... 
LINEUP status marked as running.
[25/07/2026 23:45:04.00] Step 1 - Backing up LINEUP config... 

===================================
LINEUP Config Backup Complete
===================================
Backup folder : C:\LINEUP\backups\2026-07-25_234504
Files copied  : 4
Old backups removed: 1

[25/07/2026 23:45:04.36] Step 2 - Running SAP capacity export... 
COOIS capacities export complete:
C:\LINEUP\data\raw\COOIS_Capacities_Latest.txt
[25/07/2026 23:45:26.79] Step 3 - Running SAP production list export... 
COOIS production list export complete:
C:\LINEUP\data\raw\COOIS_ProductionList_Latest.txt
[25/07/2026 23:46:53.75] Step 4 - Running LINEUP processing pipeline... 
LINEUP
Starting capacity parser...


===================================
LINEUP Capacity Parser Complete
===================================
Input : COOIS_Capacities_Latest.txt
Output: capacities_clean.csv
Rows  : 6226


===================================
LINEUP Production Parser Complete
===================================
Input : COOIS_ProductionList_Latest.txt
Output: production_list_clean.csv
Rows  : 2371


===================================
LINEUP Capacity Summary Complete
===================================
Input : capacities_clean.csv
Output: capacities_order_summary.csv
Rows  : 970


===================================
LINEUP Merge Complete
===================================
Production input : production_list_clean.csv
Capacity input   : capacities_order_summary.csv
Output           : master_schedule.csv
Rows             : 970
Missing metadata : 0


===================================
LINEUP Scheduling Complete
===================================
Scheduled orders : 39
Overflow orders  : 0
SAP minutes      : unchanged by default
Staffing         : explicit overrides only
Queue stability  : current + one automatic order
Insights         : assignment reasons and confidence


===================================
LINEUP Dashboard Build Complete
===================================
Input       : scheduled_orders.csv
Output      : C:\LINEUP\output\dashboard.html
Insights    : assignment reasons and confidence
Remaining   : SAP versus adjusted
Utilisation : working-calendar aware


===================================
LINEUP Schedule Report Complete
===================================
Bench utilisation: bench_utilisation.csv
Schedule summary : schedule_summary.csv


===================================
LINEUP Split Recommendations Complete
===================================
Recommendations : 0
Window          : due today or next working day only
SAP minutes     : used unchanged by default
Staffing        : explicit overrides only
Planner work    : live, held, split, forced and board orders excluded
Output          : split_recommendations.csv

[25/07/2026 23:46:54.24] Step 5 - Marking LINEUP run as successful... 
LINEUP status marked as successful.
[25/07/2026 23:46:54.57] Step 6 - Rebuilding dashboard with final status... 

===================================
LINEUP Dashboard Build Complete
===================================
Input       : scheduled_orders.csv
Output      : C:\LINEUP\output\dashboard.html
Insights    : assignment reasons and confidence
Remaining   : SAP versus adjusted
Utilisation : working-calendar aware

=================================== 
LINEUP background update finished 
25/07/2026 23:46:54.90 
=================================== 
